node_id,full_name,project,module,indeg,sig_len,NL,F_signature,F_B,F_T,dep_count,dep_truncated,judge_prefer,judge_notes,vacuous_B,vacuous_T,edit_dist_B,edit_dist_T
1045416,Game.birthday_eq_zero,combinatorial-games,CombinatorialGames.Game.Birthday,1,68,"Looking at this theorem, it states that for a game `x`, the birthday of `x` equals zero if and only if `x` is the zero game. In other words, a game has birthday zero precisely when it is the zero game itself.",Game.birthday_eq_zero.{u_1} {x : Game} : Game.birthday x = 0 ↔ x = 0,"```lean
theorem birthday_eq_zero_iff_eq_zero (x : Game) : x.birthday = 0 ↔ x = 0 := by sorry
```","```lean
theorem Game.birthday_eq_zero {x : Game} : Game.birthday x = 0 ↔ x = 0
```",37,0,T,B matches target signature exactly including namespace and naming; A omits namespace and uses different name,False,False,9,2
1017253,IGame.toDyadic,combinatorial-games,CombinatorialGames.Surreal.Dyadic,33,75,The function `IGame.toDyadic` converts a short numeric impartial game to a dyadic rational number.,IGame.toDyadic.{u_1} (x : IGame) [IGame.Short x] [IGame.Numeric x] : Dyadic,"```lean
def IGame.toDyadic : IGame → ℤ[1/2]
```","```lean
def IGame.toDyadic {x : IGame} (hShort : IGame.Short x) (hNumeric : IGame.Numeric x) : Dyadic := by sorry
```",93,0,tie,A uses explicit arguments vs instances; B omits instances. Both represent same function type semantically.,False,False,9,15
1095251,NatOrdinal.zero_le,combinatorial-games,CombinatorialGames.NatOrdinal.Basic,6,51,The theorem states that zero is less than or equal to any natural ordinal.,NatOrdinal.zero_le.{u_1} (a✝ : NatOrdinal) : 0 ≤ a✝,"```lean
theorem zero_le_of_nat_ordinal (o : Ordinal) : 0 ≤ o := by sorry
```","```lean
theorem zero_le_natOrdinal (a : NatOrdinal) : (0 : NatOrdinal) ≤ a := by sorry
```",14,0,T,A matches the NatOrdinal type and ≤ relation; B uses wrong type (Ordinal instead of NatOrdinal),False,False,8,10
1084817,Surreal.out_eq,combinatorial-games,CombinatorialGames.Surreal.Basic,7,67,"The theorem states that for any surreal number $x$, constructing a surreal number using the `mk` function applied to the output of `out` applied to $x$ yields back the original surreal number $x$. In other words, the `out` function followed by `mk` is the identity on surreal numbers.",Surreal.out_eq.{u_1} (x : Surreal) : Surreal.mk (Surreal.out x) = x,"```lean
theorem mk_out (x : Surreal) : mk (out x) = x
```","```lean
theorem Surreal.mk_out (x : Surreal) : Surreal.mk (Surreal.out x) = x
```",15,0,T,B matches target signature exactly; A omits namespace qualifiers.,False,False,4,2
1077984,SurrealHahnSeries.coeff_trunc_of_lt,combinatorial-games,CombinatorialGames.Surreal.HahnSeries.Basic,6,183,"Looking at this Lean 4 declaration, I need to understand what it says about the `coeff` (coefficient) and `trunc` (truncation) operations on surreal Hahn series.

The theorem states: For a surreal Hahn series `x` and surreal numbers `i` and `j`, if `i < j`, then the coefficient at position `j` of the truncated series `trunc x i` equals the coefficient at position `j` of the original series `x`.

In other words, truncating a surreal Hahn series at position `i` does not affect the coefficients at positions strictly greater than `i`.","SurrealHahnSeries.coeff_trunc_of_lt.{u_1} {x : SurrealHahnSeries} {i j : Surreal} (h : i < j) :
  SurrealHahnSeries.coeff (SurrealHahnSeries.trunc x i) j = SurrealHahnSeries.coeff x j","```lean
theorem coeff_trunc_of_gt {x : SurrealHahnSeries} {i j : Surreal} (hij : i < j) :
    (trunc x i).coeff j = x.coeff j
```","```lean
theorem SurrealHahnSeries.coeff_trunc_of_lt {x : SurrealHahnSeries} {i j : Surreal} (h : i < j) : 
  (x.trunc i).coeff j = x.coeff j := by sorry
```",29,0,T,B matches target signature exactly including theorem name and parameter names; A uses different name and parameter.,False,False,8,11
1054189,Surreal.wlog_mul,combinatorial-games,CombinatorialGames.Surreal.Pow,4,123,"The well-ordering logarithm (wlog) of a product of two nonzero surreal numbers equals the sum of the well-ordering logarithms of the individual factors: if $x$ and $y$ are nonzero surreal numbers, then $\text{wlog}(x \cdot y) = \text{wlog}(x) + \text{wlog}(y)$.","Surreal.wlog_mul.{u_1} {x y : Surreal} (hx : x ≠ 0) (hy : y ≠ 0) :
  Surreal.wlog (x * y) = Surreal.wlog x + Surreal.wlog y","```lean
theorem wlog_mul (x y : Surreal) (hx : x ≠ 0) (hy : y ≠ 0) : wlog (x * y) = wlog x + wlog y
```","```lean
theorem Surreal.wlog_mul (x y : Surreal) (hx : x ≠ 0) (hy : y ≠ 0) : Surreal.wlog (x * y) = Surreal.wlog x + Surreal.wlog y := by sorry
```",48,0,tie,"Both match the target signature semantically; A includes proof placeholder, B omits namespace prefixes.",False,False,7,7
1043767,Nimber.groupClosure_two,combinatorial-games,CombinatorialGames.Nimber.SimplestExtension.Closure,0,79,"The group closure of the nimber 2 (that is, the subgroup generated by the nimber 2 under the nimber addition operation) equals the nimber 2 itself.",Nimber.groupClosure_two.{u_1} : Nimber.groupClosure (Nimber.of 2) = Nimber.of 2,"```lean
theorem nimber_closure_two : Subgroup.closure ({(2 : ℕ) : ZFGame}) = ⊤ := by sorry
```","```lean
theorem nimber_groupClosure_two : Nimber.groupClosure (Nimber.of 2) = Nimber.of 2 := by sorry
```",39,0,T,"A matches target signature exactly; B uses wrong types (Subgroup vs Nimber.groupClosure, ZFGame vs Nimber)",False,False,12,5
1180378,Player.left_mul,combinatorial-games,CombinatorialGames.Game.Player,0,50,"The theorem states that multiplying any player $p$ on the left by the player `Player.left` results in $p$ itself, demonstrating that `Player.left` acts as a left identity element under the multiplication operation on players.",Player.left_mul (p : Player) : Player.left * p = p,"```lean
theorem Player.left_mul (p : Player) : Player.left * p = p := by sorry
```","```lean
theorem Player.left_mul (p : Player) : Player.left * p = p := by sorry
```",11,0,tie,Both candidates are identical and match the target signature exactly.,False,False,4,4
1038723,IGame.Numeric.mul_congr_left,combinatorial-games,CombinatorialGames.Surreal.Multiplication,8,143,"The theorem states that multiplication of numeric impartial games is well-defined with respect to game equivalence on the left: if two numeric games x₁ and x₂ are equivalent, then for any numeric game y, the products x₁ * y and x₂ * y are also equivalent.","IGame.Numeric.mul_congr_left.{u_1} {x₁ x₂ y : IGame} [IGame.Numeric x₁] [IGame.Numeric x₂] [IGame.Numeric y]
  (he : x₁ ≈ x₂) : x₁ * y ≈ x₂ * y","```lean
theorem mul_congr_left {x₁ x₂ y : Game} (hx : x₁ ≈ x₂) (hx₁ : x₁.Numeric) (hx₂ : x₂.Numeric) (hy : y.Numeric) : x₁ * y ≈ x₂ * y
```","```lean
theorem IGame.mul_left_congr {x₁ x₂ y : IGame} [IGame.Numeric x₁] [IGame.Numeric x₂] [IGame.Numeric y]
    (h : x₁ ≈ x₂) : x₁ * y ≈ x₂ * y := by sorry
```",278,11,T,B uses correct type IGame and typeclass instances matching target; A uses wrong type Game and explicit hypotheses,False,False,16,6
1196703,Nimber.oeval_inj,combinatorial-games,CombinatorialGames.Nimber.SimplestExtension.Polynomial,0,197,"The theorem states that for nimbers \(x\), polynomials \(p\) and \(q\) over nimbers where all coefficients of \(p\) are less than \(x\) and all coefficients of \(q\) are less than \(x\), the ordinal evaluation of \(p\) at \(x\) equals the ordinal evaluation of \(q\) at \(x\) if and only if \(p\) equals \(q\).","Nimber.oeval_inj.{u_1} {x : Nimber} {p q : Polynomial Nimber} (hpk : ∀ (k : ℕ), Polynomial.coeff p k < x)
  (hqk : ∀ (k : ℕ), Polynomial.coeff q k < x) : Nimber.oeval x p = Nimber.oeval x q ↔ p = q","```lean
theorem nimber_poly_eval_eq_iff {x : Nimber} {p q : Polynomial Nimber} 
    (hp : ∀ n, p.coeff n < x) (hq : ∀ n, q.coeff n < x) : 
    p.eval x = q.eval x ↔ p = q := by sorry
```","```lean
theorem Nimber.oeval_eq_oeval_iff {x : Nimber} {p q : Polynomial Nimber} 
    (hpk : ∀ (k : ℕ), Polynomial.coeff p k < x)
    (hqk : ∀ (k : ℕ), Polynomial.coeff q k < x) : 
    Nimber.oeval x p = Nimber.oeval x q ↔ p = q := by sorry
```",45,0,T,A uses Nimber.oeval matching target; B uses standard eval instead of the specialized Nimber.oeval function,False,False,23,5
1141118,LGame.stoppingTime_induction,combinatorial-games,CombinatorialGames.Game.Loopy.StoppingTime,0,262,"The **stopping time induction principle** states that for a player `p` and any function `val` from players and games to extended natural ordinals (with top element), if `val` satisfies two conditions—(1) for any game `x`, the infimum of `val(-p, y)` over all moves `y` available to player `p` from `x` is at most `val(p, x)`, and (2) for any game `x`, the supremum of `val(p, y) + 1` over all moves `y` available to player `-p` from `x` is at most `val(-p, x)`—then the stopping time function for player `p` is pointwise less than or equal to `val`.","LGame.stoppingTime_induction.{u} (p : Player) (val : Player → LGame → WithTop NatOrdinal)
  (hp : ∀ (x : LGame), ⨅ y ∈ LGame.moves p x, val (-p) y ≤ val p x)
  (hnp : ∀ (x : LGame), ⨆ y ∈ LGame.moves (-p) x, val p y + 1 ≤ val (-p) x) : LGame.stoppingTime p ≤ val","```lean
theorem stoppingTimeInduction {p : Player} {val : Player → Game → WithTop Ordinal}
    (h1 : ∀ x : Game, ⨅ y ∈ movesFrom p x, val (-p) y ≤ val p x)
    (h2 : ∀ x : Game, ⨆ y ∈ movesFrom (-p) x, val p y + 1 ≤ val (-p) x) :
    ∀ x : Game, stoppingTime p x ≤ val p x := by sorry
```","```lean
theorem LGame.stoppingTime_induction (p : Player) (val : Player → LGame → WithTop NatOrdinal)
    (h1 : ∀ x, ⨅ y ∈ LGame.moves p x, val (-p) y ≤ val p x)
    (h2 : ∀ x, ⨆ y ∈ LGame.moves (-p) x, val p y + 1 ≤ val (-p) x) :
    ∀ x, LGame.stoppingTime p (-p) x ≤ val p x := by sorry
```",130,0,T,B uses correct namespace LGame and type NatOrdinal; A uses wrong type Ordinal and lacks namespace,False,False,26,19
1019386,Surreal.wlog,combinatorial-games,CombinatorialGames.Surreal.Pow,94,42,"The declaration `Surreal.wlog` is a function that takes a surreal number and returns a surreal number, typically used as a helper or auxiliary construction in the context of ""without loss of generality"" arguments for surreal numbers.",Surreal.wlog.{u_1} (x : Surreal) : Surreal,"```lean
def Surreal.wlog : Surreal → Surreal := by sorry
```","```lean
def Surreal.wlog (x : Surreal) : Surreal := by sorry
```",16,0,tie,Both signatures are semantically identical; explicit lambda vs named parameter.,False,False,7,5
1017469,NatOrdinal.val_lt_iff,combinatorial-games,CombinatorialGames.NatOrdinal.Basic,5,115,"<thinking>
Let me parse this Lean 4 declaration carefully.

The theorem is named `NatOrdinal.val_lt_iff` and it's stating an equivalence (iff, or ""if and only if"").

On the left-hand side: `NatOrdinal.val a✝ < b✝`
- `a✝` is a `NatOrdinal`
- `b✝` is an `Ordinal`
- `NatOrdinal.val` is presumably a function that converts a `NatOrdinal` to an `Ordinal`
- So this says: the value of `a` (as an ordinal) is less than `b`

On the right-hand side: `a✝ < NatOrdinal.of b✝`
- `a✝` is the same `NatOrdinal`
- `NatOrdinal.of` is presumably a function that converts an `Ordinal` to a `NatOrdinal`
- So this says: `a` is less than the natural ordinal corresponding to `b`

So the theorem states that: the value (as an ordinal) of a natural ordinal `a` is less than an ordinal `b` if and only if `a` is less than (as natural ordinals) the natural ordinal corresponding to `b`.

This is essentially saying that the `val` function (from NatOrdinal to Ordinal) preserves the ordering when compared with arbitrary ordinals via the `of` function.
</thinking>

The theorem states that for a natural ordinal $a$ and an ordinal $b$, the ordinal value of $a$ is less than $b$ if and only if $a$ is less than the natural ordinal associated with $b$ (under the natural ordering on natural ordinals).",NatOrdinal.val_lt_iff.{u_1} {a✝ : NatOrdinal} {b✝ : Ordinal.{u_1}} : NatOrdinal.val a✝ < b✝ ↔ a✝ < NatOrdinal.of b✝,"```lean
theorem NatOrdinal.val_lt_iff {a : NatOrdinal} {b : Ordinal} : NatOrdinal.val a < b ↔ a < NatOrdinal.of b := by sorry
```","```lean
theorem NatOrdinal.val_lt_iff {a : NatOrdinal} {b : Ordinal} : NatOrdinal.val a < b ↔ a < NatOrdinal.of b := by sorry
```",27,0,tie,Both candidates are identical and match the target signature exactly.,False,False,12,12
1041107,IGame.Short.finite_setOf_subposition,combinatorial-games,CombinatorialGames.Game.Classes,2,111,"The theorem states that for any short impartial game, the set of all subpositions of that game is finite.",IGame.Short.finite_setOf_subposition.{u_1} (x : IGame) [IGame.Short x] : Set.Finite {y | IGame.Subposition y x},"```lean
theorem short_impartial_game_finite_subpositions (g : ShortImpartialGame) : Set.Finite (subpositions g)
```","```lean
theorem IGame.Short.finite_subpositions {x : IGame} (h : IGame.Short x) : Set.Finite {y | IGame.Subposition y x}
```",50,0,T,"A matches target exactly: same type, instance arg, setOf pattern. B changes type to ShortImpartialGame and uses different subpositions function.",False,False,11,8
1077300,Real.toIGame_ratCast_sub_equiv,combinatorial-games,CombinatorialGames.Surreal.Real,0,74,"The theorem states that for any rational number $q$ and any real number $x$, when converting the real number $(q - x)$ to a game (via the composition of rational cast and game conversion), the resulting game is equivalent to the difference of the game conversions of $q$ and $x$ separately.",Real.toIGame_ratCast_sub_equiv.{u_1} (q : ℚ) (x : ℝ) : ↑(↑q - x) ≈ ↑q - ↑x,"```lean
theorem coe_sub_of_rat (q : ℚ) (x : ℝ) : ↑((q : ℝ) - x) = (↑q : Game) - ↑x
```","```lean
theorem Real.toIGame_ratCast_sub_equiv (q : ℚ) (x : ℝ) : ↑(↑q - x) ≈ ↑q - ↑x
```",34,0,T,B exactly matches target name and signature; A uses equality instead of equivalence and different name.,False,False,9,2
1080561,Nimber.IsRing.coeff_mul_lt,combinatorial-games,CombinatorialGames.Nimber.SimplestExtension.Polynomial,4,224,"When $x$ is a nimber satisfying the ring property (IsRing), and $p$ and $q$ are polynomials over nimbers such that all coefficients of $p$ are less than $x$ and all coefficients of $q$ are less than $x$, then for any natural number $k$, the $k$-th coefficient of the product polynomial $p \cdot q$ is also less than $x$.","Nimber.IsRing.coeff_mul_lt.{u_1} {x : Nimber} {p q : Polynomial Nimber} (h : Nimber.IsRing x)
  (hp : ∀ (k : ℕ), Polynomial.coeff p k < x) (hq : ∀ (k : ℕ), Polynomial.coeff q k < x) (k : ℕ) :
  Polynomial.coeff (p * q) k < x","```lean
theorem nimber_poly_mul_coeff_lt {x : Nimber} (hx : IsRing x) (p q : Polynomial Nimber)
    (hp : ∀ i, p.coeff i < x) (hq : ∀ i, q.coeff i < x) (k : ℕ) :
    (p * q).coeff k < x
```","```lean
theorem Nimber.IsRing.mul_poly_coeff_lt {x : Nimber} (h : Nimber.IsRing x) (p q : Polynomial Nimber)
    (hp : ∀ i, Polynomial.coeff p i < x) (hq : ∀ i, Polynomial.coeff q i < x) (k : ℕ) :
    Polynomial.coeff (p * q) k < x := by sorry
```",50,0,T,A matches the target name structure (Nimber.IsRing.coeff_mul_lt) and namespace organization better than B's flat naming.,False,False,24,21
1168139,Surreal.birthday_one,combinatorial-games,CombinatorialGames.Surreal.Birthday.Basic,0,51,The birthday of the surreal number 1 equals the ordinal 1.,Surreal.birthday_one.{u_1} : Surreal.birthday 1 = 1,"```lean
theorem surreal_one_birthday_eq_ordinal_one : birthday (↑(1 : ℕ) : Surreal) = 1 := by sorry
```","```lean
theorem Surreal.birthday_one : Surreal.birthday (1 : Surreal) = (1 : NatOrdinal) := by sorry
```",25,0,T,A uses the exact target name and natural types; B uses a cast and wrong theorem name.,False,False,11,11
1017420,NatOrdinal.of,combinatorial-games,CombinatorialGames.NatOrdinal.Basic,99,49,The function `NatOrdinal.of` establishes an order isomorphism (order-preserving bijection) between the type of ordinals and the type of natural ordinals.,NatOrdinal.of.{u_1} : Ordinal.{u_1} ≃o NatOrdinal,"```lean
def NatOrdinal.of : Ordinal ≃o NatOrdinal
```","```lean
def NatOrdinal.of : Ordinal ≃o NatOrdinal := by sorry
```",13,0,tie,"Both candidates have identical signatures matching the target; one uses 'by sorry', the other omits the body.",False,False,3,6
1185850,Nimber.IsRing.iSup,combinatorial-games,CombinatorialGames.Nimber.SimplestExtension.Basic,1,208,"Looking at this declaration, it states that if we have a nonempty indexed family of nimbers `f(i)` for `i` in `ι`, where each `f(i)` satisfies the `IsRing` property, and the range of `f` is bounded above (which is automatic when the indexing type is small), then the supremum `⨆ i, f(i)` also satisfies the `IsRing` property.","Nimber.IsRing.iSup.{u_1, u_2} {ι : Sort u_1} [Nonempty ι] {f : ι → Nimber} (H : ∀ (i : ι), Nimber.IsRing (f i))
  (bdd : BddAbove (Set.range f) := by apply Nimber.bddAbove_of_small) : Nimber.IsRing (⨆ i, f i)","```lean
theorem isRing_sSup_of_isRing {ι : Type*} [Nonempty ι] (f : ι → Nimber) (hf : ∀ i, IsRing (f i)) : IsRing (⨆ i, f i)
```","```lean
theorem Nimber.IsRing.iSup {ι : Sort u_1} [Nonempty ι] {f : ι → Nimber} (H : ∀ (i : ι), Nimber.IsRing (f i))
  (bdd : BddAbove (Set.range f) := by apply Nimber.bddAbove_of_small) : Nimber.IsRing (⨆ i, f i)
```",39,0,T,"B matches target exactly with universe polymorphism, optional bdd parameter, and Sort ι. A uses Type* and lacks bdd.",False,False,21,2
1069363,Dyadic.upper,combinatorial-games,CombinatorialGames.Surreal.Dyadic,37,34,The function `Dyadic.upper` takes a dyadic rational number and returns another dyadic rational number that represents its upper neighbor or successor in the dyadic ordering.,Dyadic.upper (x : Dyadic) : Dyadic,"```lean
def Dyadic.upper (x : ℚ_dyadic) : ℚ_dyadic := by sorry
```","```lean
def Dyadic.upper (x : Dyadic) : Dyadic :=
  Dyadic.mkRat (Dyadic.num x + 1) (Dyadic.den_mem_powers x)
```",10,0,T,A provides concrete implementation; B is a sorry placeholder.,True,False,6,9
1180334,NatOrdinal.of_symm,combinatorial-games,CombinatorialGames.NatOrdinal.Basic,0,71,"The symmetry of the order isomorphism `NatOrdinal.of` is equal to `NatOrdinal.val`; in other words, the inverse of the order isomorphism that maps from natural ordinals to ordinals is the function that extracts the underlying ordinal from a natural ordinal.",NatOrdinal.of_symm.{u_1} : OrderIso.symm NatOrdinal.of = NatOrdinal.val,"```lean
theorem NatOrdinal.symm_of_eq_val : (NatOrdinal.of).symm = NatOrdinal.val := by sorry
```","```lean
theorem NatOrdinal.of_symm_eq_val : NatOrdinal.of.symm = NatOrdinal.val := by sorry
```",21,0,tie,Both candidates correctly express the equality NatOrdinal.of.symm = NatOrdinal.val with only minor naming differences.,False,False,7,7
1139856,SurrealHahnSeries.coeff_single_of_ne,combinatorial-games,CombinatorialGames.Surreal.HahnSeries.Basic,0,143,The coefficient at position $y$ of the surreal Hahn series that is the single term $r$ at position $x$ equals zero when $x \neq y$.,"SurrealHahnSeries.coeff_single_of_ne.{u_1} {x y : Surreal} (h : x ≠ y) (r : ℝ) :
  SurrealHahnSeries.coeff (SurrealHahnSeries.single x r) y = 0","```lean
theorem HahnSeries.coeff_single_eq_zero {R : Type*} {Γ : Type*} [Zero R] [Preorder Γ]
    {r : R} {x y : Γ} (hne : x ≠ y) : (HahnSeries.single x r).coeff y = 0 := by sorry
```","```lean
theorem SurrealHahnSeries.coeff_single_of_ne (x y : Surreal) (r : ℝ) (h : x ≠ y) :
  SurrealHahnSeries.coeff (SurrealHahnSeries.single x r) y = 0 := by sorry
```",31,0,T,A matches target signature exactly; B is generic HahnSeries theorem with different types and namespace.,False,False,26,13
1077551,Surreal.Cut.neg_sInf,combinatorial-games,CombinatorialGames.Surreal.Cut,1,70,The negation of the infimum of a set of surreal cuts equals the supremum of the set of negations of those cuts.,Surreal.Cut.neg_sInf.{u_1} (s : Set Surreal.Cut) : -sInf s = sSup (-s),"```lean
theorem neg_infimum_eq_supremum_neg (s : Set (SurrealCut)) : 
  -⨅ s = ⨆ (x ∈ s), -x := by sorry
```","```lean
theorem Surreal.Cut.neg_sInf_eq_sSup_neg {s : Set Surreal.Cut} : -sInf s = sSup (-s) := by sorry
```",67,0,T,"A matches target exactly: -sInf s = sSup (-s). B uses indexed supremum ⨆(x∈s),-x which is semantically different from sSup(-s).",False,False,12,7
1149479,Surreal.Cut.mem_right_rightSurreal,combinatorial-games,CombinatorialGames.Surreal.Cut,0,117,"The theorem states that for surreal numbers $x$ and $y$, the surreal number $y$ is a member of the right set of the right surreal cut of $x$ if and only if $x < y$.",Surreal.Cut.mem_right_rightSurreal.{u_1} {x y : Surreal} : y ∈ Surreal.Cut.right (Surreal.Cut.rightSurreal x) ↔ x < y,"```lean
theorem Surreal.mem_rightCut_right {x y : Surreal} : y ∈ (rightCut x).right ↔ x < y := by sorry
```","```lean
theorem Surreal.mem_rightSurreal_right_iff (x y : Surreal) : y ∈ Surreal.Cut.right (Surreal.Cut.rightSurreal x) ↔ x < y := by sorry
```",34,0,T,"B exactly matches the target signature with full namespace qualification, while A uses undefined abbreviations (rightCut).",False,False,8,7
1196328,Surreal.wlog_antitoneOn,combinatorial-games,CombinatorialGames.Surreal.Pow,0,67,"The function `Surreal.wlog` is antitone (order-reversing) on the set of negative surreal numbers, that is, on the interval $(-\infty, 0)$.",Surreal.wlog_antitoneOn.{u_1} : AntitoneOn Surreal.wlog (Set.Iio 0),"```lean
theorem Surreal.wlog_antitone_neg : AntitoneOn Surreal.wlog {x : Surreal | x < 0}
```","```lean
theorem Surreal.wlog_antitoneOn : AntitoneOn Surreal.wlog (Set.Iio 0)
```",77,0,tie,Both candidates express the same theorem: Surreal.wlog is antitone on negative surreals. Set.Iio 0 and {x | x < 0} are definitionally equal.,False,False,9,2
1096371,Dyadic.intCast_eq_coe,combinatorial-games,CombinatorialGames.Mathlib.Dyadic,0,61,"The theorem states that for an integer $x$ and a dyadic rational $y$, casting $x$ to the dyadic rationals equals the casting of $y$ (to some common type) if and only if casting $x$ to the dyadic rationals equals $y$ itself.",Dyadic.intCast_eq_coe {x : ℤ} {y : Dyadic} : ↑x = ↑y ↔ ↑x = y,"```lean
theorem coe_int_eq_cast_dyadic_iff (x : ℤ) (y : ℚ_2) : (↑x : ℚ_2) = ↑y ↔ (↑x : ℚ_2) = y := by sorry
```","```lean
theorem intCast_eq_iff (x : ℤ) (y : Dyadic) : (↑x : Dyadic) = ↑(↑y : ℚ) ↔ (↑x : Dyadic) = y := by sorry
```",23,0,B,B matches signature exactly; A adds spurious cast to ℚ making RHS ill-typed,False,False,15,18
1006766,Surreal.Cut.leftGame_toGame,combinatorial-games,CombinatorialGames.Surreal.Cut,8,117,"The left game of a surreal number, when viewed as a game, equals the left surreal of that surreal number.",Surreal.Cut.leftGame_toGame.{u_1} (x : Surreal) : Surreal.Cut.leftGame (Surreal.toGame x) = Surreal.Cut.leftSurreal x,"```lean
theorem leftGame_eq_leftSurreal (x : Surreal) : LeftGame x = LeftSurreal x := by sorry
```","```lean
theorem Surreal.leftGame_eq_toGame_leftSurreal (x : Surreal) : 
  Surreal.Cut.leftGame (Surreal.toGame x) = Surreal.Cut.leftSurreal x := by sorry
```",53,0,T,A matches target signature exactly with correct namespacing. B uses undefined LeftGame/LeftSurreal without Cut namespace.,False,False,9,5
1059311,IGame.Numeric.mul_neg_of_pos_of_neg,combinatorial-games,CombinatorialGames.Surreal.Multiplication,2,131,"**Theorem**: If `x` and `y` are numeric impartial games where `x` is positive (greater than zero) and `y` is negative (less than zero), then their product `x * y` is negative (less than zero).","IGame.Numeric.mul_neg_of_pos_of_neg.{u_1} {x y : IGame} [IGame.Numeric x] [IGame.Numeric y] (hx : 0 < x) (hy : y < 0) :
  x * y < 0","```lean
theorem mul_neg_of_pos_of_neg {G : Type*} [LinearOrderedField G] {x y : G} (hx : 0 < x) (hy : y < 0) : x * y < 0 := by sorry
```","```lean
theorem mul_neg_of_pos_of_neg_igame {x y : IGame} (hx : 0 < x) (hy : y < 0) : x * y < 0 := by sorry
```",33,0,T,B uses IGame type matching target; A uses unrelated LinearOrderedField G.,False,False,13,9
1141572,NatOrdinal.of_val,combinatorial-games,CombinatorialGames.NatOrdinal.Basic,0,82,"The theorem states that for any natural ordinal $a$, applying the constructor `of` to the underlying ordinal value of $a$ (obtained via `val`) returns the original natural ordinal $a$.",NatOrdinal.of_val.{u_1} (a✝ : NatOrdinal) : NatOrdinal.of (NatOrdinal.val a✝) = a✝,"```lean
theorem Nat.Ordinal.ofVal_val (a : Nat.Ordinal) : Nat.Ordinal.of (Nat.Ordinal.val a) = a
```","```lean
theorem NatOrdinal.of_val (a : NatOrdinal) : NatOrdinal.of (NatOrdinal.val a) = a := by sorry
```",24,0,T,A uses wrong namespace Nat.Ordinal vs NatOrdinal and wrong name ofVal_val vs of_val,False,False,8,8
1114190,NatOrdinal.toSurreal_zero,combinatorial-games,CombinatorialGames.Surreal.Ordinal,1,60,The theorem states that the surreal number corresponding to the natural ordinal zero is equal to the surreal number zero.,NatOrdinal.toSurreal_zero.{u_1} : NatOrdinal.toSurreal 0 = 0,"```lean
theorem surreal_of_nat_zero : Surreal.ofNat 0 = 0 := by sorry
```","```lean
theorem NatOrdinal.toSurreal_zero : NatOrdinal.toSurreal 0 = 0 := by sorry
```",42,0,T,B exactly matches target signature; A uses different name and possibly different function (Surreal.ofNat vs NatOrdinal.toSurreal).,False,False,6,5
1096246,Real.toIGame_add_dyadic_equiv,combinatorial-games,CombinatorialGames.Surreal.Real,3,79,"The theorem states that for any real number $x$ and any dyadic rational number $q$, when both are converted to impartial games, the sum $x + q$ (as real numbers) converted to a game is equivalent to the sum of the individually converted games $x$ and $q$.",Real.toIGame_add_dyadic_equiv.{u_1} (x : ℝ) (q : Dyadic) : ↑(x + ↑↑q) ≈ ↑x + ↑q,"```lean
theorem add_dyadic_game_equiv (x : ℝ) (q : Dyadic) : 
  (↑(x + ↑q) : Game) = (↑x : Game) + (↑q : Game)
```","```lean
theorem Real.toIGame_add_dyadic_equiv (x : ℝ) (q : Dyadic) : ↑(x + ↑q) ≈ ↑x + ↑↑q := by sorry
```",35,0,T,"B matches target name, types (≈ not =), and coercion structure exactly; A uses wrong name and = instead of ≈.",False,False,13,7
1058323,IGame.subposition_of_subposition_of_wsubposition,combinatorial-games,CombinatorialGames.Game.IGame,4,157,"The theorem states that if x is a subposition of y and y is a weak subposition of z in the context of impartial games, then x is a subposition of z, establishing that the subposition relation is transitive when composed with the weak subposition relation.","IGame.subposition_of_subposition_of_wsubposition.{u_1} {x y z : IGame} (hxy : IGame.Subposition x y)
  (hyz : IGame.WSubposition y z) : IGame.Subposition x z","```lean
theorem subposition_of_subposition_weakSubposition {x y z : ImpartialGame} 
    (h1 : Subposition x y) (h2 : WeakSubposition y z) : Subposition x z
```","```lean
theorem IGame.Subposition.trans_wsubposition {x y z : IGame} (h₁ : IGame.Subposition x y) (h₂ : IGame.WSubposition y z) : IGame.Subposition x z
```",9,0,T,A matches target exactly with IGame types and WSubposition. B uses wrong types (ImpartialGame) and wrong name (WeakSubposition).,False,False,8,4
1076144,Nimber.mul_assoc,combinatorial-games,CombinatorialGames.Nimber.Field,2,65,"The multiplication operation on nimbers is associative: for any three nimbers $a$, $b$, and $c$, the product $(a \cdot b) \cdot c$ equals $a \cdot (b \cdot c)$.",Nimber.mul_assoc.{u_1} (a b c : Nimber) : a * b * c = a * (b * c),"```lean
theorem nimber_mul_assoc (a b c : Nimber) : (a * b) * c = a * (b * c) := by sorry
```","```lean
theorem Nimber.mul_assoc (a b c : Nimber) : (a * b) * c = a * (b * c) := by sorry
```",94,0,T,Candidate A matches the target name 'Nimber.mul_assoc' exactly; Candidate B uses 'nimber_mul_assoc'.,False,False,7,7
1113149,LGame.MulTy.map_add,combinatorial-games,CombinatorialGames.Game.Loopy.Basic,0,238,The function `LGame.MulTy.map` applied to functions `f` and `g` distributes over addition: mapping the sum of two elements `x` and `y` in `LGame.MulTy α₁ β₁` is equal to the sum of their individual mappings.,"LGame.MulTy.map_add.{u_1, u_2, u_3, u_4} {α₁ : Type u_1} {β₁ : Type u_2} {α₂ : Type u_3} {β₂ : Type u_4} (f : α₁ → α₂)
  (g : β₁ → β₂) (x y : LGame.MulTy α₁ β₁) : LGame.MulTy.map f g (x + y) = LGame.MulTy.map f g x + LGame.MulTy.map f g y","```lean
theorem LGame.MulTy.map_add (f : α₁ → α₂) (g : β₁ → β₂) (x y : LGame.MulTy α₁ β₁) :
    LGame.MulTy.map f g (x + y) = LGame.MulTy.map f g x + LGame.MulTy.map f g y
```","```lean
theorem LGame.MulTy.map_add {α₁ : Type u_1} {β₁ : Type u_2} {α₂ : Type u_3} {β₂ : Type u_4}
    (f : α₁ → α₂) (g : β₁ → β₂) (x y : LGame.MulTy α₁ β₁) :
    LGame.MulTy.map f g (x + y) = LGame.MulTy.map f g x + LGame.MulTy.map f g y := by sorry
```",12,0,tie,Both candidates are semantically identical; A makes type parameters explicit while B leaves them implicit. Neither is vacuous or misuses dependencies.,False,False,20,7
1043111,IGame.Short.of_mem_moves,combinatorial-games,CombinatorialGames.Game.Classes,10,120,"If a game $x$ is short and $y$ is a position reachable from $x$ by a move of some player $p$, then $y$ is also a short game.",IGame.Short.of_mem_moves.{u_1} {x y : IGame} [h : IGame.Short x] {p : Player} (hy : y ∈ IGame.moves p x) : IGame.Short y,"```lean
theorem short_game_move (x y : Game) (p : Player) (h_short : Short x) (h_move : Move x p y) : Short y := by sorry
```","```lean
theorem IGame.short_move_short {x y : IGame} (hx : IGame.Short x) (p : Player) (hy : y ∈ IGame.moves p x) : IGame.Short y := by sorry
```",16,0,T,"A matches target exactly: IGame namespace, Short instance, of_mem_moves name. B uses wrong types (Game vs IGame), wrong predicate (Move vs membership in moves).",False,False,19,9
1041060,Dyadic.coe_intCast,combinatorial-games,CombinatorialGames.Mathlib.Dyadic,11,37,"The theorem states that for an integer $x$, casting it to the dyadic rationals and then to the real numbers (or another target type) is equal to directly casting the integer to that target type.",Dyadic.coe_intCast (x : ℤ) : ↑↑x = ↑x,"```lean
theorem Int.cast_dyadic_cast_eq_cast {α : Type*} [AddGroupWithOne α] (x : ℤ) :
    (↑(↑x : ℚ_[2]) : α) = (↑x : α) := by sorry
```","```lean
theorem Dyadic.coe_intCast_toRat_eq_intCast {α : Type*} [IntCast α] (x : ℤ) : (Dyadic.toRat (↑x : Dyadic) : α) = ↑x := by sorry
```",10,0,B,"B matches target structure: two casts on LHS, one on RHS. A has different structure with toRat function.",False,False,18,16
1128300,Dyadic.coe_half,combinatorial-games,CombinatorialGames.Mathlib.Dyadic,1,36,"The theorem states that the coercion of the dyadic rational number `Dyadic.half` equals $2^{-1}$ (or equivalently, $\frac{1}{2}$).",Dyadic.coe_half : ↑Dyadic.half = 2⁻¹,"```lean
theorem Dyadic.coe_half : (Dyadic.half : ℚ) = 2 ^ (-1 : ℤ) := by sorry
```","```lean
theorem Dyadic.coe_half : (Dyadic.half : ℚ) = (2 : ℚ)⁻¹ := by sorry
```",19,0,T,"B matches the target signature exactly with 2⁻¹ in ℚ, while A uses 2^(-1:ℤ) which differs semantically.",False,False,12,10
1041721,LGame.MulTy.neg_mulOption,combinatorial-games,CombinatorialGames.Game.Loopy.Basic,1,151,"The theorem states that negating the result of the `mulOption` operation for a player `p` and a pair of values `(x, y)` is equal to applying the `mulOption` operation with the negated player `-p` to the same pair `(x, y)`.","LGame.MulTy.neg_mulOption.{v, w} {α : Type v} {β : Type w} (p : Player) (x y : α × β) :
  -LGame.MulTy.mulOption p x y = LGame.MulTy.mulOption (-p) x y","```lean
theorem neg_mulOption (p : ℚ) (x y : ℚ) : -(mulOption p (x, y)) = mulOption (-p) (x, y) := by sorry
```","```lean
theorem LGame.MulTy.neg_mulOption {α : Type v} {β : Type w} (p : Player) (x y : α × β) :
  -(LGame.MulTy.mulOption p x y) = LGame.MulTy.mulOption (-p) x y
```",34,0,T,"A matches target signature exactly; B uses wrong types (ℚ instead of generic α×β, p as ℚ instead of Player)",False,False,23,4
1121614,NatNimber.bot_eq_zero,combinatorial-games,CombinatorialGames.Nimber.Nat,0,29,The theorem states that the bottom element (least element) in the natural nimber system is equal to zero.,NatNimber.bot_eq_zero : ⊥ = 0,"```lean
theorem bot_eq_zero : (⊥ : ℕ) = 0 := by sorry
```","```lean
theorem bot_eq_zero : (⊥ : NatNimber) = 0 := rfl
```",19,0,T,"Candidate B uses the correct type NatNimber, while A uses ℕ. B also provides a real proof (rfl).",False,False,8,7
1115214,Nimber.Lex.mul_leadingCoeff_inv_le,combinatorial-games,CombinatorialGames.Nimber.SimplestExtension.Polynomial,0,117,"When multiplying a polynomial over nimbers by the constant polynomial given by the inverse of its leading coefficient, the result is less than or equal to the original polynomial in the lexicographic ordering.",Nimber.Lex.mul_leadingCoeff_inv_le.{u_1} (p : Polynomial Nimber) : p * Polynomial.C (Polynomial.leadingCoeff p)⁻¹ ≤ p,"```lean
theorem polynomial_normalize_lex_le (p : Polynomial ℕ) (hp : p ≠ 0) :
    (p * C (natCast (1 / p.leadingCoeff))) ≤ p := by sorry
```","```lean
theorem Nimber.Lex.mul_leadingCoeff_inv_le {p : Polynomial Nimber} (h₀ : p ≠ 0) :
  p * Polynomial.C (Polynomial.leadingCoeff p)⁻¹ ≤ p
```",109,0,T,"B matches target exactly: type, namespace, condition. A changes type to ℕ and adds cast.",False,False,16,9
1092304,Game.ofSets_lf_of_mem_right,combinatorial-games,CombinatorialGames.Game.Basic,1,133,"Here is the English statement of the theorem:

If $s$ and $t$ are (small) sets of games and $x$ is an element of $t$, then it is not the case that $x$ is less than or equal to the game constructed from the sets $s$ and $t$ (where $s$ provides the left options and $t$ provides the right options).","Game.ofSets_lf_of_mem_right.{u} {s t : Set Game} [Small.{u, u + 1} ↑s] [Small.{u, u + 1} ↑t] {x : Game} (h : x ∈ t) :
  ¬x ≤ !{s | t}","```lean
theorem not_le_of_mem_right (s t : Set PGame) (x : PGame) (hx : x ∈ t) : ¬(x ≤ PGame.mk s t)
```","```lean
theorem Game.not_le_mkOfSets {s t : Set Game} [Small.{u, u + 1} ↑s] [Small.{u, u + 1} ↑t] (x : t) :
  ¬(↑x ≤ OfSets.ofSets (fun p => if p = Player.left then s else t) True.intro) := by sorry
```",62,0,B,"B matches structure better: Game type, ≤, and mkOfSets notation. A uses OfSets.ofSets with conditional instead of direct mk.",False,False,21,23
1025584,Nimber.IsField.eval_embed,combinatorial-games,CombinatorialGames.Nimber.SimplestExtension.Polynomial,1,255,"The theorem states that for a nimber $x$ satisfying the field property, and a polynomial $p$ over nimbers whose coefficients are all strictly less than $x$, evaluating the embedded polynomial at an element $y$ of the subfield determined by $x$ yields the same result (as an element of that subfield) as evaluating the original polynomial $p$ at the coercion of $y$ to nimbers.","Nimber.IsField.eval_embed.{u_1} {x : Nimber} (h : Nimber.IsField x) {p : Polynomial Nimber}
  (hp : ∀ (k : ℕ), Polynomial.coeff p k < x) (y : ↥(Nimber.IsField.toSubfield h)) :
  Polynomial.eval y (Nimber.IsField.embed h p hp) = ⟨Polynomial.eval (↑y) p, ⋯⟩","```lean
theorem eval_polynomial_subfield {x y : Nimber} (hx : IsFieldElement x) (p : Polynomial Nimber)
    (hp : ∀ c ∈ p.support, c < x) (hy : y ∈ Subfield.ofNimber x) :
    (p.map (Coe.coe : Nimber → Nimber)).eval y = Coe.coe (p.eval (↑y : Nimber))
```","```lean
theorem Nimber.IsField.eval_embed {x : Nimber} (h : Nimber.IsField x) (p : Polynomial Nimber)
    (hp : ∀ k : ℕ, Polynomial.coeff p k < x) (y : ↥(Nimber.IsField.toSubfield h)) :
    Polynomial.eval y (Nimber.IsField.embed h p hp) = ↑(Polynomial.eval ↑y p)
```",117,0,T,"A matches signature nearly exactly (name, params, conclusion); B changes names, types, and relies on undefined IsFieldElement/Subfield.ofNimber.",False,False,30,10
1153267,Nimber.IsAlgClosed.isRing_opow_omega0,combinatorial-games,CombinatorialGames.Nimber.SimplestExtension.Algebraic,0,146,"The theorem states that if a nimber $t$ is algebraically closed (in the sense of nimbers), then the nimber corresponding to $t^{\omega_0}$ (where $\omega_0$ is the first infinite ordinal) satisfies the ring property for nimbers.","Nimber.IsAlgClosed.isRing_opow_omega0.{u_1} {t : Nimber} (ht : Nimber.IsAlgClosed t) :
  Nimber.IsRing (Nimber.of (Nimber.val t ^ Ordinal.omega0))","```lean
theorem nimber_omega_zero_ring_property (t : Nimber) (h : AlgebraicallyClosedNimber t) : RingPropertyNimber (t ^ ω₀)
```","```lean
theorem Nimber.IsAlgClosed.isRing_opow_omega0 {t : Nimber} (h : Nimber.IsAlgClosed t) : Nimber.IsRing (Nimber.of (Nimber.val t ^ Ordinal.omega0)) := by sorry
```",88,0,T,A matches target signature exactly; B uses different type names and structure not matching target dependencies.,False,False,11,6
1178144,Nimber.IsAlgClosed.algClosure,combinatorial-games,CombinatorialGames.Nimber.SimplestExtension.Algebraic,2,91,The algebraic closure of any nimber is algebraically closed in the nimber structure.,Nimber.IsAlgClosed.algClosure.{u_1} (x : Nimber) : Nimber.IsAlgClosed (Nimber.algClosure x),"```lean
theorem nimber_algebraic_closure_is_algebraically_closed : 
  ∀ (F : Type u) [Field F], AlgebraicClosure F → IsAlgClosed (AlgebraicClosure F) := by sorry
```","```lean
theorem Nimber.IsField.algClosure_isAlgebraicallyClosed {x : Nimber} (h : Nimber.IsField x) :
    IsAlgClosed (Nimber.algClosure x) := by sorry
```",605,348,T,A matches the target's structure (algClosure x is AlgClosed) while B is a generic statement about AlgebraicClosure that doesn't match the Nimber-specific target.,False,False,17,12
1050271,Surreal.Cut.lt_neg,combinatorial-games,CombinatorialGames.Surreal.Cut,0,62,"For surreal cuts $x$ and $y$, the inequality $x < -y$ holds if and only if $y < -x$ holds.",Surreal.Cut.lt_neg.{u_1} {x y : Surreal.Cut} : x < -y ↔ y < -x,"```lean
theorem Surreal.lt_neg_iff_neg_lt (x y : Surreal) : x < -y ↔ y < -x := by sorry
```","```lean
theorem Surreal.Cut.lt_neg_iff {x y : Surreal.Cut} : x < -y ↔ y < -x := by sorry
```",25,0,T,B uses correct type Surreal.Cut matching target; A uses wrong type Surreal,False,False,7,5
1127800,Real.toIGame_le_dyadic,combinatorial-games,CombinatorialGames.Surreal.Real,2,69,"The theorem states that for a real number $x$ and a dyadic rational $q$, the image of $x$ under the canonical embedding into the game reals is less than or equal to the image of $q$ under the same embedding if and only if $x$ is less than or equal to $q$ when $q$ is viewed as a real number (through the natural coercion from dyadic rationals to reals).",Real.toIGame_le_dyadic.{u_1} {q : Dyadic} {x : ℝ} : ↑x ≤ ↑q ↔ x ≤ ↑↑q,"```lean
theorem Surreal.coe_le_coe_iff_le (x : ℝ) (q : ℚ_dyad) : 
  (↑x : Surreal) ≤ ↑↑q ↔ x ≤ ↑q := by sorry
```","```lean
theorem Real.toIGame_le_toIGame_dyadic (x : ℝ) (q : Dyadic) : 
  Real.toIGame x ≤ Dyadic.toIGame q ↔ x ≤ ↑q
```",42,0,B,B matches target signature's order (x ≤ q) and coercion structure (↑x ≤ ↑↑q). A reverses order and uses explicit functions.,False,False,14,11
1036318,Nimber.sqrt,combinatorial-games,CombinatorialGames.Nimber.SimplestExtension.Algebraic,25,37,"The Nimber square root is a ring isomorphism from the nimbers to themselves, establishing that the nimber field structure includes a well-defined square root operation that is both additive and multiplicative.",Nimber.sqrt.{u_1} : Nimber ≃+* Nimber,"```lean
def nimberSqrt : ℕ →+ ℕ where
  toFun := fun n => sorry
  map_zero' := sorry
  map_add' := sorry
```

or if modeling as a ring homomorphism:

```lean
def nimberSqrt : ℕ →+* ℕ where
  toFun := fun n => sorry
  map_zero' := sorry
  map_one' := sorry
  map_add' := sorry
  map_mul' := sorry
```","```lean
def nimberSqrt : Nimber ≃+* Nimber
```",30,0,T,B exactly matches target signature; A uses ℕ instead of Nimber and wrong homomorphism type,False,False,52,2
1182507,SignExpansion.ceil_apply_of_lt_sInf,combinatorial-games,CombinatorialGames.SignExpansion.Basic,0,149,"When the natural ordinal `a` is less than the infimum of the preimage of zero under the function `f`, then the ceiling operation applied to the sign expansion of `f` at `a` equals `f(a)`.","SignExpansion.ceil_apply_of_lt_sInf.{u_1} {f : NatOrdinal → SignType} {a : NatOrdinal} (hf : a < sInf (f ⁻¹' {0})) :
  (SignExpansion.ceil f) a = f a","```lean
theorem ceil_sign_expansion_eq_apply (f : ℕ → ℤ) (a : ℕ) 
    (h : a < sInf {b : ℕ | f b = 0}) : 
    ⌈signExpansion f a⌉₊ = f a := by sorry
```","```lean
theorem SignExpansion.ceil_apply_of_lt_sInf {f : NatOrdinal → SignType} {a : NatOrdinal} (hf : a < sInf (f ⁻¹' {0})) :
  (SignExpansion.ceil f) a = f a
```",78,0,T,"A exactly matches target signature structure with correct types (NatOrdinal, SignType, SignExpansion.ceil). B uses wrong types (ℕ, ℤ) and wrong functions (⌈⌉₊, signExpansion).",False,False,22,2
1099700,Nimber.oeval_one,combinatorial-games,CombinatorialGames.Nimber.SimplestExtension.Polynomial,0,58,The theorem states that evaluating any nimber $x$ at the ordinal $1$ yields the nimber $1$.,Nimber.oeval_one.{u_1} (x : Nimber) : Nimber.oeval x 1 = 1,"```lean
theorem nimber_eval_one (x : Nimber) : x.eval 1 = 1 := by sorry
```","```lean
theorem Nimber.oeval_one (x : Nimber) : Nimber.oeval x 1 = 1 := by sorry
```",39,0,T,"B exactly matches target signature; A uses different names (eval vs oeval, nimber_eval_one vs Nimber.oeval_one)",False,False,7,5
1122350,IGame.Numeric.lt_div_iff',combinatorial-games,CombinatorialGames.Surreal.Division,3,140,"For numeric impartial games $x$, $y$, and $z$ where $z > 0$, the inequality $x < y/z$ holds if and only if $z \cdot x < y$.","IGame.Numeric.lt_div_iff'.{u_1} {x y z : IGame} [IGame.Numeric x] [IGame.Numeric y] [IGame.Numeric z] (hz : 0 < z) :
  x < y / z ↔ z * x < y","```lean
theorem impartial_game_div_iff {x y z : ℚ} (hz : z > 0) : x < y / z ↔ z * x < y := by sorry
```","```lean
theorem IGame.Numeric.lt_div_iff {x y z : IGame} [IGame.Numeric x] [IGame.Numeric y] [IGame.Numeric z] (hz : 0 < z) : x < y / z ↔ z * x < y
```",73,0,T,"A matches the target signature exactly (types, context, name), while B uses a completely different type (ℚ instead of IGame).",False,False,15,2
1191979,NatOrdinal.pos_iff_ne_zero,combinatorial-games,CombinatorialGames.NatOrdinal.Basic,0,68,"The theorem states that for a natural ordinal $a$, the condition that $0 < a$ is equivalent to the condition that $a \neq 0$.",NatOrdinal.pos_iff_ne_zero.{u_1} {a✝ : NatOrdinal} : 0 < a✝ ↔ a✝ ≠ 0,"```lean
theorem Ordinal.pos_iff_ne_zero (a : Ordinal) : 0 < a ↔ a ≠ 0 := by sorry
```","```lean
theorem NatOrdinal.zero_lt_iff_ne_zero {a : NatOrdinal} : 0 < a ↔ a ≠ 0 := by sorry
```",14,0,T,"B matches the target type NatOrdinal exactly, while A uses Ordinal which is a different type.",False,False,9,8
1066632,Surreal.leadingCoeff_inv,combinatorial-games,CombinatorialGames.Surreal.Leading,1,100,The leading coefficient of the inverse of a surreal number equals the inverse of the leading coefficient of that surreal number.,Surreal.leadingCoeff_inv.{u_1} (x : Surreal) : Surreal.leadingCoeff x⁻¹ = (Surreal.leadingCoeff x)⁻¹,"```lean
theorem Surreal.leadingCoeff_inv (x : Surreal) (hx : x ≠ 0) : 
  leadingCoeff (x⁻¹) = (leadingCoeff x)⁻¹ := by sorry
```","```lean
theorem Surreal.leadingCoeff_inv (x : Surreal) : Surreal.leadingCoeff (x⁻¹) = (Surreal.leadingCoeff x)⁻¹
```",79,0,T,B matches target exactly; A adds unnecessary hypothesis hx : x ≠ 0 not in target,False,False,13,3
1033598,Game.mk_natCast,combinatorial-games,CombinatorialGames.Game.Basic,5,47,"The theorem states that for any natural number $n$, applying the `Game.mk` constructor to the natural number cast of $n$ (interpreted as a game) equals the natural number cast of $n$ directly as a game.",Game.mk_natCast.{u_1} (n : ℕ) : Game.mk ↑n = ↑n,"```lean
theorem Game.mk_ofNat (n : ℕ) : Game.mk (↑n : Game) = ↑n := by sorry
```","```lean
theorem Game.mk_natCast (n : ℕ) : Game.mk (↑n : IGame) = (↑n : Game)
```",44,0,T,B matches target exactly with IGame and Game types; A uses Game for both sides.,False,False,8,8
1027164,Surreal.wpow_vle_wpow_iff,combinatorial-games,CombinatorialGames.Surreal.Pow,2,70,"The theorem states that for surreal numbers \(x\) and \(y\), the surreal exponential \(\omega^x\) is less than or equal to \(\omega^y\) in the veblen order if and only if \(x\) is less than or equal to \(y\) in the standard surreal order.",Surreal.wpow_vle_wpow_iff.{u_1} {x y : Surreal} : ω^ x ≤ᵥ ω^ y ↔ x ≤ y,"```lean
theorem surreal_exp_le_iff_le (x y : Surreal) : ω ^ x ≤ ω ^ y ↔ x ≤ y
```","```lean
theorem Surreal.wpow_vle_iff {x y : Surreal} : ω ^ x ≤ᵥ ω ^ y ↔ x ≤ y := by sorry
```",35,0,T,"Candidate B uses vle (≤ᵥ) matching target, while A uses wrong ≤ operator.",False,False,9,9
1079280,NatOrdinal.toSurreal_def,combinatorial-games,CombinatorialGames.Surreal.Ordinal,3,116,"The surreal number representation of a natural ordinal `o` is defined as the surreal number with left set being the image of all strictly smaller natural ordinals under the surreal conversion function, and empty right set.",NatOrdinal.toSurreal_def.{u_1} (o : NatOrdinal) : NatOrdinal.toSurreal o = !{⇑NatOrdinal.toSurreal '' Set.Iio o | ∅},"```lean
def Ordinal.toSurreal (o : Ordinal) : Surreal :=
  Surreal.mk (fun x => Ordinal.toSurreal x.val) (fun _ => False)
```","```lean
def NatOrdinal.toSurreal (o : NatOrdinal) : Surreal :=
  !{⇑NatOrdinal.toSurreal '' Set.Iio o | ∅}
```",126,0,T,B matches the target exactly; A uses wrong type (Ordinal vs NatOrdinal) and different implementation.,False,False,15,5
1098490,Nimber.Lex.coe_X_pow_lt_coe_X_pow_iff,combinatorial-games,CombinatorialGames.Nimber.SimplestExtension.Polynomial,0,101,"Looking at this declaration, it states that in the lexicographic ordering of nimbers (elements of `Nimber.Lex`), the power $X^m$ (where $X$ is the polynomial indeterminate, viewed as a nimber through the coercion) is less than the power $X^n$ if and only if $m < n$ as natural numbers.",Nimber.Lex.coe_X_pow_lt_coe_X_pow_iff.{u_1} {m n : ℕ} : ↑Polynomial.X ^ m < ↑Polynomial.X ^ n ↔ m < n,"```lean
theorem Nimber.Lex.pow_lt_pow_iff (m n : ℕ) : (X : Nimber.Lex) ^ m < (X : Nimber.Lex) ^ n ↔ m < n := by sorry
```","```lean
theorem Nimber.Lex.coe_X_pow_lt_coe_X_pow_iff {m n : ℕ} : (↑(Polynomial.X ^ m) : Nimber.Lex Nimber) < ↑(Polynomial.X ^ n) ↔ m < n := by sorry
```",82,0,T,"B matches the target signature exactly with explicit Polynomial.X coercions and types, while A uses implicit X which may be ambiguous.",False,False,13,12
1036512,Surreal.Cut.left_subset_left_iff,combinatorial-games,CombinatorialGames.Surreal.Cut,3,108,A surreal cut $c$ is less than or equal to a surreal cut $d$ if and only if the left set of $c$ is a subset of the left set of $d$.,Surreal.Cut.left_subset_left_iff.{u_1} {c d : Surreal.Cut} : Surreal.Cut.left c ⊆ Surreal.Cut.left d ↔ c ≤ d,"```lean
theorem surreal_cut_le_iff_left_subset {c d : SurrealCut} : c ≤ d ↔ c.L ⊆ d.L := by sorry
```","```lean
theorem Surreal.Cut.le_iff_left_subset (c d : Surreal.Cut) : c ≤ d ↔ c.left ⊆ d.left := by sorry
```",21,0,T,"B uses correct namespace and field names (Surreal.Cut, .left); A uses wrong type/field names (SurrealCut, .L)",False,False,12,13
1080562,Nimber.IsRing.mul_lt,combinatorial-games,CombinatorialGames.Nimber.SimplestExtension.Basic,19,117,"Looking at this declaration, it states that for a Nimber $x$ with the property `IsRing` (which marks it as being in the Cantor normal form ""ring part""), if $y < x$ and $z < x$, then $y \cdot z < x$. In other words, the product of two nimbers that are both strictly less than a ring-property nimber is also strictly less than that nimber.",Nimber.IsRing.mul_lt.{u_1} {x : Nimber} (self : Nimber.IsRing x) ⦃y z : Nimber⦄ (hy : y < x) (hz : z < x) : y * z < x,"```lean
theorem Nimber.mul_lt_of_lt_of_isRing {x y z : Nimber} (hx : x.IsRing) (hy : y < x) (hz : z < x) : y * z < x
```","```lean
theorem Nimber.mul_lt_of_lt_of_lt_of_isRing {x y z : Nimber} (hx : IsRing x) (hy : y < x) (hz : z < x) : y * z < x
```",10,0,B,B uses x.IsRing matching the target's dot notation style; A uses IsRing x which is equivalent but less aligned with target style.,False,False,10,10
1042605,Dyadic.num_natCast,combinatorial-games,CombinatorialGames.Mathlib.Dyadic,1,47,"The theorem states that for any natural number $n$, the numerator of $n$ when viewed as a dyadic rational (a rational number with denominator a power of 2) equals $n$ itself as an integer.",Dyadic.num_natCast (n : ℕ) : Dyadic.num ↑n = ↑n,"```lean
theorem dyadic_rational_numerator (n : ℕ) : (↑n : ℚ).num = n := by sorry
```","```lean
theorem Dyadic.num_natCast (n : ℕ) : Dyadic.num ↑n = ↑n := by sorry
```",15,0,T,A matches the target exactly with Dyadic.num on Dyadic type; B uses ℚ.num on rationals instead.,False,False,9,4
1151269,Surreal.Cut.neg_leftSurreal_image,combinatorial-games,CombinatorialGames.Surreal.Cut,1,128,The image of a set of surreal numbers under the composition of negation and the left surreal cut function equals the image of the negation of that set under the right surreal cut function.,"Surreal.Cut.neg_leftSurreal_image.{u_1} (s : Set Surreal) :
  -⇑Surreal.Cut.leftSurreal '' s = ⇑Surreal.Cut.rightSurreal '' (-s)","```lean
theorem surreal_cut_negation_image (S : Set Surreal) :
    (fun x => -Surreal.cutL (-x)) '' S = (fun x => Surreal.cutR (-x)) '' S := by sorry
```","```lean
theorem Surreal.Cut.image_neg_leftSurreal (s : Set Surreal) :
    (fun x => -Surreal.Cut.leftSurreal x) '' s = Surreal.Cut.rightSurreal '' (-s) := by sorry
```",74,0,T,B matches target's left/right structure; A incorrectly uses cutL/cutR instead of leftSurreal/rightSurreal and wrong RHS.,False,False,18,11
