"informal_sid","formal_sid","sim_f2i","sim_i2f","is_blueprint_gold"
"3969a4c6-98a3-416a-89f8-45d82844cf8f","00ee3b8e-715e-49a8-aea6-acd059b0dffb","0.8874157668188164","0.8874161839485168","True"
"ac798dfe-8910-483f-bb7c-a838e181b761","0243abb5-637f-4b3d-ae50-1c839097a81a","0.8847283772457367","0.8847284317016602","True"
"3e849e2c-75c1-495b-a72b-a896c61b7a42","025faf14-5ea4-4837-8773-3435ecc98e34","0.9283521984958074","0.9283524751663208","True"
"2606ea41-62e8-413d-b6cf-ad46c7f11e56","02e64ae4-abe7-410c-8210-0ec7680d24fd","0.7999851868523787","0.7999855875968933","True"
"f2eeb251-0c76-4d5b-aee3-1f3f21212b4d","042551b1-1c79-4515-b655-5e4b7d460ba3","0.7335446464215539","0.733545184135437","False"
"cffe3be8-34e3-4107-9de9-e043ca04cc89","04a861c3-f2a2-4016-9371-58c3ebba856d","0.9520612550587602","0.9520614147186279","True"
"5d9090cf-08c0-41dc-b035-c9dada444127","04c1b9a5-190d-4d18-abb0-0451b6730af1","0.7723666947536754","0.7723670601844788","False"
"362c80e9-5241-49e7-ae61-59186c1c514f","04cde386-e787-4a75-9088-87e2d132b82f","0.7967813222745351","0.7967817783355713","True"
"9bc57571-46af-4979-b46a-ef879458e7e9","0509eef1-913a-4065-87e7-f6995ca9688c","0.8211416643566397","0.8211421966552734","True"
"ed9edf4a-8817-42c2-acd4-f7eddb80a56b","05dd0dca-57a4-41cc-a0ee-f85e653daaae","0.9315647948850396","0.9315654039382935","True"
"f4f12193-9441-4ab3-ad20-a72883b7916c","05f99c8d-bdbd-4f61-a08a-3f1748d169ec","0.7250845217778246","0.7250849604606628","True"
"fb5e7628-5fed-4c71-864a-245277133a78","06565b84-42c0-45b8-99ec-8f07afb12b56","0.9103335617143835","0.9103341102600098","True"
"559cf641-61fc-4ee5-9aa0-d4e896e47584","06820d09-d07c-45ad-bdc0-a0296a4922d8","0.9013057108557669","0.9013057947158813","True"
"e4d51f09-de8f-4d16-8577-77fa7bde6b21","07a2491a-e7ee-4d10-a0ca-bdf7fa36bfa7","0.8791688437408797","0.8791689872741699","True"
"cd4d279a-b9e9-44de-a657-ee29ecff86e9","07b4ee08-8a22-4d7f-8501-4fa97539b09f","0.8633384169346663","0.8633390665054321","True"
"7d69aaed-0f3f-4b4e-aa40-0491a910d760","084062d9-0c3e-4c15-9615-0921ef35ca53","0.9061781881965633","0.9061785936355591","True"
"e9499d03-1491-497c-8ea4-46aad57fe422","08fe14bb-87f6-445b-80a9-3078179440b7","0.8742702376295484","0.8742704391479492","False"
"e3d48deb-e32b-4ff2-ad59-6a79fa318c3e","0902bb49-e86d-4eef-bc21-7896b67d3c04","0.8926006428991806","0.8926011919975281","False"
"e4804829-dac1-4a8d-9ca0-a677be60c84a","09f6796e-9934-498e-8e5a-0e77404c854e","0.8584174591507068","0.858418345451355","True"
"0ece0a1a-b6d3-41a6-95e8-a79659eb1fd8","0a4ea659-0099-44c2-8bb7-69a8b6e07624","0.9530714581393579","0.9530720114707947","True"
"9fe35d3c-7927-42fe-8b0f-3e708291de36","0abd794e-c17e-4734-959d-7beaea379c0e","0.7501061508683649","0.7501062154769897","True"
"539bbdb9-a4a3-4386-9d14-3feda9a7da7a","0b1ded1d-be61-44a6-a500-13079cda9c38","0.9416205702005576","0.941620945930481","True"
"71d7a451-8501-470e-ae27-ceb328405afc","0c2bb886-3a04-40ca-9ffb-ebd183dddcbe","0.848155952708789","0.8481563925743103","True"
"f63a3da9-d00f-4fa0-b595-aea75e0951a1","0cb4eeb9-fcc7-46ec-b71c-e6f4ec1071bd","0.8670752187456164","0.8670758008956909","True"
"58dc5046-b994-482b-ac4b-f98f07c6bb0d","0d18e0c8-e097-40d2-85a2-a03ad7fe23e6","0.8515237238993931","0.8515245914459229","True"
"fe99aa24-1225-40dd-b5d5-80b18b5b864b","0d28dd39-13f3-4688-a674-1fb82eac7136","0.8422996772950888","0.8422999382019043","True"
"19a8940c-f77a-4a4a-a847-984cb1155235","0e45cb5f-7181-4dd3-93aa-872462b64468","0.8964637919733729","0.8964643478393555","True"
"a9868ae1-068c-42ae-b891-0f3050ce07ff","0e711be1-71a9-42aa-96d7-162d5c47b111","0.9110278568727712","0.9110283255577087","True"
"58eff50e-7c34-48f5-a624-7e3d5ea3b323","0f3765a9-dcc5-49f8-9d44-5eb889fd6d27","0.8091165501804073","0.8091170191764832","True"
"a924930c-f104-4386-8db1-80a62008379a","0f64b39f-9a0b-4698-b0c8-e2a1da8374dd","0.8750290412360837","0.8750293254852295","True"
"ddadbed7-b9c2-4966-b41a-79436477aae4","0f783631-f105-4ab6-a9e4-f0cccbaea085","0.8400139184992389","0.8400145769119263","True"
"018842dc-5937-47c5-b20e-5e32be19e4c7","0f8c05d3-c66a-45cf-9f49-6296aff28a43","0.8276928085397512","0.8276935815811157","False"
"e1217a0a-9c22-44bf-9e7f-f3a11c2f6382","105b68a4-9ff6-4e5d-9afb-5b07eee9ff32","0.7998905870347931","0.7998909950256348","False"
"0f5263bf-8a7f-49aa-b133-1ed9894bff57","10fa244f-8050-435b-90ed-f2b1563fefd3","0.8715518505342937","0.8715526461601257","False"
"a84988b3-4e63-413b-839f-68fb0eb42d9b","11475aa7-d9ae-43e8-8e5a-dc555682d2a7","0.892338704681141","0.892339289188385","True"
"6ba0f417-efae-4214-a81b-10c04f61625a","1244b21e-35ed-476b-a5ea-7db32d25e744","0.7958224955750722","0.795823335647583","True"
"69eacefc-e617-4226-89bf-357e71c14bf4","12c0c04e-63e4-4aaa-b513-c5bdd41dad09","0.8407796377330178","0.8407799005508423","True"
"47d26d6b-eeda-4085-9e54-7776c44a69e4","12d3f14d-cae0-490c-8db3-805f92504e89","0.9399347580915361","0.9399351477622986","True"
"5f8c250a-f4dd-41ea-af66-c5c8ad3f71c6","13a01118-4dd0-4bd3-bf7f-f65f530eb51c","0.8904346488870027","0.890434741973877","True"
"ace823d4-30ed-4df6-8e40-779ef8504334","13fcd3aa-c659-46ec-bbc5-172adeac1ddd","0.8119039352859815","0.81190425157547","True"
"888bace4-200b-4c81-a1ee-698ce6c5f348","14251e51-ea79-4297-bab7-bcbaf7804522","0.7505243775523052","0.7505244612693787","True"
"f65f200d-fd24-479e-9f31-08cf5dfddfe1","14590d49-1f73-448e-b664-e23b2d31734c","0.8378374637036576","0.8378377556800842","True"
"edbc07ba-a5d8-4f46-9c77-660a58a13d9a","14ce5d66-43d0-4c4a-99b6-c2afb92eb11e","0.9259746257915275","0.9259745478630066","True"
"a4948e41-7418-4188-9234-5d6063f844d9","15fae1e9-b8e7-41ad-a18c-4ea218bb3b7e","0.8750707451649151","0.8750709891319275","True"
"e61c8f5b-9639-46b0-8f61-93f6b496657e","1698f94d-36a3-488f-bc93-2c49d6e05470","0.9519441803555719","0.9519443511962891","True"
"15f3e3aa-47df-4402-aa91-b62c1e3102f6","17eabf4b-7c75-4d48-a5a1-802a8a1fb337","0.8314339897379601","0.8314343690872192","True"
"a58b949d-433a-45d1-a8c2-4571f64c2c55","181b8463-6088-4581-b877-e42b7c96c42e","0.8901199295489631","0.8901207447052002","True"
"53798a48-9363-4d6e-b778-7135702ca54a","1836e25f-6797-464a-9e67-bcb9f0f9f467","0.8409703026758796","0.8409703969955444","True"
"fc57192f-9665-46b6-8f8b-a9bfc22b12ba","1bd221c7-0ee7-4666-a10f-6d7c62b30419","0.8616832107118468","0.8616832494735718","True"
"300de8ac-e859-4a01-80f6-a089e274fdf2","1c8204f1-9fad-40cf-94b7-798931ac294f","0.8911550417707966","0.8911554217338562","True"
"e86d18f4-a92e-4fa0-b156-ed48b55860ec","1e483a11-8056-4ade-9251-d3c598a7fca0","0.8412544916564892","0.8412543535232544","True"
"f9dd0b89-b1e6-420a-9e59-522539ed49f6","1f9522df-0205-41c6-9375-d973d1317b8b","0.8474401974680474","0.8474407196044922","True"
"122266f2-f9a5-4411-8a31-fd47d56c75d0","201a0d5b-7267-4412-a13e-763d7992d942","0.790495408147916","0.7904955148696899","True"
"c30244e1-a332-49f8-88dd-4ec24523e162","20205923-05fa-4b64-a38d-63ded2550f9c","0.8500625399930313","0.8500624895095825","True"
"6bfbd5d9-3b0c-4d31-97f7-93f487cbaccb","2132101a-1a30-42bd-91e0-709d14ba9e44","0.8951595363117912","0.8951594233512878","True"
"48be10ce-421e-491b-9c33-eab0b1c4c1d1","2153be89-c6e7-49a9-b60c-1e6f615db068","0.8803263249202067","0.8803268074989319","True"
"8a5db73b-78f3-464b-9970-bd52cc4bda05","230ac0c3-22a2-44dd-bb8d-04e225fbc242","0.8989678247399856","0.8989681005477905","True"
"1c8ac708-bf73-4fda-aec0-5aa48a6f2a31","23f7d6c6-6e56-4988-ba8b-07e72e8f5402","0.9425275652060635","0.9425278306007385","True"
"fb56302c-5a06-4878-b948-77c638507d42","2486a797-c678-46d2-b655-66443778ba97","0.8883772357129426","0.8883774280548096","True"
"cf4f931a-52c7-462e-ac53-c9aa4e86fd69","24e11da1-9148-4c65-a6ac-79a31ffd0f68","0.9377175034512835","0.9377181529998779","True"
"7b1668f3-2287-4e2e-b23b-4fb44b82e85e","252314e7-fe73-4c52-ace0-03c6772551da","0.9274788891614915","0.9274787306785583","False"
"7bf4b7b2-87e2-4846-b7aa-0527da897cc0","25d31124-c8cf-43da-b473-8bf8dbfd27d8","0.946098216894644","0.9460983276367188","True"
"05714221-49bb-4172-a7d5-b2b4f638e246","25eec1bf-dd07-4e34-8713-a84892b52f4c","0.9561738673600677","0.9561742544174194","True"
"10d8a982-9fa1-460f-8ec0-525be6f1400f","265a4c8c-fdc9-4612-ace6-633e8bb14ff5","0.9113965440050525","0.9113967418670654","True"
"d23a1806-fe26-4c86-8693-b19512ba3820","265acc56-17cb-4617-bbe7-76dfb8c84b19","0.8621894740991903","0.862189531326294","True"
"95e234cd-e45d-42b7-8752-101cc3a2bf68","2725e142-90be-4bb1-bb11-3e658daea3fa","0.7572038440870678","0.7572043538093567","True"
"7da7eb7a-9c93-487d-9676-37cfe957c25a","278ed163-5c0b-4e62-acf9-74cd96551b61","0.8862771179621345","0.8862773180007935","True"
"be4ac5ad-a3df-442d-b00c-bdd6c65a700a","27d1766d-b62d-4c1d-9d72-6a8d28297cd4","0.8553023930021999","0.8553025722503662","True"
"4da71ae2-ecc6-48fe-a63e-a8d21f8cdcb7","28128b7b-0f62-4926-bc96-41300c78a96a","0.8823167220115916","0.882317066192627","False"
"21f26f0b-00be-4a17-bd04-db78398a90b8","283b702a-52a7-4e57-85d4-c734f16f5dd7","0.8693631188419298","0.8693637847900391","True"
"5b0c7ec9-ff1a-45d2-8474-e1e15558ef88","2864b5d3-1283-4ba4-9229-0cf98381fe1d","0.8937871447053101","0.8937873840332031","True"
"f7544ad3-7504-44d5-ae84-cc2e4d725cbe","288e068b-ea9a-4187-9cf8-cb2f978fd0ce","0.9251951162044366","0.9251954555511475","True"
"5ffc5acd-ec65-47d0-94a2-d5ddb7a36d0f","293f0422-52f9-42b7-a64a-d0b081ad20e2","0.8907771397584943","0.8907773494720459","True"
"ff09af2b-94b2-420a-bb00-f2ba766ae6a6","2952e194-0737-44c3-8ff4-aa0ad6c2cf73","0.8535761227587876","0.85357666015625","True"
"d4ccdfb8-ca5c-4e5d-958d-77441fcfe088","2a0892af-3dac-4643-b70d-3816e0115126","0.8756687986773701","0.8756691217422485","True"
"306943ed-2296-4da1-9cda-939783827813","2a532ba8-c018-4280-9b24-5bef33397405","0.8781458365613765","0.8781459331512451","True"
"a5da0f0b-9926-4938-a4ee-6b6c325571d3","2ac106f1-e7f7-4c18-b539-fd0f7e898e18","0.8900242510728482","0.8900247812271118","True"
"de1bad42-12da-434b-880c-16f943cf532a","2b77f3d6-91b3-48e7-aa77-cbf604e0852e","0.8424968185667889","0.842496931552887","True"
"a95592de-6a8b-4fd1-aefa-2368fe8fc363","2b880fbe-97cc-4889-8b08-1c9752e38384","0.9508706619620392","0.9508715867996216","True"
"e7075b31-20b4-4586-b8ae-9636ad5a27e3","2c2c8374-17b0-4288-bb2b-cb78dd3d1e78","0.9570398763595191","0.9570403099060059","True"
"324c11bd-71cd-4fb3-875b-80c8f1cda97a","2c5feb59-c902-4035-87f3-23ec1af16d9e","0.8552285120783232","0.8552287220954895","True"
"da271e15-35b0-4382-9f9f-33aec5446085","2c6e3c39-bd73-4181-85c1-d0df7db616ff","0.8694584334503936","0.8694584965705872","True"
"187f8000-78c1-4950-8091-5b648f8e60d0","2c708ad7-decf-463f-b3a8-6f810d8bdccc","0.7815491177659749","0.7815493941307068","True"
"248afe9e-9ba4-4008-9305-61b79f93fedb","2dca38dd-df8a-4e27-ae56-bb8ba9adaf70","0.9285463866898407","0.928546667098999","True"
"f419c258-a494-49f2-a19d-861d158824fa","2ddc7e76-d611-4441-b069-09df1167a204","0.7783900681557608","0.7783900499343872","True"
"b04ad893-02c1-4cb8-938b-1274222f950b","2edc0440-30a9-4289-801a-6f1f81cac616","0.8563332853502378","0.8563336730003357","True"
"2121b457-a917-4a73-8546-4d262ddeacc7","2ef57e08-96e4-438b-a226-2d7e9d9ca46f","0.9041400642895226","0.9041403532028198","True"
"9c24cb47-e0b0-460b-b3ed-2dd7559a36b9","300c81ae-98cb-43af-ab0d-049dbcd4145a","0.7809923232190921","0.7809927463531494","True"
"f70e8691-7502-49a8-9876-a3262f05f473","3066d54e-9c1f-4cff-992c-52d5cef550ad","0.9176305196565231","0.9176310896873474","True"
"21abee0c-0032-464e-afa7-980518511843","30dae945-ea99-4862-b9a0-0bedfde1fcd3","0.8335290770199654","0.8335297703742981","True"
"f743e719-be5a-4d72-b6e7-06dce86f4f1a","31433865-6f89-4fee-84b2-710e3bddc89b","0.8325267722171815","0.832527220249176","True"
"f754a74d-b3d6-4cb9-b64c-7d043e3074b5","3166a4a0-ef09-47b7-ad1c-9c9ecfa8f155","0.9608438415228038","0.9608438014984131","True"
"375c147b-e321-4eb7-9bd4-86945759b473","31eb9a37-39f4-49a8-ba90-c4d51e436f4b","0.8770900217101718","0.8770900964736938","True"
"073c3786-762f-43f7-9b18-96a16ccfc930","3242d366-a871-4a99-8d54-159648638cf2","0.8846501622290077","0.884650468826294","True"
"6e25ad0e-f5e2-4a51-95e8-196d87fce1a2","32e4567c-ddd7-48ec-b0ff-1d65d79a2e34","0.8515379602688699","0.8515381217002869","False"
"4b80bac3-0a6a-4dc1-97a7-b175269a09d8","330432e0-a881-4578-ab9f-303d1599874a","0.9476677503623631","0.9476680755615234","True"
"475e920c-53e6-4728-940e-c1f0814a856f","33074f5a-98fa-4ce0-bb1a-a630165899c4","0.914280512270974","0.9142814874649048","True"
"0f193718-a692-4c6f-bad6-5b0051c1551e","337f4ac2-b20e-49ea-ab3b-727db92674bb","0.8529986428491881","0.8529989719390869","True"
"ce80ba52-300b-468d-8b81-cd2f892dec2c","33a6cc47-4b6a-4546-b318-fe12b8e5b634","0.9117134341903226","0.9117136001586914","True"
"5ade2e06-c530-4447-a9ff-30b1408775a0","3455e8c4-61c2-4cd4-a536-9da6fdeecb42","0.8733359157664391","0.8733365535736084","True"
"76ef37e1-b4c6-40b2-a51c-bb322ab2b532","352011c6-d71c-4ef3-8139-777bc541fbe4","0.8775788362703093","0.8775789737701416","False"
"09d6437a-8376-41ad-b495-8e70a1bde08c","354f2288-95b2-434a-86c3-d8e0c1fa4472","0.8529786278607772","0.8529782295227051","True"
"e5855724-6d6b-4bf7-8c04-c79fbedcec7f","357ebb01-66ea-4916-9365-1e5f512226a4","0.8326035127376783","0.8326035737991333","True"
"ca35acb3-14b7-4b1b-8b9e-8c27c0bca01e","3591fac8-d8d2-41f5-a168-f0bce10df2d4","0.8731034073360997","0.8731034994125366","False"
"4c9156fd-6567-46a0-993b-708ac0722d52","35d92dc2-7179-4c8d-aef4-14c6c9f71a37","0.9552758851984899","0.9552761912345886","True"
"678570d8-6f55-4a84-a580-a2966496f4cc","36ad80e7-989f-46a3-9725-f2f6d4f5b945","0.7465981784567505","0.746598482131958","True"
"01756c2d-9dec-46b8-af58-fc4cbb6e4ba0","371b02b3-e745-48fa-93c8-d9084ad4f496","0.8195948217628375","0.8195951581001282","True"
"f47e0eb2-63f9-4a3e-8c97-8978968722de","3731a245-9fd8-4b7c-855e-6b7b0151bd2b","0.8129634120485829","0.8129640817642212","True"
"7276db0a-3d5d-4e88-87d8-c0b401a15b81","37492166-f608-41a7-8a3d-b47d85ad43a3","0.8752177825153384","0.8752179741859436","True"
"beff80a3-96aa-41ed-b524-ddc4ee27ebe4","37628d49-7a43-4e22-a3d2-e0e48a630511","0.8691519312908226","0.8691518902778625","False"
"c024eb12-47ec-4e88-aa3a-7f09e3e0b720","3963ecd8-9ba0-4ccc-ba2f-5298315c9aa0","0.7797747199645195","0.7797753810882568","False"
"d61d35cd-03d5-433c-8e60-d14adededdfe","3a0609bb-5446-4257-b785-e9b7b4d9338e","0.8474137351937211","0.8474136590957642","True"
"0875a1b4-1d69-46e0-97e8-0765abe1651e","3a218f0b-2d69-4998-9a73-fd2cc5929dce","0.8736578758414268","0.8736578822135925","True"
"8728ce6e-994c-4eb4-bfd1-ea60432e496f","3b5e58a3-f2bd-4b1b-bace-d1008573ec50","0.8991812716731058","0.8991814851760864","True"
"5c7f92f0-3097-4fbd-9e40-4fa91e56a1d4","3c34505f-411c-4524-a595-7650bc41f1fe","0.924348480121891","0.9243485927581787","True"
"46263ca5-a80a-49ca-8a12-b8d836599b45","3d020273-0c51-44d1-adb9-eaa75da0d418","0.8697600040888723","0.8697601556777954","True"
"0acc4901-9789-4f94-8f48-267a53c7f521","3db7d0b9-e918-45d9-ae8b-d1d422e4e661","0.9448614552949758","0.944861888885498","True"
"1aa3400a-baa7-4481-8156-a9dffc6618c9","3fe69b04-a0c3-4ebd-a240-1fdbedf520dc","0.9632806598683258","0.9632808566093445","True"
"c8f9bb73-7fdc-41bf-97da-41603b43f441","402e1bba-ba94-42dc-8e55-acf7789a0c28","0.9199457700831533","0.9199461936950684","True"
"d354eaf1-d7cb-455b-b627-2570a78a45fa","411234fb-073d-48c2-81a7-e68a178be5c5","0.8526653749280572","0.8526658415794373","True"
"d9b0198f-21dd-414e-9313-5f01ff5e2e19","450d5c4c-24f6-4231-a1b1-7f84429804fe","0.8192493994610069","0.8192497491836548","True"
"a447a05c-48ea-4347-81dc-f0674f15c671","4524dafe-6604-4e4d-b0ac-d43e8e5f7666","0.8711553290633233","0.8711555600166321","True"
"afd272af-03e5-475a-b17d-c04bd4d1a68d","45293f34-bba0-489d-a4a3-ca36bc4626ca","0.9362569229680008","0.9362573623657227","True"
"2eec9ac5-3286-4f15-a213-97c6c4d83da3","45fdcd55-68e5-462d-8379-08b96290d85c","0.8743316241833422","0.8743319511413574","True"
"d28ea41d-664b-42f0-86db-e30707c0c781","4646435b-f291-46f1-bfe5-1bc58e6422b7","0.7875820543969639","0.7875823378562927","True"
"318a04ee-f13c-4362-a97c-b00e0ddd2c85","479fe270-44a3-41bb-a94c-b94e371c3352","0.7562871722834477","0.7562873363494873","True"
"c79eef94-3cf7-4431-8ca4-828983b44d13","47a6ae90-269f-42f2-9780-94c4c850bdb7","0.9338775039507287","0.9338780641555786","False"
"fd04f7da-9a17-4e66-a258-7ba926efda5b","47b6e539-b9c4-47e7-97c1-5b8dfe5e6c22","0.8977014283083316","0.8977022767066956","True"
"9e7d29cb-58cc-4e77-b6af-b487f9f46390","48453170-241a-4541-9f07-6b9173bfceac","0.806318187096242","0.8063182234764099","True"
"9a352fd6-1afc-4e08-9844-32b4c115bec8","48485301-ef95-4e43-bfcd-13195e0149f0","0.8501956403306985","0.8501957058906555","True"
"28534295-1815-4032-8349-1f5618232bb6","488c5548-5e13-4284-a175-4bbe9273c8cf","0.9503800448594393","0.9503800272941589","True"
"98923e6d-1665-4eff-bc36-6ffadcab7210","48f1d9b4-ff52-4404-9b3c-e7b221ca4296","0.8412554795951558","0.8412562012672424","True"
"d7f99bc4-a63b-4f84-ba53-9c8a869c76c4","495f60db-33be-4d46-bee2-36c12ae12029","0.7184696290140693","0.7184695601463318","True"
"e78dcd8c-f5f7-41c2-bde2-afbd0eb4fe83","4a1bf72b-aca3-4bb8-be4a-c8dd17565df1","0.8902274806933426","0.8902275562286377","True"
"a15c18b2-b385-4778-a385-0c409810ea19","4a5ebb65-553e-46e4-bba7-2dba3841ba15","0.8478275488471161","0.847827672958374","True"
"292f6095-d4b1-4fbb-846a-9a9d6bda21c3","4aeeb7f9-b1f7-48f3-93c6-3647e443bb0c","0.8349188728323792","0.8349195122718811","True"
"49d19812-3806-40b2-b423-40d6bbb3253c","4b453463-c243-4f4f-9dcf-afe7c80b5c5f","0.8059928642436247","0.8059930205345154","True"
"53e17510-3841-4ce5-9541-7964da5b5d1d","4bd381a3-9d47-4a41-a820-54aebca8a4c7","0.8026740322097666","0.8026745319366455","True"
"c4093c74-3bf8-4366-bb62-b91f90fc7847","4c18b7ce-e62d-4f7a-818b-85c97d7ce7cb","0.7782950355067372","0.7782946825027466","True"
"88d22ccc-8bee-4eed-befc-6d36b3432a85","4c789a52-c9dc-4348-a4cb-2653438e0dc7","0.9069290508765375","0.9069295525550842","True"
"41d5c2a9-eaf2-490b-b9d7-6583dff3fb80","4d08693f-5997-4129-a8e2-0fde079b5f86","0.8847932309912564","0.8847938179969788","True"
"d353c8fe-1e0a-4e06-a769-7dc0e1aad7b4","4d684159-c3bb-4802-909b-bdfcb166e134","0.8486692251814762","0.8486695289611816","True"
"60ba6108-b76f-4dd0-8904-03e2982b9bbc","4e78725a-a35a-408b-8db7-0d439566289a","0.7875835701335441","0.7875836491584778","True"
"19ee8509-8b07-4bfc-bd1c-2f2ae5f4cf10","4f565089-af5e-41b1-b362-e9048295e092","0.8896956600481672","0.8896961808204651","True"
"eaf4f7fe-1273-42c6-907e-8ecdf7bc0c9d","50d03373-a132-4986-b00a-815723facce7","0.87559013295244","0.8755906820297241","True"
"27791515-ef44-445f-88f5-8772b8fe8598","51244490-cf73-4d64-ab3f-5c92153be262","0.9063201754441312","0.9063205122947693","True"
"c665c0ec-1db7-4931-beef-4803f7fdb5b9","5132f2ec-27f3-433e-8394-6d5e8087bb3c","0.7894756510060468","0.7894762754440308","True"
"e67af919-96a7-4df5-98fc-ea9dea8eddad","52358efd-8779-4c68-b01b-6b4c02450f4f","0.8695471035923488","0.8695472478866577","True"
"cd29da73-0d65-437e-ac2f-8ad9d080eea8","524a7023-01cf-4800-a569-b4523d718c78","0.8285438709894566","0.8285438418388367","False"
"ca98f2d7-b592-4132-b2ab-93546243c279","5256b07a-4946-40aa-8d1f-dd72c8b110de","0.7811578768743314","0.7811588644981384","True"
"cc20bd52-af4a-4fe5-b0ae-3d9541a06910","52ee9ca8-c54f-413c-acba-489ec4e2a5bc","0.7668234347736527","0.7668237686157227","True"
"4ed2fb55-015c-4f64-8651-8d10791e49a0","5437eeda-e70f-4b65-8f6c-310a2b990cd9","0.8677317274701138","0.8677321076393127","True"
"835c2766-366c-4203-b1cc-059ba06bc78f","55a57863-4ef7-4f19-bbe2-3d84459518c2","0.8302880486480618","0.8302880525588989","True"
"cea1299a-fe3f-4174-ae9a-0dd681c154ba","56aaa00b-e5f2-462f-9c13-237c1d53ec77","0.8286250991338682","0.8286257386207581","True"
"19bfa30e-5706-493f-87fc-72ed19922230","56b9bf55-c5c3-49b4-a5f0-406cb1ffa651","0.9144339355334434","0.9144346714019775","True"
"94bdf4bc-71a2-4588-91ba-9194b8b4e1d0","57a803ab-6e27-481e-a541-d385521fd357","0.7822669893664064","0.7822672128677368","False"
"07a587ec-0f20-4094-97f1-9aefc074641d","57eaff08-6726-4ad6-91fb-ad9c4ade93f4","0.8579415311105743","0.8579424619674683","True"
"869557a7-4b61-4216-b39e-18e6cb967699","587861c0-413f-42bd-8f7a-13507f41178a","0.8286842415144768","0.8286843299865723","True"
"70eca2d9-ab9b-40dc-b9d9-c599276468d9","5891ceb5-39b2-44d3-8937-a08c03b9dc4c","0.9249750707718576","0.9249749779701233","True"
"a2b90dda-f37e-4b2b-a809-3db692893906","59577a7f-60ce-4f15-82d0-a98bd931df81","0.8865626965560398","0.8865625858306885","True"
"2aab1293-80c8-445e-8ad3-90073cfe660b","59d54d1d-3b19-4c5c-901b-28d913a2101c","0.7723716308559385","0.7723717093467712","False"
"7dbe1a6b-d149-4e29-a32b-ce611b7b588b","5a9b6ae5-36c4-4dc4-b6dc-63a83342b14b","0.7754811134836614","0.775481641292572","True"
"6dc84a25-e936-43d9-a324-279d26b5c3d7","5c59b3db-c61a-4084-b8e0-742d147d50c2","0.8943371561332598","0.8943372964859009","True"
"167438b3-bd6c-4348-808c-75e6b18969e1","5c862a8a-b072-4f6a-b032-4909ff1dc86a","0.9048312661989121","0.9048315286636353","True"
"86a1a64c-fcc9-42b8-9711-a49d2e90e85a","5df74c8c-f0cd-4ede-a5dc-9a75ad2d178f","0.876748102339262","0.8767479658126831","True"
"1d731bbc-404d-4517-a064-3cd7facdd9e0","5e2ad4d1-0a55-4a92-8fb1-a458d9a6fcc8","0.8677429477635689","0.867743730545044","True"
"cd1623c9-09d5-4bbf-a65b-54f4193e9652","5e870007-f0db-4928-ad4e-03b57be9819c","0.8241945361145703","0.8241950869560242","False"
"872dbfb0-e308-45f4-9c8e-b054c43767ce","5ed7c3d9-d47a-43e3-84f4-bfede2a378c7","0.8454926893006454","0.845492959022522","True"
"44041dc4-d0af-4c36-843d-2662ae247603","5fec45f2-1c7d-40d0-8016-9571f58f0e49","0.859277878425188","0.8592779636383057","True"
"14cbb859-9ea0-46c8-bb37-986041aa9081","61c5df52-32ca-4483-a3b0-2ac067be705f","0.8773252721820245","0.8773252964019775","True"
"d569d0c2-7eae-4bae-bce9-cd46bba6c385","61f1f5de-fbd4-4130-a90b-3c9ef92c7a26","0.8245028468097011","0.8245030641555786","True"
"a66f4055-b943-42d9-b82a-033a264f2d9b","6291a939-5226-4dac-9b61-313ca348fe84","0.8042513482121216","0.8042516708374023","True"
"b65b9403-d8bb-41c3-9e8c-de682fbad6d0","63fb1890-34fe-41e9-ba82-726bc75b44e8","0.7840476383656372","0.7840474843978882","True"
"50953fbe-a192-40b8-a848-67c1f86c846a","65a2ccfa-1633-4ee3-9f60-4cb46f9d6141","0.9174899311345692","0.9174899458885193","True"
"505b7932-5d97-4eb2-bc32-0f0c3d9f24e8","65b81678-f690-4f02-8c65-4a3ee723b3c2","0.8177531629038844","0.8177539110183716","True"
"d9c5e81f-5fca-4e9e-aea3-6e5500acc00e","660ee42f-14b2-45c2-9e81-3de0d50ea2d4","0.778956460875219","0.7789566516876221","False"
"d272cf6f-3271-4d1b-825b-d877e1766513","67838fc4-48b1-425e-92c5-8783447c70cc","0.8452435972405353","0.8452435731887817","True"
"267e53bc-c2e7-4c08-a841-93938d7a23b5","68644eeb-3951-434f-bd0e-19101045f769","0.8711095053610292","0.8711099624633789","True"
"bb61a4b5-ea5c-4934-8cd4-646897fdf42d","68979776-1847-420f-9e4b-7dadc732cc88","0.735785108340463","0.7357856631278992","True"
"9f0cd73a-f23d-4a55-82ef-223d7eaf9144","68b74f1a-9c41-4bb6-912f-f1fd909bf3b6","0.9494989672175856","0.9494990110397339","True"
"ae7abef1-cdaf-40d4-9a12-f0701802636d","68bfbe5e-0c1e-4fe3-ae99-41b6006213bb","0.9146310840586099","0.9146316051483154","True"
"732eddd7-687c-4333-8fae-22802805d2df","68f5b1f1-4de8-4707-88a4-0489eae8f760","0.8965599066897246","0.8965608477592468","True"
"33ecf4df-34ec-4e0a-9660-bb4011d1c15a","69594aa5-5c2a-409b-ba4d-3c430e449572","0.910605097751231","0.9106054306030273","True"
"9b5c4c17-cea6-4226-84c1-43af11cd1cf3","69954bbb-7b89-4feb-8359-12553963d8ce","0.9019142941208206","0.9019147157669067","True"
"7ea4571e-a71d-4613-99be-aba4546dfe8f","6b0db362-d9cb-423c-86ef-4fc9fca0ce39","0.885522549945034","0.8855226635932922","False"
"a32bdba3-963e-437e-a2d1-240749e694ca","6bcff9b5-67a7-42d8-ae3a-e017de5f8f9e","0.8769106464857556","0.8769109845161438","True"
"3dc44c96-30dd-47fc-bc81-5677ecd83399","6be67b0f-2890-4341-95a9-e6ec72a7c68e","0.8905578130990326","0.890558123588562","True"
"111c5144-bb97-4d68-b593-72c50cf4d61a","6c3cbe1d-68fa-4911-a5b5-f4746cf9aa43","0.9422760158225408","0.9422764778137207","True"
"f7012ee2-5aee-46dc-bd60-a3ab707687d1","6d55d195-d69f-4ead-8bc1-524f4f29daef","0.8815068238543514","0.8815069198608398","True"
"0949d6e1-29c2-4949-8703-fea08eb22b72","6e879293-7948-443a-b23a-a7eadebe91dc","0.7116149401581546","0.7116155028343201","False"
"d458edab-3581-481b-b6ca-03118e02a778","6e8d9b55-f7c0-4d29-aa4e-4c4397976fde","0.8724707841032647","0.8724706172943115","True"
"d3ce2835-c23e-424a-bcf2-972f3faba054","6ebb1ed7-2ec7-40f2-9f37-4dd26d88553d","0.864113970069897","0.8641147017478943","True"
"0cbabeb6-66bd-4d64-a4bc-aab8d6c5d69a","6f98b20b-cb51-48c1-80c8-d7279b569d1b","0.8023976748631989","0.8023977279663086","True"
"148afe52-f769-46d6-8aa4-d008c269af17","6fe24afc-b35d-41f1-bc3c-499d75445682","0.9308592276168346","0.9308594465255737","False"
"388f7310-4590-47b5-b0de-2c28a8558cfd","6ffe31cd-6af0-4a2d-b48e-6ac80a237c48","0.8439110710273642","0.8439115285873413","True"
"677feaec-f2ce-4a00-866d-c4f83299bc33","700aba5a-83bf-4d83-b4b4-a1f234760ccd","0.8707609519851915","0.8707612752914429","True"
"41c1b442-4c8a-4492-89b2-3cd40e6cea2c","70481d9f-ed7b-4cf7-bf46-c14a9b66d175","0.8355965667361899","0.8355962634086609","True"
"0e660321-d471-4ff1-a233-85e2a01784e0","70c9c0d5-0916-4971-8711-fbe29ed8fa16","0.8991465550694482","0.8991469144821167","True"
"8b5f365a-d92c-4144-9898-bb7aa25aa65c","738e7345-9526-4a1f-b5ff-75288b380d9b","0.8383177078968794","0.8383176922798157","True"
"801973cd-0e83-4edc-b7e6-497fa57441fc","73af810e-020a-4ed3-a9b1-b5d5e713333d","0.8504519542201321","0.8504518270492554","True"
"0dd60fa8-ffe5-4384-8bb7-bb5c44dd285b","748c8b12-9085-4958-9397-e68e4ae6f3b3","0.9133401458993972","0.9133404493331909","True"
"ab5fb57b-3d32-4c79-af0d-d5be83466c3d","74ec8dfe-1dc2-4399-b2ed-2bbf83c22460","0.8890727145211079","0.889072835445404","False"
"622bb75b-b810-48a2-ba5f-bb473a92c867","75312904-1771-4165-9ed8-47652adb02d9","0.7510368030793598","0.7510374188423157","True"
"635b1b21-4289-4af0-854b-91b18f6d821d","75ab9c2a-df13-4175-8c7e-3518711bb54e","0.8078677208335961","0.807867705821991","True"
"1965966d-c476-4c09-a328-3c59666d8fb9","75bee813-179a-4c30-9040-13002791a414","0.881922930391679","0.8819233775138855","True"
"5ecfcae2-b62e-4b04-92bd-eebfd9ca7ef4","75dd4478-30b9-4d1b-8654-33c666e27a86","0.8067552813000052","0.806755006313324","True"
"feec89f5-a025-457c-9f05-10b81a7e4564","76014417-d07b-4467-aa45-a012103dc4f1","0.8299693967809334","0.8299694657325745","True"
"971e71b3-bed1-4ade-ac47-a226577458f3","761ed384-26d2-4512-a7b3-c854945d8423","0.8710978832480504","0.8710980415344238","True"
"402d1d10-997c-4441-a329-16b4b04e642f","76458995-b62c-47e9-b7c4-96f50a452f94","0.789369125540822","0.7893692255020142","True"
"62f407b5-dc15-4637-ac88-1d9bdfef2f99","76614a40-1d55-48dc-a51f-53ab39e7e413","0.8142420088263241","0.8142420053482056","False"
"03500478-3adc-44a9-9236-8bfb59e03ab6","76a47a00-3935-443d-bc9f-aebe17e0a3e8","0.9212339560532665","0.9212348461151123","True"
"5b8757b6-b1e2-4fc2-ad98-e4af24099d86","76e1cbcc-0c23-4f37-8411-e26959580271","0.910910246294073","0.9109104871749878","True"
"b0554244-a1fc-4fc1-b921-364581f6eb12","78e8540f-583c-4edb-906d-fd89d114a3d4","0.8557075942771266","0.8557081818580627","True"
"ec968cde-243f-4f2c-b9eb-2ef3dc43eaa2","78e99061-e8c0-4b26-9a66-56a77c379767","0.86600429388031","0.8660047054290771","True"
"b51ea9a3-a945-4e3e-9a4a-84b2ed8dc842","79ca6f57-066a-4c02-99c7-733eb5ac6d1f","0.7981402286042444","0.7981404662132263","True"
"f6846a62-a883-4c0d-9d95-5fde34f91a57","7aaa61c9-58ac-477c-8965-2fee96ce5560","0.905976750101219","0.9059774279594421","True"
"ce0faffa-250d-49d4-a678-118753dc63a2","7b729636-3e4d-4449-8f7f-638714f3f50e","0.9024966223158534","0.9024971723556519","True"
"7226b099-62b0-4f93-9979-92679e7307f5","7c70b15a-7ee2-47a6-8715-0a9affdaa1e1","0.929446992374264","0.9294477105140686","True"
"d7d1de9f-eb7a-49a7-b5bd-2f843fa8d9b4","7d01e6ff-8033-4416-9fdd-a47ca1982032","0.8973831454297531","0.8973838090896606","True"
"334a43a9-29fc-4fd6-9d25-d8f9240fbcac","7d117f93-760b-4fc2-b4b5-e0d7886e2969","0.8503004615782714","0.8503013253211975","True"
"64e8af97-bc97-442c-8a47-f63db521e6c2","7dcd86cb-f440-463a-836f-3a199d7d4f49","0.8612966517185774","0.8612970113754272","True"
"ea69814f-2187-44b3-b2db-57291887088c","7ef9e596-2e21-4db9-a440-91facbe5c068","0.8521774112184082","0.8521777391433716","True"
"925cd492-0888-4b84-8bb2-272f41db17c0","8033a53d-bda1-43a7-88a4-b4a557a524f5","0.8741736497101213","0.8741735816001892","True"
"937084a5-42bb-43ea-8ad0-a83bd602634a","80ecec02-065c-42d1-8c6c-42ae9a5dfb61","0.7893068696948083","0.7893069386482239","False"
"10153b41-7a3f-4678-970b-782a32f7ebae","82ad5b26-1440-4f3d-82e8-b6d4e4f5c5aa","0.7889925798279981","0.7889925837516785","True"
"7ee1bcb1-f8f5-41d0-9b9d-b6abf7eaba2d","831591dd-1c45-46bf-8f29-6e75459d4b32","0.8515945359243744","0.8515945672988892","True"
"4021479c-031d-41bc-896e-5a6c06fac641","84842885-c881-4ef9-92bb-bf9e1d323e2d","0.8284062563685299","0.8284069299697876","False"
"8b3d769b-4a18-4561-b25c-900ecd883a11","85041845-43c7-4616-b144-b6a8c04a9509","0.947889350318173","0.9478896856307983","True"
"2dac8ebd-b1d2-4fd1-9a67-1f127f141b0e","8531de69-191d-4af9-962e-dd1d4f225895","0.8834136597307399","0.8834141492843628","True"
"5a854451-1abc-4477-95b9-a4a04799747b","8557d05e-3ea9-4854-bfe2-3ebec21c6f6a","0.898559079753328","0.8985595703125","True"
"13b9d985-0df2-4ea1-81d0-820b0591dd45","85685c7b-d4b4-4314-8340-61c275d0c117","0.8596935574817502","0.8596938848495483","True"
"19616a90-7376-44f0-91a6-6adda19fcac3","85ef99ec-91ff-4b55-b60c-338ec4153380","0.7378177663604155","0.7378180027008057","True"
"94ffbd5c-1daa-4040-a7dd-aac77f7ef631","85f782aa-dc52-4743-bc87-c00195b61172","0.8112592614244902","0.8112603425979614","True"
"f862bd6b-bec9-45af-bee8-58300fcc65f6","863c105b-48fb-4fc6-b7af-afc80dfd0d58","0.904011554018858","0.9040119647979736","True"
"85ebfef2-030f-4eda-9407-829f54cb9885","88194fa2-ccb1-4a3b-a537-0179b5d30d3f","0.8443339024446068","0.8443341255187988","True"
"9edc8aa8-8685-4049-8b9c-87eebc8e401b","88327bc8-7d16-44e2-a69c-ac1223548b7b","0.936291294070659","0.9362910985946655","True"
"5d54c00c-bb53-48a1-8cc6-b597cec67ae3","883434d0-184d-4322-92f2-3759d74b7a6d","0.9022833458364542","0.9022833108901978","False"
"b7758885-3df6-40dc-9ba6-7a6a48fae7d9","88bf6446-a2e8-4d11-9f7f-a21b62b793b4","0.8353777628640979","0.8353780508041382","True"
"dd1233a3-15aa-4e32-a7ea-bf64de0c199d","88e4f18b-40cd-4552-a2dd-bb369290459a","0.9439655188463176","0.9439663887023926","True"
"369fa225-5c98-41cb-ae3e-d3ec16275520","89282ecc-9345-4096-a758-ee4e8d3fbf96","0.8998956879451757","0.8998957872390747","True"
"555637dc-5852-4f43-b3b7-5ab691d0b4ed","89e6b65f-14e9-4cdc-b296-60ab080dacdd","0.8835853481072353","0.8835852146148682","True"
"b79912ed-174e-4ed1-99ad-e334f5ef8887","8a6ba36b-3257-45a7-ac82-3715d7022b96","0.8943473358491271","0.8943471908569336","True"
"f3e239ef-78c9-4df2-a48b-4b5e16c91788","8be8b19a-641b-4d76-8157-6e3a9d50bea3","0.7099936806363162","0.7099941372871399","False"
"a726bce8-465c-4bbf-acf9-fc5c2202d445","8be8b452-89fe-4b7d-b021-539b8660ec54","0.858734003726059","0.8587344884872437","True"
"ffbf49bf-1c14-4640-8053-8da85a0dc5da","8da1ed26-6862-4533-9eba-ebec974f7bfa","0.9363997071416859","0.9363999962806702","True"
"e62e581e-0d87-45cd-b9ec-2e720a02a179","8dabb384-4cfb-4e9e-85d7-f71617487d93","0.789965079941531","0.7899653315544128","True"
"ce405e00-d539-4081-b616-f7ac0e5a1272","8ddd6bef-7bda-4374-8009-9251ecca0a0d","0.9254711583335106","0.9254711866378784","True"
"47bceb03-eddd-4e70-8445-3d0063268b3b","8e118a22-8c01-43d2-8483-605d3e28c5c2","0.8171319471744041","0.8171322345733643","True"
"13b5c45d-7bc1-46f1-84a1-1dd5fdd59a97","8e4cad3e-1ec7-4010-8c85-d14a306e8021","0.8855033314741128","0.885503888130188","True"
"e16d2aad-6409-4fae-b23a-8eb7262a08ab","8f0a9010-efd6-4f29-89fd-ee870e17e1f7","0.8728461449121468","0.872846245765686","False"
"d6dffe7b-6deb-4d08-b4f6-a9b1462b7952","8f0ffc79-066f-43ad-a3c7-5adb7b8bb518","0.8218822565505359","0.8218826055526733","True"
"cf627537-4876-404c-bc07-be0790b3e9ab","8f57c0b4-1634-436f-a953-7b9819845e92","0.8699996906421883","0.8700002431869507","True"
"d6e7f63b-2955-4a88-ad73-4eadd14b9c33","9041722b-c0fa-464d-9060-d5baeaea1716","0.9111638323227629","0.9111641049385071","True"
"8dae7da5-3c9d-4a41-a8b1-a2bf42951d68","9069213c-eb4f-419f-8780-d999cda9d48b","0.9360612367529808","0.9360619783401489","True"
"1f2fc2e8-8e53-4490-8511-0b7d3e2a7662","92ed591b-5586-4b64-9b19-9c5c7f0d933f","0.8276157208137754","0.8276159763336182","True"
"4471d806-1657-42c6-addc-aaddff87fa3d","93305bf0-b4ea-4aa3-91e8-f19f1a4a61e4","0.904546650563409","0.9045467972755432","True"
"15e5ff81-9b36-4bde-8072-af5590e3902f","9397a7df-d9a0-4692-8ac1-4db3b293cfa1","0.9148576433757445","0.9148581027984619","True"
"b15d1b70-b102-487d-b818-9aaa3aadfde0","940ade0b-0eba-4a72-a993-158b39db2572","0.9231459852322583","0.9231458902359009","True"
"c312a3de-1836-4fcc-a1cb-49803488c7d7","943dfece-6868-46cf-8eb0-45cd6980214f","0.9027326338928875","0.9027331471443176","True"
"97895080-f3e4-45cc-baef-b2c07340a13f","967400da-b97c-4a18-9336-727c6744d0c5","0.918342460534989","0.9183433055877686","True"
"685abaf8-bf4d-44f5-9711-cce076b222d2","97a5923a-d172-42cc-b35f-041254cc78f6","0.9239875354542115","0.9239876866340637","True"
"5c558702-e450-4403-b873-3ff49cfff098","97ed7b0e-5cf3-4239-bb39-ddc73a3e5857","0.9133314949635591","0.9133316874504089","True"
"0d6d279c-ca4c-4c4c-8d6b-b99a24d4badf","9884aa4d-5b80-470b-a84a-6d53cf703c52","0.8854355084902248","0.885436475276947","True"
"30cfa031-04a3-4463-bfab-05bbc171e71b","98b0f709-009a-4067-86ab-bf4cb03b002a","0.8786239551677693","0.8786243200302124","True"
"d23203d6-4aff-449c-8172-9a6dcb394f7e","98c2b14a-1bc9-4c6a-8fbd-177be6a7b894","0.8256123129885433","0.8256125450134277","True"
"e608b1dc-3534-48bb-9194-e2d59aa09cfd","997f11bb-bf33-4ec6-886b-915d3efdebd3","0.8219449247390839","0.8219450116157532","True"
"00c5052e-d193-4b56-9de4-8941dcb7640f","999af70d-81a2-4b4e-99ae-09b0abf45f2d","0.7605499988735105","0.7605504393577576","True"
"993dbfb2-44b8-47c1-b32c-a63928449059","9af513d7-bfcb-4a85-9d7d-21b0bc0ffd0d","0.8066953336477621","0.806695818901062","True"
"29e1b219-255c-4d21-93e5-32b56ea7452e","9c29b5c9-db87-4e79-958a-4198b7e4d76a","0.8699866574862628","0.8699867129325867","True"
"5eeb99c3-0dec-46b9-ba99-a5ca7deedcea","9c60b724-5cc4-4ea2-97b8-9d404dc57ba5","0.8424024422651858","0.8424030542373657","True"
"fa022adc-9208-42a4-80a4-4156b129185c","9c9e56f5-4b55-4694-a200-526dee5d55ea","0.9398228746686157","0.9398232698440552","True"
"32d28fb5-68f3-4ae1-8b88-17fded620e4c","9d308d99-6ff2-44c6-8afb-937719447e3a","0.8959855331847553","0.8959861993789673","True"
"2aab96ed-1841-4ba3-bd1b-678fd06c89f0","9d625d98-59bb-403e-a645-fd071efca4ad","0.8509807283416918","0.8509809970855713","True"
"5223a0c8-d0f3-4536-870e-1e3997112b49","9d7dd598-b56f-42f9-9122-3ffd14fd1b79","0.8280654287779041","0.8280657529830933","True"
"0442b7e5-3c2e-4add-8abb-484a80b6e34b","9e22cccd-0a17-4e73-a5e6-3ca92bd50da2","0.8671802900491394","0.8671807646751404","True"
"4c1f1219-2013-4e53-9e77-f86d41fef1b2","9e57e701-b923-40da-b331-1b58cb570ce7","0.8273879287034083","0.8273879289627075","True"
"dff4661e-11b2-434c-96f4-b3d2656e95e2","9e5ba6f6-5fe8-403c-a4b6-0fa7334e0b54","0.8065433037197035","0.8065434694290161","True"
"8cf6f082-759b-4614-9c8b-428213a34b43","9ee4f4d7-d419-4d87-a7b6-fb3710fab684","0.8264376062461427","0.8264376521110535","True"
"f6dd0825-624c-4da7-9b3d-67d2fcaff7d2","9f1c46bf-1e92-4a64-8962-5e429ec03dc0","0.9733095860303742","0.9733104705810547","True"
"d6da503e-93ac-41db-a2a4-f45b539acfb2","a07fb275-9e58-4150-bd74-2cffb2797547","0.8517393431325406","0.8517391681671143","True"
"7cac5d5c-7734-41e8-84fc-48512722bbfc","a0e03136-c382-4b5b-a202-a62a9c69ab19","0.8545431749294531","0.8545433282852173","False"
"9680d456-c718-47e4-8c61-34e253574642","a204fccd-470d-496d-9393-64960c64ee51","0.9066494145392852","0.9066495895385742","True"
"f2e6db77-3241-46f5-8cc9-2e928bac6feb","a285df5c-3333-492f-be04-81611498c658","0.9017278602594857","0.9017280340194702","True"
"9d30b74d-11fd-4ba7-8dc6-982ee2785306","a3305571-5771-4fb6-bbae-0bb6ad37cc68","0.9541763106507243","0.9541765451431274","True"
"f0a44af1-2532-4d25-8eea-3db446695ba2","a3c89128-bc08-43bb-88cd-4c70710d161a","0.8375628545056043","0.837563157081604","True"
"4a2ee928-7c7c-40df-9327-700f425f49c8","a41c3a88-8346-40e3-bd77-0480d804e86b","0.8375059577691318","0.8375061750411987","True"
"68a4c1b8-ee7c-4d21-b7ef-04f4da521289","a4486b51-0e07-44f8-bec4-846f8478470c","0.8769758267859226","0.8769761323928833","True"
"23b0874b-83fa-4531-8bbe-1b6c9d63d7d0","a4ae5c86-16dc-4fcf-a2ec-32d780d4b449","0.8524760867698052","0.8524763584136963","False"
"cc6bba2a-199a-4372-b14a-d638aa4e3961","a510f1e3-13cb-4690-9279-8c48cabcb966","0.940116093737917","0.9401165246963501","True"
"6b34b534-b7fe-4643-a95b-61ba8452b198","a52aa893-e87d-4502-8ddb-47620800b26a","0.8890690803528085","0.8890693187713623","True"
"4a732d64-835c-450b-a5f7-85ec34591be5","a5325eaa-d68b-4443-935f-a551819f668e","0.7736816249846985","0.7736815810203552","True"
"09b71e26-ae3a-4be2-837f-7f14722ad686","a5d98a43-8c3d-4e28-83ab-3b02146d3c60","0.851627773735841","0.851628303527832","True"
"25b16c57-f13e-4d0f-8d5e-fd4367db5e2c","a62de985-ff29-4fbc-884d-77b5424e0d84","0.8886055494733384","0.8886054754257202","True"
"f64ace85-2370-4cff-8909-8e121b2d5bce","a657e507-5cd4-4fe1-958c-625484214148","0.8901883850626324","0.8901886940002441","True"
"846c411e-09b3-45d9-9545-d074b6f76ebf","a691d858-5cd3-48cb-9562-f59db7ffa250","0.8359681167872723","0.8359684944152832","True"
"4092e4c2-ed22-4790-b20f-0adf6d42174b","a81ff775-77ea-4ca6-b510-3eaf78a5ff9a","0.9004570087455221","0.9004570245742798","True"
"c00e4e7e-cf17-4174-a907-1f3760997570","a850ae41-47a1-4620-ae0e-31cdd3817a5a","0.9349049179162522","0.9349051713943481","True"
"b3205137-2cfa-4977-86eb-fa3b3ea1aa99","a9714080-8239-4f82-8d5d-a69e85118f9f","0.97497978393764","0.9749799966812134","True"
"d072f534-7d22-4a02-a870-eb1130029f13","aa8ec4c3-c6de-437a-914b-8d67f92fa56d","0.8901592093831877","0.8901598453521729","True"
"245ad251-821b-4a51-9ca3-d886dc694113","ad9c695f-703c-4123-b0eb-41e64c6c6b6d","0.766429803629951","0.7664299011230469","True"
"63620a37-80e0-4a1d-af2d-0795bbb9a9d2","adc7e6b2-97af-4341-8231-ab6fb0a36761","0.7690390710291203","0.7690393924713135","True"
"ca3394c0-81f0-4aa5-a2f4-73a9c3f7dbc8","ae01551b-7fa2-40d9-98c4-2204db6e75ea","0.9359671810034083","0.9359673261642456","True"
"26c1df25-1bb6-4768-a583-c0db51c0a3df","aed2fc06-cae0-46a1-bda3-a4203d128f28","0.7098387861802089","0.7098395824432373","True"
"0004b1f1-c90b-45c1-888c-081ddeb01769","af1555b5-cb32-4e27-9fae-e8941e3b221d","0.8356539672871357","0.8356543183326721","True"
"123605e4-10dc-40f1-a899-15f74c4b9fe3","af39302c-5404-468b-90fd-59e69316c02e","0.8499015256567153","0.8499026298522949","True"
"d88a3f83-c553-445a-b156-52d109bd0c7f","afc1bbb9-b017-44ac-9e62-1d3bc451a936","0.7607259492091015","0.7607263922691345","True"
"f8b59d99-83ab-4847-9513-6b4ae6a710c3","b0506b5d-1d1a-42d8-9d9e-92ed042eabc9","0.8067777667784324","0.8067783117294312","True"
"c16ce8ad-d3f9-4f86-8f72-5c89d34427f2","b07fafa4-64fd-4d3d-adbb-ce7044ec8a49","0.8699707064719078","0.8699711561203003","True"
"dfe90e6f-cb58-4ebe-b418-700b4324368a","b1087133-6270-4f5e-ae6c-5f815669a73d","0.899433504768871","0.8994336128234863","True"
"ef636974-ba49-4a4c-8631-a0d8237b7613","b37e7e0b-1b91-4744-af08-d5c467297b88","0.9180457351074973","0.9180467128753662","True"
"fbd31c73-22d1-463f-8bf1-be672ce3d1dc","b476470c-ae03-4c57-9302-240e651579ae","0.9002899334865816","0.9002910256385803","True"
"82cf29b7-f754-4479-b400-9fdee50147f2","b50aa214-e0b5-47e1-80ec-fab52db3ef0f","0.9365705123181409","0.9365711808204651","True"
"51c43e89-6c12-4d41-8577-816c7b497d69","b6ee6cc9-fb3b-4f67-9ebd-02924a0503f6","0.8972041089537294","0.8972045183181763","True"
"49488d02-62b7-4eba-85f7-ca7b01b16f2b","b758a0a7-0567-413f-a1a4-a7a421e9c4fa","0.8463869195264566","0.8463869094848633","False"
"78a9d8ae-d550-41fb-b189-32db64467459","b8f656ed-2548-48d9-a93b-748c9aeefcec","0.7549290481126348","0.7549295425415039","True"
"e505d3a3-1fde-4732-a187-67e340b7e9bf","b978afc6-ae02-4675-8fd1-4e86477bb1e9","0.8236074280259207","0.8236076831817627","False"
"a235f18a-d480-4ae8-ad2a-de088f381b35","b98d32cf-b2cf-41db-9bc9-ffba763980b7","0.922233662335073","0.922233521938324","False"
"98ec4272-71ef-4e05-a153-1c3c7128d896","badeb8dd-dc3c-4cd6-bca1-3538feccc331","0.7694109677123351","0.7694116234779358","True"
"d49f7772-dadb-42a9-90b8-c523cc33562b","bb1989b7-8c90-4d1a-a663-a893a1e79503","0.8652891874220494","0.8652899861335754","True"
"d32fc7da-a1c5-4ff5-873f-dd57fed8f724","bb5d397b-23a5-4a7c-9a58-5b81f46834d5","0.8553253679771673","0.8553253412246704","True"
"2b8ede02-a2eb-4fcd-8160-3d33473dbcea","bb72fe88-8f2d-4ccd-aa3e-4dfc93260102","0.9080518151239823","0.9080522060394287","True"
"aa4681c8-07db-40e9-80b8-09f3d929df94","bcde11f2-72de-49a3-b2c1-897ad17323c0","0.7697792732176677","0.7697795629501343","True"
"d7b64ae3-60ce-4343-8a32-4b0f1e156b92","bd01f19f-b2f4-4274-a6a9-a6b8358fc5e3","0.9238212758141443","0.9238216280937195","True"
"49bb084d-90a4-4b0a-b74f-cd5f0b43fbb3","be12d44e-a0f6-4162-abb7-200a1ee6b0b0","0.9487108337247316","0.9487115144729614","True"
"3f10a83a-81cc-4e37-858a-d7851b0fc716","c0d20395-2de9-4bac-9020-a040b10d48c4","0.8096873963808771","0.8096880316734314","True"
"401b284a-a3d0-4851-8e54-7e6eeeda6e30","c1d31fc6-e50f-4d02-84d9-99740474afcc","0.7712185899849047","0.7712186574935913","True"
"4eed8e77-a6a5-4bd0-ad11-ea5216d753dc","c201fe25-9778-486f-919c-d8f431a02344","0.8715742541757628","0.8715745806694031","False"
"7146be3f-484d-4f03-b7eb-a8189c3ff9d7","c2a67827-90ca-4226-99b4-76929bd89787","0.8611298815373042","0.8611305356025696","True"
"c50934c3-4629-45f9-8dfd-125a60cb48e4","c343b259-c334-4222-a5df-7e8ed83b3b0a","0.9139773883372659","0.913977861404419","False"
"fae596a8-19d6-4d77-9654-5c924dc5a4c7","c39ed2dc-81ad-4f18-8a76-6191cdb16829","0.846619374546346","0.8466190099716187","True"
"1d87d7eb-b944-4d30-82ef-b1b4c8fe3422","c4a7d296-e497-4e2d-b55a-94713bac6f9e","0.9026560577062541","0.9026564359664917","True"
"24d6099b-1b9a-4157-98d9-582abdcb69a7","c4af2be8-05b5-48f4-b38d-fc7f8af17f1b","0.7967420076754808","0.7967421412467957","True"
"d403fe4f-655b-4a37-8fdd-179032615b50","c53b550f-555c-49c2-b81d-c2c83ad1a260","0.8186347514662851","0.8186349868774414","True"
"5f627c04-076c-424c-b1b1-71be1c223291","c6467cd9-3d4f-4d0d-8933-86a190d2c598","0.9152307843853195","0.9152312278747559","True"
"d7e02554-4818-4626-9958-c3ccf4ddb3d3","c64d2304-47f8-4a7b-8893-b74f907d780a","0.8321226973377769","0.8321229219436646","True"
"c8451d00-1d66-4d52-8c53-dc827f2af98b","c66ab996-fdaa-443d-8f3c-6a3eaf58d67a","0.8663494180164009","0.8663496375083923","True"
"39f30a47-9121-4485-bea5-fb933b7233fc","c685d1fa-ada6-4563-8e04-3ed3c138680d","0.9415793498765969","0.941580057144165","True"
"83edbaeb-6b79-4e5d-bde4-1e0f100f63af","c7873125-4932-4174-af49-6362fd14c4a2","0.8643573734792824","0.8643577098846436","True"
"eaef369f-f94a-48c1-a6ce-5ebf581b3cb6","c7888359-c95a-4f29-9b16-557100427c7a","0.8638114008978883","0.863811731338501","True"
"47d561ae-193c-4c29-a994-f565c31dec93","c8357df0-466b-459c-b3fe-ebb6381f0cc6","0.8983785130787696","0.8983792066574097","True"
"12b1ba8c-2e0e-4bea-aa2c-e8a475c18095","c87925c6-0741-4003-bfb9-32c13ce48984","0.9143048767978764","0.9143054485321045","False"
"20d9deb3-75c4-42ce-83d6-68c8db32d2c4","c9f3b1e9-6bd3-419c-abdb-b1e8da439169","0.7944770469948046","0.794477105140686","True"
"3af3aa28-5910-426c-8a20-9213adb1e17b","cb1641c9-cbc8-4c20-8481-38b0bec7a35e","0.8678649742339197","0.8678654432296753","True"
"88777bd1-5a9b-4351-bb8c-d69417f8b368","cc8e4cf7-aeef-4782-99fd-119a8d1d33c1","0.9362661079806046","0.9362659454345703","True"
"a5f41eae-b244-47ba-8f33-4c9dea87da8f","cde57f64-3a9b-4e55-92d0-42c1145136b5","0.8573842721741367","0.8573848009109497","True"
"a5fdacb8-6381-49dd-bf41-c277257e08ed","d04c2035-2cf6-4c75-b849-0a93f88a7a04","0.8937779916709186","0.8937779068946838","True"
"c503a0d1-c99f-43db-841f-d7759ab16da6","d0555d99-0f08-4cdd-ad17-50521a573644","0.8491727372712593","0.8491734862327576","True"
"bb052db7-11a4-4616-9193-e0c7f9fa4fbe","d069a9a2-966d-49fb-bdab-9a5e83f6829b","0.853941195199808","0.8539415001869202","True"
"5cd82bfa-19c8-44de-a7c3-b12cd300302d","d0cb974d-a24b-4517-b328-6f8c4a4cb8d5","0.9545758596920864","0.954575777053833","False"
"0c352df7-2b04-458d-ad9f-0d55256674da","d336acaf-ec8a-46a8-8326-70657816c5f7","0.8981575741453803","0.89815753698349","False"
"287b0ec9-1aaa-408a-8793-8216cc0fcfc4","d387b261-7406-4713-bb77-67dee94510f0","0.792457431083103","0.7924574613571167","True"
"0d228d69-8750-47c1-847d-b94942d5769d","d3d38294-85af-4bdb-9a0d-09d6712d75af","0.8639584316569986","0.8639591336250305","True"
"201d7cb7-e957-40d1-984c-b3a8160116b8","d3f5ac42-d4ce-496c-ac87-4f6b40a5fb67","0.9533617752726589","0.9533624649047852","True"
"055d8b6e-2b3b-4d93-a28f-4bea7a3a72f0","d4f1fd75-75b5-4ff7-8d94-da9ddb362403","0.9078708652934893","0.9078718423843384","True"
"02dc9778-9a77-4a22-a8b1-883718cc7a23","d5bd7c4a-8002-4f10-8e59-4f1e319c95fe","0.9135159464287238","0.9135161638259888","False"
"3abfb09e-2531-42af-8767-92d9310b248d","d5c93b03-bfd0-4174-8133-a70932a2b2ff","0.8675169494413469","0.8675172328948975","True"
"897ed073-073a-4988-88ec-934acba213ab","d60ff2bc-3bee-489d-9972-66115e58352b","0.9210315393786721","0.9210317134857178","True"
"d96e0f28-061e-4f36-8a10-77343984e51d","d6ae676e-d76d-47c5-864e-e35658c8b1f0","0.8598484414018291","0.8598488569259644","True"
"76736c27-b0f3-4377-9e41-32c54004b9e9","d9a756fd-64ca-4102-8ac3-fd14f46b5632","0.8250759601958961","0.8250765800476074","True"
"8976792d-5abc-409e-80dd-32d0537ab90f","dbb53f04-c9c5-40ff-9ba2-c88359e3aa67","0.8289500553941721","0.8289507627487183","True"
"d4d0cb05-4836-415d-8913-5680d6076971","dcb8144b-f1e1-497e-99c2-86373d291e1a","0.8939582468924561","0.8939583897590637","True"
"6e71a73c-89cc-42ac-b540-e702ef5491f2","dcbf5839-90e4-46e0-971b-ac529ea6a00a","0.7876898409852267","0.7876906394958496","True"
"73de0ddc-2455-48b6-9df7-290325e6427d","dd393f30-35df-40e2-8f35-50644a560097","0.7651811348711289","0.7651814222335815","True"
"81f6d543-ecd1-463f-9949-9edb2aae5182","e0de42df-ed6d-40c5-9a06-711036f8cf78","0.9882380003837885","0.9882384538650513","True"
"6cafdf9c-33b3-4b62-a8de-863237506355","e1ae9242-d569-4fa6-9fbf-35a91468679c","0.8839872617736806","0.883987545967102","True"
"76f1e5cb-d856-41a5-be5c-308b88b9ef77","e2a201e6-0b59-42db-ad0f-1374de2e77b1","0.9192326477182009","0.9192329049110413","True"
"f912a029-fe0a-4809-ad9e-2c1c42fc0394","e3a2e879-7c70-4682-9e38-2a1d80438f66","0.8906317543766828","0.8906320333480835","True"
"27e19de5-75f8-4b9a-9c8d-ecfa9355d243","e419edf8-9e27-422e-9b87-c368588c3901","0.8386117309227245","0.8386119604110718","True"
"a4dee7c9-88d4-4d97-b61e-da2e2109222f","e4e0eff3-7c7d-4272-94af-dcdc2dfc7048","0.9296753005262733","0.9296761751174927","True"
"3336cd35-08fb-45ba-9e83-6274e3955bc5","e5f09fbf-1f1d-4f4f-a721-a45068ea7b32","0.8912720694318651","0.891272783279419","True"
"03612a57-c816-410c-b020-ee812f49b5e4","e667aadb-efc9-4cf5-b478-a9aa689372d8","0.8623162225714758","0.8623167276382446","True"
"c864dd2a-f8a6-411b-b797-c9d0f40537ad","e680a872-fa64-4913-a752-dd0002e118ac","0.8084468390426146","0.8084471225738525","True"
"c3ade757-c231-4045-9f94-48002d0ab2cb","e7712085-8add-4322-8e9d-f12ad0103a98","0.8909350591778428","0.8909348249435425","True"
"a4a176fd-b5ea-47fe-b08f-47bd229f9492","e77688b7-5155-424c-8135-08c63f1cd042","0.9187831974664975","0.91878342628479","True"
"1aab8a07-969e-41f9-a19b-718d21ee1ef4","e7f2f93a-7b31-4243-8247-4d9ea5630660","0.9178853075201976","0.9178856611251831","True"
"fedf7e28-f84c-444c-9052-0871d5fce7f9","eb068440-45a1-4e6c-b0fc-f713f6b8c6ed","0.7513232564592486","0.7513238191604614","True"
"a0e771a5-5369-42bb-941f-42315ec82296","eb39cc0d-e3f4-41a7-a500-289af7ebf337","0.8706374917959523","0.8706378936767578","True"
"f359642c-959a-426a-bae9-e4618654701e","ec3abeca-54a6-4546-9ef2-58a68889d08a","0.926953661497125","0.9269539713859558","True"
"9895defe-2ca2-455e-846c-8f8bb900fae6","edd40db6-ffa0-4ad0-9163-2cbfb3fe704a","0.8241497184240861","0.8241503238677979","False"
"6d49f138-df3a-46d6-b434-fe7a3bcb8df6","ee6126e7-0d4d-4d06-bb94-33af52f0eae7","0.8144401050052431","0.8144406080245972","True"
"7877c691-56bc-4482-913f-f0d44b10e63d","eec7dae6-8359-48bc-8ebf-3b6070455a66","0.7270386572729749","0.7270386219024658","True"
"97be675e-e394-42b8-aa3b-70eed709d95b","f0bb89db-9753-4624-a659-65328c0db721","0.9484307947955971","0.9484310746192932","True"
"6857c936-627a-4aec-8ca1-649a63b8dc9d","f13a44ab-643d-47af-940d-b0e388199038","0.8314229191145726","0.8314233422279358","True"
"bd421c9c-6a27-475b-81cd-11bb840baa44","f180cbc9-f497-45ea-8847-8bfac5128ccc","0.8697311153126628","0.8697306513786316","True"
"e1a2adc3-71e7-4f7e-841b-76bdec441df9","f1b2a917-9db9-46be-b455-77600fb56049","0.8018330233960389","0.8018333911895752","False"
"b4b23d99-ffc1-43be-849e-38f38b29fa99","f1dad011-a241-401e-9a3a-d853dbb698ae","0.7660768590878484","0.7660768032073975","True"
"4a0d0b78-817e-4f41-b8d7-c2110864f3cb","f39f69f8-3a87-4dc7-8afd-ef8374e28900","0.8747923274901566","0.8747926950454712","True"
"1e55f47a-6bfc-4160-9ad2-1ebf8a57eed1","f4361ff0-78aa-4f01-811a-c17f990d427d","0.8911342727710477","0.8911347389221191","True"
"f43545cd-e25e-46ee-a9cb-bfc228176c9c","f4558e48-60e6-48c1-8e00-04eabbffda05","0.8894448069886125","0.8894450664520264","False"
"21f3a427-f67e-490c-87a7-70c17f68eb31","f60acedd-3158-4cec-9708-b5f4da038d41","0.9253279700288974","0.9253281950950623","True"
"a87aba25-1d18-4e5c-88a4-2c2c111a034c","f803d1c8-4ffa-4879-b8ed-837048f7846f","0.8514509738502035","0.8514509201049805","True"
"171654d5-a887-42a5-a7fb-6e7c6e8c55db","f9f21214-66ad-407f-845b-8ab001fa3dc7","0.9328888437610253","0.9328894019126892","False"
"7b81a0b5-f32f-41f8-b4b1-5a4d7d56bbbb","fb9b92bb-2aba-4f39-a832-f2ded92f52f8","0.8289848202024926","0.8289855122566223","True"
"6b207812-54c0-4eb3-acd9-36d1ef6f7489","fcd731ae-d662-4872-a329-a7c55f5c8824","0.8560217161580163","0.8560215830802917","True"
"2c2963b8-3b27-438b-a539-9009260466b1","fd05ab52-0678-4f61-8fec-3a111700b8bd","0.8532303906692273","0.8532307744026184","True"
"f32b12ee-2d3c-4d70-a6c3-0eb021865d49","fd0e9d0c-bcc4-4681-b6e0-1d0461b669f3","0.8583275635040657","0.8583284616470337","True"
"4c438048-1994-4799-8234-0f57544fca61","fde4f7c8-4dd9-45d5-b80c-108fb44364c4","0.806867230870625","0.806867241859436","True"
"fc0e6c9b-43d1-4514-9703-99fdfa7417e5","fe4dcb18-8c78-47e3-885d-ba6fae5ff9c2","0.8637627812762193","0.8637629747390747","True"
"b4446bbb-adc0-4d31-8c61-bc7fa7d5f778","ff67bc54-3e7e-4900-b8d4-ed99bd2a07f3","0.8964485551734834","0.8964488506317139","True"
"5dc66e40-0353-4eec-8402-29bfc4654e8e","ff9d58cd-d823-4f8a-86cf-2556594ebfa0","0.839949893037451","0.8399503827095032","True"
