"case","row_type","direction","rank","sid","similarity","formality","kind","paper_title","decl_name_or_ref","slogan","body_short"
"0","gold_informal","","","99a1f063-83c2-4a9a-a030-2e7a1c3615d3","","informal","definition","Sphere Packing in Dimension 8","6.32","H2 is defined as theta2 raised to the fourth power, H3 is theta3 raised to the fourth power, and H4 is theta4 raised to the fourth power.","\uses{def:th00-th01-th10} Define \begin{equation} H_2 = \Theta_2^4, \quad H_3 = \Theta_3^4, \quad H_4 = \Theta_4^4. \end{equation}"
"0","gold_formal","","","d3a891e2-2af2-4393-b108-62ee132fc5d0","","formal","definition","sphere-packing-math-inc","H₄","H4 is a function that takes a complex number tau in the upper half-plane (where the imaginary part is positive) and returns a complex number. It is defined using a specific combination of theta funct…","H₄ (τ : UpperHalfPlane) : ℂ"
"0","topk_candidate","f2i","1","24b290a4-7d13-44e5-a33b-0c68d62420d6","0.7994","informal","theorem","Distribution of the Hessian values of Gaussian hypergeometric functions","3.1","The function H(tau), defined as a sum involving special terms and exponential functions, transforms in a specific way under certain modular operations and behaves like a harmonic Maass form of weight…","The function $$ \mathcal{H}(\tau)=-\frac{1}{12}+\sum\limits_{n=1}^\infty H^\ast(n)q_\tau^n+\frac{1}{8\pi\sqrt{y}}+\frac{1}{4\sqrt{\pi}}\sum\limits_{n=1}^\infty n\Gamma(-\frac{1}{2}; 4\pi n^2y)q_{\tau}^{-n^2}, $$ where $\tau=x+iy\in \mathbb…"
"0","topk_candidate","f2i","2","78ad3acc-bcda-4978-a332-f84d35104eea","0.7808","informal","theorem","Summation formulas for Hurwitz class numbers and other mock modular coefficients","6.1","The function H(tau), defined as a sum involving values H(n), a constant term, and a series with gamma functions and exponential terms, is a harmonic Maass form of weight 3/2 and level 4. It includes …","The function \begin{equation} \mathcal{H}(\tau) := - \frac{1}{12} + \sum_{n\geq 1}H(n)q^n + \frac{1}{8\pi \sqrt{v}} + \frac{1}{4\sqrt{\pi}}\sum_{n\geq 1} n \Gamma \left(- \frac{1}{2},4\pi n^2v \right)q^{-n^2} \end{equation} belongs to $H_{…"
"0","topk_candidate","f2i","3","efd07c99-3cf9-4db8-8c76-413807fe4434","0.7803","informal","definition","Mock Theta Functions","1.1","h is a complex-valued function defined by an integral involving exponential and hyperbolic cosine terms, depending on variables z and tau where tau is in the upper half-plane; this integral is known …","For $z\in\C$ and $\tau\in\Ha$ set \begin{equation*} h(z)=h(z;\tau):= \int_{\R} \frac{e^{\pi i\tau x^2 -2\pi zx}}{\cosh\pi x}\,dx. \end{equation*}"
"0","topk_candidate","f2i","4","187c40dc-5ba3-44bc-9730-5b71a666945d","0.7579","informal","theorem","A polyharmonic Maass form of depth 3/2 for SL_2(Z)","3","The function H(tau) is a special kind of complex-valued function on the upper half-plane that transforms in a specific way under the action of the modular group, has a particular growth condition, an…","The function \begin{multline} \bm H(\tau) = -i \, q^{\frac 1{24}} + \sum_{0<n\equiv 1(24)} \Tr_n(f) q^{\frac n{24}} + 12 \sum_{n\geq 1}\frac{\chi_{12}(n)}{n} h^*(n^2) q^{\frac{n^2}{24}} \\* + i \beta_{\frac 12}\left(\mfrac{-\pi y}{}\right)…"
"0","topk_candidate","f2i","5","a063c54a-fb0b-452a-9561-68abbed55220","0.7523","informal","definition","Double Eisenstein series and modular forms of level $4$","","A function called H-tilde is defined for certain integer parameters and takes values on the upper half of the complex plane, using a sum over ordered sequences of lattice points weighted by powers of…","For any integers $k_1,\dots,k_{r-1}\geq 2$ and $k_r\geq 3$, we define the function $\widetilde{H}_{k_1,\dots,k_r}$ on the upper half-plane $\mathbb{H}$ by \begin{equation*} \widetilde{H}_{k_1,\dots,k_r}(\tau) \coloneqq \frac{2^r}{(2\pi i)^…"
"0","topk_candidate","i2f","1","623b23f3-3370-446a-8d39-05e7dbae308d","0.6910","formal","theorem","Sphere-Packing-Lean","G_eq","G is equal to the cube of H2 multiplied by the sum of twice H2 squared, five times H2 times H4, and five times H4 squared, where all functions take a complex number in the upper half plane and return…","G_eq : G = H₂ ^ 3 * (2 • H₂ ^ 2 + 5 • H₂ * H₄ + 5 • H₄ ^ 2)"
"0","topk_candidate","i2f","2","3e90ba77-77ad-4f34-954b-f023a5b7a4d2","0.6875","formal","definition","sphere-packing-math-inc","SpherePacking.Dim24.Ineq2PsiSnum.H4CoeffFun","H4CoeffFun is a function that computes the coefficients of the fourth power of a special series called theta01CoeffFun, using convolution powers; it takes a natural number and returns an integer, rep…","SpherePacking.Dim24.Ineq2PsiSnum.H4CoeffFun : ℕ → ℤ"
"0","topk_candidate","i2f","3","d3a891e2-2af2-4393-b108-62ee132fc5d0","0.6828","formal","definition","sphere-packing-math-inc","H₄","H4 is a function that takes a complex number tau in the upper half-plane (where the imaginary part is positive) and returns a complex number. It is defined using a specific combination of theta funct…","H₄ (τ : UpperHalfPlane) : ℂ"
"0","topk_candidate","i2f","4","b0a503ac-0a44-4f39-99b2-58c4fc3ab2bd","0.6804","formal","definition","sphere-packing-math-inc","SpherePacking.Dim24.AppendixA.BleadingCoeffs.H₄Z","H₄Z takes a natural number M and returns a list of M+1 integers representing the coefficients of the r-series expansion of H₄, which is defined as the fourth power of the function θ₀₁, computed using…","SpherePacking.Dim24.AppendixA.BleadingCoeffs.H₄Z (M : ℕ) : List ℤ"
"0","topk_candidate","i2f","5","efdfef5d-9d1b-421a-a7d5-77b06fad7b29","0.6760","formal","theorem","sphere-packing-math-inc","SpherePacking.Dim24.Ineq2PsiSnum.powZ_fast_theta01_4","The theorem confirms that raising the list theta01Z_table to the fourth power using a fast exponentiation method produces the same result as the precomputed list H4Z_table, where both lists contain i…","SpherePacking.Dim24.Ineq2PsiSnum.powZ_fast_theta01_4 :   SpherePacking.Dim24.Ineq2PsiSnum.powZ_fast SpherePacking.Dim24.Ineq2PsiSnumTables.theta01Z_table 4 =     SpherePacking.Dim24.Ineq2PsiSnumTables.H4Z_table"
"1","gold_informal","","","c416e012-4e91-4508-805c-706fe2a599bf","","informal","lemma","Brownian motion project","2.1.29","If T is a linear order where every element has a successor, then the right continuation of the filtration F is the same as F itself.","\uses{def:rightLimitFiltration} \leanok \lean{MeasureTheory.Filtration.rightCont_eq_self} Assume that $T$ is a linear order with successor. This means that for any $t$, there is an element $succ(t) \ge t$ such that for any $u > t$, $u \ge …"
"1","gold_formal","","","7ca8cf33-df7c-4536-a76d-c2d46959d798","","formal","theorem","Mathlib_v427","MeasureTheory.Filtration.rightCont_eq_self","If the index type has a successor order, then the right-continuous version of a filtration is equal to the original filtration. This means that for such index types, no adjustment is needed to make t…","MeasureTheory.Filtration.rightCont_eq_self.{u_1, u_2} {Ω : Type u_1} {ι : Type u_2} {m : MeasurableSpace Ω}   [LinearOrder ι] [SuccOrder ι] (𝓕 : MeasureTheory.Filtration ι m) : 𝓕.rightCont = 𝓕"
"1","topk_candidate","f2i","1","dc19a613-38af-4992-908a-65341c7d2716","0.7857","informal","lemma","Brownian motion project","2.1.40","The right continuation of the filtration F is right-continuous.","\uses{def:rightLimitFiltration, def:rightContinuous} \mathlibok \lean{MeasureTheory.Filtration.instIsRightContinuousRightCont} The right continuation of $\mathcal{F}$ is right-continuous."
"1","topk_candidate","f2i","2","e77c08cd-7d74-4257-8752-577e6690a94d","0.7829","informal","lemma","Brownian motion project","2.1.26","The right continuation of a filtration F is itself a filtration. This means that extending the filtration to include its right-hand limits preserves the filtration property.","\uses{def:filtration, def:rightLimitFiltration} \leanok \lean{MeasureTheory.Filtration.rightCont} The right continuation of $\mathcal{F}$ is a filtration."
"1","topk_candidate","f2i","3","7d3288ac-2a7a-4a43-ae80-b930bcc7c8d2","0.7791","informal","lemma","Brownian motion project","2.1.35","The filtration F is a subset of its right continuous version. This means that F does not change when extended to be right continuous.","\uses{def:rightLimitFiltration} \leanok \lean{MeasureTheory.Filtration.le_rightCont} The filtration $\mathcal{F}$ is contained in its right continuation."
"1","topk_candidate","f2i","4","c416e012-4e91-4508-805c-706fe2a599bf","0.7749","informal","lemma","Brownian motion project","2.1.29","If T is a linear order where every element has a successor, then the right continuation of the filtration F is the same as F itself.","\uses{def:rightLimitFiltration} \leanok \lean{MeasureTheory.Filtration.rightCont_eq_self} Assume that $T$ is a linear order with successor. This means that for any $t$, there is an element $succ(t) \ge t$ such that for any $u > t$, $u \ge …"
"1","topk_candidate","f2i","5","3beaea23-115b-4362-9de7-d9f8fca40ebe","0.7736","informal","lemma","Minimizing the time to a decision","6.1","The filtration associated with a strategy is right-continuous, meaning that if an event belongs to the filtration at every time immediately after a given time, it also belongs at that time.","${\mathcal F}^\mathcal{C}$ is right continuous."
"1","topk_candidate","i2f","1","6e9f7367-8ac0-427d-bd5b-3e428244f9c5","0.6318","formal","theorem","formal-conjectures","Filter.cofinite_hasBasis_Ici","In a linearly ordered set with a minimum element, where every interval below any element is finite and every element has a successor, the cofinite filter consists of all sets that contain all element…","Filter.cofinite_hasBasis_Ici.{u_1} {α : Type u_1} [LinearOrder α] [LocallyFiniteOrder α] [OrderBot α] [SuccOrder α]   [NoMaxOrder α] : Filter.cofinite.HasBasis (fun x => True) fun x => Set.Ici x"
"1","topk_candidate","i2f","2","0865f866-160f-4b82-955d-8de74e7c4f02","0.6298","formal","class","brownian-motion","MeasureTheory.Filtration.HasUsualConditions","A filtration satisfies the usual conditions if it is right continuous and the sigma-algebra at time zero (and thus at every time) includes all null sets, meaning it is complete.","MeasureTheory.Filtration.HasUsualConditions.{u_1, u_2} {Ω : Type u_1} {ι : Type u_2} {m : MeasurableSpace Ω}   [PartialOrder ι] (𝓕 : MeasureTheory.Filtration ι m) (μ : MeasureTheory.Measure Ω := by volume_tac) : Prop"
"1","topk_candidate","i2f","3","b028c336-7f47-43a0-83f0-6efc7cc33b6b","0.6004","formal","theorem","HarderNarasimhan","HarderNarasimhan.impl.JHFil_anti_mono","If the value at step k in the filtration is not the smallest possible element, then the next value in the sequence is strictly smaller than the current one. This ensures the sequence decreases strict…","HarderNarasimhan.impl.JHFil_anti_mono.{u_1, u_2} {ℒ : Type u_1} [Nontrivial ℒ] [Lattice ℒ] [BoundedOrder ℒ]   [hacc : WellFoundedGT ℒ] {S : Type u_2} [CompleteLinearOrder S] (μ : { p // p.1 < p.2 } → S) (hμ : μ ⟨(⊥, ⊤), ⋯⟩ ≠ ⊤)   (hμsl : H…"
"1","topk_candidate","i2f","4","fd528b08-b958-4b20-966a-a76d3017d677","0.5974","formal","theorem","formal-conjectures","Filter.cofinite_eq_atTop","In a linearly ordered set with a least element, where every interval between two elements is finite, every element has a successor, and there is no maximum element, the collection of sets that contai…","Filter.cofinite_eq_atTop.{u_1} {α : Type u_1} [LinearOrder α] [LocallyFiniteOrder α] [OrderBot α] [SuccOrder α]   [NoMaxOrder α] : Filter.cofinite = Filter.atTop"
"1","topk_candidate","i2f","5","f2f4ff95-fd5a-4c89-8f2f-cbe3fdcb635b","0.5965","formal","definition","HarderNarasimhan","HarderNarasimhan.impl.HNlen","The length of the canonical filtration is the smallest natural number N such that the N-th term of the filtration reaches the top element (⊤) in the lattice. This number is determined by how many ste…","HarderNarasimhan.impl.HNlen.{u_1, u_2} {ℒ : Type u_1} [Nontrivial ℒ] [Lattice ℒ] [BoundedOrder ℒ] [WellFoundedGT ℒ]   {S : Type u_2} [CompleteLattice S] (μ : { p // p.1 < p.2 } → S) [hμ : HarderNarasimhan.μA_DescendingChainCondition μ]   […"
"2","gold_informal","","","76462ce7-771d-4ce3-9e1c-cd3e64749ba9","","informal","lemma","Toric varieties","2.3.17","If R is a commutative semiring, A is a Hopf algebra over R, and G is a group, then the group-like elements in the algebra A[G] generate the entire algebra as an A-module.","\uses{0-grp-like} If $R$ is a commutative semiring, $A$ is a Hopf algebra over $R$ and $G$ is a group, then the group-like elements in $A[G]$ span $A[G]$ as an $A$-module."
"2","gold_formal","","","edbd3338-a862-43ed-a385-360c08127778","","formal","theorem","toric","MonoidAlgebra.span_isGroupLikeElem","In a group algebra over a commutative semiring, every element can be expressed as a linear combination of elements that behave like group elements under the coalgebra structure—specifically, those th…","MonoidAlgebra.span_isGroupLikeElem.{u_1, u_3, u_4} {R : Type u_1} {A : Type u_3} {G : Type u_4} [CommSemiring R]   [Semiring A] [Bialgebra R A] [Group G] : Submodule.span A {a | IsGroupLikeElem R a} = ⊤"
"2","topk_candidate","f2i","1","d566350a-5d34-41cb-aac2-26b8f1ec3382","0.8006","informal","proposition","Properties of pointed and connected Hopf algebras of finite   Gelfand-Kirillov …","3.1","The group algebra of the free group generated by G(C) over a field k is equal to the algebra generated by the group-like elements of the coalgebra kG(C). This means the algebraic structure built from…","{T}}] $\mathcal{H}(kG(C))=k\langle G(C)\rangle$, where $\langle G(C)\rangle$ is the free group generated by the set $G(C)$."
"2","topk_candidate","f2i","2","d3ce2835-c23e-424a-bcf2-972f3faba054","0.7997","informal","lemma","Toric varieties","2.3.16","If R is a commutative semiring, A is a Hopf algebra over R, and G is a group, then each element in the image of G inside the group algebra A[G] satisfies the group-like property.","\uses{0-grp-like} If $R$ is a commutative semiring, $A$ is a Hopf algebra over $R$ and $G$ is a group, then every element of the image of $G$ in $A[G]$ is group-like."
"2","topk_candidate","f2i","3","0c348649-589c-4065-8c6a-d3f0d8236b98","0.7936","informal","definition","Toric varieties","2.3.13","An element a in a coalgebra A is called group-like if applying the counit to a gives 1 and the comultiplication of a equals a tensor a. The set of all such elements in A is denoted GrpLike A.","\uses{} An element $a$ of a coalgebra $A$ is \emph{group-like} if $\eta(a) = 1$ and $\Delta(a) = a \otimes a$, where $\eta$ is the counit and $\Delta$ is the comultiplication map. We write $\GrpLike A$ for the set of group-like elements of…"
"2","topk_candidate","f2i","4","691ba0a1-1527-436c-aafe-fb21857acbaf","0.7914","informal","definition","Action of Pontryagin dual of semilattices grading algebras","2.3","A group-like element in a coalgebra is an element that, when mapped by the comultiplication, gives the tensor product of the element with itself, and when mapped by the counit, gives 1. The set of al…","Let $(C,\Delta,\epsilon)$ be a $k$-coalgebra and $c\in C$. We say that $c$ is a group-like element if $\Delta(c) = c\otimes c$ and $\epsilon(c) = 1$. We shall denote by $G(C)$ the set of group-like elements of $C$."
"2","topk_candidate","f2i","5","76462ce7-771d-4ce3-9e1c-cd3e64749ba9","0.7911","informal","lemma","Toric varieties","2.3.17","If R is a commutative semiring, A is a Hopf algebra over R, and G is a group, then the group-like elements in the algebra A[G] generate the entire algebra as an A-module.","\uses{0-grp-like} If $R$ is a commutative semiring, $A$ is a Hopf algebra over $R$ and $G$ is a group, then the group-like elements in $A[G]$ span $A[G]$ as an $A$-module."
"2","topk_candidate","i2f","1","c0f31276-abd3-4a1c-83d4-f9d772362292","0.7923","formal","theorem","toric","AddMonoidAlgebra.isGroupLikeElem_of","For any element g of an additive group G, the algebra element corresponding to g in the additive monoid algebra over a bialgebra A with coefficients in a commutative semiring R is group-like, meaning…","AddMonoidAlgebra.isGroupLikeElem_of.{u_1, u_3, u_4} {R : Type u_1} {A : Type u_3} {G : Type u_4} [CommSemiring R]   [Semiring A] [Bialgebra R A] [AddGroup G] (g : G) : IsGroupLikeElem R ((AddMonoidAlgebra.of A G) g)"
"2","topk_candidate","i2f","2","edbd3338-a862-43ed-a385-360c08127778","0.7911","formal","theorem","toric","MonoidAlgebra.span_isGroupLikeElem","In a group algebra over a commutative semiring, every element can be expressed as a linear combination of elements that behave like group elements under the coalgebra structure—specifically, those th…","MonoidAlgebra.span_isGroupLikeElem.{u_1, u_3, u_4} {R : Type u_1} {A : Type u_3} {G : Type u_4} [CommSemiring R]   [Semiring A] [Bialgebra R A] [Group G] : Submodule.span A {a | IsGroupLikeElem R a} = ⊤"
"2","topk_candidate","i2f","3","5c72f1a5-5500-4af6-846f-2785e79c4f67","0.7903","formal","theorem","toric","AddMonoidAlgebra.span_isGroupLikeElem","In a group algebra over a commutative semiring, every element can be expressed as a linear combination of elements that behave like group elements under the coalgebra structure—specifically, those th…","AddMonoidAlgebra.span_isGroupLikeElem.{u_1, u_3, u_4} {R : Type u_1} {A : Type u_3} {G : Type u_4} [CommSemiring R]   [Semiring A] [Bialgebra R A] [AddGroup G] : Submodule.span A {a | IsGroupLikeElem R a} = ⊤"
"2","topk_candidate","i2f","4","377745f1-6bcc-4b5f-aead-3bfe4a63dde3","0.7826","formal","theorem","toric","commGrpAlg_obj","For a commutative ring R and a commutative group G, the group algebra of G over R is constructed as the monoid algebra of G with coefficients in R, equipped with its natural commutative ring and Hopf…","commGrpAlg_obj.{u_1, u_2} (R : Type u_1) [CommRing R] (G : CommGrpCat) :   (commGrpAlg R).obj G =     { X := MonoidAlgebra R ↑G, commRing := MonoidAlgebra.commRing, hopfAlgebra := MonoidAlgebra.instHopfAlgebra }"
"2","topk_candidate","i2f","5","6ebb1ed7-2ec7-40f2-9f37-4dd26d88553d","0.7790","formal","theorem","toric","MonoidAlgebra.isGroupLikeElem_of","For any element g of a group G and a commutative semiring R, the image of g under the map from G into the monoid algebra of G over a bialgebra A is a group-like element; this means it is sent to 1 by…","MonoidAlgebra.isGroupLikeElem_of.{u_1, u_3, u_4} {R : Type u_1} {A : Type u_3} {G : Type u_4} [CommSemiring R]   [Semiring A] [Bialgebra R A] [Group G] (g : G) : IsGroupLikeElem R ((MonoidAlgebra.of A G) g)"
"3","gold_informal","","","3246a8a9-6ab8-4e25-880f-fc854f75501d","","informal","definition","Gibbs Measures","1.8","A conditional expectation kernel for a measure mu is a function that gives the probability of an event A given a sub-sigma-algebra B, matching the conditional probability of A given B almost everywhe…","\uses{def:kernel} {} Let $\mu\in\mathfrak{M}(X,\mathcal X)$. Then, $\pi\in\text{Ker}_{\mathcal B,\mathcal X}$ is a \textbf{conditional expectation kernel for $\mu$} if $\mu(A\mid \mathcal B)=\pi(A\mid\cdot)$ $\mu$-a.e."
"3","gold_formal","","","97538a71-844c-4959-be5f-7bc2e964504d","","formal","class","gibbs-measure","ProbabilityTheory.Kernel.IsCondExp","A kernel π is a conditional expectation with respect to a measure μ if it assigns to each point in a measurable space a new measure such that integrating against π gives the conditional average of me…","ProbabilityTheory.Kernel.IsCondExp.{u_1} {X : Type u_1} {𝓑 𝓧 : MeasurableSpace X} (π : ProbabilityTheory.Kernel X X)   (μ : MeasureTheory.Measure X) : Prop"
"3","topk_candidate","f2i","1","ac798dfe-8910-483f-bb7c-a838e181b761","0.8811","informal","lemma","Gibbs Measures","1.11","A kernel pi is a conditional expectation kernel for a finite measure mu if and only if applying pi to mu leaves mu unchanged, meaning the measure after transformation equals the original measure. Thi…","\uses{def:cond-exp-ker} Let $\mu\in\mathfrak{M}(X,\mathcal X)$ be a finite measure and let $\pi\in\text{Ker}_{\mathcal B,\mathcal X}$ be a proper kernel. Then, $$\pi \text{ is a conditional expectation kernel for }\mu \iff \mu\pi = \mu$$"
"3","topk_candidate","f2i","2","554a33b1-a9dc-4a6a-83b8-f33a36232063","0.8530","informal","lemma","Gibbs Measures","1.10","If a kernel pi is a conditional expectation kernel for a measure mu, then the conditional expectation of any bounded measurable function f given a sigma-algebra B equals the integral of f with respec…","\uses{def:cond-exp-ker, def:proper-ker} If $\pi \in \text{Ker}_{\mathcal B, \mathcal X}$ is a conditional expectation kernel for $\mu$, then $$\mu(f\mid \mathcal B) = \int f(x)\ \pi(\partial x\mid\cdot)\ \mu\text{-a.e.}$$ for all bounded $…"
"3","topk_candidate","f2i","3","1508e9b5-03cb-41c2-bc6f-06f933f23f37","0.8418","informal","lemma","Gibbs Measures","1.9","If a kernel pi is a conditional expectation kernel for a measure mu, then the conditional expectation of any non-negative measurable function f given a sigma-algebra B equals the integral of f with r…","\uses{def:cond-exp-ker, def:proper-ker} If $\pi \in \text{Ker}_{\mathcal B, \mathcal X}$ is a conditional expectation kernel for $\mu$, then \[\mu[f\mid \mathcal B] = \int f(x)\ \pi(\partial x\mid\cdot)\ \mu\text{-a.e.}\] for all $\mathcal…"
"3","topk_candidate","f2i","4","3246a8a9-6ab8-4e25-880f-fc854f75501d","0.8147","informal","definition","Gibbs Measures","1.8","A conditional expectation kernel for a measure mu is a function that gives the probability of an event A given a sub-sigma-algebra B, matching the conditional probability of A given B almost everywhe…","\uses{def:kernel} {} Let $\mu\in\mathfrak{M}(X,\mathcal X)$. Then, $\pi\in\text{Ker}_{\mathcal B,\mathcal X}$ is a \textbf{conditional expectation kernel for $\mu$} if $\mu(A\mid \mathcal B)=\pi(A\mid\cdot)$ $\mu$-a.e."
"3","topk_candidate","f2i","5","0ab3597e-cadd-4f9d-abee-e294dce8c272","0.8123","informal","definition","Some properties of path measures","4.7","A regular conditional probability kernel is a function that assigns, for almost every point, a probability measure to outcomes, and it correctly computes conditional expectations by integrating funct…","The kernel $R(\cdot\mid\mathcal{A})$ is a regular conditional probability if \begin{enumerate}[(a)] \item for any $f\in L^1(R),$ $E_R(f\mid\mathcal{A})(\eta)=\IO f\,R(d\omega\mid\mathcal{A})(\eta)$ for $R_\mathcal{A}$-almost every $\eta;$ …"
"3","topk_candidate","i2f","1","90113778-cf90-4a8c-aedf-7939f180dfe0","0.8442","formal","theorem","gibbs-measure","ProbabilityTheory.Kernel.isCondExp_iff","A kernel π is the conditional expectation of a measure μ with respect to a sub-sigma-algebra 𝓑 if and only if, for every measurable set A, the conditional expectation of the indicator function of A g…","ProbabilityTheory.Kernel.isCondExp_iff.{u_1} {X : Type u_1} {𝓑 𝓧 : MeasurableSpace X} (π : ProbabilityTheory.Kernel X X)   (μ : MeasureTheory.Measure X) :   π.IsCondExp μ ↔ ∀ ⦃A : Set X⦄, MeasurableSet A → μ[A.indicator 1 | 𝓑] =ᵐ[μ] fun a …"
"3","topk_candidate","i2f","2","fe872253-1434-4e9a-8ea0-93f3d1538f72","0.8322","formal","theorem","gibbs-measure","ProbabilityTheory.Kernel.condExp_ae_eq_integral_kernel","The conditional expectation of a function f with respect to a measure μ and a sigma-algebra is almost everywhere equal to the integral of f with respect to a kernel π, when the kernel satisfies certa…","ProbabilityTheory.Kernel.condExp_ae_eq_integral_kernel.{u_1} {X : Type u_1} {𝓑 𝓧 : MeasurableSpace X}   {π : ProbabilityTheory.Kernel X X} {μ : MeasureTheory.Measure X} [π.IsCondExp μ] [MeasureTheory.IsFiniteMeasure μ]   [ProbabilityTheory…"
"3","topk_candidate","i2f","3","97538a71-844c-4959-be5f-7bc2e964504d","0.8147","formal","class","gibbs-measure","ProbabilityTheory.Kernel.IsCondExp","A kernel π is a conditional expectation with respect to a measure μ if it assigns to each point in a measurable space a new measure such that integrating against π gives the conditional average of me…","ProbabilityTheory.Kernel.IsCondExp.{u_1} {X : Type u_1} {𝓑 𝓧 : MeasurableSpace X} (π : ProbabilityTheory.Kernel X X)   (μ : MeasureTheory.Measure X) : Prop"
"3","topk_candidate","i2f","4","78f2bf2f-2d9b-4f01-943d-4230e25f9bd1","0.8042","formal","theorem","gibbs-measure","ProbabilityTheory.Kernel.condExp_ae_eq_kernel_apply","If a kernel π represents the conditional expectation of bounded measurable functions almost everywhere with respect to a measure μ, then the conditional expectation of the indicator function of a mea…","ProbabilityTheory.Kernel.condExp_ae_eq_kernel_apply.{u_1} {X : Type u_1} {𝓑 𝓧 : MeasurableSpace X}   {π : ProbabilityTheory.Kernel X X} {μ : MeasureTheory.Measure X}   (h : ∀ (f : X → ℝ), Bornology.IsBounded (Set.range f) → Measurable f → …"
"3","topk_candidate","i2f","5","0243abb5-637f-4b3d-ae50-1c839097a81a","0.7810","formal","theorem","gibbs-measure","ProbabilityTheory.Kernel.isCondExp_iff_bind_eq_left","A kernel π is a conditional expectation with respect to a measure μ if and only if the measure obtained by integrating π against μ equals μ itself, assuming π is proper and the underlying sigma-algeb…","ProbabilityTheory.Kernel.isCondExp_iff_bind_eq_left.{u_1} {X : Type u_1} {𝓑 𝓧 : MeasurableSpace X}   {π : ProbabilityTheory.Kernel X X} {μ : MeasureTheory.Measure X} (hπ : π.IsProper) (h𝓑𝓧 : 𝓑 ≤ 𝓧)   [MeasureTheory.IsFiniteMeasure μ] : π.I…"
"4","gold_informal","","","71bc4982-0213-4385-b977-3993c73948df","","informal","definition","Sphere Packing in Dimension 8","3.1","The E8 lattice is a special arrangement of points in 8-dimensional space where each coordinate is either an integer or a half-integer, and the sum of all coordinates is an even number.","{($E_8$-lattice, Definition 1)} We define the \emph{$E_8$-lattice} (as a subset of $\mathbb{R}^8$) to be $$\Lambda_8=\{(x_i)\in\mathbb{Z}^8\cup(\mathbb{Z}+\textstyle\frac12\displaystyle )^8|\;\sum_{i=1}^8x_i\equiv 0\;(\mathrm{mod\;2})\}.$$"
"4","gold_formal","","","6156c9ef-d306-406a-871e-e2e71c526e94","","formal","definition","sphere-packing-math-inc","Submodule.E8","Submodule.E8 defines a specific subset of 8-dimensional vectors with integer coordinates, where each vector's components are in a field R (with 2 not equal to zero), and the subset is closed under ad…","Submodule.E8.{u_2} (R : Type u_2) [Field R] [NeZero 2] : Submodule ℤ (Fin 8 → R)"
"4","topk_candidate","f2i","1","10269e03-fdf8-4118-8f29-7de5feae6251","0.7686","informal","lemma","Vertex operator superalgebra/sigma model correspondences: The four-torus   case","5","The eight-dimensional lattice made of vectors (a|b) scaled by 1 over square root of 2, with integer entries a i and b i, even sum of b components, and all a i minus b i congruent modulo 2, is equival…","The eight-dimensional lattice defined by \begin{equation} \Gamma^8_{\text{w-m}}=\left\lbrace \frac{1}{\sqrt{2}}(a|b)~|~a_i,b_i\in\mathbb{Z},~\sum_{i=1}^4 b_i\in 2\mathbb{Z},~ a_i-b_i\equiv a_j-b_j\mod2~~\forall~~i,j\in\lbrace1,2,3,4\rbrace…"
"4","topk_candidate","f2i","2","b70f3946-65f2-4681-a2a6-9d1686e296c1","0.7581","informal","notation","Diagonal lattices and rootless $EE_8$ pairs","4.14","The lattice E8 is generated by eight specified vectors and four additional half-integer combinations, ensuring its structure is closed under integer linear combinations.","Let $\{\alpha_1, \alpha_2, \alpha_3,\alpha_4\}\subset J$ such that $h(\alpha_1)=\alpha_2, h(\alpha_2)=-\alpha_1, h(\alpha_3)=\alpha_4, h(\alpha_4)=-\alpha_3$ (cf. Lemma \refpp{order4h}). Let $\{\alpha_5, \alpha_6, \alpha_7, \alpha_8\}\subs…"
"4","topk_candidate","f2i","3","71bc4982-0213-4385-b977-3993c73948df","0.7448","informal","definition","Sphere Packing in Dimension 8","3.1","The E8 lattice is a special arrangement of points in 8-dimensional space where each coordinate is either an integer or a half-integer, and the sum of all coordinates is an even number.","{($E_8$-lattice, Definition 1)} We define the \emph{$E_8$-lattice} (as a subset of $\mathbb{R}^8$) to be $$\Lambda_8=\{(x_i)\in\mathbb{Z}^8\cup(\mathbb{Z}+\textstyle\frac12\displaystyle )^8|\;\sum_{i=1}^8x_i\equiv 0\;(\mathrm{mod\;2})\}.$$"
"4","topk_candidate","f2i","4","b749ecaa-2a90-449e-8d4a-538f3bdda3d5","0.7435","informal","definition","More basic hypergeometric limits of the elliptic hypergeometric beta   integral","9.1","The set R(E8) consists of all vectors in 8-dimensional space with integer or half-integer entries, squared length 2, and integer dot product with the vector (1/2,1/2,1/2,1/2,1/2,1/2,1/2,1/2). The set…","Let $e_r$ denote the $r$'th standard unit vector in $\mathbb{R}^8$ and set \[ \rho = \frac12 \sum_{r=1}^8 e_r = (\frac12,\frac12,\frac12,\frac12,\frac12,\frac12,\frac12,\frac12) \in \mathbb{R}^8. \] The root systems of type $E_8$, $E_7$ an…"
"4","topk_candidate","f2i","5","02d7f1f6-a0e9-49c8-8038-295b37059686","0.7409","informal","definition","Dense generic well-rounded lattices","6","Gamma 8 is the set of all 8-dimensional vectors where each component is either an integer or a half-integer, and the sum of the components is an even integer. Gamma 8 prime is the union of two sets: …","Define \begin{align} \Gamma_8&:=\left\{\B{x}\in\Z^8\cup\left(\Z+\frac{1}{2}\right)^8:\sum_{i=1}^8 x_i\in2\Z\right\}\mathbf{x}\in\mathbb{Z}^8\cup\left(\mathbb{Z}+\frac{1}{2}\right)^8:\sum_{i=1}^8 x_i\in2\mathbb{Z}}, \\ \Gamma_8'&:=\left\{\B…"
"4","topk_candidate","i2f","1","4414de44-e069-48ef-934c-6ad930a4cc19","0.9013","formal","theorem","Sphere-Packing-Lean","E8Packing_lattice","The E8 lattice is a special arrangement of points in 8-dimensional space with integer or half-integer coordinates that meet specific symmetry and sum conditions, and this arrangement is the same as t…","E8Packing_lattice : E8Packing.lattice = E8Lattice"
"4","topk_candidate","i2f","2","43dc9fd7-2fcc-4ff0-b167-2e9dfaf5e152","0.8819","formal","definition","sphere-packing-math-inc","E8Lattice","The E8Lattice is a special set of points in 8-dimensional real space, where each point has integer coordinates or half-integer coordinates that satisfy certain symmetry and sum conditions, and this s…","E8Lattice : Submodule ℤ (EuclideanSpace ℝ (Fin 8))"
"4","topk_candidate","i2f","3","17bf2a90-8a9b-496c-ba9a-a8de2b7054d3","0.8663","formal","theorem","Sphere-Packing-Lean","Submodule.E8_eq_sup","The E8 lattice over a field R of characteristic zero is equal to the sum of the even integer lattice in 8 dimensions and the set of all integer multiples of the function that maps every coordinate to…","Submodule.E8_eq_sup.{u_2} (R : Type u_2) [Field R] [CharZero R] :   Submodule.E8 R = Submodule.evenLattice R 8 ⊔ ℤ ∙ fun x => 2⁻¹"
"4","topk_candidate","i2f","4","6f123c7c-fd5a-4698-8a3c-b3cef7697da4","0.8411","formal","theorem","Sphere-Packing-Lean","span_E8Matrix_eq_E8Lattice","The integer linear combinations of the rows of the E8 matrix, when mapped into 8-dimensional real space, form exactly the E8 lattice. This means every point in the E8 lattice can be written as a sum …","span_E8Matrix_eq_E8Lattice :   Submodule.span ℤ (Set.range fun i => (WithLp.linearEquiv 2 ℤ (Fin 8 → ℝ)).symm ((E8Matrix ℝ).row i)) = E8Lattice"
"4","topk_candidate","i2f","5","dd45894c-11f7-433c-a4cf-e4a6c0e3e89e","0.8388","formal","instance","sphere-packing-math-inc","instIsZLatticeE8Lattice","The E8Lattice is a discrete subgroup of 8-dimensional real space made up of points with integer or half-integer coordinates that meet specific symmetry and sum conditions, and it is closed under addi…","instIsZLatticeE8Lattice : IsZLattice ℝ E8Lattice"
"5","gold_informal","","","43668ce4-f6a6-4d67-bc56-153c19bb3de3","","informal","definition","Sphere Packing in Dimension 8","7.3","a(x) is defined as a complex-valued function on 8-dimensional real space, where the value depends on the squared length of x, and is computed by summing six specific complex integrals that involve a …","\uses{def:phi4-phi2-phi0} Define $a_{\mathrm{rad}} : \mathbb{R} \to \mathbb{C}$ by \begin{align} a_\mathrm{rad}(r) := I_1(r) + I_2(r) + I_3(r) + I_4(r) + I_5(r) + I_6(r) \end{align} where \begin{align} I_1(r) &:= \int_{-1}^{-1 + i} \phi_0 …"
"5","gold_formal","","","917fb9b4-6703-4995-9461-cdced8d793ba","","formal","definition","sphere-packing-math-inc","MagicFunction.a.RadialFunctions.a","MagicFunction.a.RadialFunctions.a is a function that takes a point in 8-dimensional real Euclidean space, represented as a vector indexed by the numbers 0 through 7, and returns a complex number. It …","MagicFunction.a.RadialFunctions.a : EuclideanSpace ℝ (Fin 8) → ℂ"
"5","topk_candidate","f2i","1","ab251f97-d8b5-40d0-9a8e-1ccae7a8f682","0.7382","informal","definition","Meshfree Approximation for Stochastic Optimal Control Problems","4.2","A radial function on d-dimensional real space depends only on the distance from the origin, not on the direction. It can be expressed as a function of the Euclidean norm of the input vector. Specific…","A function $\Psi(\mathbb{R}^d) \rightarrow \mathbb{R}$ is called radial if there exists a univariate function $\psi: \mathbb{R} \rightarrow \mathbb{R} $ such that \begin{equation} \Psi(x) = \psi(r), \ \ ||x|| =r \end{equation} where $||\cd…"
"5","topk_candidate","f2i","2","c21eeec5-df6d-4533-9767-4b6799316eff","0.7289","informal","definition","Numerical solution using radial basis functions for multidimensional   fraction…","3.1","A function from d-dimensional real space to the real numbers is called radial if its value at any point depends only on the distance of that point from the origin, using any vector norm, typically th…","Let $\Phi:\nset{R}^d \to \nset{R}$ be a function. Then, $\Phi$ is called radial, if there exists a function $\phi:\nset{R}_{\geq 0}\to \nset{R}$, such that \begin{eqnarray*} \Phi(x)=\phi(\norm{x}), \end{eqnarray*} where $\norm{ \ \cdot \ }…"
"5","topk_candidate","f2i","3","385fd177-d375-4ed3-9c6e-986625388ee0","0.7222","informal","definition","Dunkl completely monotonic functions","2","A function from d-dimensional real space to the real numbers is called radial if its value at any point depends only on the distance from that point to the origin. This means the function is constant…","A function $\Phi:\mathbb{R}^{d}\longrightarrow\mathbb{R}$ is said to be radial if there exists a function $\varphi:[0,\infty[\longrightarrow\mathbb{R}$ such that $\Phi(x)=\varphi\left(\parallel x\parallel\right)$ for all $x\in\mathbb{R}^{d…"
"5","topk_candidate","i2f","1","518b1b43-ef48-4ab6-99ec-d5dd142539fd","0.7636","formal","theorem","sphere-packing-math-inc","MagicFunction.a.RadialFunctions.a_eq","The value of the function a at any point in 8-dimensional real Euclidean space is equal to the sum of six other functions I1, I2, I3, I4, I5, and I6 evaluated at that same point, where each function …","MagicFunction.a.RadialFunctions.a_eq (x : EuclideanSpace ℝ (Fin 8)) :   MagicFunction.a.RadialFunctions.a x =     MagicFunction.a.RadialFunctions.I₁ x + MagicFunction.a.RadialFunctions.I₂ x + MagicFunction.a.RadialFunctions.I₃ x +         …"
"5","topk_candidate","i2f","2","a6373825-7eb3-43c0-ba44-621c4003a05c","0.7479","formal","definition","sphere-packing-math-inc","SpherePacking.Dim24.RealIntegrals.a'","The function a' takes a real number u and returns a complex number obtained by adding together six specific contour integral functions I₁' through I₆', each of which maps real inputs to complex outpu…","SpherePacking.Dim24.RealIntegrals.a' (u : ℝ) : ℂ"
"5","topk_candidate","i2f","3","23289848-0183-450d-b614-329d4593319e","0.7327","formal","definition","sphere-packing-math-inc","MagicFunction.a.RealIntegrals.a'","a_prime is a function that takes a real number and returns a complex number, defined as the sum of six other functions (I1_prime through I6_prime), each of which involves integrals of certain complex…","MagicFunction.a.RealIntegrals.a' : ℝ → ℂ"
"5","topk_candidate","i2f","4","d332ba4a-74fb-434a-852a-5245e1243f60","0.7259","formal","theorem","sphere-packing-math-inc","MagicFunction.FourierEigenfunctions.a_eq_sum_integrals_RadialFunctions","The function a, which is a smooth and rapidly decaying function on 8-dimensional real space and invariant under the Fourier transform, can be expressed as the sum of six specific integral terms deriv…","MagicFunction.FourierEigenfunctions.a_eq_sum_integrals_RadialFunctions :   ⇑MagicFunction.FourierEigenfunctions.a =     MagicFunction.a.RadialFunctions.I₁ + MagicFunction.a.RadialFunctions.I₂ + MagicFunction.a.RadialFunctions.I₃ +         …"
"5","topk_candidate","i2f","5","917fb9b4-6703-4995-9461-cdced8d793ba","0.7020","formal","definition","sphere-packing-math-inc","MagicFunction.a.RadialFunctions.a","MagicFunction.a.RadialFunctions.a is a function that takes a point in 8-dimensional real Euclidean space, represented as a vector indexed by the numbers 0 through 7, and returns a complex number. It …","MagicFunction.a.RadialFunctions.a : EuclideanSpace ℝ (Fin 8) → ℂ"
"6","gold_informal","","","a69dafc2-9108-4dd2-8a68-38a45ddb1af1","","informal","definition","The Polynomial Freiman-Ruzsa Conjecture","2.25","The conditional mutual information of X and Y given Z is the average, over all values z of Z, of the mutual information between X and Y when Z is fixed at z, weighted by the probability that Z equals…","\uses{information-def,condition-event-def} If $X,Y,Z$ are random variables, with $Z$ $U$-valued, then $$ \mathbb{I}[X:Y|Z] := \sum_{z \in U} P[Z=z] \mathbb{I}[(X|Z=z): (Y|Z=z)].$$"
"6","gold_formal","","","a8c5672a-c536-4cac-8f53-d80bc9dbde24","","formal","definition","pfr","ProbabilityTheory.condMutualInfo","The conditional mutual information I[X : Y | Z] measures how much knowing the value of X reduces uncertainty about Y, given that the value of Z is already known, by averaging the mutual information o…","ProbabilityTheory.condMutualInfo.{u_1, u_2, u_3, u_4} {Ω : Type u_1} {S : Type u_2} {T : Type u_3} {U : Type u_4}   [mΩ : MeasurableSpace Ω] [MeasurableSpace S] [MeasurableSpace U] [MeasurableSpace T] (X : Ω → S) (Y : Ω → T)   (Z : Ω → U) …"
"6","topk_candidate","f2i","1","39728b33-139d-4b6e-8a5f-1c0463b0185c","0.9398","informal","definition","Information Theoretic Analysis of PUF-Based Tamper Protection","","The conditional mutual information I(X;Y|Z) measures how much knowing Y reduces uncertainty about X when Z is known, averaged over all possible values of Z. It is calculated as a weighted sum or inte…","The mutual information $I(X;Y|Z=c)$ between two random variables $X$ and $Y$ conditioned on a discrete random variable $Z$ taking the value $c$ is defined by \begin{equation} I(X;Y|Z=c) \vcentcolon= H(X|Z=c) - H(X|Y,Z=c) \end{equation} if …"
"6","topk_candidate","f2i","2","788f2d14-42f5-45d7-b4cc-c70f47088c54","0.9349","informal","definition","On the Round Complexity of the Shuffle Model","6.10","The conditional mutual information of X and Y given Z is the average amount of information that X and Y share, after accounting for what is already known from Z. It measures how much knowing Y reduce…","Let $X,Y,Z$ be three random variables. The {\em conditional mutual information} of $X$ and $Y$ given $Z=z$ is $$ I(X;Y|Z=z) = H(X|Z=z) - H(X|Y,Z=z) $$ The {\em conditional mutual information} of $X$ and $Y$ given $Z$ is $$I(X;Y|Z)=\E_{Z}\B…"
"6","topk_candidate","f2i","3","afbb6294-2d1e-4a41-bb41-019a68fd0a0e","0.9127","informal","definition","Generalization in VAE and Diffusion Models: A Unified Information-Theoretic Ana…","9.6","Conditional mutual information measures the average amount of information that two random variables X and Y share, after accounting for the knowledge of a third random variable Z. It is calculated by…","Let $X$, $Y$ and $Z$ be arbitrary random variables, The disintegrated mutual information between $X$ and $Y$ given $Z$ is defined as: \begin{equation*} I^{Z}(X;Y)\stackrel{\text{def}}{=} \mathbb{D}_{\mathrm{KL}}(P_{X,Y|Z}||P_{X|Z}P_{Y|Z})\…"
"6","topk_candidate","f2i","4","6616d8df-d980-48d2-a715-6eba9260b373","0.9106","informal","definition","Quantitative Information Flow - Verification Hardness and Possibilities","2.3","The conditional mutual information of X and Y given Z measures how much knowing Y reduces uncertainty about X, after accounting for what is already known from Z, and it can also be viewed as the redu…","Let $X, Y$ and $Z$ be random variables and $\mu$ be an associated probability distribution.\footnote{We abbreviate sample spaces of random variables when they are clear from the context.} Then, the conditional mutual information of $X$ and…"
"6","topk_candidate","f2i","5","700b0204-23ba-4ad5-80bf-e0e3fef36cd2","0.9046","informal","definition","Competitive analysis of the top-K ranking problem","9.5","The conditional mutual information between X and Y given Z measures how much knowing Y reduces uncertainty about X when Z is already known, and it is calculated as the difference between the conditio…","The \emph{conditional mutual information} between $X$ and $Y$ given $Z$ is defined as $I(X;Y|Z) = H(X|Z) - H(X|YZ) = H(Y|Z) - H(Y|XZ)$."
"6","topk_candidate","i2f","1","e0e6926a-8f86-428c-a22c-c36f7ef456ce","0.9179","formal","theorem","pfr","ProbabilityTheory.condMutualInfo_eq_integral_mutualInfo","The conditional mutual information between two random variables X and Y given a third variable Z is equal to the average of the mutual information between X and Y over each possible value of Z, where…","ProbabilityTheory.condMutualInfo_eq_integral_mutualInfo.{u_1, u_2, u_3, u_4} {Ω : Type u_1} {S : Type u_2}   {T : Type u_3} {U : Type u_4} [mΩ : MeasurableSpace Ω] [MeasurableSpace S] [MeasurableSpace U] {X : Ω → S} {Y : Ω → T}   {Z : Ω → …"
"6","topk_candidate","i2f","2","1be43902-ba69-46ff-9593-7a7157a4542c","0.9035","formal","theorem","pfr","ProbabilityTheory.condMutualInfo_def","The conditional mutual information between two random variables X and Y given a third variable Z is defined as the average over all values z of Z of the sum of the entropies of X and Y given Z=z, min…","ProbabilityTheory.condMutualInfo_def.{u_1, u_2, u_3, u_4} {Ω : Type u_1} {S : Type u_2} {T : Type u_3} {U : Type u_4}   [mΩ : MeasurableSpace Ω] [MeasurableSpace S] [MeasurableSpace U] [MeasurableSpace T] (X : Ω → S) (Y : Ω → T)   (Z : Ω →…"
"6","topk_candidate","i2f","3","a8c5672a-c536-4cac-8f53-d80bc9dbde24","0.8810","formal","definition","pfr","ProbabilityTheory.condMutualInfo","The conditional mutual information I[X : Y | Z] measures how much knowing the value of X reduces uncertainty about Y, given that the value of Z is already known, by averaging the mutual information o…","ProbabilityTheory.condMutualInfo.{u_1, u_2, u_3, u_4} {Ω : Type u_1} {S : Type u_2} {T : Type u_3} {U : Type u_4}   [mΩ : MeasurableSpace Ω] [MeasurableSpace S] [MeasurableSpace U] [MeasurableSpace T] (X : Ω → S) (Y : Ω → T)   (Z : Ω → U) …"
"6","topk_candidate","i2f","4","dcaf7854-9b12-4ac3-8ec4-f0a2c6050f09","0.8591","formal","theorem","pfr","ProbabilityTheory.condMutualInfo_eq","The conditional mutual information between two random variables X and Y given a third variable Z is equal to the sum of the conditional entropies of X given Z and Y given Z, minus the conditional ent…","ProbabilityTheory.condMutualInfo_eq.{u_1, u_2, u_3, u_4} {Ω : Type u_1} {S : Type u_2} {T : Type u_3} {U : Type u_4}   [mΩ : MeasurableSpace Ω] [MeasurableSpace S] [MeasurableSpace U] {X : Ω → S} {Y : Ω → T} {Z : Ω → U}   [MeasurableSpace …"
"6","topk_candidate","i2f","5","9bf4b002-c8e1-41de-a68c-2c5b8e9633ea","0.8491","formal","definition","pfr","ProbabilityTheory.«termI[_:_|_;_]»","The conditional mutual information I[X : Y | Z] measures the amount of information shared between X and Y given knowledge of Z, calculated by averaging the mutual information of X and Y over all poss…","ProbabilityTheory.«termI[_:_|_;_]» : Lean.ParserDescr"
"7","gold_informal","","","17c62d65-5106-43e9-9f9e-70e200417252","","informal","lemma","Fermat's Last Theorem","10.9","The degree of the composition of two functions phi and psi equals the product of their individual degrees.","$d_A(\phi\circ\psi)=d_A(\phi)d_A(\psi).$"
"7","gold_formal","","","f4ea7e0b-5b15-4d4f-82f6-7e8d113ae604","","formal","thm","Mathlib_v427","MeasureTheory.addEquivAddHaarChar_trans","The pushforward of an additive Haar measure under a continuous additive equivalence between topological groups results in another additive Haar measure, scaled by a non-negative real factor determine…",""
"7","topk_candidate","i2f","1","ee07a857-b29b-475d-ac05-4ed523f42c2f","0.6201","formal","definition","misc-yd","Finset.F3.combiDegen","Finset.F3.combiDegen defines a combinatorial relationship or degeneracy between two specific lists of functions, φ and ψ, where each function maps from a 3-element set (Fin 3) to a 9-element set (Fin…","Finset.F3.combiDegen : Finset.CombiDegen Finset.F3.φ Finset.F3.ψ"
"7","topk_candidate","i2f","2","21cfcb3c-58b9-4d01-8c70-d3edcb445beb","0.6194","formal","theorem","sphere-packing-math-inc","SpherePacking.Dim24.VarphiNegGeOne.varphi_num_eq_varphi_mul_Delta_sq","The function varphi_num at a point z in the upper half-plane equals the product of the function varphi at z and the square of the function Delta at z. This identity comes from the definition of varph…","SpherePacking.Dim24.VarphiNegGeOne.varphi_num_eq_varphi_mul_Delta_sq (z : UpperHalfPlane) :   SpherePacking.Dim24.VarphiNegGeOne.varphi_num z = SpherePacking.Dim24.varphi z * Δ z ^ 2"
"7","topk_candidate","i2f","3","1dab745c-18ae-4866-b23b-bb8f2673b1c1","0.6059","formal","theorem","ClassFieldTheory","Polynomial.Monic.degree_mul'","If p is a monic polynomial over a semiring R, then the degree of the product p * q equals the sum of the degrees of p and q. This means multiplying a monic polynomial by another polynomial adds their…","Polynomial.Monic.degree_mul'.{u_1} {R : Type u_1} [Semiring R] {p q : Polynomial R} (hp : p.Monic) :   (p * q).degree = p.degree + q.degree"
"7","topk_candidate","i2f","4","01e7cb0b-28ef-432d-af9c-35de712d14db","0.5932","formal","theorem","physlib","QuantumMechanics.radiusRegPowOperator_comp_eq","The composition of two regularized radius operators raised to powers s and t is equal to the regularized radius operator raised to the power s + t, for any nonzero regularization parameter ε. This me…","QuantumMechanics.radiusRegPowOperator_comp_eq {d : ℕ} (ε : ℝˣ) (s t : ℝ) : 𝐫[ε,s].comp 𝐫[ε,t] = 𝐫[ε,s + t]"
"7","topk_candidate","i2f","5","6ad6c9e5-b540-4c19-a864-ca062e674503","0.5927","formal","theorem","cslib","Cslib.ωLanguage.map_map","Applying a function g after applying a function f to every sequence in an omega language is the same as applying the composition of g and f directly to the language.","Cslib.ωLanguage.map_map.{u_1, u_2, u_3} {α : Type u_1} {β : Type u_2} {γ : Type u_3} (g : β → γ) (f : α → β)   (p : Cslib.ωLanguage α) : Cslib.ωLanguage.map g (Cslib.ωLanguage.map f p) = Cslib.ωLanguage.map (g ∘ f) p"
"8","gold_informal","","","612fbd83-6f12-4a87-b4c3-32295718f133","","informal","lemma","Class Field Theory","24","For a subgroup S of a group G, the cohomology of G with coefficients in the coinduced module from S is isomorphic to the cohomology of S, and the homology of G with coefficients in the induced module…","Let $S$ be a subgroup of $G$. Then there are isomorphisms for all $n \ge 0$: \[ H^n(G,\mathrm{coind}_S(M)) \cong H^n(S,M), \qquad H_n(G,\mathrm{ind}_S(M)) \cong H_n(S,M), \qquad \] More precisely these are isomorphisms of functors."
"8","gold_formal","","","120d77d8-673e-4da2-8f80-23b1ed1ff59a","","formal","def","Mathlib_v427","groupCohomology.coindIso","The coinduction of a group representation is isomorphic to the restriction of the original representation along a subgroup, meaning that coinduced representations can be transformed into restricted o…",""
"8","topk_candidate","f2i","1","b6beedbc-1da6-4ca5-a2af-0e4ae13809d8","0.8333","informal","remark","Unbounded Algebraic Derivators","","This result compares the homology and cohomology of induced and coinduced representations with those of the original representation, showing they are naturally isomorphic when passing from a subgroup…","Compare with \cite[\S 6.3]{W}."
"8","topk_candidate","f2i","2","d1516335-9a8e-4409-b35d-198a83d4049d","0.8113","informal","lemma","Symmetry groups of four-manifolds","5.2","When H is a subgroup of G and M is a module over H, the composition of restriction and projection maps induces an isomorphism between the cohomology of G with coefficients in the coinduced module and…","If $H\subseteq G$ and $M$ is an $H$-module, then the composition $$H^*(G; \operatorname{Coind}_H^GM)\stackrel{r^*}{\rightarrow} H^*(H; \operatorname{Coind}_H^GM)\stackrel{\pi_*}{\rightarrow} H^*(H; M)$$ is an isomorphism, where $r:H\hookri…"
"8","topk_candidate","f2i","3","34f842f7-f12c-4c39-9101-bd842ebbac41","0.7996","informal","proposition","Permutation modules and cohomological singularity","0","There are natural isomorphisms relating the group cohomology and cohomological singularity invariants of a subgroup to those of the whole group, when using induction functors between their module cat…","Let $H\le G$ be a subgroup. There are canonical isomorphisms \[ (-)^{\rmh G}\circ\Ind^G_H\cong(-)^{\rmh H} \qquadtext{and} \CInvGR\circ\Ind^G_H\cong\CInvHR. \]"
"8","topk_candidate","f2i","4","612fbd83-6f12-4a87-b4c3-32295718f133","0.7833","informal","lemma","Class Field Theory","24","For a subgroup S of a group G, the cohomology of G with coefficients in the coinduced module from S is isomorphic to the cohomology of S, and the homology of G with coefficients in the induced module…","Let $S$ be a subgroup of $G$. Then there are isomorphisms for all $n \ge 0$: \[ H^n(G,\mathrm{coind}_S(M)) \cong H^n(S,M), \qquad H_n(G,\mathrm{ind}_S(M)) \cong H_n(S,M), \qquad \] More precisely these are isomorphisms of functors."
"8","topk_candidate","f2i","5","cb07215e-34fd-4206-95aa-3af2f92a0edf","0.7810","informal","lemma","On non-abelian Lubin-Tate theory for GL(2) in the odd equal   characteristic ca…","6.7","There is an isomorphism between two cohomology groups as representations of a group, where one side is compactly supported cohomology of a space and the other is an induced representation from a subg…","We have an isomorphism \[ H_{\rm c}^1(\overline{{\bf X}}_{n,\zeta},\overline{\mathbb{Q}}_{\ell}) \simeq \Ind_{\mathcal{H}_{n,\zeta}}^{\mathcal{G}_{n,\zeta}} H_{\rm c}^1 (\overline{{\bf X}}_{n,n,\zeta,\varpi_n},\overline{\mathbb{Q}}_{\ell})…"
"8","topk_candidate","i2f","1","5ed7c3d9-d47a-43e3-84f4-bfede2a378c7","0.8113","formal","theorem","ClassFieldTheory","Rep.dimensionShift.isIso_δ_up_res","If S is a subgroup of G and M is a G-module, then the connecting homomorphism from the (n+1)th cohomology of S with coefficients in the restricted induced module to the (n+2)th cohomology of S with c…","Rep.dimensionShift.isIso_δ_up_res.{u} {R G : Type u} [CommRing R] [Group G] (M : Rep.{u, u, u} R G) {S : Type u}   [Group S] {φ : S →* G} (inj : Function.Injective ⇑φ) (n : ℕ) [NeZero n] :   CategoryTheory.IsIso (groupCohomology.δ ⋯ n (n +…"
"8","topk_candidate","i2f","2","dfceef67-270e-4fc4-a208-d038eb62311d","0.7733","formal","definition","ClassFieldTheory","Rep.resCoind₁AsPiIso","For a subgroup H of a group G and a module A over a commutative ring R, the restriction of the coinduced representation of G on the space of functions from G to A to H is isomorphic to the coinduced …","Rep.resCoind₁AsPiIso.{u} {R G : Type u} [CommRing R] [Group G] {A : ModuleCat R} (H : Subgroup G) :   Rep.coind₁AsPi G A ↓ H.subtype ≅ Rep.coind₁AsPi (↥H) (ModuleCat.of R (G ⧸ H → ↑A))"
"8","topk_candidate","i2f","3","a5807e84-62d0-4ef0-9a03-15d1455cea78","0.7633","formal","definition","ClassFieldTheory","groupHomology.mapIso","If two groups G and H are isomorphic and their respective modules M and N over a commutative ring R are linearly isomorphic in a way that respects the group actions, then the group homology of G with…","groupHomology.mapIso.{u} {R G H : Type u} [CommRing R] [Group G] [Group H] {M : Rep.{u, u, u} R G}   {N : Rep.{u, u, u} R H} (e : G ≃* H) (e' : ↑M ≃ₗ[R] ↑N) (he : ∀ (g : G), ↑e' ∘ₗ M.ρ g = N.ρ (e g) ∘ₗ ↑e') (n : ℕ) :   groupHomology M n ≅ …"
"8","topk_candidate","i2f","4","4d7e2939-67b0-4188-b48a-084336cefa56","0.7623","formal","theorem","ClassFieldTheory","Rep.dimensionShift.epi_δ_up_zero_res","If S is a subgroup of G, then the connecting map from the 0th cohomology of S with coefficients in the restricted induced module to the 1st cohomology of S with coefficients in the restricted module …","Rep.dimensionShift.epi_δ_up_zero_res.{u} {R G : Type u} [CommRing R] [Group G] (M : Rep.{u, u, u} R G) {S : Type u}   [Group S] {φ : S →* G} (inj : Function.Injective ⇑φ) : CategoryTheory.Epi (groupCohomology.δ ⋯ 0 1 ⋯)"
"8","topk_candidate","i2f","5","6937620a-f940-4a23-9133-15046d17ef45","0.7586","formal","definition","ClassFieldTheory","groupCohomology.mapIso","If there is a group isomorphism between G and H and a compatible isomorphism between their representations M and N over a ring R, then the group cohomology of M in degree n is isomorphic to the group…","groupCohomology.mapIso.{u} {R G H : Type u} [CommRing R] [Group G] [Group H] {M : Rep.{u, u, u} R G}   {N : Rep.{u, u, u} R H} (e : G ≃* H) (e' : ↑M ≃ₗ[R] ↑N) (he : ∀ (g : G), ↑e' ∘ₗ M.ρ g = N.ρ (e g) ∘ₗ ↑e') (n : ℕ) :   groupCohomology M …"
"9","gold_informal","","","264cb24a-d27d-43e5-92ac-60f849254d68","","informal","lemma","Carleson operators on doubling metric measure spaces","11.3.5","For a given r between 0 and 1, there exists a continuous periodic function L' such that the operator L_Nf can be expressed as an integral involving L', and the difference between L' and a certain ind…","\uses{Dirichlet-kernel,lower-secant-bound} Let $0<r<1$. Let $N$ be the smallest integer larger than $\frac 1r$. There is a $2\pi$-periodic continuous function ${L'}$ on ${\mathbb{R}}$ that satisfies for all $0\le x\le 2\pi$ and all $2\pi$-…"
"9","gold_formal","","","2057e376-5f7d-437e-8389-2a69265abc11","","formal","theorem","carleson","dist_dirichletApprox_le","The difference between the Dirichlet approximation kernel and a truncated version of the Hilbert kernel on the interval [-pi, pi] is bounded by 12 times a well-behaved kernel function called niceKern…","dist_dirichletApprox_le {r : ℝ} (hr : r ∈ Set.Ioo 0 1) {n : ℕ} (hn : n = ⌈r⁻¹⌉₊) {x : ℝ}   (hx : x ∈ Set.Icc (-Real.pi) Real.pi) :   dist (dirichletApprox n x) ({y | |y| ∈ Set.Ico r 1}.indicator k x) ≤ 12 * niceKernel r x"
"9","topk_candidate","f2i","1","7d69aaed-0f3f-4b4e-aa40-0491a910d760","0.7426","informal","lemma","Carleson operators on doubling metric measure spaces","11.6.1","For any integer N and real number x between -pi and pi, excluding 0, the difference between the Dirichlet kernel K_N(x) and twice the real part of e^(-iNx) times kappa(x) is at most pi in absolute va…","\uses{Dirichlet-kernel,lower-secant-bound} For all $N\in{\mathbb{Z}}$ and $x\in [-\pi,\pi] \setminus \{0\}$, \begin{equation*} \left|K_N(x) - (e^{-iNx}\kappa(x) + \overline{e^{-iNx}\kappa(x)})\right| \le \pi \,. \end{equation*}"
"9","topk_candidate","f2i","2","236367d2-1012-4c5e-9dd8-eff6727400f8","0.7341","informal","lemma","The Fourier estimator of spot volatility: Unbounded coefficients and jumps in t…","26","For a given partition of the interval from -pi to pi, the integral of the r-th power of the absolute value of a modified Dirichlet kernel over time is bounded above by a constant multiple of the part…","\thlabel{labLemma:DirichletkernelEstimationdiscretized} Take a partition $\nu=\{-\pi=s_0<s_1<\ldots<s_l = \pi\}$ of the interval $[-\pi,\pi]$ and let $\rho$ be its norm: $\rho=\max_{i=0,\ldots,l-1}{|s_{i+1} - s_{i}|}$. Define $\cutabs{t}:=…"
"9","topk_candidate","f2i","3","68d7e53a-91be-454d-8a00-d005df9ea401","0.7253","informal","lemma","The Fourier estimator of spot volatility: Unbounded coefficients and jumps in t…","25","For r greater than 1, the integral of the r-th power of the absolute value of the Dirichlet kernel D_N over the interval from -pi to pi is bounded both above and below by constant multiples of (2N+1)…","\thlabel{labLemma:DirichletkernelEstimation} Take $r>1$. For the Dirichlet kernel $D_N$ there exists positive constants $b_r$ and $B_r$ such that for every $N \in \mathbb{N}$, the following inequality holds true: \[ b^r_r(2N+1)^{r-1} \leq …"
"9","topk_candidate","f2i","4","9836f0a3-05c8-4a77-9237-e312926449b7","0.7183","informal","lemma","Weighted estimates for the Calder\'on commutator","2.6","The difference between a singular integral kernel involving a function A and its truncated version is bounded by a term involving a smooth cutoff function phi, the distance between points, and a poly…","Let $\phi\in C^{\infty}(\mathbb{R})$ be even, $0\leq \phi\leq 1$, $\phi(0)=0$ and ${\rm supp}\,\phi\subset [-1,\,1]$. Set $\Phi(t)=\phi'(t)$, $\Phi_t(y)=t^{-1}\Phi(x/t)$ and $k_t(x,\,y)=\Phi_t(x-y)\chi_{(x,\infty)}(y).$ For $j=1,\,\dots,m$…"
"9","topk_candidate","f2i","5","3ab18f3c-66c1-4c6c-b682-b0dc0ab8b32a","0.7162","informal","lemma","Bochner-Riesz means for critical magnetic Schr\""odinger operators in   ${\mathb…","5.2","The absolute value of the kernel term is bounded by a constant times 2 to the power of minus j times (3/2 plus delta), divided by the square root of (1 plus 2 to the j times r1 times r2); a modified …","Let $\tilde{K}_{D,e}^{3,j}$ be given in \eqref{KDe3} and define \begin{equation} H(r_1,r_2;\theta_1-\theta_2)=2^{-j(\frac32+\delta)}\beta(r_1+r_2) \int_0^\infty e^{i 2^j\frac{r_1r_2}{r_1+r_2} s^2} \psi_{3, m}( s)\;ds, \end{equation} then \…"
"9","topk_candidate","i2f","1","a427a925-bbf8-43d8-a047-1d0388fbbdf4","0.7142","formal","theorem","carleson","eLpNorm_czOperator_restrict_two_three_of_support_subset","The operator czOperator K r applied to a function g supported in the interval [1, 4] produces a result whose L2 norm over [2, 3] is bounded by a constant (2^8) times the L2 norm of g over [1, 4], and…","eLpNorm_czOperator_restrict_two_three_of_support_subset {g : ℝ → ℂ} {r : ℝ} (hr : r ∈ Set.Ioo 0 1)   (hg : MeasureTheory.MemLp g ⊤ MeasureTheory.volume) (h'g : Function.support g ⊆ Set.Icc 1 4) :   MeasureTheory.eLpNorm (czOperator K r g) …"
"9","topk_candidate","i2f","2","424f008e-1ffd-4213-8793-0bb424de90f9","0.7045","formal","theorem","carleson","norm_sub_indicator_k","For real numbers x and r where r is positive and less than 1, and the absolute value of x is between r and pi, the difference between 1 over (1 minus the complex exponential of i times x) and the ind…","norm_sub_indicator_k {x r : ℝ} (hxr : r ≤ |x|) (hxpi : |x| ≤ Real.pi) (hr : 0 < r) (h'r : r < 1) :   ‖(1 - Complex.exp (Complex.I * ↑x))⁻¹ - {y | |y| ∈ Set.Ico r 1}.indicator k x‖ ≤ 2 * niceKernel r x"
"9","topk_candidate","i2f","3","a50325a8-83b8-4834-ab2d-c82eae8d94b2","0.6997","formal","theorem","carleson","eLpNorm_czOperator_restrict_two_three","The operator czOperator K r applied to a function g has a bounded L2 norm on the interval [2, 3], and this bound is controlled by a constant multiple (2^8) of the L2 norm of g on the interval [1, 4],…","eLpNorm_czOperator_restrict_two_three {g : ℝ → ℂ} {r : ℝ} (hr : r ∈ Set.Ioo 0 1)   (hg : MeasureTheory.MemLp g ⊤ MeasureTheory.volume) :   MeasureTheory.eLpNorm (czOperator K r g) 2 (MeasureTheory.volume.restrict (Set.Ioc 2 3)) ≤     2 ^ 8…"
"9","topk_candidate","i2f","4","2057e376-5f7d-437e-8389-2a69265abc11","0.6978","formal","theorem","carleson","dist_dirichletApprox_le","The difference between the Dirichlet approximation kernel and a truncated version of the Hilbert kernel on the interval [-pi, pi] is bounded by 12 times a well-behaved kernel function called niceKern…","dist_dirichletApprox_le {r : ℝ} (hr : r ∈ Set.Ioo 0 1) {n : ℕ} (hn : n = ⌈r⁻¹⌉₊) {x : ℝ}   (hx : x ∈ Set.Icc (-Real.pi) Real.pi) :   dist (dirichletApprox n x) ({y | |y| ∈ Set.Ico r 1}.indicator k x) ≤ 12 * niceKernel r x"
"9","topk_candidate","i2f","5","c73e4212-522d-4e2c-b314-57346eb900f8","0.6932","formal","theorem","carleson","norm_czOperator_le_add","The norm of the operator czOperator applied to a function g at a point x in [2, 3] is bounded by the sum of two terms: the integral of g multiplied by an approximating Dirichlet kernel over [0, 2*pi]…","norm_czOperator_le_add {g : ℝ → ℂ} {r x : ℝ} (hr : r ∈ Set.Ioo 0 1) {n : ℕ} (hn : n = ⌈r⁻¹⌉₊)   (hg : MeasureTheory.MemLp g ⊤ MeasureTheory.volume) (hx : 2 ≤ x) (h'x : x ≤ 3)   (h'g : Function.support g ⊆ Set.Icc 1 4) :   ‖czOperator K r g…"
"10","gold_informal","","","21943b97-b514-45b9-b880-a897c893c48f","","informal","lemma","Carleson operators on doubling metric measure spaces","7.1.2","The union of all cubes in the collection D equals the disjoint union of the largest cubes in J(S), and also equals the disjoint union of the largest cubes in L(S), where these largest cubes do not ov…","For each $\mathfrak{S} \subset {\mathfrak P}$, we have \begin{equation} \bigcup_{I \in \mathcal{D}} I = \dot{\bigcup_{J \in \mathcal{J}(\mathfrak{S})}} J \end{equation} and \begin{equation} \bigcup_{I \in \mathcal{D}} I = \dot{\bigcup_{L \…"
"10","gold_formal","","","ff774c7d-4ba1-4571-aaa3-3dc525146b3b","","formal","theorem","carleson","TileStructure.Forest.biUnion_𝓛","The union of all tiles in the collection 𝓛 𝔖 is equal to the union of all tiles I, meaning that combining all elements from the tiles in 𝓛 𝔖 covers exactly the same space as combining all the tiles I…","TileStructure.Forest.biUnion_𝓛.{u_1} {X : Type u_1} {a : ℕ} {q : ℝ} {K : X → X → ℂ} {σ₁ σ₂ : X → ℤ} {F G : Set X}   [MetricSpace X] [ProofData a q K σ₁ σ₂ F G] [TileStructure Q (defaultD a) (defaultκ a) (defaultS X) (cancelPt X)]   {𝔖 : Se…"
"10","topk_candidate","f2i","1","68f78aa6-d34c-4ad2-9280-af2fddf6c0ec","0.8118","informal","corollary","Fragmenting any Parallelepiped into a Signed Tiling","5.9","The union of certain tile sets indexed by (z, tau) and (z, gamma) equals the union of another collection of tile sets indexed by (z, sigma, j, s), showing that all tiles in the space can be accounted…","Given the definitions above, we find the following equality: \[ \biguplus_{\tau \in \binom{[r+k]}{r-1},~ \mathbf z \in \mathbb Z^{r+k}} {\mathbf F^{~}_{(\mbf z,\tau)}(M)}\mathbf z,\tau} \hspace{10pt} \mathlarger{\biguplus} \hspace{10pt} \b…"
"10","topk_candidate","f2i","2","dfe1e5a6-f7d7-4f20-bd11-05f6ffadae30","0.7572","informal","definition","Loop unrolling: formal definition and application to testing","","L is the union of all the sets L sub i.","{[LOOP\_DEF2]} $$L = \bigcup L_i$$"
"10","topk_candidate","f2i","3","abe2dfd5-3aa9-44e2-81f5-b9d6363519fc","0.7547","informal","definition","Loop unrolling: formal definition and application to testing","","L is the union of all the sets L_i.","{[LOOP\_DEF2]} $$L = \bigcup L_i$$"
"10","topk_candidate","f2i","4","3556e341-4400-45ff-b8c6-2b7e8a5e790c","0.7511","informal","lemma","A guide to Carleson's Theorem","2.4","Given two sets of non-overlapping tiles where the area covered by the second set is contained within the area of the first, there exists another set of non-overlapping tiles that includes all tiles f…","Let ${\bf p},{\bf p}'$ be a finite collections of pairwise disjoint tiles such that $A({\bf p}')\subset A({\bf p})$. Then there exists a collection ${\bf p}''$ of pairwise disjoint tiles which includes all the tiles in ${\bf p}'$ such that…"
"10","topk_candidate","f2i","5","adf017a5-0b96-467f-9bf6-6af94d71645d","0.7330","informal","claim","A Lower Bound for Relaxed Locally Decodable Codes","5.3","The union of the sets S_i for all i from 1 to l equals the set T_1.","$\bigcup_{i\in[\ell]}\mathcal{S}_i = \mathcal{T}_1$."
"10","topk_candidate","i2f","1","e07c06c6-0c36-4c35-87d6-8a5adc87e52a","0.6917","formal","theorem","carleson","iUnion_MsetA_eq_setA","The union of all cubes in the finite set MsetA with parameters l, k, n equals the set setA with the same parameters. Each cube in MsetA is a dyadic grid element in a metric space X, selected based on…","iUnion_MsetA_eq_setA.{u_1} {X : Type u_1} {a : ℕ} {q : ℝ} {K : X → X → ℂ} {σ₁ σ₂ : X → ℤ} {F G : Set X} [MetricSpace X]   [ProofData a q K σ₁ σ₂ F G] [TileStructure Q (defaultD a) (defaultκ a) (defaultS X) (cancelPt X)] {k n l : ℕ} :   ⋃ i…"
"10","topk_candidate","i2f","2","ff774c7d-4ba1-4571-aaa3-3dc525146b3b","0.6696","formal","theorem","carleson","TileStructure.Forest.biUnion_𝓛","The union of all tiles in the collection 𝓛 𝔖 is equal to the union of all tiles I, meaning that combining all elements from the tiles in 𝓛 𝔖 covers exactly the same space as combining all the tiles I…","TileStructure.Forest.biUnion_𝓛.{u_1} {X : Type u_1} {a : ℕ} {q : ℝ} {K : X → X → ℂ} {σ₁ σ₂ : X → ℤ} {F G : Set X}   [MetricSpace X] [ProofData a q K σ₁ σ₂ F G] [TileStructure Q (defaultD a) (defaultκ a) (defaultS X) (cancelPt X)]   {𝔖 : Se…"
"10","topk_candidate","i2f","3","23f5b630-ec0b-4595-a319-89ae9abe9c8f","0.6385","formal","theorem","carleson","Grid.maxCubes_pairwiseDisjoint","The theorem states that for any finite collection of grid cubes in a pseudo-metric space with a doubling measure, the maximal cubes (with respect to inclusion) are pairwise disjoint, meaning no two o…","Grid.maxCubes_pairwiseDisjoint.{u_1} {X : Type u_1} [PseudoMetricSpace X] {a : ℕ} {q : ℝ} {K : X → X → ℂ}   {σ₁ σ₂ : X → ℤ} {F G : Set X} [ProofData a q K σ₁ σ₂ F G]   [GridStructure X (defaultD a) (defaultκ a) (defaultS X) (cancelPt X)] {…"
"10","topk_candidate","i2f","4","9415f228-5bdd-4489-a1e9-b063563e9426","0.6360","formal","definition","carleson","Grid.maxCubes","Grid.maxCubes takes a finite collection of dyadic cubes in a pseudometric space and returns the largest cubes from that collection, where ""largest"" means not properly contained in any other cube in t…","Grid.maxCubes.{u_1} {X : Type u_1} [PseudoMetricSpace X] {a : ℕ} {q : ℝ} {K : X → X → ℂ} {σ₁ σ₂ : X → ℤ} {F G : Set X}   [ProofData a q K σ₁ σ₂ F G] [GridStructure X (defaultD a) (defaultκ a) (defaultS X) (cancelPt X)]   (s : Finset (Grid …"
"10","topk_candidate","i2f","5","476a3de6-411d-473b-965a-edf17f85b26f","0.6294","formal","theorem","carleson","iUnion_𝔘₄","The union of the sets 𝔘₄(k, n, j, l) over all l from 0 to 4*n + 11 equals the set 𝔘₃(k, n, j), meaning these 𝔘₄ sets together cover 𝔘₃ without overlap.","iUnion_𝔘₄.{u_1} {X : Type u_1} {a : ℕ} {q : ℝ} {K : X → X → ℂ} {σ₁ σ₂ : X → ℤ} {F G : Set X} [MetricSpace X]   [ProofData a q K σ₁ σ₂ F G] [TileStructure Q (defaultD a) (defaultκ a) (defaultS X) (cancelPt X)] {k n j : ℕ}   (hkn : k ≤ n) : …"
"11","gold_informal","","","cc42e84e-8c94-48c5-bb4d-8ae39b8059ee","","informal","definition","Brownian motion project","2.2.3","For a collection of sets S, S cap f is the set of all possible finite intersections of sets from S.","\mathlibok \lean{infClosure} For a paving $S$, we denote by $S^{\cap f}$ the set of finite intersections of sets in $S$."
"11","gold_formal","","","569814d9-d78c-4d87-a714-4d86e8179f5e","","formal","def","Mathlib_v427","infClosure","The infClosure function computes the smallest set that contains a given collection of elements and is closed under finite infima (greatest lower bounds), meaning that taking the infimum of any nonemp…",""
"11","topk_candidate","f2i","1","e1f5a179-f5bf-4361-99f2-3423c0d3f9fa","0.7973","informal","lemma","Semistar operations on Dedekind domains","3.3","For a set S, two operations that extend a collection of elements from Z(S) by adding all elements less than or equal to some element in the collection, or by adding all existing infima of subsets, ar…","Let $S$ be a set. For any ${\mathcal X} \subseteq {\mathcal Z}(S)$, let $${\mathcal X}^\preceq = \{g \in {\mathcal Z}(S): g \preceq f \mbox{ for some } f \in {\mathcal X}\},$$ and let $${\mathcal X}^{\inf} = \{\inf {\mathcal Y}: {\mathcal …"
"11","topk_candidate","i2f","1","a61572a6-87c7-40b6-b2d8-30a6d7869901","0.7100","formal","theorem","brownian-motion","mem_infClosure_set_iff","A set s is in the infimum closure of a collection S of sets if and only if there exists a nonempty family L of sets from S such that s is the intersection of all sets in L.","mem_infClosure_set_iff.{u_4} {α : Type u_4} {S : Set (Set α)} (s : Set α) :   s ∈ infClosure S ↔ ∃ L, L.Nonempty ∧ s = ⋂₀ ↑L ∧ ↑L ⊆ S"
"11","topk_candidate","i2f","2","c9462a2a-114b-4f47-b768-613230dbefae","0.6930","formal","theorem","cslib","Cslib.CLL.PhaseSpace.iInter_eq_sInf_image","The intersection of a family of sets f x, where x ranges over a set S, is equal to the infimum of the collection of sets obtained by applying f to each element of S. In other words, taking the common…","Cslib.CLL.PhaseSpace.iInter_eq_sInf_image.{u_1, u_2} {P : Type u_1} {α : Type u_2} (S : Set α) (f : α → Set P) :   ⋂ x ∈ S, f x = sInf (f '' S)"
"11","topk_candidate","i2f","3","914c77ed-e202-4294-815a-4fab63a4d95f","0.6869","formal","theorem","brownian-motion","mem_supClosure_set_iff'","A set s is in the supClosure of a collection S of sets if and only if s can be written as the union of a nonempty finite family of sets, each of which belongs to S.","mem_supClosure_set_iff'.{u_4} {α : Type u_4} {S : Set (Set α)} (s : Set α) :   s ∈ supClosure S ↔ ∃ t, ∃ (_ : t.Nonempty), ∃ A, (∀ n ∈ t, A n ∈ S) ∧ s = ⋃ n ∈ t, A n"
"11","topk_candidate","i2f","4","15412f61-4809-4258-9d28-ed34bda02d86","0.6831","formal","theorem","pfr","ProbabilityTheory.EventuallyEq.finite_iInter","If two families of sets E and F are eventually equal along a filter for each index in a finite set s, then the intersection of the E sets over s is eventually equal to the intersection of the F sets …","ProbabilityTheory.EventuallyEq.finite_iInter.{u_2, u_14} {ι : Type u_14} {α : Type u_2} {l : Filter α} (s : Finset ι)   {E F : ι → Set α} (h : ∀ i ∈ s, E i =ᶠ[l] F i) : ⋂ i ∈ s, E i =ᶠ[l] ⋂ i ∈ s, F i"
"11","topk_candidate","i2f","5","7ff1b5dd-2c94-4c26-a3f0-697672ef55c8","0.6798","formal","theorem","brownian-motion","InfClosed.image2_prod","If two collections of sets p and q are closed under finite intersections, then the collection of all product sets of the form x1 × x2, where x1 is in p and x2 is in q, is also closed under finite int…","InfClosed.image2_prod.{u_1, u_3} {𝓧 : Type u_1} {𝓚 : Type u_3} {p : Set (Set 𝓧)} {q : Set (Set 𝓚)}   (hp_inter : InfClosed p) (hq_inter : InfClosed q) : InfClosed (Set.image2 (fun x1 x2 => x1 ×ˢ x2) p q)"
"12","gold_informal","","","e40496af-ebfc-4d47-ab09-e3f62d6bd966","","informal","lemma","Brownian motion project","1.3.3","The expected value of the 2n-th power of the difference between a normally distributed random variable and its mean is equal to the variance raised to the n-th power multiplied by the double factoria…","\uses{def:gaussianReal} \leanok \lean{ProbabilityTheory.centralMoment_two_mul_gaussianReal} The central moment of order $2n$ of a real Gaussian measure $\mathcal{N}(\mu, \sigma^2)$ is given by \begin{align*} \mathbb{E}[(X - \mu)^{2n}] = \s…"
"12","gold_formal","","","ecd8689e-d2e9-4ed8-9b98-a32114ea9439","","formal","theorem","brownian-motion","ProbabilityTheory.centralMoment_two_mul_gaussianReal","For a normal distribution with mean μ and standard deviation σ, the central moment of order 2n is equal to σ raised to the power 2n multiplied by the double factorial of (2n - 1). This formula gives …","ProbabilityTheory.centralMoment_two_mul_gaussianReal (μ : ℝ) (σ : NNReal) (n : ℕ) :   ProbabilityTheory.centralMoment id (2 * n) (ProbabilityTheory.gaussianReal μ (σ ^ 2)) =     ↑σ ^ (2 * n) * ↑(2 * n - 1).doubleFactorial"
"12","topk_candidate","f2i","1","2fb73eab-1577-4c1d-9183-51df65ceac01","0.8430","informal","corollary","High order tensor moments of random vectors","4.4","For a standard normal random variable x, the 2n-th moment is equal to the double factorial of (2n minus 1). This means the expected value of x raised to the power 2n is (2n-1)!!. The odd moments are …","Let $x\sim N(0,1)$ be a SND random variable. Then its $2n$-order moment $m_{2n}=(2n-1)!!$."
"12","topk_candidate","f2i","2","e40496af-ebfc-4d47-ab09-e3f62d6bd966","0.8140","informal","lemma","Brownian motion project","1.3.3","The expected value of the 2n-th power of the difference between a normally distributed random variable and its mean is equal to the variance raised to the n-th power multiplied by the double factoria…","\uses{def:gaussianReal} \leanok \lean{ProbabilityTheory.centralMoment_two_mul_gaussianReal} The central moment of order $2n$ of a real Gaussian measure $\mathcal{N}(\mu, \sigma^2)$ is given by \begin{align*} \mathbb{E}[(X - \mu)^{2n}] = \s…"
"12","topk_candidate","f2i","3","e656dfaf-509b-4ac9-95f0-460f1c066be2","0.7890","informal","lemma","A scattering transform for graphs based on heat semigroups, with an   applicati…","4.5","The n-th moment of a log-normal random variable with mean mu_i and variance sigma_i squared is equal to e raised to the power of n times n minus one times sigma_i squared divided by two. This formula…","If $\{e^{\nu(i)}\}_{i \in V}$ is a log-normal multiplicative random walk indexed by $V$, and $\mu_i = \mathbb E[\nu(i)]$, $\sigma_i^2 = \mathbb E[ \nu(i)^2 ] - \mu_i^2$, then the $n$-th moment is computed as $$ \mathbb E [ e^{n \nu(i)} ] =…"
"12","topk_candidate","f2i","4","4c0c2d2d-eb3d-4709-84f5-3d1078e136f1","0.7858","informal","lemma","A Bayesian Two-Sample Mean Test for High-Dimensional Data","9","The even moments of a standard normal random variable are given by a formula involving the gamma function and powers of 2, while all odd moments are zero. For example, the second moment is 1, the fou…","The $w$th moments of a standard normal random variable $X$ are as follows \begin{equation*} {E}(X^w)= \begin{cases} \frac{\Gamma(\frac{w+1}{2})2^\frac{w+1}{2}}{\sqrt{2\pi}} & w =2t,\\ 0 \quad\quad\quad\quad & w=2t+1,\\ \end{cases} \end{equ…"
"12","topk_candidate","f2i","5","e266a7d0-3324-4128-8816-b5fd59b342de","0.7815","informal","proposition","Gaussian mixtures closest to a given measure via optimal transport","2.2","For any positive sigma, the j-th moment of a normal distribution with mean m and standard deviation sigma is a polynomial in m and sigma of degree at most j. For even moments, this polynomial is a su…","If $\sigma>0$ then for every $j\in\mathbb{N}$, the moment \begin{equation} (m,\sigma)\mapsto \frac{1}{\sqrt{2\pi}\sigma}\int x^j\,\exp\frac{-(x-m)^2}{2\sigma^2}\,\mathrm{dx}\,,\end{equation} is a polynomial $p_j\in\mathbb{R}[m,\sigma]$ of …"
"12","topk_candidate","i2f","1","1833f291-5b49-4eb8-ba27-a991421dea90","0.8315","formal","theorem","brownian-motion","ProbabilityTheory.centralMoment_fun_two_mul_gaussianReal","For a Gaussian (normal) distribution with mean μ and standard deviation σ, the (2n)-th central moment of the identity function is equal to σ raised to the power 2n, multiplied by the double factorial…","ProbabilityTheory.centralMoment_fun_two_mul_gaussianReal (μ : ℝ) (σ : NNReal) (n : ℕ) :   ProbabilityTheory.centralMoment (fun x => x) (2 * n) (ProbabilityTheory.gaussianReal μ (σ ^ 2)) =     ↑σ ^ (2 * n) * ↑(2 * n - 1).doubleFactorial"
"12","topk_candidate","i2f","2","ecd8689e-d2e9-4ed8-9b98-a32114ea9439","0.8140","formal","theorem","brownian-motion","ProbabilityTheory.centralMoment_two_mul_gaussianReal","For a normal distribution with mean μ and standard deviation σ, the central moment of order 2n is equal to σ raised to the power 2n multiplied by the double factorial of (2n - 1). This formula gives …","ProbabilityTheory.centralMoment_two_mul_gaussianReal (μ : ℝ) (σ : NNReal) (n : ℕ) :   ProbabilityTheory.centralMoment id (2 * n) (ProbabilityTheory.gaussianReal μ (σ ^ 2)) =     ↑σ ^ (2 * n) * ↑(2 * n - 1).doubleFactorial"
"12","topk_candidate","i2f","3","b3a8dffc-a927-48b7-a300-a26bd89232a1","0.6956","formal","theorem","brownian-motion","ProbabilityTheory.isKolmogorovProcess_brownian","For any positive natural number n, the Brownian motion process under the gaussianLimit measure satisfies a moment condition where the expected value of the distance between the process values at two …","ProbabilityTheory.isKolmogorovProcess_brownian {n : ℕ} (hn : 0 < n) :   ProbabilityTheory.IsKolmogorovProcess ProbabilityTheory.brownian ProbabilityTheory.gaussianLimit (2 * ↑n) ↑n     ↑(2 * n - 1).doubleFactorial"
"12","topk_candidate","i2f","4","cadb54d2-2d4a-4037-8d1d-43b94cc9d8b7","0.6775","formal","theorem","brownian-motion","ProbabilityTheory.IndepFun.hasLaw_sub_of_gaussian","If two real-valued random variables X and Y are defined on the same probability space, X has a Gaussian distribution with mean μX and variance vX, Y has a Gaussian distribution with mean μY and varia…","ProbabilityTheory.IndepFun.hasLaw_sub_of_gaussian.{u_2} {Ω : Type u_2} {mΩ : MeasurableSpace Ω}   {P : MeasureTheory.Measure Ω} {X Y : Ω → ℝ} {μX μY : ℝ} {vX vY : NNReal}   (hX : ProbabilityTheory.HasLaw X (ProbabilityTheory.gaussianReal μ…"
"12","topk_candidate","i2f","5","3537807d-de2f-47f4-99fb-8a3af060a39e","0.6698","formal","theorem","brownian-motion","ProbabilityTheory.HasGaussianLaw.charFun_map_real","If a real-valued random variable X has a Gaussian distribution with respect to a probability measure P, then the characteristic function of the distribution of X is given by the exponential of a comp…","ProbabilityTheory.HasGaussianLaw.charFun_map_real.{u_2} {Ω : Type u_2} {mΩ : MeasurableSpace Ω}   {P : MeasureTheory.Measure Ω} {X : Ω → ℝ} (h : ProbabilityTheory.HasGaussianLaw X P) (t : ℝ) :   MeasureTheory.charFun (MeasureTheory.Measure…"
"13","gold_informal","","","a8a359a1-fd92-423c-90bb-0ad08f9a9736","","informal","definition","Brownian motion project","1.3.1","The real Gaussian measure with mean mu and variance sigma squared is a probability measure on the real numbers that has a bell-shaped density curve when variance is positive, and is concentrated at a…","\mathlibok \lean{ProbabilityTheory.gaussianReal} The real Gaussian measure with mean $\mu \in \mathbb{R}$ and variance $\sigma^2 > 0$ is the measure on $\mathbb{R}$ with density $\frac{1}{\sqrt{2 \pi \sigma^2}} \exp\left(-\frac{(x - \mu)^2…"
"13","gold_formal","","","fb0d0a13-1f9b-44f6-b301-138e3b37d9d8","","formal","definition","Mathlib_v427","ProbabilityTheory.gaussianReal","The gaussianReal function creates a probability measure on the real numbers that represents a normal (Gaussian) distribution with a given mean μ and variance v, where v is non-negative. This measure …","ProbabilityTheory.gaussianReal (μ : ℝ) (v : NNReal) : MeasureTheory.Measure ℝ"
"13","topk_candidate","f2i","1","22f0b4b2-7fd6-453d-bb88-9741dd4ae5ad","0.8840","informal","definition","Remarks on multivariate Gaussian Process","2.1","A Gaussian measure on the real numbers is a probability distribution defined by a bell-shaped curve centered at a mean value mu, with spread determined by a positive variance sigma squared, where the…","Let $\mathcal{B}(\mathbb{R})$ denote the completion of the Borel $\sigma$-algebra on $\mathbb{R}$. Let $\lambda: \mathcal{B}(\mathbb{R}) \mapsto [0, + \infty]$ denote the usual Lebesgue measure. Then the Borel probability measure $\gamma: …"
"13","topk_candidate","f2i","2","a8a359a1-fd92-423c-90bb-0ad08f9a9736","0.8196","informal","definition","Brownian motion project","1.3.1","The real Gaussian measure with mean mu and variance sigma squared is a probability measure on the real numbers that has a bell-shaped density curve when variance is positive, and is concentrated at a…","\mathlibok \lean{ProbabilityTheory.gaussianReal} The real Gaussian measure with mean $\mu \in \mathbb{R}$ and variance $\sigma^2 > 0$ is the measure on $\mathbb{R}$ with density $\frac{1}{\sqrt{2 \pi \sigma^2}} \exp\left(-\frac{(x - \mu)^2…"
"13","topk_candidate","f2i","3","06d402ff-e1f1-41d6-9eed-dc1b5472b20e","0.8080","informal","lemma","Brownian motion project","1.3.5","A Gaussian measure is a type of probability measure.","\uses{def:IsGaussian} \mathlibok A Gaussian measure is a probability measure."
"13","topk_candidate","f2i","4","dae21872-2d8e-4d10-a1e2-2a199402e27a","0.8068","informal","definition","Integral Signatures of Activation Functions: A 9-Dimensional Taxonomy and Stabi…","2.2","For a positive number sigma, the Gaussian measure is a probability distribution on the real line defined by a normal distribution with mean zero and standard deviation sigma. The space Lp of real fun…","For $\sigma>0$ let \[ d\gamma_\sigma(x) \;:=\; \frac{1}{\sqrt{2\pi}\,\sigma}\,e^{-x^2/(2\sigma^2)}\,dx, \qquad Z\sim\mathcal{N}(0,\sigma^2). \] Then \[ L^p(\mathbb{R},\gamma_\sigma) \;:=\; \Big\{ f:\mathbb{R}\to\mathbb{R}\ \Big|\ \int_{\ma…"
"13","topk_candidate","f2i","5","5d89b1f6-5fbc-46fe-beb7-63c2e6b30460","0.7944","informal","definition","Linearization Turns Neural Operators into Function-Valued Gaussian   Processes","7.4","A probability measure is called Gaussian if every linear functional associated with it behaves like a normal (Gaussian) random variable. A random variable taking values in a measurable space is Gauss…","[Definition 2.2.1(a)]{Bogachev1998GaussianMeasures}}] A probability measure $\gamma$ on $(\nooutsp, \sigma(\setsym{L}))$ is called \emph{Gaussian} if every linear functional $\ell \in \setsym{L}$ is a univariate Gaussian random variable on…"
"13","topk_candidate","i2f","1","6197435d-4ede-4069-a4e3-55de1e321027","0.7610","formal","theorem","brownian-motion","ProbabilityTheory.HasLaw.ae_eq_const_of_gaussianReal","If a real-valued random variable has a Gaussian distribution with mean μ and variance 0, then it is almost surely equal to μ, meaning it takes the value μ with probability one.","ProbabilityTheory.HasLaw.ae_eq_const_of_gaussianReal.{u_1} {Ω : Type u_1} {mΩ : MeasurableSpace Ω}   {P : MeasureTheory.Measure Ω} {X : Ω → ℝ} {μ : ℝ}   (hX : ProbabilityTheory.HasLaw X (ProbabilityTheory.gaussianReal μ 0) P) : ∀ᵐ (ω : Ω) …"
"13","topk_candidate","i2f","2","6efda68c-f3da-4529-8aef-99a8a74fbcf1","0.7163","formal","theorem","brownian-motion","ProbabilityTheory.eq_gaussianReal_integral_variance","If a measure μ is a Gaussian distribution with mean m and variance v, then μ is also a Gaussian distribution with mean equal to the integral of the identity function over μ and variance equal to the …","ProbabilityTheory.eq_gaussianReal_integral_variance {μ : MeasureTheory.Measure ℝ} {m : ℝ} {v : NNReal}   (h : μ = ProbabilityTheory.gaussianReal m v) :   μ = ProbabilityTheory.gaussianReal (∫ (x : ℝ), id x ∂μ) (ProbabilityTheory.variance i…"
"13","topk_candidate","i2f","3","3537807d-de2f-47f4-99fb-8a3af060a39e","0.7081","formal","theorem","brownian-motion","ProbabilityTheory.HasGaussianLaw.charFun_map_real","If a real-valued random variable X has a Gaussian distribution with respect to a probability measure P, then the characteristic function of the distribution of X is given by the exponential of a comp…","ProbabilityTheory.HasGaussianLaw.charFun_map_real.{u_2} {Ω : Type u_2} {mΩ : MeasurableSpace Ω}   {P : MeasureTheory.Measure Ω} {X : Ω → ℝ} (h : ProbabilityTheory.HasGaussianLaw X P) (t : ℝ) :   MeasureTheory.charFun (MeasureTheory.Measure…"
"13","topk_candidate","i2f","4","1e322209-f17e-4b3c-b255-85d292cf8f92","0.7020","formal","theorem","brownian-motion","ProbabilityTheory.HasGaussianLaw.map_eq_gaussianReal","If a real-valued function X on a probability space has a Gaussian distribution, then the pushforward measure of the probability measure P under X is a Gaussian measure on the real line with mean equa…","ProbabilityTheory.HasGaussianLaw.map_eq_gaussianReal.{u_2} {Ω : Type u_2} {mΩ : MeasurableSpace Ω}   {P : MeasureTheory.Measure Ω} {X : Ω → ℝ} (h : ProbabilityTheory.HasGaussianLaw X P) :   MeasureTheory.Measure.map X P =     ProbabilityTh…"
"13","topk_candidate","i2f","5","39bed2cf-7eea-436d-9bee-4ac38efd3edd","0.6903","formal","theorem","brownian-motion","ProbabilityTheory.hasLaw_eval_gaussianProjectiveFamily","For any finite set I of non-negative real numbers and any s in I, the evaluation of the gaussian projective family measure at s has a Gaussian distribution with mean 0 and variance equal to s. This m…","ProbabilityTheory.hasLaw_eval_gaussianProjectiveFamily {I : Finset NNReal} (s : ↥I) :   ProbabilityTheory.HasLaw (fun x => x s) (ProbabilityTheory.gaussianReal 0 ↑s)     (ProbabilityTheory.gaussianProjectiveFamily I)"
"14","gold_informal","","","f38835b2-46ec-462a-b5dd-22010a3600fa","","informal","lemma","Carleson operators on doubling metric measure spaces","5.2.3","If two elements p and p' in M(k,n) have nonempty intersection in their E1 sets, then p and p' must be the same element. This means the E1 sets for distinct elements in M(k,n) are pairwise disjoint.","If ${\mathfrak p}, {\mathfrak p}' \in {\mathfrak{M}}(k,n)$ and \begin{equation} {E_1}({\mathfrak p})\cap {E_1}({\mathfrak p}')\neq \emptyset, \end{equation} then ${\mathfrak p}={\mathfrak p}'$."
"14","gold_formal","","","dcc9a876-9067-4dff-a3c8-83ac2a0775a6","","formal","theorem","carleson","pairwiseDisjoint_E1","The sets E₁ associated with different tiles at scales k and n are pairwise disjoint, meaning no two distinct sets E₁ share any common points. This holds in a metric space equipped with a structured t…","pairwiseDisjoint_E1.{u_1} {X : Type u_1} {a : ℕ} {q : ℝ} {K : X → X → ℂ} {σ₁ σ₂ : X → ℤ} {F G : Set X} [MetricSpace X]   [ProofData a q K σ₁ σ₂ F G] [TileStructure Q (defaultD a) (defaultκ a) (defaultS X) (cancelPt X)] {k n : ℕ} :   (𝔐 k n…"
"14","topk_candidate","f2i","1","bf8aad12-a0c1-42af-be42-6814deed44ad","0.7487","informal","lemma","A characterization of metric subspaces of full Assouad dimension","3.4","In a pre-tiling space, the interiors of any two distinct sets in the same level of the tiling are disjoint.","Let $(X, P)$ be a pre-tiling space. For every distinct pair $A,B\in P_n$, we have $\nai(A)\cap \nai(B)=\emptyset$."
"14","topk_candidate","f2i","2","7afc568f-122d-44a8-8a95-321394e1ab97","0.7149","informal","remark","On pointwise periodicity in tilings, cellular automata and subshifts","6.2","Because each tile has a non-empty interior and contains the origin in its interior, the sets of tile positions in a tiling are uniformly separated by some positive distance, making them discrete and …","Because tiles have non-empty interior, it follows that for every $T \in \mathcal{T}$ there exists $\epsilon >0$ so that every $x \in X_\mathcal{T}$ the set $x_T \subset \mathbb{R}^d$ is $\epsilon$-separated (in particular it is discrete, t…"
"14","topk_candidate","f2i","3","fa94b840-9bb4-43ba-8b02-63de4f77ba3c","0.7145","informal","lemma","Intersections of Cantor Sets Derived from Complex Radix Expansions","4.4","If D is a set of digits from 0 to n squared where no two digits are consecutive, then the k-tiles built from distinct digit sequences using digits in D do not overlap. This disjointness occurs becaus…","Fix an integer $n\geq 2$. Let $D\subset\{0, 1, \ldots, n^{2}\}$ satisfy $|d-d^{'}|\neq1$ for all $d\in D$. The $k$-tiles $T_{d_{1}, \ldots, d_{k}}$ and $T_{d_{1}^{'}, \ldots, d_{k}^{'}}$ of $T_{n}$ are disjoint whenever $d_{j}\neq d_{j}^{'…"
"14","topk_candidate","f2i","4","78acbeff-70cb-4331-ba13-15421f17cda5","0.7120","informal","lemma","Carleson operators on doubling metric measure spaces","5.4.6","For distinct elements u and u' in a certain set, and for any tile p in a specific structure associated with u such that the index set of p is contained in that of u', the distance between the centers…","\uses{monotone-cube-metrics} For each ${\mathfrak u},{\mathfrak u}'\in {\mathfrak U}_3(k,n,j)$ with ${\mathfrak u}\neq {\mathfrak u}'$ and each ${\mathfrak p} \in {\mathfrak T}_2({\mathfrak u})$ with ${\mathcal{I}}({\mathfrak p})\subset {\…"
"14","topk_candidate","f2i","5","d23203d6-4aff-449c-8172-9a6dcb394f7e","0.6997","informal","lemma","Carleson operators on doubling metric measure spaces","6.3.3","The sum of the measures of certain tile intersections within a localized region is bounded above by the measure of a specific enlarged tile set, under conditions involving scale and spatial relations…","\uses{tile-disjointness,tile-reach} Let ${\vartheta}\in{\Theta}$ and {$N$} be an integer. Let ${\mathfrak p}_{{\vartheta}}$ be a tile with ${\vartheta}\in B_{{\mathfrak p}_{{\vartheta}}}({\mathcal{Q}}({\mathfrak p}_{{\vartheta}}), 2^{N+1})…"
"14","topk_candidate","i2f","1","02cc86c8-f3df-4492-9e17-16712660bbf4","0.7189","formal","theorem","carleson","TileStructure.Forest.disjoint_impl","If the sets associated with two tiles are disjoint, then the corresponding E sets for those tiles are also disjoint.","TileStructure.Forest.disjoint_impl.{u_1} {X : Type u_1} {a : ℕ} {q : ℝ} {K : X → X → ℂ} {σ₁ σ₂ : X → ℤ} {F G : Set X}   [MetricSpace X] [ProofData a q K σ₁ σ₂ F G] [TileStructure Q (defaultD a) (defaultκ a) (defaultS X) (cancelPt X)]   {p …"
"14","topk_candidate","i2f","2","065fec1b-cc79-41a6-8b6a-51a33da2177d","0.6982","formal","theorem","carleson","disjoint_ℭ_of_ne","If m and n are different natural numbers, then the sets C(k, m) and C(k, n) do not overlap.","disjoint_ℭ_of_ne.{u_1} {X : Type u_1} {a : ℕ} {q : ℝ} {K : X → X → ℂ} {σ₁ σ₂ : X → ℤ} {F G : Set X} [MetricSpace X]   [ProofData a q K σ₁ σ₂ F G] [TileStructure Q (defaultD a) (defaultκ a) (defaultS X) (cancelPt X)] {k m n : ℕ}   (h : m ≠ …"
"14","topk_candidate","i2f","3","008b787c-f5c5-4d8a-8d0c-d79d35f2a635","0.6804","formal","theorem","carleson","disjoint_ℭ₁_of_ne","If j and l are different natural numbers, then the sets C1(k, n, j) and C1(k, n, l) do not overlap.","disjoint_ℭ₁_of_ne.{u_1} {X : Type u_1} {a : ℕ} {q : ℝ} {K : X → X → ℂ} {σ₁ σ₂ : X → ℤ} {F G : Set X} [MetricSpace X]   [ProofData a q K σ₁ σ₂ F G] [TileStructure Q (defaultD a) (defaultκ a) (defaultS X) (cancelPt X)] {k n j l : ℕ}   (h : j…"
"14","topk_candidate","i2f","4","0e5a55cc-9a39-4754-8eca-e673c84efa1b","0.6780","formal","theorem","carleson","pairwiseDisjoint_ℭ","For each pair of natural numbers k and n, the sets C(k,n) form a collection where any two different sets with the same k do not overlap, and all of them are contained within a larger set P(k); overal…","pairwiseDisjoint_ℭ.{u_1} {X : Type u_1} {a : ℕ} {q : ℝ} {K : X → X → ℂ} {σ₁ σ₂ : X → ℤ} {F G : Set X} [MetricSpace X]   [ProofData a q K σ₁ σ₂ F G] [TileStructure Q (defaultD a) (defaultκ a) (defaultS X) (cancelPt X)] :   Set.univ.Pairwise…"
"14","topk_candidate","i2f","5","2ebbbc8b-ea4e-48f3-b3d0-3c5be173cdb0","0.6752","formal","theorem","carleson","Set.disjoint_minLayer_of_ne","If two natural numbers m and n are not equal, then the m-th and n-th minimal layers of a set A in a partially ordered type have no elements in common. This means distinct minimal layers of a set are …","Set.disjoint_minLayer_of_ne.{u_1} {α : Type u_1} [PartialOrder α] {A : Set α} {m n : ℕ} (h : m ≠ n) :   Disjoint (A.minLayer m) (A.minLayer n)"
