[
    {
        "theorem": "Definition 46.3.1.",
        "body": "  Let $A$ be a ring. A {\\it module-valued functor} is a functor $F : \\textit{Alg}_A \\to \\textit{Ab}$ such that \\begin{enumerate} \\item for every object $B$ of $\\textit{Alg}_A$ the group $F(B)$ is endowed with the structure of a $B$-module, and \\item for any morphism $B \\to B'$ of $\\textit{Alg}_A$ the map $F(B) \\to F(B')$ is $B$-linear. \\end{enumerate} A {\\it morphism of module-valued functors} is a transformation of functors $\\varphi : F \\to G$ such that $F(B) \\to G(B)$ is $B$-linear for all $B \\in \\mathop{\\mathrm{Ob}}\\nolimits(\\textit{Alg}_A)$. ",
        "label": "definition-module-valued-functor",
        "tag": "06Z4",
        "url": "https://stacks.math.columbia.edu/tag/06Z4",
        "source_filename": "adequate.tex"
    },
    {
        "theorem": "Definition 46.3.2.",
        "body": "  Let $A$ be a ring. A module-valued functor $F$ on $\\textit{Alg}_A$ is called \\begin{enumerate} \\item {\\it adequate} if there exists a map of $A$-modules $M \\to N$ such that $F$ is isomorphic to $\\mathop{\\mathrm{Ker}}(\\underline{M} \\to \\underline{N})$. \\item {\\it linearly adequate} if $F$ is isomorphic to the kernel of a map $\\underline{A^{\\oplus n}} \\to \\underline{A^{\\oplus m}}$. \\end{enumerate} ",
        "label": "definition-adequate-functor",
        "tag": "06UT",
        "url": "https://stacks.math.columbia.edu/tag/06UT",
        "source_filename": "adequate.tex"
    },
    {
        "theorem": "Lemma 46.3.3.",
        "body": "  Let $A$ be a ring. Let $F$ be an adequate functor on $\\textit{Alg}_A$. If $B = \\mathop{\\mathrm{colim}}\\nolimits B_i$ is a filtered colimit of $A$-algebras, then $F(B) = \\mathop{\\mathrm{colim}}\\nolimits F(B_i)$. ",
        "label": "lemma-adequate-finite-presentation",
        "tag": "06UU",
        "url": "https://stacks.math.columbia.edu/tag/06UU",
        "source_filename": "adequate.tex"
    },
    {
        "theorem": "Remark 46.3.4.",
        "body": "  Consider the category $\\textit{Alg}_{fp, A}$ whose objects are $A$-algebras $B$ of the form $B = A[x_1, \\ldots, x_n]/(f_1, \\ldots, f_m)$ and whose morphisms are $A$-algebra maps. Every $A$-algebra $B$ is a filtered colimit of finitely presented $A$-algebra, i.e., a filtered colimit of objects of $\\textit{Alg}_{fp, A}$. By Lemma \\ref{lemma-adequate-finite-presentation} we conclude every adequate functor $F$ is determined by its restriction to $\\textit{Alg}_{fp, A}$. For some questions we can therefore restrict to functors on $\\textit{Alg}_{fp, A}$. For example, the category of adequate functors does not depend on the choice of the big $\\tau$-site chosen in Section \\ref{section-conventions}. ",
        "label": "remark-settheoretic",
        "tag": "06UV",
        "url": "https://stacks.math.columbia.edu/tag/06UV",
        "source_filename": "adequate.tex"
    },
    {
        "theorem": "Lemma 46.3.5.",
        "body": "  Let $A$ be a ring. Let $F$ be an adequate functor on $\\textit{Alg}_A$. If $B \\to B'$ is flat, then $F(B) \\otimes_B B' \\to F(B')$ is an isomorphism. ",
        "label": "lemma-adequate-flat",
        "tag": "06UW",
        "url": "https://stacks.math.columbia.edu/tag/06UW",
        "source_filename": "adequate.tex"
    },
    {
        "theorem": "Lemma 46.3.6.",
        "body": "  Let $A$ be a ring. Let $F$ be an adequate functor on $\\textit{Alg}_A$. Then there exists a surjection $L \\to F$ with $L$ a direct sum of linearly adequate functors. ",
        "label": "lemma-adequate-surjection-from-linear",
        "tag": "06UX",
        "url": "https://stacks.math.columbia.edu/tag/06UX",
        "source_filename": "adequate.tex"
    },
    {
        "theorem": "Lemma 46.3.7.",
        "body": "  Let $A$ be a ring. Let $F$ be a module-valued functor on $\\textit{Alg}_A$. Assume that for $B \\to B'$ flat the map $F(B) \\otimes_B B' \\to F(B')$ is an isomorphism. Let $B$ be a graded $A$-algebra. Then \\begin{enumerate} \\item $F(B) = \\bigoplus_{k \\in \\mathbf{Z}} F(B)^{(k)}$, and \\item the map $B \\to B_0 \\to B$ induces map $F(B) \\to F(B)$ whose image is contained in $F(B)^{(0)}$. \\end{enumerate} ",
        "label": "lemma-flat-functor-split",
        "tag": "06UZ",
        "url": "https://stacks.math.columbia.edu/tag/06UZ",
        "source_filename": "adequate.tex"
    },
    {
        "theorem": "Lemma 46.3.8.",
        "body": "  Let $A$ be a ring. Given a solid diagram $$ \\xymatrix{ 0 \\ar[r] & L \\ar[d]_\\varphi \\ar[r] & \\underline{A^{\\oplus n}} \\ar[r] \\ar@{..>}[ld] & \\underline{A^{\\oplus m}} \\\\ & \\underline{M} } $$ of module-valued functors on $\\textit{Alg}_A$ with exact row there exists a dotted arrow making the diagram commute. ",
        "label": "lemma-lift-map",
        "tag": "06V0",
        "url": "https://stacks.math.columbia.edu/tag/06V0",
        "source_filename": "adequate.tex"
    },
    {
        "theorem": "Lemma 46.3.9.",
        "body": "  Let $A$ be a ring. Let $\\varphi : F \\to \\underline{M}$ be a map of module-valued functors on $\\textit{Alg}_A$ with $F$ adequate. Then $\\mathop{\\mathrm{Coker}}(\\varphi)$ is adequate. ",
        "label": "lemma-cokernel-into-module",
        "tag": "06V1",
        "url": "https://stacks.math.columbia.edu/tag/06V1",
        "source_filename": "adequate.tex"
    },
    {
        "theorem": "Lemma 46.3.10.",
        "body": "  \\begin{slogan} The cokernel of a map of adequate functors on the category of algebras over a ring is adequate. \\end{slogan} Let $A$ be a ring. Let $\\varphi : F \\to G$ be a map of adequate functors on $\\textit{Alg}_A$. Then $\\mathop{\\mathrm{Coker}}(\\varphi)$ is adequate. ",
        "label": "lemma-cokernel-adequate",
        "tag": "06V2",
        "url": "https://stacks.math.columbia.edu/tag/06V2",
        "source_filename": "adequate.tex"
    },
    {
        "theorem": "Lemma 46.3.11.",
        "body": "  Let $A$ be a ring. Let $\\varphi : F \\to G$ be a map of adequate functors on $\\textit{Alg}_A$. Then $\\mathop{\\mathrm{Ker}}(\\varphi)$ is adequate. ",
        "label": "lemma-kernel-adequate",
        "tag": "06V3",
        "url": "https://stacks.math.columbia.edu/tag/06V3",
        "source_filename": "adequate.tex"
    },
    {
        "theorem": "Lemma 46.3.12.",
        "body": "  Let $A$ be a ring. An arbitrary direct sum of adequate functors on $\\textit{Alg}_A$ is adequate. A colimit of adequate functors is adequate. ",
        "label": "lemma-colimit-adequate",
        "tag": "06V4",
        "url": "https://stacks.math.columbia.edu/tag/06V4",
        "source_filename": "adequate.tex"
    },
    {
        "theorem": "Lemma 46.3.13.",
        "body": "  Let $A$ be a ring. Let $F, G$ be module-valued functors on $\\textit{Alg}_A$. Let $\\varphi : F \\to G$ be a transformation of functors. Assume \\begin{enumerate} \\item $\\varphi$ is additive, \\item for every $A$-algebra $B$ and $\\xi \\in F(B)$ and unit $u \\in B^*$ we have $\\varphi(u\\xi) = u\\varphi(\\xi)$ in $G(B)$, and \\item for any flat ring map $B \\to B'$ we have $G(B) \\otimes_B B' = G(B')$. \\end{enumerate} Then $\\varphi$ is a morphism of module-valued functors. ",
        "label": "lemma-flat-linear-functor",
        "tag": "06V5",
        "url": "https://stacks.math.columbia.edu/tag/06V5",
        "source_filename": "adequate.tex"
    },
    {
        "theorem": "Lemma 46.3.14.",
        "body": "  Let $A$ be a ring. Let $0 \\to \\underline{M} \\to G \\to L \\to 0$ be a short exact sequence of module-valued functors on $\\textit{Alg}_A$ with $L$ linearly adequate. Then $G$ is adequate. ",
        "label": "lemma-extension-adequate-key",
        "tag": "06V6",
        "url": "https://stacks.math.columbia.edu/tag/06V6",
        "source_filename": "adequate.tex"
    },
    {
        "theorem": "Remark 46.3.15.",
        "body": "  Let $A$ be a ring. The proof of Lemma \\ref{lemma-extension-adequate-key} shows that any extension $0 \\to \\underline{M} \\to E \\to L \\to 0$ of module-valued functors on $\\textit{Alg}_A$ with $L$ linearly adequate splits. It uses only the following properties of the module-valued functor $F = \\underline{M}$: \\begin{enumerate} \\item $F(B) \\otimes_B B' \\to F(B')$ is an isomorphism for a flat ring map $B \\to B'$, and \\item $F(C)^{(1)} = F(p_1)(F(B)^{(1)}) \\oplus F(p_2)(F(B)^{(1)})$ where $B = A[x_1, \\ldots, x_n]/(\\sum a_{ij}x_j)$ and $C = A[x_1, \\ldots, x_n, y_1, \\ldots, y_n]/ (\\sum a_{ij}x_j, \\sum a_{ij}y_j)$. \\end{enumerate} These two properties hold for any adequate functor $F$; details omitted. Hence we see that $L$ is a projective object of the abelian category of adequate functors. ",
        "label": "remark-linearly-adequate",
        "tag": "06V7",
        "url": "https://stacks.math.columbia.edu/tag/06V7",
        "source_filename": "adequate.tex"
    },
    {
        "theorem": "Lemma 46.3.16.",
        "body": "  Let $A$ be a ring. Let $0 \\to F \\to G \\to H \\to 0$ be a short exact sequence of module-valued functors on $\\textit{Alg}_A$. If $F$ and $H$ are adequate, so is $G$. ",
        "label": "lemma-extension-adequate",
        "tag": "06V8",
        "url": "https://stacks.math.columbia.edu/tag/06V8",
        "source_filename": "adequate.tex"
    },
    {
        "theorem": "Lemma 46.3.17.",
        "body": "  Let $A \\to A'$ be a ring map. If $F$ is an adequate functor on $\\textit{Alg}_A$, then its restriction $F'$ to $\\textit{Alg}_{A'}$ is adequate too. ",
        "label": "lemma-base-change-adequate",
        "tag": "06V9",
        "url": "https://stacks.math.columbia.edu/tag/06V9",
        "source_filename": "adequate.tex"
    },
    {
        "theorem": "Lemma 46.3.18.",
        "body": "  Let $A \\to A'$ be a ring map. If $F'$ is an adequate functor on $\\textit{Alg}_{A'}$, then the module-valued functor $F : B \\mapsto F'(A' \\otimes_A B)$ on $\\textit{Alg}_A$ is adequate too. ",
        "label": "lemma-pushforward-adequate",
        "tag": "06VA",
        "url": "https://stacks.math.columbia.edu/tag/06VA",
        "source_filename": "adequate.tex"
    },
    {
        "theorem": "Lemma 46.3.19.",
        "body": "  Let $A = A_1 \\times \\ldots \\times A_n$ be a product of rings. An adequate functor over $A$ is the same thing as a sequence $F_1, \\ldots, F_n$ of adequate functors $F_i$ over $A_i$. ",
        "label": "lemma-adequate-product",
        "tag": "06VB",
        "url": "https://stacks.math.columbia.edu/tag/06VB",
        "source_filename": "adequate.tex"
    },
    {
        "theorem": "Lemma 46.3.20.",
        "body": "  Let $A \\to A'$ be a ring map and let $F$ be a module-valued functor on $\\textit{Alg}_A$ such that \\begin{enumerate} \\item the restriction $F'$ of $F$ to the category of $A'$-algebras is adequate, and \\item for any $A$-algebra $B$ the sequence $$ 0 \\to F(B) \\to F(B \\otimes_A A') \\to F(B \\otimes_A A' \\otimes_A A') $$ is exact. \\end{enumerate} Then $F$ is adequate. ",
        "label": "lemma-adequate-descent",
        "tag": "06VH",
        "url": "https://stacks.math.columbia.edu/tag/06VH",
        "source_filename": "adequate.tex"
    },
    {
        "theorem": "Lemma 46.4.1.",
        "body": "  Let $A$ be a ring. For every module-valued functor $F$ on $\\textit{Alg}_A$ there exists a morphism $Q(F) \\to F$ of module-valued functors on $\\textit{Alg}_A$ such that (1) $Q(F)$ is adequate and (2) for every adequate functor $G$ the map $\\mathop{\\mathrm{Hom}}\\nolimits(G, Q(F)) \\to \\mathop{\\mathrm{Hom}}\\nolimits(G, F)$ is a bijection. ",
        "label": "lemma-adjoint",
        "tag": "06Z6",
        "url": "https://stacks.math.columbia.edu/tag/06Z6",
        "source_filename": "adequate.tex"
    },
    {
        "theorem": "Lemma 46.4.2.",
        "body": "  Let $A$ be a ring. Denote $\\mathcal{P}$ the category of module-valued functors on $\\textit{Alg}_A$ and $\\mathcal{A}$ the category of adequate functors on $\\textit{Alg}_A$. Denote $i : \\mathcal{A} \\to \\mathcal{P}$ the inclusion functor. Denote $Q : \\mathcal{P} \\to \\mathcal{A}$ the construction of Lemma \\ref{lemma-adjoint}. Then \\begin{enumerate} \\item $i$ is fully faithful, exact, and its image is a weak Serre subcategory, \\item $\\mathcal{P}$ has enough injectives, \\item the functor $Q$ is a right adjoint to $i$ hence left exact, \\item $Q$ transforms injectives into injectives, \\item $\\mathcal{A}$ has enough injectives. \\end{enumerate} ",
        "label": "lemma-enough-injectives",
        "tag": "06Z7",
        "url": "https://stacks.math.columbia.edu/tag/06Z7",
        "source_filename": "adequate.tex"
    },
    {
        "theorem": "Lemma 46.4.3.",
        "body": "  Let $A$ be a ring. Let $F$ be a module valued functor. For every $B \\in \\mathop{\\mathrm{Ob}}\\nolimits(\\textit{Alg}_A)$ and $B$-module $N$ there is a canonical decomposition $$ F(B[N]) = F(B) \\oplus TF(B, N) $$ characterized by the following properties \\begin{enumerate} \\item $TF(B, N) = \\mathop{\\mathrm{Ker}}(F(B[N]) \\to F(B))$, \\item there is a $B$-module structure $TF(B, N)$ compatible with $B[N]$-module structure on $F(B[N])$, \\item $TF$ is a functor from the category of pairs $(B, N)$, \\item \\label{item-mult-map} there are canonical maps $N \\otimes_B F(B) \\to TF(B, N)$ inducing a transformation between functors defined on the category of pairs $(B, N)$, \\item $TF(B, 0) = 0$ and the map $TF(B, N) \\to TF(B, N')$ is zero when $N \\to N'$ is the zero map. \\end{enumerate} ",
        "label": "lemma-tangent-functor",
        "tag": "06Z8",
        "url": "https://stacks.math.columbia.edu/tag/06Z8",
        "source_filename": "adequate.tex"
    },
    {
        "theorem": "Lemma 46.4.4.",
        "body": "  Let $A$ be a ring. Let $I$ be an injective object of the category of module-valued functors. Then for any $B \\in \\mathop{\\mathrm{Ob}}\\nolimits(\\textit{Alg}_A)$ and short exact sequence $0 \\to N_1 \\to N \\to N_2 \\to 0$ of $B$-modules the sequence $$ TI(B, N_1) \\to TI(B, N) \\to TI(B, N_2) \\to 0 $$ is exact. ",
        "label": "lemma-tangent-injective",
        "tag": "06ZA",
        "url": "https://stacks.math.columbia.edu/tag/06ZA",
        "source_filename": "adequate.tex"
    },
    {
        "theorem": "Lemma 46.4.5.",
        "body": "  Let $A$ be a ring. Let $F$ be a module-valued functor such that for any $B \\in \\mathop{\\mathrm{Ob}}\\nolimits(\\textit{Alg}_A)$ the functor $TF(B, -)$ on $B$-modules transforms a short exact sequence of $B$-modules into a right exact sequence. Then \\begin{enumerate} \\item $TF(B, N_1 \\oplus N_2) = TF(B, N_1) \\oplus TF(B, N_2)$, \\item there is a second functorial $B$-module structure on $TF(B, N)$ defined by setting $x \\cdot b = TF(B, b\\cdot 1_N)(x)$ for $x \\in TF(B, N)$ and $b \\in B$, \\item \\label{item-mult-map-linear} the canonical map $N \\otimes_B F(B) \\to TF(B, N)$ of Lemma \\ref{lemma-tangent-functor} is $B$-linear also with respect to the second $B$-module structure, \\item \\label{item-tangent-right-exact} given a finitely presented $B$-module $N$ there is a canonical isomorphism $TF(B, B) \\otimes_B N \\to TF(B, N)$ where the tensor product uses the second $B$-module structure on $TF(B, B)$. \\end{enumerate} ",
        "label": "lemma-exactness-implies",
        "tag": "06ZB",
        "url": "https://stacks.math.columbia.edu/tag/06ZB",
        "source_filename": "adequate.tex"
    },
    {
        "theorem": "Example 46.4.6.",
        "body": "  Let $F$ be a module-valued functor as in Lemma \\ref{lemma-exactness-implies}. It is not always the case that the two module structures on $TF(B, N)$ agree. Here is an example. Suppose $A = \\mathbf{F}_p$ where $p$ is a prime. Set $F(B) = B$ but with $B$-module structure given by $b \\cdot x = b^px$. Then $TF(B, N) = N$ with $B$-module structure given by $b \\cdot x = b^px$ for $x \\in N$. However, the second $B$-module structure is given by $x \\cdot b = bx$. Note that in this case the canonical map $N \\otimes_B F(B) \\to TF(B, N)$ is zero as raising an element $n \\in B[N]$ to the $p$th power is zero. ",
        "label": "example-module-structure-different",
        "tag": "06ZE",
        "url": "https://stacks.math.columbia.edu/tag/06ZE",
        "source_filename": "adequate.tex"
    },
    {
        "theorem": "Lemma 46.4.7.",
        "body": "  Let $A$ be a ring. For $F$ a module-valued functor on $\\textit{Alg}_A$ say $(*)$ holds if for all $B \\in \\mathop{\\mathrm{Ob}}\\nolimits(\\textit{Alg}_A)$ the functor $TF(B, -)$ on $B$-modules transforms a short exact sequence of $B$-modules into a right exact sequence. Let $0 \\to F \\to G \\to H \\to 0$ be a short exact sequence of module-valued functors on $\\textit{Alg}_A$. \\begin{enumerate} \\item If $(*)$ holds for $F, G$ then $(*)$ holds for $H$. \\item If $(*)$ holds for $F, H$ then $(*)$ holds for $G$. \\item If $H' \\to H$ is morphism of module-valued functors on $\\textit{Alg}_A$ and $(*)$ holds for $F$, $G$, $H$, and $H'$, then $(*)$ holds for $G \\times_H H'$. \\end{enumerate} ",
        "label": "lemma-exactness-permanence",
        "tag": "06ZF",
        "url": "https://stacks.math.columbia.edu/tag/06ZF",
        "source_filename": "adequate.tex"
    },
    {
        "theorem": "Lemma 46.4.8.",
        "body": "  Let $A$ be a ring. Let $M$, $P$ be $A$-modules with $P$ of finite presentation. Then $\\mathop{\\mathrm{Ext}}\\nolimits^i_\\mathcal{P}(\\underline{P}, \\underline{M}) = 0$ for $i > 0$ where $\\mathcal{P}$ is the category of module-valued functors on $\\textit{Alg}_A$. ",
        "label": "lemma-ext-group-zero-key",
        "tag": "06ZG",
        "url": "https://stacks.math.columbia.edu/tag/06ZG",
        "source_filename": "adequate.tex"
    },
    {
        "theorem": "Lemma 46.4.9.",
        "body": "  Let $A$ be a ring. Let $M$ be an $A$-module. Let $L$ be a linearly adequate functor on $\\textit{Alg}_A$. Then $\\mathop{\\mathrm{Ext}}\\nolimits^i_\\mathcal{P}(L, \\underline{M}) = 0$ for $i > 0$ where $\\mathcal{P}$ is the category of module-valued functors on $\\textit{Alg}_A$. ",
        "label": "lemma-ext-group-zero",
        "tag": "06ZH",
        "url": "https://stacks.math.columbia.edu/tag/06ZH",
        "source_filename": "adequate.tex"
    },
    {
        "theorem": "Lemma 46.4.10.",
        "body": "  With notation as in Lemma \\ref{lemma-enough-injectives} we have $R^pQ(F) = 0$ for all $p > 0$ and any adequate functor $F$. ",
        "label": "lemma-RQ-zero",
        "tag": "06ZI",
        "url": "https://stacks.math.columbia.edu/tag/06ZI",
        "source_filename": "adequate.tex"
    },
    {
        "theorem": "Definition 46.5.1.",
        "body": "  A sheaf of $\\mathcal{O}$-modules $\\mathcal{F}$ on $(\\mathit{Sch}/S)_\\tau$ is {\\it adequate} if there exists a $\\tau$-covering $\\{\\mathop{\\mathrm{Spec}}(A_i) \\to S\\}_{i \\in I}$ such that $F_{\\mathcal{F}, A_i}$ is adequate for all $i \\in I$. ",
        "label": "definition-adequate",
        "tag": "06VG",
        "url": "https://stacks.math.columbia.edu/tag/06VG",
        "source_filename": "adequate.tex"
    },
    {
        "theorem": "Lemma 46.5.2.",
        "body": "  Let $S$ be a scheme. Let $\\mathcal{F}$ be an adequate $\\mathcal{O}$-module on $(\\mathit{Sch}/S)_\\tau$. For any affine scheme $\\mathop{\\mathrm{Spec}}(A)$ over $S$ the functor $F_{\\mathcal{F}, A}$ is adequate. ",
        "label": "lemma-adequate-local",
        "tag": "06VI",
        "url": "https://stacks.math.columbia.edu/tag/06VI",
        "source_filename": "adequate.tex"
    },
    {
        "theorem": "Lemma 46.5.3.",
        "body": "  Let $S = \\mathop{\\mathrm{Spec}}(A)$ be an affine scheme. The category of adequate $\\mathcal{O}$-modules on $(\\mathit{Sch}/S)_\\tau$ is equivalent to the category of adequate module-valued functors on $\\textit{Alg}_A$. ",
        "label": "lemma-adequate-affine",
        "tag": "06ZJ",
        "url": "https://stacks.math.columbia.edu/tag/06ZJ",
        "source_filename": "adequate.tex"
    },
    {
        "theorem": "Lemma 46.5.4.",
        "body": "  Let $f : T \\to S$ be a morphism of schemes. The pullback $f^*\\mathcal{F}$ of an adequate $\\mathcal{O}$-module $\\mathcal{F}$ on $(\\mathit{Sch}/S)_\\tau$ is an adequate $\\mathcal{O}$-module on $(\\mathit{Sch}/T)_\\tau$. ",
        "label": "lemma-pullback-adequate",
        "tag": "06VJ",
        "url": "https://stacks.math.columbia.edu/tag/06VJ",
        "source_filename": "adequate.tex"
    },
    {
        "theorem": "Lemma 46.5.5.",
        "body": "  Let $S$ be a scheme. Let $\\mathcal{F}$ be an $\\mathcal{O}$-module on $(\\mathit{Sch}/S)_\\tau$. The following are equivalent \\begin{enumerate} \\item $\\mathcal{F}$ is adequate, \\item there exists an affine open covering $S = \\bigcup S_i$ and maps of quasi-coherent $\\mathcal{O}_{S_i}$-modules $\\mathcal{G}_i \\to \\mathcal{H}_i$ such that $\\mathcal{F}|_{(\\mathit{Sch}/S_i)_\\tau}$ is the kernel of $\\mathcal{G}_i^a \\to \\mathcal{H}_i^a$ \\item there exists a $\\tau$-covering $\\{S_i \\to S\\}_{i \\in I}$ and maps of $\\mathcal{O}_{S_i}$-quasi-coherent modules $\\mathcal{G}_i \\to \\mathcal{H}_i$ such that $\\mathcal{F}|_{(\\mathit{Sch}/S_i)_\\tau}$ is the kernel of $\\mathcal{G}_i^a \\to \\mathcal{H}_i^a$, \\item there exists a $\\tau$-covering $\\{f_i : S_i \\to S\\}_{i \\in I}$ such that each $f_i^*\\mathcal{F}$ is adequate, \\item for any affine scheme $U$ over $S$ the restriction $\\mathcal{F}|_{(\\mathit{Sch}/U)_\\tau}$ is the kernel of a map $\\mathcal{G}^a \\to \\mathcal{H}^a$ of quasi-coherent $\\mathcal{O}_U$-modules. \\end{enumerate} ",
        "label": "lemma-adequate-characterize",
        "tag": "06VK",
        "url": "https://stacks.math.columbia.edu/tag/06VK",
        "source_filename": "adequate.tex"
    },
    {
        "theorem": "Lemma 46.5.6.",
        "body": "  Let $\\mathcal{F}$ be an adequate $\\mathcal{O}$-module on $(\\mathit{Sch}/S)_\\tau$. For any surjective flat morphism $\\mathop{\\mathrm{Spec}}(B) \\to \\mathop{\\mathrm{Spec}}(A)$ of affines over $S$ the extended {\\v C}ech complex $$ 0 \\to \\mathcal{F}(\\mathop{\\mathrm{Spec}}(A)) \\to \\mathcal{F}(\\mathop{\\mathrm{Spec}}(B)) \\to \\mathcal{F}(\\mathop{\\mathrm{Spec}}(B \\otimes_A B)) \\to \\ldots $$ is exact. In particular $\\mathcal{F}$ satisfies the sheaf condition for fpqc coverings, and is a sheaf of $\\mathcal{O}$-modules on $(\\mathit{Sch}/S)_{fppf}$. ",
        "label": "lemma-adequate-fpqc",
        "tag": "06VL",
        "url": "https://stacks.math.columbia.edu/tag/06VL",
        "source_filename": "adequate.tex"
    },
    {
        "theorem": "Definition 46.5.7.",
        "body": "  Let $S$ be a scheme. The category of adequate $\\mathcal{O}$-modules on $(\\mathit{Sch}/S)_\\tau$ is denoted {\\it $\\textit{Adeq}(\\mathcal{O})$} or {\\it $\\textit{Adeq}((\\mathit{Sch}/S)_\\tau, \\mathcal{O})$}. If we want to think just about the abelian category of adequate modules without choosing a topology we simply write {\\it $\\textit{Adeq}(S)$}. ",
        "label": "definition-category-adequate-modules",
        "tag": "07AH",
        "url": "https://stacks.math.columbia.edu/tag/07AH",
        "source_filename": "adequate.tex"
    },
    {
        "theorem": "Lemma 46.5.8.",
        "body": "  Let $S$ be a scheme. Let $\\mathcal{F}$ be an adequate $\\mathcal{O}$-module on $(\\mathit{Sch}/S)_\\tau$. \\begin{enumerate} \\item The restriction $\\mathcal{F}|_{S_{Zar}}$ is a quasi-coherent $\\mathcal{O}_S$-module on the scheme $S$. \\item The restriction $\\mathcal{F}|_{S_{\\acute{e}tale}}$ is the quasi-coherent module associated to $\\mathcal{F}|_{S_{Zar}}$. \\item For any affine scheme $U$ over $S$ we have $H^q(U, \\mathcal{F}) = 0$ for all $q > 0$. \\item There is a canonical isomorphism $$ H^q(S, \\mathcal{F}|_{S_{Zar}}) = H^q((\\mathit{Sch}/S)_\\tau, \\mathcal{F}). $$ \\end{enumerate} ",
        "label": "lemma-same-cohomology-adequate",
        "tag": "06VM",
        "url": "https://stacks.math.columbia.edu/tag/06VM",
        "source_filename": "adequate.tex"
    },
    {
        "theorem": "Remark 46.5.9.",
        "body": "  Let $S$ be a scheme. We have functors $u : \\mathit{QCoh}(\\mathcal{O}_S) \\to \\textit{Adeq}(\\mathcal{O})$ and $v : \\textit{Adeq}(\\mathcal{O}) \\to \\mathit{QCoh}(\\mathcal{O}_S)$. Namely, the functor $u : \\mathcal{F} \\mapsto \\mathcal{F}^a$ comes from taking the associated $\\mathcal{O}$-module which is adequate by Lemma \\ref{lemma-adequate-characterize}. Conversely, the functor $v$ comes from restriction $v : \\mathcal{G} \\mapsto \\mathcal{G}|_{S_{Zar}}$, see Lemma \\ref{lemma-same-cohomology-adequate}. Since $\\mathcal{F}^a$ can be described as the pullback of $\\mathcal{F}$ under a morphism of ringed topoi $((\\mathit{Sch}/S)_\\tau, \\mathcal{O}) \\to (S_{Zar}, \\mathcal{O}_S)$, see Descent, Remark \\ref{descent-remark-change-topologies-ringed-sites} and since restriction is the pushforward we see that $u$ and $v$ are adjoint as follows $$ \\mathop{\\mathcal{H}\\!\\mathit{om}}\\nolimits_{\\mathcal{O}_S}(\\mathcal{F}, v\\mathcal{G}) = \\mathop{\\mathcal{H}\\!\\mathit{om}}\\nolimits_\\mathcal{O}(u\\mathcal{F}, \\mathcal{G}) $$ where $\\mathcal{O}$ denotes the structure sheaf on the big site. It is immediate from the description that the adjunction mapping $\\mathcal{F} \\to vu\\mathcal{F}$ is an isomorphism for all quasi-coherent sheaves. ",
        "label": "remark-compare",
        "tag": "06VN",
        "url": "https://stacks.math.columbia.edu/tag/06VN",
        "source_filename": "adequate.tex"
    },
    {
        "theorem": "Lemma 46.5.10.",
        "body": "  Let $S$ be a scheme. Let $\\mathcal{F}$ be a presheaf of $\\mathcal{O}$-modules on $(\\mathit{Sch}/S)_\\tau$. If for every affine scheme $\\mathop{\\mathrm{Spec}}(A)$ over $S$ the functor $F_{\\mathcal{F}, A}$ is adequate, then the sheafification of $\\mathcal{F}$ is an adequate $\\mathcal{O}$-module. ",
        "label": "lemma-sheafification-adequate",
        "tag": "06VP",
        "url": "https://stacks.math.columbia.edu/tag/06VP",
        "source_filename": "adequate.tex"
    },
    {
        "theorem": "Lemma 46.5.11.",
        "body": "  Let $S$ be a scheme. \\begin{enumerate} \\item The category $\\textit{Adeq}(\\mathcal{O})$ is abelian. \\item The functor $\\textit{Adeq}(\\mathcal{O}) \\to \\textit{Mod}((\\mathit{Sch}/S)_\\tau, \\mathcal{O})$ is exact. \\item If $0 \\to \\mathcal{F}_1 \\to \\mathcal{F}_2 \\to \\mathcal{F}_3 \\to 0$ is a short exact sequence of $\\mathcal{O}$-modules and $\\mathcal{F}_1$ and $\\mathcal{F}_3$ are adequate, then $\\mathcal{F}_2$ is adequate. \\item The category $\\textit{Adeq}(\\mathcal{O})$ has colimits and $\\textit{Adeq}(\\mathcal{O}) \\to \\textit{Mod}((\\mathit{Sch}/S)_\\tau, \\mathcal{O})$ commutes with them. \\end{enumerate} ",
        "label": "lemma-abelian-adequate",
        "tag": "06VQ",
        "url": "https://stacks.math.columbia.edu/tag/06VQ",
        "source_filename": "adequate.tex"
    },
    {
        "theorem": "Lemma 46.5.12.",
        "body": "  Let $f : T \\to S$ be a quasi-compact and quasi-separated morphism of schemes. For any adequate $\\mathcal{O}_T$-module on $(\\mathit{Sch}/T)_\\tau$ the pushforward $f_*\\mathcal{F}$ and the higher direct images $R^if_*\\mathcal{F}$ are adequate $\\mathcal{O}_S$-modules on $(\\mathit{Sch}/S)_\\tau$. ",
        "label": "lemma-direct-image-adequate",
        "tag": "06VR",
        "url": "https://stacks.math.columbia.edu/tag/06VR",
        "source_filename": "adequate.tex"
    },
    {
        "theorem": "Lemma 46.6.1.",
        "body": "  Let $S$ be a scheme. Let $\\mathcal{F}$ be an adequate $\\mathcal{O}$-module on $(\\mathit{Sch}/S)_\\tau$. The following are equivalent: \\begin{enumerate} \\item $v\\mathcal{F} = 0$, \\item $\\mathcal{F}$ is parasitic, \\item $\\mathcal{F}$ is parasitic for the $\\tau$-topology, \\item $\\mathcal{F}(U) = 0$ for all $U \\subset S$ open, and \\item there exists an affine open covering $S = \\bigcup U_i$ such that $\\mathcal{F}(U_i) = 0$ for all $i$. \\end{enumerate} ",
        "label": "lemma-parasitic-adequate",
        "tag": "06ZM",
        "url": "https://stacks.math.columbia.edu/tag/06ZM",
        "source_filename": "adequate.tex"
    },
    {
        "theorem": "Lemma 46.6.2.",
        "body": "  Let $S$ be a scheme. The subcategory $\\mathcal{C} \\subset \\textit{Adeq}(\\mathcal{O})$ of parasitic adequate modules is a Serre subcategory. Moreover, the functor $v$ induces an equivalence of categories $$ \\textit{Adeq}(\\mathcal{O}) / \\mathcal{C} = \\mathit{QCoh}(\\mathcal{O}_S). $$ ",
        "label": "lemma-adequate-by-parasitic",
        "tag": "06ZN",
        "url": "https://stacks.math.columbia.edu/tag/06ZN",
        "source_filename": "adequate.tex"
    },
    {
        "theorem": "Lemma 46.6.3.",
        "body": "  Let $f : T \\to S$ be a quasi-compact and quasi-separated morphism of schemes. For any parasitic adequate $\\mathcal{O}_T$-module on $(\\mathit{Sch}/T)_\\tau$ the pushforward $f_*\\mathcal{F}$ and the higher direct images $R^if_*\\mathcal{F}$ are parasitic adequate $\\mathcal{O}_S$-modules on $(\\mathit{Sch}/S)_\\tau$. ",
        "label": "lemma-direct-image-parasitic-adequate",
        "tag": "06ZP",
        "url": "https://stacks.math.columbia.edu/tag/06ZP",
        "source_filename": "adequate.tex"
    },
    {
        "theorem": "Lemma 46.7.1.",
        "body": "  Let $S$ be a scheme. Let $\\mathcal{C} \\subset \\textit{Adeq}(\\mathcal{O})$ denote the full subcategory consisting of parasitic adequate modules. Then $$ D(\\textit{Adeq}(\\mathcal{O}))/D_\\mathcal{C}(\\textit{Adeq}(\\mathcal{O})) = D(\\mathit{QCoh}(\\mathcal{O}_S)) $$ and similarly for the bounded versions. ",
        "label": "lemma-quotient-easy",
        "tag": "06ZQ",
        "url": "https://stacks.math.columbia.edu/tag/06ZQ",
        "source_filename": "adequate.tex"
    },
    {
        "theorem": "Lemma 46.7.2.",
        "body": "  Let $U = \\mathop{\\mathrm{Spec}}(A)$ be an affine scheme. The bounded below derived category $D^+(\\textit{Adeq}(\\mathcal{O}))$ is the localization of $K^+(\\mathit{QCoh}(\\mathcal{O}_U))$ at the multiplicative subset of universal quasi-isomorphisms. ",
        "label": "lemma-describe-Dplus-adequate",
        "tag": "06ZR",
        "url": "https://stacks.math.columbia.edu/tag/06ZR",
        "source_filename": "adequate.tex"
    },
    {
        "theorem": "Lemma 46.7.3.",
        "body": "  Let $U = \\mathop{\\mathrm{Spec}}(A)$ be an affine scheme. The inclusion functor $$ \\textit{Adeq}(\\mathcal{O}) \\to \\textit{Mod}((\\mathit{Sch}/U)_\\tau, \\mathcal{O}) $$ has a right adjoint $A$\\footnote{This is the ``adequator''.}. Moreover, the adjunction mapping $A(\\mathcal{F}) \\to \\mathcal{F}$ is an isomorphism for every adequate module $\\mathcal{F}$. ",
        "label": "lemma-right-adjoint-adequate",
        "tag": "06ZS",
        "url": "https://stacks.math.columbia.edu/tag/06ZS",
        "source_filename": "adequate.tex"
    },
    {
        "theorem": "Lemma 46.7.4.",
        "body": "  Let $U = \\mathop{\\mathrm{Spec}}(A)$ be an affine scheme. For any object $\\mathcal{F}$ of $\\textit{Adeq}(\\mathcal{O})$ we have $R^pA(\\mathcal{F}) = 0$ for all $p > 0$ where $A$ is as in Lemma \\ref{lemma-right-adjoint-adequate}. ",
        "label": "lemma-RA-zero",
        "tag": "06ZU",
        "url": "https://stacks.math.columbia.edu/tag/06ZU",
        "source_filename": "adequate.tex"
    },
    {
        "theorem": "Lemma 46.7.5.",
        "body": "  If $U = \\mathop{\\mathrm{Spec}}(A)$ is an affine scheme, then the bounded below version \\begin{equation} \\label{equation-compare-bounded-adequate} D^+(\\textit{Adeq}(\\mathcal{O})) \\longrightarrow D^+_{\\textit{Adeq}}(\\mathcal{O}) \\end{equation} of the functor above is an equivalence. ",
        "label": "lemma-bounded-below",
        "tag": "06ZV",
        "url": "https://stacks.math.columbia.edu/tag/06ZV",
        "source_filename": "adequate.tex"
    },
    {
        "theorem": "Lemma 46.7.6.",
        "body": "  Let $U = \\mathop{\\mathrm{Spec}}(A)$ be an affine scheme. Let $\\mathcal{F}$ and $\\mathcal{G}$ be adequate $\\mathcal{O}$-modules. For any $i \\geq 0$ the natural map $$ \\mathop{\\mathrm{Ext}}\\nolimits^i_{\\textit{Adeq}(\\mathcal{O})}(\\mathcal{F}, \\mathcal{G}) \\longrightarrow \\mathop{\\mathrm{Ext}}\\nolimits^i_{\\textit{Mod}(\\mathcal{O})}(\\mathcal{F}, \\mathcal{G}) $$ is an isomorphism. ",
        "label": "lemma-ext-adequate",
        "tag": "06ZW",
        "url": "https://stacks.math.columbia.edu/tag/06ZW",
        "source_filename": "adequate.tex"
    },
    {
        "theorem": "Definition 46.8.1.",
        "body": "  Let $A$ be a ring. \\begin{enumerate} \\item An $A$-module $P$ is said to be {\\it pure projective} if for every universally exact sequence $0 \\to K \\to M \\to N \\to 0$ of $A$-module the sequence $0 \\to \\mathop{\\mathrm{Hom}}\\nolimits_A(P, K) \\to \\mathop{\\mathrm{Hom}}\\nolimits_A(P, M) \\to \\mathop{\\mathrm{Hom}}\\nolimits_A(P, N) \\to 0$ is exact. \\item An $A$-module $I$ is said to be {\\it pure injective} if for every universally exact sequence $0 \\to K \\to M \\to N \\to 0$ of $A$-module the sequence $0 \\to \\mathop{\\mathrm{Hom}}\\nolimits_A(N, I) \\to \\mathop{\\mathrm{Hom}}\\nolimits_A(M, I) \\to \\mathop{\\mathrm{Hom}}\\nolimits_A(K, I) \\to 0$ is exact. \\end{enumerate} ",
        "label": "definition-pure",
        "tag": "06ZY",
        "url": "https://stacks.math.columbia.edu/tag/06ZY",
        "source_filename": "adequate.tex"
    },
    {
        "theorem": "Lemma 46.8.2.",
        "body": "  Let $A$ be a ring. \\begin{enumerate} \\item A module is pure projective if and only if it is a direct summand of a direct sum of finitely presented $A$-modules. \\item For any module $M$ there exists a universally exact sequence $0 \\to N \\to P \\to M \\to 0$ with $P$ pure projective. \\end{enumerate} ",
        "label": "lemma-pure-projective",
        "tag": "06ZZ",
        "url": "https://stacks.math.columbia.edu/tag/06ZZ",
        "source_filename": "adequate.tex"
    },
    {
        "theorem": "Lemma 46.8.3.",
        "body": "  Let $A$ be a ring. For any $A$-module $M$ set $M^\\vee = \\mathop{\\mathrm{Hom}}\\nolimits_\\mathbf{Z}(M, \\mathbf{Q}/\\mathbf{Z})$. \\begin{enumerate} \\item For any $A$-module $M$ the $A$-module $M^\\vee$ is pure injective. \\item An $A$-module $I$ is pure injective if and only if the map $I \\to (I^\\vee)^\\vee$ splits. \\item For any module $M$ there exists a universally exact sequence $0 \\to M \\to I \\to N \\to 0$ with $I$ pure injective. \\end{enumerate} ",
        "label": "lemma-pure-injective",
        "tag": "0700",
        "url": "https://stacks.math.columbia.edu/tag/0700",
        "source_filename": "adequate.tex"
    },
    {
        "theorem": "Lemma 46.8.4.",
        "body": "  Let $A$ be a ring. \\begin{enumerate} \\item Let $L \\to M \\to N$ be a universally exact sequence of $A$-modules. Let $K = \\mathop{\\mathrm{Im}}(M \\to N)$. Then $K \\to N$ is universally injective. \\item Any universally exact complex can be split into universally exact short exact sequences. \\end{enumerate} ",
        "label": "lemma-split-universally-exact-sequence",
        "tag": "0701",
        "url": "https://stacks.math.columbia.edu/tag/0701",
        "source_filename": "adequate.tex"
    },
    {
        "theorem": "Definition 46.8.5.",
        "body": "  Let $A$ be a ring. Let $M$ be an $A$-module. \\begin{enumerate} \\item A {\\it pure projective resolution} $P_\\bullet \\to M$ is a universally exact sequence $$ \\ldots \\to P_1 \\to P_0 \\to M \\to 0 $$ with each $P_i$ pure projective. \\item A {\\it pure injective resolution} $M \\to I^\\bullet$ is a universally exact sequence $$ 0 \\to M \\to I^0 \\to I^1 \\to \\ldots $$ with each $I^i$ pure injective. \\end{enumerate} ",
        "label": "definition-pure-resolution",
        "tag": "0702",
        "url": "https://stacks.math.columbia.edu/tag/0702",
        "source_filename": "adequate.tex"
    },
    {
        "theorem": "Lemma 46.8.6.",
        "body": "  Let $A$ be a ring. \\begin{enumerate} \\item Any $A$-module has a pure projective resolution. \\end{enumerate} Let $M \\to N$ be a map of $A$-modules. Let $P_\\bullet \\to M$ be a pure projective resolution and let $N_\\bullet \\to N$ be a universally exact resolution. \\begin{enumerate} \\item[(2)] There exists a map of complexes $P_\\bullet \\to N_\\bullet$ inducing the given map $$ M = \\mathop{\\mathrm{Coker}}(P_1 \\to P_0) \\to \\mathop{\\mathrm{Coker}}(N_1 \\to N_0) = N $$ \\item[(3)] two maps $\\alpha, \\beta : P_\\bullet \\to N_\\bullet$ inducing the same map $M \\to N$ are homotopic. \\end{enumerate} ",
        "label": "lemma-pure-projective-resolutions",
        "tag": "0703",
        "url": "https://stacks.math.columbia.edu/tag/0703",
        "source_filename": "adequate.tex"
    },
    {
        "theorem": "Lemma 46.8.7.",
        "body": "  Let $A$ be a ring. \\begin{enumerate} \\item Any $A$-module has a pure injective resolution. \\end{enumerate} Let $M \\to N$ be a map of $A$-modules. Let $M \\to M^\\bullet$ be a universally exact resolution and let $N \\to I^\\bullet$ be a pure injective resolution. \\begin{enumerate} \\item[(2)] There exists a map of complexes $M^\\bullet \\to I^\\bullet$ inducing the given map $$ M = \\mathop{\\mathrm{Ker}}(M^0 \\to M^1) \\to \\mathop{\\mathrm{Ker}}(I^0 \\to I^1) = N $$ \\item[(3)] two maps $\\alpha, \\beta : M^\\bullet \\to I^\\bullet$ inducing the same map $M \\to N$ are homotopic. \\end{enumerate} ",
        "label": "lemma-pure-injective-resolutions",
        "tag": "0704",
        "url": "https://stacks.math.columbia.edu/tag/0704",
        "source_filename": "adequate.tex"
    },
    {
        "theorem": "Definition 46.8.8.",
        "body": "  Let $A$ be a ring and let $M$, $N$ be $A$-modules. The $i$th {\\it pure extension module} $\\text{Pext}^i_A(M, N)$ is the $i$th cohomology module of the complex $\\mathop{\\mathrm{Hom}}\\nolimits_A(M, I^\\bullet)$ where $I^\\bullet$ is a pure injective resolution of $N$. ",
        "label": "definition-pure-ext",
        "tag": "0705",
        "url": "https://stacks.math.columbia.edu/tag/0705",
        "source_filename": "adequate.tex"
    },
    {
        "theorem": "Lemma 46.8.9.",
        "body": "  Let $A$ be a ring. \\begin{enumerate} \\item $\\text{Pext}^i_A(M, N) = 0$ for $i > 0$ whenever $N$ is pure injective, \\item $\\text{Pext}^i_A(M, N) = 0$ for $i > 0$ whenever $M$ is pure projective, in particular if $M$ is an $A$-module of finite presentation, \\item $\\text{Pext}^i_A(M, N)$ is also the $i$th cohomology module of the complex $\\mathop{\\mathrm{Hom}}\\nolimits_A(P_\\bullet, N)$ where $P_\\bullet$ is a pure projective resolution of $M$. \\end{enumerate} ",
        "label": "lemma-facts-pext",
        "tag": "0706",
        "url": "https://stacks.math.columbia.edu/tag/0706",
        "source_filename": "adequate.tex"
    },
    {
        "theorem": "Lemma 46.9.1.",
        "body": "  Let $A$ be a ring. Let $\\mathcal{A}$ be the category of adequate functors on $\\textit{Alg}_A$. The injective objects of $\\mathcal{A}$ are exactly the functors $\\underline{I}$ where $I$ is a pure injective $A$-module. ",
        "label": "lemma-pure-injective-injective-adequate",
        "tag": "0708",
        "url": "https://stacks.math.columbia.edu/tag/0708",
        "source_filename": "adequate.tex"
    },
    {
        "theorem": "Lemma 46.9.2.",
        "body": "  Let $U = \\mathop{\\mathrm{Spec}}(A)$ be an affine scheme. Let $M$, $N$ be $A$-modules. For all $i$ we have a canonical isomorphism $$ \\mathop{\\mathrm{Ext}}\\nolimits^i_{\\textit{Mod}(\\mathcal{O})}(M^a, N^a) = \\text{Pext}^i_A(M, N) $$ functorial in $M$ and $N$. ",
        "label": "lemma-big-ext",
        "tag": "0709",
        "url": "https://stacks.math.columbia.edu/tag/0709",
        "source_filename": "adequate.tex"
    },
    {
        "theorem": "Remark 46.10.1.",
        "body": "  Let $S$ be a scheme. Let $\\tau, \\tau' \\in \\{Zar, {\\acute{e}tale}, smooth, syntomic, fppf\\}$. Denote $\\mathcal{O}_\\tau$, resp.\\ $\\mathcal{O}_{\\tau'}$ the structure sheaf $\\mathcal{O}$ viewed as a sheaf on $(\\mathit{Sch}/S)_\\tau$, resp.\\ $(\\mathit{Sch}/S)_{\\tau'}$. Then $D_{\\textit{Adeq}}(\\mathcal{O}_\\tau)$ and $D_{\\textit{Adeq}}(\\mathcal{O}_{\\tau'})$ are canonically isomorphic. This follows from Cohomology on Sites, Lemma \\ref{sites-cohomology-lemma-compare-topologies-derived-adequate-modules}. Namely, assume $\\tau$ is stronger than the topology $\\tau'$, let $\\mathcal{C} = (\\mathit{Sch}/S)_{fppf}$, and let $\\mathcal{B}$ the collection of affine schemes over $S$. Assumptions (1) and (2) we've seen above. Assumption (3) is clear and assumption (4) follows from Lemma \\ref{lemma-same-cohomology-adequate}. ",
        "label": "remark-D-adeq-independence-topology",
        "tag": "070V",
        "url": "https://stacks.math.columbia.edu/tag/070V",
        "source_filename": "adequate.tex"
    },
    {
        "theorem": "Remark 46.10.2.",
        "body": "  Let $S$ be a scheme. The morphism $f$ see (\\ref{equation-compare-big-small}) induces adjoint functors $Rf_* : D_{\\textit{Adeq}}(\\mathcal{O}) \\to D_\\mathit{QCoh}(S)$ and $Lf^* : D_\\mathit{QCoh}(S) \\to D_{\\textit{Adeq}}(\\mathcal{O})$. Moreover $Rf_* Lf^* \\cong \\text{id}_{D_\\mathit{QCoh}(S)}$. \\medskip\\noindent We sketch the proof. By Remark \\ref{remark-D-adeq-independence-topology} we may assume the topology $\\tau$ is the Zariski topology. We will use the existence of the unbounded total derived functors $Lf^*$ and $Rf_*$ on $\\mathcal{O}$-modules and their adjointness, see Cohomology on Sites, Lemma \\ref{sites-cohomology-lemma-adjoint}. In this case $f_*$ is just the restriction to the subcategory $S_{Zar}$ of $(\\mathit{Sch}/S)_{Zar}$. Hence it is clear that $Rf_* = f_*$ induces $Rf_* : D_{\\textit{Adeq}}(\\mathcal{O}) \\to D_\\mathit{QCoh}(S)$. Suppose that $\\mathcal{G}^\\bullet$ is an object of $D_\\mathit{QCoh}(S)$. We may choose a system $\\mathcal{K}_1^\\bullet \\to \\mathcal{K}_2^\\bullet \\to \\ldots$ of bounded above complexes of flat $\\mathcal{O}_S$-modules whose transition maps are termwise split injectives and a diagram $$ \\xymatrix{ \\mathcal{K}_1^\\bullet \\ar[d] \\ar[r] & \\mathcal{K}_2^\\bullet \\ar[d] \\ar[r] & \\ldots \\\\ \\tau_{\\leq 1}\\mathcal{G}^\\bullet \\ar[r] & \\tau_{\\leq 2}\\mathcal{G}^\\bullet \\ar[r] & \\ldots } $$ with the properties (1), (2), (3) listed in Derived Categories, Lemma \\ref{derived-lemma-special-direct-system} where $\\mathcal{P}$ is the collection of flat $\\mathcal{O}_S$-modules. Then $Lf^*\\mathcal{G}^\\bullet$ is computed by $\\mathop{\\mathrm{colim}}\\nolimits f^*\\mathcal{K}_n^\\bullet$, see Cohomology on Sites, Lemmas \\ref{sites-cohomology-lemma-pullback-K-flat} and \\ref{sites-cohomology-lemma-derived-base-change} (note that our sites have enough points by \\'Etale Cohomology, Lemma \\ref{etale-cohomology-lemma-points-fppf}). We have to see that $H^i(Lf^*\\mathcal{G}^\\bullet) = \\mathop{\\mathrm{colim}}\\nolimits H^i(f^*\\mathcal{K}_n^\\bullet)$ is adequate for each $i$. By Lemma \\ref{lemma-abelian-adequate} we conclude that it suffices to show that each $H^i(f^*\\mathcal{K}_n^\\bullet)$ is adequate. \\medskip\\noindent The adequacy of $H^i(f^*\\mathcal{K}_n^\\bullet)$ is local on $S$, hence we may assume that $S = \\mathop{\\mathrm{Spec}}(A)$ is affine. Because $S$ is affine $D_\\mathit{QCoh}(S) = D(\\mathit{QCoh}(\\mathcal{O}_S))$, see the discussion in Derived Categories of Schemes, Section \\ref{perfect-section-derived-quasi-coherent}. Hence there exists a quasi-isomorphism $\\mathcal{F}^\\bullet \\to \\mathcal{K}_n^\\bullet$ where $\\mathcal{F}^\\bullet$ is a bounded above complex of flat quasi-coherent modules. Then $f^*\\mathcal{F}^\\bullet \\to f^*\\mathcal{K}_n^\\bullet$ is a quasi-isomorphism, and the cohomology sheaves of $f^*\\mathcal{F}^\\bullet$ are adequate. \\medskip\\noindent The final assertion $Rf_* Lf^* \\cong \\text{id}_{D_\\mathit{QCoh}(S)}$ follows from the explicit description of the functors above. (In plain English: if $\\mathcal{F}$ is quasi-coherent and $p > 0$, then $L_pf^*\\mathcal{F}$ is a parasitic adequate module.) ",
        "label": "remark-D-adeq-and-D-QCoh",
        "tag": "070W",
        "url": "https://stacks.math.columbia.edu/tag/070W",
        "source_filename": "adequate.tex"
    },
    {
        "theorem": "Remark 46.10.3.",
        "body": "  Remark \\ref{remark-D-adeq-and-D-QCoh} above implies we have an equivalence of derived categories $$ D_{\\textit{Adeq}}(\\mathcal{O})/D_\\mathcal{C}(\\mathcal{O}) \\longrightarrow D_\\mathit{QCoh}(S) $$ where $\\mathcal{C}$ is the category of parasitic adequate modules. Namely, it is clear that $D_\\mathcal{C}(\\mathcal{O})$ is the kernel of $Rf_*$, hence a functor as indicated. For any object $X$ of $D_{\\textit{Adeq}}(\\mathcal{O})$ the map $Lf^*Rf_*X \\to X$ maps to a quasi-isomorphism in $D_\\mathit{QCoh}(S)$, hence $Lf^*Rf_*X \\to X$ is an isomorphism in $D_{\\textit{Adeq}}(\\mathcal{O})/D_\\mathcal{C}(\\mathcal{O})$. Finally, for $X, Y$ objects of $D_{\\textit{Adeq}}(\\mathcal{O})$ the map $$ Rf_* : \\mathop{\\mathrm{Hom}}\\nolimits_{D_{\\textit{Adeq}}(\\mathcal{O})/D_\\mathcal{C}(\\mathcal{O})}(X, Y) \\to \\mathop{\\mathrm{Hom}}\\nolimits_{D_\\mathit{QCoh}(S)}(Rf_*X, Rf_*Y) $$ is bijective as $Lf^*$ gives an inverse (by the remarks above). ",
        "label": "remark-conclusion",
        "tag": "070X",
        "url": "https://stacks.math.columbia.edu/tag/070X",
        "source_filename": "adequate.tex"
    }
]