[
    {
        "theorem": "Lemma 94.6.1.",
        "body": "  Let $f : X \\to Y$ be a morphism of $(\\mathit{Sch}/S)_{fppf}$. Then the $1$-morphism induced by $f$ $$ (\\mathit{Sch}/X)_{fppf} \\longrightarrow (\\mathit{Sch}/Y)_{fppf} $$ is a representable $1$-morphism. ",
        "label": "lemma-morphism-schemes-gives-representable-transformation",
        "tag": "02ZR",
        "url": "https://stacks.math.columbia.edu/tag/02ZR",
        "source_filename": "algebraic.tex"
    },
    {
        "theorem": "Lemma 94.6.2.",
        "body": "  Let $S$ be an object of $\\mathit{Sch}_{fppf}$. Consider a $2$-commutative diagram $$ \\xymatrix{ \\mathcal{X}' \\ar[r] \\ar[d]_{f'} & \\mathcal{X} \\ar[d]^f \\\\ \\mathcal{Y}' \\ar[r] & \\mathcal{Y} } $$ of $1$-morphisms of categories fibred in groupoids over $(\\mathit{Sch}/S)_{fppf}$. Assume the horizontal arrows are equivalences. Then $f$ is representable if and only if $f'$ is representable. ",
        "label": "lemma-representable-morphism-equivalent",
        "tag": "0456",
        "url": "https://stacks.math.columbia.edu/tag/0456",
        "source_filename": "algebraic.tex"
    },
    {
        "theorem": "Lemma 94.6.3.",
        "body": "  Let $S$ be a scheme contained in $\\mathit{Sch}_{fppf}$. Let $\\mathcal{X}, \\mathcal{Y}, \\mathcal{Z}$ be categories fibred in groupoids over $(\\mathit{Sch}/S)_{fppf}$ Let $f : \\mathcal{X} \\to \\mathcal{Y}$, $g : \\mathcal{Y} \\to \\mathcal{Z}$ be representable $1$-morphisms. Then $$ g \\circ f : \\mathcal{X} \\longrightarrow \\mathcal{Z} $$ is a representable $1$-morphism. ",
        "label": "lemma-composition-representable-transformations",
        "tag": "02ZS",
        "url": "https://stacks.math.columbia.edu/tag/02ZS",
        "source_filename": "algebraic.tex"
    },
    {
        "theorem": "Lemma 94.6.4.",
        "body": "  Let $S$ be a scheme contained in $\\mathit{Sch}_{fppf}$. Let $\\mathcal{X}, \\mathcal{Y}, \\mathcal{Z}$ be categories fibred in groupoids over $(\\mathit{Sch}/S)_{fppf}$ Let $f : \\mathcal{X} \\to \\mathcal{Y}$ be a representable $1$-morphism. Let $g : \\mathcal{Z} \\to \\mathcal{Y}$ be any $1$-morphism. Consider the fibre product diagram $$ \\xymatrix{ \\mathcal{Z} \\times_{g, \\mathcal{Y}, f} \\mathcal{X} \\ar[r]_-{g'} \\ar[d]_{f'} & \\mathcal{X} \\ar[d]^f \\\\ \\mathcal{Z} \\ar[r]^g & \\mathcal{Y} } $$ Then the base change $f'$ is a representable $1$-morphism. ",
        "label": "lemma-base-change-representable-transformations",
        "tag": "02ZT",
        "url": "https://stacks.math.columbia.edu/tag/02ZT",
        "source_filename": "algebraic.tex"
    },
    {
        "theorem": "Lemma 94.6.5.",
        "body": "  Let $S$ be a scheme contained in $\\mathit{Sch}_{fppf}$. Let $\\mathcal{X}_i, \\mathcal{Y}_i$ be categories fibred in groupoids over $(\\mathit{Sch}/S)_{fppf}$, $i = 1, 2$. Let $f_i : \\mathcal{X}_i \\to \\mathcal{Y}_i$, $i = 1, 2$ be representable $1$-morphisms. Then $$ f_1 \\times f_2 : \\mathcal{X}_1 \\times \\mathcal{X}_2 \\longrightarrow \\mathcal{Y}_1 \\times \\mathcal{Y}_2 $$ is a representable $1$-morphism. ",
        "label": "lemma-product-representable-transformations",
        "tag": "02ZU",
        "url": "https://stacks.math.columbia.edu/tag/02ZU",
        "source_filename": "algebraic.tex"
    },
    {
        "theorem": "Definition 94.8.1.",
        "body": "  Let $S$ be a scheme contained in $\\mathit{Sch}_{fppf}$. A category fibred in groupoids $p : \\mathcal{X} \\to (\\mathit{Sch}/S)_{fppf}$ is called {\\it representable by an algebraic space over $S$} if there exists an algebraic space $F$ over $S$ and an equivalence $j : \\mathcal{X} \\to \\mathcal{S}_F$ of categories over $(\\mathit{Sch}/S)_{fppf}$. ",
        "label": "definition-representable-by-algebraic-space",
        "tag": "04SV",
        "url": "https://stacks.math.columbia.edu/tag/04SV",
        "source_filename": "algebraic.tex"
    },
    {
        "theorem": "Lemma 94.8.2.",
        "body": "  Let $S$ be a scheme contained in $\\mathit{Sch}_{fppf}$. Let $p : \\mathcal{X} \\to (\\mathit{Sch}/S)_{fppf}$ be a category fibred in groupoids. Then $\\mathcal{X}$ is representable by an algebraic space over $S$ if and only if the following conditions are satisfied: \\begin{enumerate} \\item $\\mathcal{X}$ is fibred in setoids\\footnote{This means that it is fibred in groupoids and objects in the fibre categories have no nontrivial automorphisms, see Categories, Definition \\ref{categories-definition-category-fibred-setoids}.}, and \\item the presheaf $U \\mapsto \\mathop{\\mathrm{Ob}}\\nolimits(\\mathcal{X}_U)/\\!\\!\\cong$ is an algebraic space. \\end{enumerate} ",
        "label": "lemma-characterize-representable-by-space",
        "tag": "02ZX",
        "url": "https://stacks.math.columbia.edu/tag/02ZX",
        "source_filename": "algebraic.tex"
    },
    {
        "theorem": "Definition 94.9.1.",
        "body": "  Let $S$ be a scheme contained in $\\mathit{Sch}_{fppf}$. A $1$-morphism $f : \\mathcal{X} \\to \\mathcal{Y}$ of categories fibred in groupoids over $(\\mathit{Sch}/S)_{fppf}$ is called {\\it representable by algebraic spaces} if for any $U \\in \\mathop{\\mathrm{Ob}}\\nolimits((\\mathit{Sch}/S)_{fppf})$ and any $y : (\\mathit{Sch}/U)_{fppf} \\to \\mathcal{Y}$ the category fibred in groupoids $$ (\\mathit{Sch}/U)_{fppf} \\times_{y, \\mathcal{Y}} \\mathcal{X} $$ over $(\\mathit{Sch}/U)_{fppf}$ is representable by an algebraic space over $U$. ",
        "label": "definition-representable-by-algebraic-spaces",
        "tag": "02ZW",
        "url": "https://stacks.math.columbia.edu/tag/02ZW",
        "source_filename": "algebraic.tex"
    },
    {
        "theorem": "Lemma 94.9.2.",
        "body": "  Let $S$ be a scheme contained in $\\mathit{Sch}_{fppf}$. Let $f : \\mathcal{X} \\to \\mathcal{Y}$ be a $1$-morphism of categories fibred in groupoids over $(\\mathit{Sch}/S)_{fppf}$. The following are necessary and sufficient conditions for $f$ to be representable by algebraic spaces: \\begin{enumerate} \\item for each scheme $U/S$ the functor $f_U : \\mathcal{X}_U \\longrightarrow \\mathcal{Y}_U$ between fibre categories is faithful, and \\item for each $U$ and each $y \\in \\mathop{\\mathrm{Ob}}\\nolimits(\\mathcal{Y}_U)$ the presheaf $$ (h : V \\to U) \\longmapsto \\{(x, \\phi) \\mid x \\in \\mathop{\\mathrm{Ob}}\\nolimits(\\mathcal{X}_V), \\phi : h^*y \\to f(x)\\}/\\cong $$ is an algebraic space over $U$. \\end{enumerate} Here we have made a choice of pullbacks for $\\mathcal{Y}$. ",
        "label": "lemma-criterion-map-representable-spaces-fibred-in-groupoids",
        "tag": "02ZY",
        "url": "https://stacks.math.columbia.edu/tag/02ZY",
        "source_filename": "algebraic.tex"
    },
    {
        "theorem": "Lemma 94.9.3.",
        "body": "  Let $S$ be an object of $\\mathit{Sch}_{fppf}$. Consider a $2$-commutative diagram $$ \\xymatrix{ \\mathcal{X}' \\ar[r] \\ar[d]_{f'} & \\mathcal{X} \\ar[d]^f \\\\ \\mathcal{Y}' \\ar[r] & \\mathcal{Y} } $$ of $1$-morphisms of categories fibred in groupoids over $(\\mathit{Sch}/S)_{fppf}$. Assume the horizontal arrows are equivalences. Then $f$ is representable by algebraic spaces if and only if $f'$ is representable by algebraic spaces. ",
        "label": "lemma-representable-by-spaces-morphism-equivalent",
        "tag": "0457",
        "url": "https://stacks.math.columbia.edu/tag/0457",
        "source_filename": "algebraic.tex"
    },
    {
        "theorem": "Lemma 94.9.4.",
        "body": "  Let $S$ be an object of $\\mathit{Sch}_{fppf}$. Let $f : \\mathcal{X} \\to \\mathcal{Y}$ be a $1$-morphism of categories fibred in groupoids over $S$. If $\\mathcal{X}$ and $\\mathcal{Y}$ are representable by algebraic spaces over $S$, then the $1$-morphism $f$ is representable by algebraic spaces. ",
        "label": "lemma-morphism-spaces-gives-representable-by-spaces",
        "tag": "02ZZ",
        "url": "https://stacks.math.columbia.edu/tag/02ZZ",
        "source_filename": "algebraic.tex"
    },
    {
        "theorem": "Lemma 94.9.5.",
        "body": "  Let $S$ be an object of $\\mathit{Sch}_{fppf}$. Let $a : F \\to G$ be a map of presheaves of sets on $(\\mathit{Sch}/S)_{fppf}$. Denote $a' : \\mathcal{S}_F  \\to \\mathcal{S}_G$ the associated map of categories fibred in sets. Then $a$ is representable by algebraic spaces (see Bootstrap, Definition \\ref{bootstrap-definition-morphism-representable-by-spaces}) if and only if $a'$ is representable by algebraic spaces. ",
        "label": "lemma-map-presheaves-representable-by-algebraic-spaces",
        "tag": "0458",
        "url": "https://stacks.math.columbia.edu/tag/0458",
        "source_filename": "algebraic.tex"
    },
    {
        "theorem": "Lemma 94.9.6.",
        "body": "  Let $S$ be an object of $\\mathit{Sch}_{fppf}$. Let $f : \\mathcal{X} \\to \\mathcal{Y}$ be a $1$-morphism of categories fibred in setoids over $(\\mathit{Sch}/S)_{fppf}$. Let $F$, resp.\\ $G$ be the presheaf which to $T$ associates the set of isomorphism classes of objects of $\\mathcal{X}_T$, resp.\\ $\\mathcal{Y}_T$. Let $a : F \\to G$ be the map of presheaves corresponding to $f$. Then $a$ is representable by algebraic spaces (see Bootstrap, Definition \\ref{bootstrap-definition-morphism-representable-by-spaces}) if and only if $f$ is representable by algebraic spaces. ",
        "label": "lemma-map-fibred-setoids-representable-algebraic-spaces",
        "tag": "04SY",
        "url": "https://stacks.math.columbia.edu/tag/04SY",
        "source_filename": "algebraic.tex"
    },
    {
        "theorem": "Lemma 94.9.7.",
        "body": "  Let $S$ be a scheme contained in $\\mathit{Sch}_{fppf}$. Let $\\mathcal{X}, \\mathcal{Y}, \\mathcal{Z}$ be categories fibred in groupoids over $(\\mathit{Sch}/S)_{fppf}$. Let $f : \\mathcal{X} \\to \\mathcal{Y}$ be a $1$-morphism representable by algebraic spaces. Let $g : \\mathcal{Z} \\to \\mathcal{Y}$ be any $1$-morphism. Consider the fibre product diagram $$ \\xymatrix{ \\mathcal{Z} \\times_{g, \\mathcal{Y}, f} \\mathcal{X} \\ar[r]_-{g'} \\ar[d]_{f'} & \\mathcal{X} \\ar[d]^f \\\\ \\mathcal{Z} \\ar[r]^g & \\mathcal{Y} } $$ Then the base change $f'$ is a $1$-morphism representable by algebraic spaces. ",
        "label": "lemma-base-change-representable-by-spaces",
        "tag": "0302",
        "url": "https://stacks.math.columbia.edu/tag/0302",
        "source_filename": "algebraic.tex"
    },
    {
        "theorem": "Lemma 94.9.8.",
        "body": "  Let $S$ be a scheme contained in $\\mathit{Sch}_{fppf}$. Let $\\mathcal{X}, \\mathcal{Y}, \\mathcal{Z}$ be categories fibred in groupoids over $(\\mathit{Sch}/S)_{fppf}$ Let $f : \\mathcal{X} \\to \\mathcal{Y}$, $g : \\mathcal{Z} \\to \\mathcal{Y}$ be $1$-morphisms. Assume \\begin{enumerate} \\item $f$ is representable by algebraic spaces, and \\item $\\mathcal{Z}$ is representable by an algebraic space over $S$. \\end{enumerate} Then the $2$-fibre product $\\mathcal{Z} \\times_{g, \\mathcal{Y}, f} \\mathcal{X}$ is representable by an algebraic space. ",
        "label": "lemma-base-change-by-space-representable-by-space",
        "tag": "0300",
        "url": "https://stacks.math.columbia.edu/tag/0300",
        "source_filename": "algebraic.tex"
    },
    {
        "theorem": "Lemma 94.9.9.",
        "body": "  Let $S$ be a scheme contained in $\\mathit{Sch}_{fppf}$. Let $\\mathcal{X}, \\mathcal{Y}, \\mathcal{Z}$ be categories fibred in groupoids over $(\\mathit{Sch}/S)_{fppf}$. If $f : \\mathcal{X} \\to \\mathcal{Y}$, $g : \\mathcal{Y} \\to \\mathcal{Z}$ are $1$-morphisms representable by algebraic spaces, then $$ g \\circ f : \\mathcal{X} \\longrightarrow \\mathcal{Z} $$ is a $1$-morphism representable by algebraic spaces. ",
        "label": "lemma-composition-representable-by-spaces",
        "tag": "0301",
        "url": "https://stacks.math.columbia.edu/tag/0301",
        "source_filename": "algebraic.tex"
    },
    {
        "theorem": "Lemma 94.9.10.",
        "body": "  Let $S$ be a scheme contained in $\\mathit{Sch}_{fppf}$. Let $\\mathcal{X}_i, \\mathcal{Y}_i$ be categories fibred in groupoids over $(\\mathit{Sch}/S)_{fppf}$, $i = 1, 2$. Let $f_i : \\mathcal{X}_i \\to \\mathcal{Y}_i$, $i = 1, 2$ be $1$-morphisms representable by algebraic spaces. Then $$ f_1 \\times f_2 : \\mathcal{X}_1 \\times \\mathcal{X}_2 \\longrightarrow \\mathcal{Y}_1 \\times \\mathcal{Y}_2 $$ is a $1$-morphism representable by algebraic spaces. ",
        "label": "lemma-product-representable-by-spaces",
        "tag": "0303",
        "url": "https://stacks.math.columbia.edu/tag/0303",
        "source_filename": "algebraic.tex"
    },
    {
        "theorem": "Lemma 94.9.11.",
        "body": "  \\begin{reference} Lemma in an email of Matthew Emerton dated June 15, 2016 \\end{reference} Let $S$ be a scheme contained in $\\mathit{Sch}_{fppf}$. Let $\\mathcal{X} \\to \\mathcal{Z}$ and $\\mathcal{Y} \\to \\mathcal{Z}$ be $1$-morphisms of categories fibred in groupoids over $(\\mathit{Sch}/S)_{fppf}$. If $\\mathcal{X} \\to \\mathcal{Z}$ is representable by algebraic spaces and $\\mathcal{Y}$ is a stack in groupoids, then $\\mathcal{X} \\times_\\mathcal{Z} \\mathcal{Y}$ is a stack in groupoids. ",
        "label": "lemma-get-a-stack",
        "tag": "0CKY",
        "url": "https://stacks.math.columbia.edu/tag/0CKY",
        "source_filename": "algebraic.tex"
    },
    {
        "theorem": "Definition 94.10.1.",
        "body": "  Let $S$ be a scheme contained in $\\mathit{Sch}_{fppf}$. Let $f : \\mathcal{X} \\to \\mathcal{Y}$ be a $1$-morphism of categories fibred in groupoids over $(\\mathit{Sch}/S)_{fppf}$. Assume $f$ is representable by algebraic spaces. Let $\\mathcal{P}$ be a property of morphisms of algebraic spaces which \\begin{enumerate} \\item is preserved under any base change, and \\item is fppf local on the base, see Descent on Spaces, Definition \\ref{spaces-descent-definition-property-morphisms-local}. \\end{enumerate} In this case we say that $f$ has {\\it property $\\mathcal{P}$} if for every $U \\in \\mathop{\\mathrm{Ob}}\\nolimits((\\mathit{Sch}/S)_{fppf})$ and any $y \\in \\mathcal{Y}_U$ the resulting morphism of algebraic spaces $f_y : F_y \\to U$, see diagram (\\ref{equation-representable-by-algebraic-spaces}), has property $\\mathcal{P}$. ",
        "label": "definition-relative-representable-property",
        "tag": "03YK",
        "url": "https://stacks.math.columbia.edu/tag/03YK",
        "source_filename": "algebraic.tex"
    },
    {
        "theorem": "Lemma 94.10.2.",
        "body": "  Let $S$ be an object of $\\mathit{Sch}_{fppf}$. Let $\\mathcal{P}$ be as in Definition \\ref{definition-relative-representable-property}. Consider a $2$-commutative diagram $$ \\xymatrix{ \\mathcal{X}' \\ar[r] \\ar[d]_{f'} & \\mathcal{X} \\ar[d]^f \\\\ \\mathcal{Y}' \\ar[r] & \\mathcal{Y} } $$ of $1$-morphisms of categories fibred in groupoids over $(\\mathit{Sch}/S)_{fppf}$. Assume the horizontal arrows are equivalences and $f$ (or equivalently $f'$) is representable by algebraic spaces. Then $f$ has $\\mathcal{P}$ if and only if $f'$ has $\\mathcal{P}$. ",
        "label": "lemma-property-morphism-equivalent",
        "tag": "0459",
        "url": "https://stacks.math.columbia.edu/tag/0459",
        "source_filename": "algebraic.tex"
    },
    {
        "theorem": "Lemma 94.10.3.",
        "body": "  Let $S$ be a scheme contained in $\\mathit{Sch}_{fppf}$. Let $a : F \\to G$ be a map of presheaves on $(\\mathit{Sch}/S)_{fppf}$. Let $\\mathcal{P}$ be as in Definition \\ref{definition-relative-representable-property}. Assume $a$ is representable by algebraic spaces. Then $a : F \\to G$ has property $\\mathcal{P}$ (see Bootstrap, Definition \\ref{bootstrap-definition-property-transformation}) if and only if the corresponding morphism $\\mathcal{S}_F \\to \\mathcal{S}_G$ of categories fibred in groupoids has property $\\mathcal{P}$. ",
        "label": "lemma-map-presheaves-representable-by-spaces-transformation-property",
        "tag": "045A",
        "url": "https://stacks.math.columbia.edu/tag/045A",
        "source_filename": "algebraic.tex"
    },
    {
        "theorem": "Lemma 94.10.4.",
        "body": "  Let $S$ be an object of $\\mathit{Sch}_{fppf}$. Let $\\mathcal{P}$ be as in Definition \\ref{definition-relative-representable-property}. Let $f : \\mathcal{X} \\to \\mathcal{Y}$ be a $1$-morphism of categories fibred in setoids over $(\\mathit{Sch}/S)_{fppf}$. Let $F$, resp.\\ $G$ be the presheaf which to $T$ associates the set of isomorphism classes of objects of $\\mathcal{X}_T$, resp.\\ $\\mathcal{Y}_T$. Let $a : F \\to G$ be the map of presheaves corresponding to $f$. Then $a$ has $\\mathcal{P}$ if and only if $f$ has $\\mathcal{P}$. ",
        "label": "lemma-map-fibred-setoids-property",
        "tag": "04TC",
        "url": "https://stacks.math.columbia.edu/tag/04TC",
        "source_filename": "algebraic.tex"
    },
    {
        "theorem": "Lemma 94.10.5.",
        "body": "  Let $S$ be a scheme contained in $\\mathit{Sch}_{fppf}$. Let $\\mathcal{X}$, $\\mathcal{Y}$, $\\mathcal{Z}$ be categories fibred in groupoids over $(\\mathit{Sch}/S)_{fppf}$. Let $\\mathcal{P}$ be a property as in Definition \\ref{definition-relative-representable-property} which is stable under composition. Let $f : \\mathcal{X} \\to \\mathcal{Y}$, $g : \\mathcal{Y} \\to \\mathcal{Z}$ be $1$-morphisms which are representable by algebraic spaces. If $f$ and $g$ have property $\\mathcal{P}$ so does $g \\circ f : \\mathcal{X} \\to \\mathcal{Z}$. ",
        "label": "lemma-composition-representable-transformations-property",
        "tag": "045B",
        "url": "https://stacks.math.columbia.edu/tag/045B",
        "source_filename": "algebraic.tex"
    },
    {
        "theorem": "Lemma 94.10.6.",
        "body": "  Let $S$ be a scheme contained in $\\mathit{Sch}_{fppf}$. Let $\\mathcal{X}, \\mathcal{Y}, \\mathcal{Z}$ be categories fibred in groupoids over $(\\mathit{Sch}/S)_{fppf}$. Let $\\mathcal{P}$ be a property as in Definition \\ref{definition-relative-representable-property}. Let $f : \\mathcal{X} \\to \\mathcal{Y}$ be a $1$-morphism representable by algebraic spaces. Let $g : \\mathcal{Z} \\to \\mathcal{Y}$ be any $1$-morphism. Consider the $2$-fibre product diagram $$ \\xymatrix{ \\mathcal{Z} \\times_{g, \\mathcal{Y}, f} \\mathcal{X} \\ar[r]_-{g'} \\ar[d]_{f'} & \\mathcal{X} \\ar[d]^f \\\\ \\mathcal{Z} \\ar[r]^g & \\mathcal{Y} } $$ If $f$ has $\\mathcal{P}$, then the base change $f'$ has $\\mathcal{P}$. ",
        "label": "lemma-base-change-representable-transformations-property",
        "tag": "045C",
        "url": "https://stacks.math.columbia.edu/tag/045C",
        "source_filename": "algebraic.tex"
    },
    {
        "theorem": "Lemma 94.10.7.",
        "body": "  Let $S$ be a scheme contained in $\\mathit{Sch}_{fppf}$. Let $\\mathcal{X}, \\mathcal{Y}, \\mathcal{Z}$ be categories fibred in groupoids over $(\\mathit{Sch}/S)_{fppf}$. Let $\\mathcal{P}$ be a property as in Definition \\ref{definition-relative-representable-property}. Let $f : \\mathcal{X} \\to \\mathcal{Y}$ be a $1$-morphism representable by algebraic spaces. Let $g : \\mathcal{Z} \\to \\mathcal{Y}$ be any $1$-morphism. Consider the fibre product diagram $$ \\xymatrix{ \\mathcal{Z} \\times_{g, \\mathcal{Y}, f} \\mathcal{X} \\ar[r]_-{g'} \\ar[d]_{f'} & \\mathcal{X} \\ar[d]^f \\\\ \\mathcal{Z} \\ar[r]^g & \\mathcal{Y} } $$ Assume that for every scheme $U$ and object $x$ of $\\mathcal{Y}_U$, there exists an fppf covering $\\{U_i \\to U\\}$ such that $x|_{U_i}$ is in the essential image of the functor $g : \\mathcal{Z}_{U_i} \\to \\mathcal{Y}_{U_i}$. In this case, if $f'$ has $\\mathcal{P}$, then $f$ has $\\mathcal{P}$. ",
        "label": "lemma-descent-representable-transformations-property",
        "tag": "045D",
        "url": "https://stacks.math.columbia.edu/tag/045D",
        "source_filename": "algebraic.tex"
    },
    {
        "theorem": "Lemma 94.10.8.",
        "body": "  Let $S$ be a scheme contained in $\\mathit{Sch}_{fppf}$. Let $\\mathcal{P}$ be a property as in Definition \\ref{definition-relative-representable-property} which is stable under composition. Let $\\mathcal{X}_i, \\mathcal{Y}_i$ be categories fibred in groupoids over $(\\mathit{Sch}/S)_{fppf}$, $i = 1, 2$. Let $f_i : \\mathcal{X}_i \\to \\mathcal{Y}_i$, $i = 1, 2$ be $1$-morphisms representable by algebraic spaces. If $f_1$ and $f_2$ have property $\\mathcal{P}$ so does $ f_1 \\times f_2 : \\mathcal{X}_1 \\times \\mathcal{X}_2 \\to \\mathcal{Y}_1 \\times \\mathcal{Y}_2 $. ",
        "label": "lemma-product-representable-transformations-property",
        "tag": "045E",
        "url": "https://stacks.math.columbia.edu/tag/045E",
        "source_filename": "algebraic.tex"
    },
    {
        "theorem": "Lemma 94.10.9.",
        "body": "  Let $S$ be a scheme contained in $\\mathit{Sch}_{fppf}$. Let $\\mathcal{X}$, $\\mathcal{Y}$ be categories fibred in groupoids over $(\\mathit{Sch}/S)_{fppf}$. Let $f : \\mathcal{X} \\to \\mathcal{Y}$ be a $1$-morphism representable by algebraic spaces. Let $\\mathcal{P}$, $\\mathcal{P}'$ be properties as in Definition \\ref{definition-relative-representable-property}. Suppose that for any morphism of algebraic spaces $a : F \\to G$ we have $\\mathcal{P}(a) \\Rightarrow \\mathcal{P}'(a)$. If $f$ has property $\\mathcal{P}$ then $f$ has property $\\mathcal{P}'$. ",
        "label": "lemma-representable-transformations-property-implication",
        "tag": "045F",
        "url": "https://stacks.math.columbia.edu/tag/045F",
        "source_filename": "algebraic.tex"
    },
    {
        "theorem": "Lemma 94.10.10.",
        "body": "  Let $S$ be a scheme contained in $\\mathit{Sch}_{fppf}$. Let $j : \\mathcal X \\to \\mathcal Y$ be a $1$-morphism of categories fibred in groupoids over $(\\mathit{Sch}/S)_{fppf}$. Assume $j$ is representable by algebraic spaces and a monomorphism (see Definition \\ref{definition-relative-representable-property} and Descent on Spaces, Lemma \\ref{spaces-descent-lemma-descending-property-monomorphism}). Then $j$ is fully faithful on fibre categories. ",
        "label": "lemma-open-fibred-category-is-full",
        "tag": "05UK",
        "url": "https://stacks.math.columbia.edu/tag/05UK",
        "source_filename": "algebraic.tex"
    },
    {
        "theorem": "Lemma 94.10.11.",
        "body": "  Let $S$ be a scheme contained in $\\mathit{Sch}_{fppf}$. Let $\\mathcal{X}$ be a category fibred in groupoids over $(\\mathit{Sch}/S)_{fppf}$. The following are equivalent: \\begin{enumerate} \\item the diagonal $\\mathcal{X} \\to \\mathcal{X} \\times \\mathcal{X}$ is representable by algebraic spaces, \\item for every scheme $U$ over $S$, and any $x, y \\in \\mathop{\\mathrm{Ob}}\\nolimits(\\mathcal{X}_U)$ the sheaf $\\mathit{Isom}(x, y)$ is an algebraic space over $U$, \\item for every scheme $U$ over $S$, and any $x \\in \\mathop{\\mathrm{Ob}}\\nolimits(\\mathcal{X}_U)$ the associated $1$-morphism $x : (\\mathit{Sch}/U)_{fppf} \\to \\mathcal{X}$ is representable by algebraic spaces, \\item for every pair of schemes $T_1, T_2$ over $S$, and any $x_i \\in \\mathop{\\mathrm{Ob}}\\nolimits(\\mathcal{X}_{T_i})$, $i = 1, 2$ the $2$-fibre product $(\\mathit{Sch}/T_1)_{fppf} \\times_{x_1, \\mathcal{X}, x_2} (\\mathit{Sch}/T_2)_{fppf}$ is representable by an algebraic space, \\item for every representable category fibred in groupoids $\\mathcal{U}$ over $(\\mathit{Sch}/S)_{fppf}$ every $1$-morphism $\\mathcal{U} \\to \\mathcal{X}$ is representable by algebraic spaces, \\item for every pair $\\mathcal{T}_1, \\mathcal{T}_2$ of representable categories fibred in groupoids over $(\\mathit{Sch}/S)_{fppf}$ and any $1$-morphisms $x_i : \\mathcal{T}_i \\to \\mathcal{X}$, $i = 1, 2$ the $2$-fibre product $\\mathcal{T}_1 \\times_{x_1, \\mathcal{X}, x_2} \\mathcal{T}_2$ is representable by an algebraic space, \\item for every category fibred in groupoids $\\mathcal{U}$ over $(\\mathit{Sch}/S)_{fppf}$ which is representable by an algebraic space every $1$-morphism $\\mathcal{U} \\to \\mathcal{X}$ is representable by algebraic spaces, \\item for every pair $\\mathcal{T}_1, \\mathcal{T}_2$ of categories fibred in groupoids over $(\\mathit{Sch}/S)_{fppf}$ which are representable by algebraic spaces, and any $1$-morphisms $x_i : \\mathcal{T}_i \\to \\mathcal{X}$ the $2$-fibre product $\\mathcal{T}_1 \\times_{x_1, \\mathcal{X}, x_2} \\mathcal{T}_2$ is representable by an algebraic space. \\end{enumerate} ",
        "label": "lemma-representable-diagonal",
        "tag": "045G",
        "url": "https://stacks.math.columbia.edu/tag/045G",
        "source_filename": "algebraic.tex"
    },
    {
        "theorem": "Definition 94.12.1.",
        "body": "  Let $S$ be a base scheme contained in $\\mathit{Sch}_{fppf}$. An {\\it algebraic stack over $S$} is a category $$ p : \\mathcal{X} \\to (\\mathit{Sch}/S)_{fppf} $$ over $(\\mathit{Sch}/S)_{fppf}$ with the following properties: \\begin{enumerate} \\item The category $\\mathcal{X}$ is a stack in groupoids over $(\\mathit{Sch}/S)_{fppf}$. \\item The diagonal $\\Delta : \\mathcal{X} \\to \\mathcal{X} \\times \\mathcal{X}$ is representable by algebraic spaces. \\item There exists a scheme $U \\in \\mathop{\\mathrm{Ob}}\\nolimits((\\mathit{Sch}/S)_{fppf})$ and a $1$-morphism $(\\mathit{Sch}/U)_{fppf} \\to \\mathcal{X}$ which is surjective and smooth\\footnote{In future chapters we will denote this simply $U \\to \\mathcal{X}$ as is customary in the literature. Another good alternative would be to formulate this condition as the existence of a representable category fibred in groupoids $\\mathcal{U}$ and a surjective smooth $1$-morphism $\\mathcal{U} \\to \\mathcal{X}$.}. \\end{enumerate} ",
        "label": "definition-algebraic-stack",
        "tag": "026O",
        "url": "https://stacks.math.columbia.edu/tag/026O",
        "source_filename": "algebraic.tex"
    },
    {
        "theorem": "Definition 94.12.2.",
        "body": "  Let $S$ be a scheme contained in $\\mathit{Sch}_{fppf}$. Let $\\mathcal{X}$ be an algebraic stack over $S$. We say $\\mathcal{X}$ is a {\\it Deligne-Mumford stack} if there exists a scheme $U$ and a surjective \\'etale morphism $(\\mathit{Sch}/U)_{fppf} \\to \\mathcal{X}$. ",
        "label": "definition-deligne-mumford",
        "tag": "03YO",
        "url": "https://stacks.math.columbia.edu/tag/03YO",
        "source_filename": "algebraic.tex"
    },
    {
        "theorem": "Definition 94.12.3.",
        "body": "  Let $S$ be a scheme contained in $\\mathit{Sch}_{fppf}$. The {\\it $2$-category of algebraic stacks over $S$} is the sub $2$-category of the $2$-category of categories fibred in groupoids over $(\\mathit{Sch}/S)_{fppf}$ (see Categories, Definition \\ref{categories-definition-categories-fibred-in-groupoids-over-C}) defined as follows: \\begin{enumerate} \\item Its objects are those categories fibred in groupoids over $(\\mathit{Sch}/S)_{fppf}$ which are algebraic stacks over $S$. \\item Its $1$-morphisms $f : \\mathcal{X} \\to \\mathcal{Y}$ are any functors of categories over $(\\mathit{Sch}/S)_{fppf}$, as in Categories, Definition \\ref{categories-definition-categories-over-C}. \\item Its $2$-morphisms are transformations between functors over $(\\mathit{Sch}/S)_{fppf}$, as in Categories, Definition \\ref{categories-definition-categories-over-C}. \\end{enumerate} ",
        "label": "definition-morphism-algebraic-stacks",
        "tag": "03YP",
        "url": "https://stacks.math.columbia.edu/tag/03YP",
        "source_filename": "algebraic.tex"
    },
    {
        "theorem": "Lemma 94.12.4.",
        "body": "  Let $S$ be a scheme contained in $\\mathit{Sch}_{fppf}$. Let $\\mathcal{X}$, $\\mathcal{Y}$ be categories over $(\\mathit{Sch}/S)_{fppf}$. Assume $\\mathcal{X}$, $\\mathcal{Y}$ are equivalent as categories over $(\\mathit{Sch}/S)_{fppf}$. Then $\\mathcal{X}$ is an algebraic stack if and only if $\\mathcal{Y}$ is an algebraic stack. Similarly, $\\mathcal{X}$ is a Deligne-Mumford stack if and only if $\\mathcal{Y}$ is a Deligne-Mumford stack. ",
        "label": "lemma-equivalent",
        "tag": "03YQ",
        "url": "https://stacks.math.columbia.edu/tag/03YQ",
        "source_filename": "algebraic.tex"
    },
    {
        "theorem": "Lemma 94.13.1.",
        "body": "  Let $S$ be a scheme contained in $\\mathit{Sch}_{fppf}$. \\begin{enumerate} \\item A category fibred in groupoids $p : \\mathcal{X} \\to (\\mathit{Sch}/S)_{fppf}$ which is representable by an algebraic space is a Deligne-Mumford stack. \\item If $F$ is an algebraic space over $S$, then the associated category fibred in groupoids $p : \\mathcal{S}_F \\to (\\mathit{Sch}/S)_{fppf}$ is a Deligne-Mumford stack. \\item If $X \\in \\mathop{\\mathrm{Ob}}\\nolimits((\\mathit{Sch}/S)_{fppf})$, then $(\\mathit{Sch}/X)_{fppf} \\to (\\mathit{Sch}/S)_{fppf}$ is a Deligne-Mumford stack. \\end{enumerate} ",
        "label": "lemma-representable-algebraic",
        "tag": "03YS",
        "url": "https://stacks.math.columbia.edu/tag/03YS",
        "source_filename": "algebraic.tex"
    },
    {
        "theorem": "Lemma 94.13.2.",
        "body": "  Let $S$ be a scheme contained in $\\mathit{Sch}_{fppf}$. Let $\\mathcal{X}$ be an algebraic stack over $S$. The following are equivalent \\begin{enumerate} \\item $\\mathcal{X}$ is a Deligne-Mumford stack and is a stack in setoids, \\item $\\mathcal{X}$ is a Deligne-Mumford stack such that the canonical $1$-morphism $\\mathcal{I}_\\mathcal{X} \\to \\mathcal{X}$ is an equivalence, and \\item $\\mathcal{X}$ is representable by an algebraic space. \\end{enumerate} ",
        "label": "lemma-algebraic-stack-no-automorphisms",
        "tag": "045H",
        "url": "https://stacks.math.columbia.edu/tag/045H",
        "source_filename": "algebraic.tex"
    },
    {
        "theorem": "Proposition 94.13.3.",
        "body": "  Let $S$ be a scheme contained in $\\mathit{Sch}_{fppf}$. Let $\\mathcal{X}$ be an algebraic stack over $S$. The following are equivalent \\begin{enumerate} \\item $\\mathcal{X}$ is a stack in setoids, \\item the canonical $1$-morphism $\\mathcal{I}_\\mathcal{X} \\to \\mathcal{X}$ is an equivalence, and \\item $\\mathcal{X}$ is representable by an algebraic space. \\end{enumerate} ",
        "label": "proposition-algebraic-stack-no-automorphisms",
        "tag": "04SZ",
        "url": "https://stacks.math.columbia.edu/tag/04SZ",
        "source_filename": "algebraic.tex"
    },
    {
        "theorem": "Lemma 94.14.1.",
        "body": "  Let $S$ be a scheme contained in $\\mathit{Sch}_{fppf}$. Let $\\mathcal{X}$, $\\mathcal{Y}$ be algebraic stacks over $S$. Then $\\mathcal{X} \\times_{(\\mathit{Sch}/S)_{fppf}} \\mathcal{Y}$ is an algebraic stack, and is a product in the $2$-category of algebraic stacks over $S$. ",
        "label": "lemma-product-spaces",
        "tag": "04TE",
        "url": "https://stacks.math.columbia.edu/tag/04TE",
        "source_filename": "algebraic.tex"
    },
    {
        "theorem": "Lemma 94.14.2.",
        "body": "  Let $S$ be a scheme contained in $\\mathit{Sch}_{fppf}$. Let $\\mathcal{Z}$ be a stack in groupoids over $(\\mathit{Sch}/S)_{fppf}$ whose diagonal is representable by algebraic spaces. Let $\\mathcal{X}$, $\\mathcal{Y}$ be algebraic stacks over $S$. Let $f : \\mathcal{X} \\to \\mathcal{Z}$, $g : \\mathcal{Y} \\to \\mathcal{Z}$ be $1$-morphisms of stacks in groupoids. Then the $2$-fibre product $\\mathcal{X} \\times_{f, \\mathcal{Z}, g} \\mathcal{Y}$ is an algebraic stack. ",
        "label": "lemma-2-fibre-product-general",
        "tag": "04TF",
        "url": "https://stacks.math.columbia.edu/tag/04TF",
        "source_filename": "algebraic.tex"
    },
    {
        "theorem": "Lemma 94.14.3.",
        "body": "  Let $S$ be a scheme contained in $\\mathit{Sch}_{fppf}$. Let $\\mathcal{X}, \\mathcal{Y}, \\mathcal{Z}$ be algebraic stacks over $S$. Let $f : \\mathcal{X} \\to \\mathcal{Z}$, $g : \\mathcal{Y} \\to \\mathcal{Z}$ be $1$-morphisms of algebraic stacks. Then the $2$-fibre product $\\mathcal{X} \\times_{f, \\mathcal{Z}, g} \\mathcal{Y}$ is an algebraic stack. It is also the $2$-fibre product in the $2$-category of algebraic stacks over $(\\mathit{Sch}/S)_{fppf}$. ",
        "label": "lemma-2-fibre-product",
        "tag": "04T2",
        "url": "https://stacks.math.columbia.edu/tag/04T2",
        "source_filename": "algebraic.tex"
    },
    {
        "theorem": "Lemma 94.15.1.",
        "body": "  Let $S$ be a scheme contained in $\\mathit{Sch}_{fppf}$. Let $f : \\mathcal{X} \\to \\mathcal{Y}$ be a $1$-morphism of algebraic stacks over $S$. Let $V \\in \\mathop{\\mathrm{Ob}}\\nolimits((\\mathit{Sch}/S)_{fppf})$. Let $y : (\\mathit{Sch}/V)_{fppf} \\to \\mathcal{Y}$ be surjective and smooth. Then there exists an object $U \\in \\mathop{\\mathrm{Ob}}\\nolimits((\\mathit{Sch}/S)_{fppf})$ and a $2$-commutative diagram $$ \\xymatrix{ (\\mathit{Sch}/U)_{fppf} \\ar[r]_a \\ar[d]_x & (\\mathit{Sch}/V)_{fppf} \\ar[d]^y \\\\ \\mathcal{X} \\ar[r]^f & \\mathcal{Y} } $$ with $x$ surjective and smooth. ",
        "label": "lemma-lift-morphism-presentations",
        "tag": "04T1",
        "url": "https://stacks.math.columbia.edu/tag/04T1",
        "source_filename": "algebraic.tex"
    },
    {
        "theorem": "Lemma 94.15.2.",
        "body": "  Let $S$ be a scheme contained in $\\mathit{Sch}_{fppf}$. Let $f : \\mathcal{X} \\to \\mathcal{Y}$ be a $1$-morphism of algebraic stacks over $S$. The following are equivalent: \\begin{enumerate} \\item for $U \\in \\mathop{\\mathrm{Ob}}\\nolimits((\\mathit{Sch}/S)_{fppf})$ the functor $f : \\mathcal{X}_U \\to \\mathcal{Y}_U$ is faithful, \\item the functor $f$ is faithful, and \\item $f$ is representable by algebraic spaces. \\end{enumerate} ",
        "label": "lemma-characterize-representable-by-algebraic-spaces",
        "tag": "04Y5",
        "url": "https://stacks.math.columbia.edu/tag/04Y5",
        "source_filename": "algebraic.tex"
    },
    {
        "theorem": "Lemma 94.15.3.",
        "body": "  Let $S$ be a scheme contained in $\\mathit{Sch}_{fppf}$. Let $u : \\mathcal{U} \\to \\mathcal{X}$ be a $1$-morphism of stacks in groupoids over $(\\mathit{Sch}/S)_{fppf}$. If \\begin{enumerate} \\item $\\mathcal{U}$ is representable by an algebraic space, and \\item $u$ is representable by algebraic spaces, surjective and smooth, \\end{enumerate} then $\\mathcal X$ is an algebraic stack over $S$. ",
        "label": "lemma-smooth-surjective-morphism-implies-algebraic",
        "tag": "05UL",
        "url": "https://stacks.math.columbia.edu/tag/05UL",
        "source_filename": "algebraic.tex"
    },
    {
        "theorem": "Lemma 94.15.4.",
        "body": "  Let $S$ be a scheme contained in $\\mathit{Sch}_{fppf}$. Let $\\mathcal{X} \\to \\mathcal{Y}$ be a morphism of stacks in groupoids over $(\\mathit{Sch}/S)_{fppf}$. Assume that \\begin{enumerate} \\item $\\mathcal{X} \\to \\mathcal{Y}$ is representable by algebraic spaces, and \\item $\\mathcal{Y}$ is an algebraic stack over $S$. \\end{enumerate} Then $\\mathcal{X}$ is an algebraic stack over $S$. ",
        "label": "lemma-representable-morphism-to-algebraic",
        "tag": "05UM",
        "url": "https://stacks.math.columbia.edu/tag/05UM",
        "source_filename": "algebraic.tex"
    },
    {
        "theorem": "Lemma 94.15.5.",
        "body": "  \\begin{reference} Removing the hypothesis that $j$ is a monomorphism was observed in an email from Matthew Emerton dates June 15, 2016 \\end{reference} Let $S$ be a scheme contained in $\\mathit{Sch}_{fppf}$. Let $j : \\mathcal X \\to \\mathcal Y$ be a $1$-morphism of categories fibred in groupoids over $(\\mathit{Sch}/S)_{fppf}$. Assume $j$ is representable by algebraic spaces. Then, if $\\mathcal{Y}$ is a stack in groupoids (resp.\\ an algebraic stack), so is $\\mathcal{X}$. ",
        "label": "lemma-open-fibred-category-is-algebraic",
        "tag": "05UN",
        "url": "https://stacks.math.columbia.edu/tag/05UN",
        "source_filename": "algebraic.tex"
    },
    {
        "theorem": "Lemma 94.16.1.",
        "body": "  Let $S$ be a scheme contained in $\\mathit{Sch}_{fppf}$. Let $\\mathcal{X}$ be an algebraic stack over $S$. Let $\\mathcal{U}$ be an algebraic stack over $S$ which is representable by an algebraic space. Let $f : \\mathcal{U} \\to \\mathcal{X}$ be a 1-morphism. Then \\begin{enumerate} \\item the $2$-fibre product $\\mathcal{R} = \\mathcal{U} \\times_{f, \\mathcal{X}, f} \\mathcal{U}$ is representable by an algebraic space, \\item there is a canonical equivalence $$ \\mathcal{U} \\times_{f, \\mathcal{X}, f} \\mathcal{U} \\times_{f, \\mathcal{X}, f} \\mathcal{U} = \\mathcal{R} \\times_{\\text{pr}_1, \\mathcal{U}, \\text{pr}_0} \\mathcal{R}, $$ \\item the projection $\\text{pr}_{02}$ induces via (2) a $1$-morphism $$ \\text{pr}_{02} : \\mathcal{R} \\times_{\\text{pr}_1, \\mathcal{U}, \\text{pr}_0} \\mathcal{R} \\longrightarrow \\mathcal{R} $$ \\item let $U$, $R$ be the algebraic spaces representing $\\mathcal{U}, \\mathcal{R}$ and $t, s : R \\to U$ and $c : R \\times_{s, U, t} R \\to R$ are the morphisms corresponding to the $1$-morphisms $\\text{pr}_0, \\text{pr}_1 : \\mathcal{R} \\to \\mathcal{U}$ and $\\text{pr}_{02} : \\mathcal{R} \\times_{\\text{pr}_1, \\mathcal{U}, \\text{pr}_0} \\mathcal{R} \\to \\mathcal{R}$ above, then the quintuple $(U, R, s, t, c)$ is a groupoid in algebraic spaces over $S$, \\item the morphism $f$ induces a canonical $1$-morphism $f_{can} : [U/R] \\to \\mathcal{X}$ of stacks in groupoids over $(\\mathit{Sch}/S)_{fppf}$, and \\item the $1$-morphism $f_{can} : [U/R] \\to \\mathcal{X}$ is fully faithful. \\end{enumerate} ",
        "label": "lemma-map-space-into-stack",
        "tag": "04T4",
        "url": "https://stacks.math.columbia.edu/tag/04T4",
        "source_filename": "algebraic.tex"
    },
    {
        "theorem": "Lemma 94.16.2.",
        "body": "  Let $S$ be a scheme contained in $\\mathit{Sch}_{fppf}$. Let $\\mathcal{X}$ be an algebraic stack over $S$. Let $U$ be an algebraic space over $S$. Let $f : \\mathcal{S}_U \\to \\mathcal{X}$ be a surjective smooth morphism. Let $(U, R, s, t, c)$ be the groupoid in algebraic spaces and $f_{can} : [U/R] \\to \\mathcal{X}$ be the result of applying Lemma \\ref{lemma-map-space-into-stack} to $U$ and $f$. Then \\begin{enumerate} \\item the morphisms $s$, $t$ are smooth, and \\item the $1$-morphism $f_{can} : [U/R] \\to \\mathcal{X}$ is an equivalence. \\end{enumerate} ",
        "label": "lemma-stack-presentation",
        "tag": "04T5",
        "url": "https://stacks.math.columbia.edu/tag/04T5",
        "source_filename": "algebraic.tex"
    },
    {
        "theorem": "Remark 94.16.3.",
        "body": "  If the morphism $f : \\mathcal{S}_U \\to \\mathcal{X}$ of Lemma \\ref{lemma-stack-presentation} is only assumed surjective, flat and locally of finite presentation, then it will still be the case that $f_{can} : [U/R] \\to \\mathcal{X}$ is an equivalence. In this case the morphisms $s$, $t$ will be flat and locally of finite presentation, but of course not smooth in general. ",
        "label": "remark-flat-fp-presentation",
        "tag": "04WY",
        "url": "https://stacks.math.columbia.edu/tag/04WY",
        "source_filename": "algebraic.tex"
    },
    {
        "theorem": "Definition 94.16.4.",
        "body": "  Let $S$ be a scheme. Let $B$ be an algebraic space over $S$. Let $(U, R, s, t, c)$ be a groupoid in algebraic spaces over $B$. We say $(U, R, s, t, c)$ is a {\\it smooth groupoid}\\footnote{This terminology might be a bit confusing: it does not imply that $[U/R]$ is smooth over anything.} if $s, t : R \\to U$ are smooth morphisms of algebraic spaces. ",
        "label": "definition-smooth-groupoid",
        "tag": "04TH",
        "url": "https://stacks.math.columbia.edu/tag/04TH",
        "source_filename": "algebraic.tex"
    },
    {
        "theorem": "Definition 94.16.5.",
        "body": "  Let $\\mathcal{X}$ be an algebraic stack over $S$. A {\\it presentation} of $\\mathcal{X}$ is given by a smooth groupoid $(U, R, s, t, c)$ in algebraic spaces over $S$, and an equivalence $f : [U/R] \\to \\mathcal{X}$. ",
        "label": "definition-presentation",
        "tag": "04TI",
        "url": "https://stacks.math.columbia.edu/tag/04TI",
        "source_filename": "algebraic.tex"
    },
    {
        "theorem": "Lemma 94.17.1.",
        "body": "  Let $S$ be a scheme contained in $\\mathit{Sch}_{fppf}$. Let $(U, R, s, t, c)$ be a groupoid in algebraic spaces over $S$. Then the diagonal of $[U/R]$ is representable by algebraic spaces. ",
        "label": "lemma-diagonal-quotient-stack",
        "tag": "04WZ",
        "url": "https://stacks.math.columbia.edu/tag/04WZ",
        "source_filename": "algebraic.tex"
    },
    {
        "theorem": "Lemma 94.17.2.",
        "body": "  Let $S$ be a scheme contained in $\\mathit{Sch}_{fppf}$. Let $(U, R, s, t, c)$ be a smooth groupoid in algebraic spaces over $S$. Then the morphism $\\mathcal{S}_U \\to [U/R]$ is smooth and surjective. ",
        "label": "lemma-smooth-quotient-smooth-presentation",
        "tag": "04X0",
        "url": "https://stacks.math.columbia.edu/tag/04X0",
        "source_filename": "algebraic.tex"
    },
    {
        "theorem": "Theorem 94.17.3.",
        "body": "  Let $S$ be a scheme contained in $\\mathit{Sch}_{fppf}$. Let $(U, R, s, t, c)$ be a smooth groupoid in algebraic spaces over $S$. Then the quotient stack $[U/R]$ is an algebraic stack over $S$. ",
        "label": "theorem-smooth-groupoid-gives-algebraic-stack",
        "tag": "04TK",
        "url": "https://stacks.math.columbia.edu/tag/04TK",
        "source_filename": "algebraic.tex"
    },
    {
        "theorem": "Lemma 94.18.1.",
        "body": "  Suppose given big sites $\\mathit{Sch}_{fppf}$ and $\\mathit{Sch}'_{fppf}$. Assume that $\\mathit{Sch}_{fppf}$ is contained in $\\mathit{Sch}'_{fppf}$, see Topologies, Section \\ref{topologies-section-change-alpha}. Let $S$ be an object of $\\mathit{Sch}_{fppf}$. Let $f : (\\mathit{Sch}'/S)_{fppf} \\to (\\mathit{Sch}/S)_{fppf}$ the morphism of sites corresponding to the inclusion functor $u : (\\mathit{Sch}/S)_{fppf} \\to (\\mathit{Sch}'/S)_{fppf}$. Let $\\mathcal{X}$ be a stack in groupoids over $(\\mathit{Sch}/S)_{fppf}$. \\begin{enumerate} \\item if $\\mathcal{X}$ is representable by some $X \\in \\mathop{\\mathrm{Ob}}\\nolimits((\\mathit{Sch}/S)_{fppf})$, then $f^{-1}\\mathcal{X}$ is representable too, in fact it is representable by the same scheme $X$, now viewed as an object of $(\\mathit{Sch}'/S)_{fppf}$, \\item if $\\mathcal{X}$ is representable by $F \\in \\mathop{\\mathit{Sh}}\\nolimits((\\mathit{Sch}/S)_{fppf})$ which is an algebraic space, then $f^{-1}\\mathcal{X}$ is representable by the algebraic space $f^{-1}F$, \\item if $\\mathcal{X}$ is an algebraic stack, then $f^{-1}\\mathcal{X}$ is an algebraic stack, and \\item if $\\mathcal{X}$ is a Deligne-Mumford stack, then $f^{-1}\\mathcal{X}$ is a Deligne-Mumford stack too. \\end{enumerate} ",
        "label": "lemma-change-big-site",
        "tag": "04X2",
        "url": "https://stacks.math.columbia.edu/tag/04X2",
        "source_filename": "algebraic.tex"
    },
    {
        "theorem": "Lemma 94.18.2.",
        "body": "  Suppose $\\mathit{Sch}_{fppf}$ is contained in $\\mathit{Sch}'_{fppf}$. Let $S$ be an object of $\\mathit{Sch}_{fppf}$. Denote $\\textit{Algebraic-Stacks}/S$ the $2$-category of algebraic stacks over $S$ defined using $\\mathit{Sch}_{fppf}$. Similarly, denote $\\textit{Algebraic-Stacks}'/S$ the $2$-category of algebraic stacks over $S$ defined using $\\mathit{Sch}'_{fppf}$. The rule $\\mathcal{X} \\mapsto f^{-1}\\mathcal{X}$ of Lemma \\ref{lemma-change-big-site} defines a functor of $2$-categories $$ \\textit{Algebraic-Stacks}/S \\longrightarrow \\textit{Algebraic-Stacks}'/S $$ which defines equivalences of morphism categories $$ \\mathop{\\mathrm{Mor}}\\nolimits_{\\textit{Algebraic-Stacks}/S}(\\mathcal{X}, \\mathcal{Y}) \\longrightarrow \\mathop{\\mathrm{Mor}}\\nolimits_{\\textit{Algebraic-Stacks}'/S}(f^{-1}\\mathcal{X}, f^{-1}\\mathcal{Y}) $$ for every objects $\\mathcal{X}, \\mathcal{Y}$ of $\\textit{Algebraic-Stacks}/S$. An object $\\mathcal{X}'$ of $\\textit{Algebraic-Stacks}'/S$ is equivalence to $f^{-1}\\mathcal{X}$ for some $\\mathcal{X}$ in $\\textit{Algebraic-Stacks}/S$ if and only if it has a presentation $\\mathcal{X} = [U'/R']$ with $U', R'$ isomorphic to $f^{-1}U$, $f^{-1}R$ for some $U, R \\in \\textit{Spaces}/S$. ",
        "label": "lemma-fully-faithful",
        "tag": "04X3",
        "url": "https://stacks.math.columbia.edu/tag/04X3",
        "source_filename": "algebraic.tex"
    },
    {
        "theorem": "Lemma 94.19.1.",
        "body": "  Let $\\mathit{Sch}_{fppf}$ be a big fppf site. Let $S \\to S'$ be a morphism of this site. The constructions A and B of Stacks, Section \\ref{stacks-section-localize} above give isomorphisms of $2$-categories $$ \\left\\{ \\begin{matrix} 2\\text{-category of algebraic}\\\\ \\text{stacks }\\mathcal{X}\\text{ over }S \\end{matrix} \\right\\} \\leftrightarrow \\left\\{ \\begin{matrix} 2\\text{-category of pairs }(\\mathcal{X}', f)\\text{ consisting of an}\\\\ \\text{algebraic stack }\\mathcal{X}'\\text{ over }S'\\text{ and a morphism}\\\\ f : \\mathcal{X}' \\to (\\mathit{Sch}/S)_{fppf}\\text{ of algebraic stacks over }S' \\end{matrix} \\right\\} $$ ",
        "label": "lemma-category-of-spaces-over-smaller-base-scheme",
        "tag": "04X5",
        "url": "https://stacks.math.columbia.edu/tag/04X5",
        "source_filename": "algebraic.tex"
    },
    {
        "theorem": "Definition 94.19.2.",
        "body": "  Let $\\mathit{Sch}_{fppf}$ be a big fppf site. Let $S \\to S'$ be a morphism of this site. If $p : \\mathcal{X} \\to (\\mathit{Sch}/S)_{fppf}$ is an algebraic stack over $S$, then $\\mathcal{X}$ {\\it viewed as an algebraic stack over $S'$} is the algebraic stack $$ \\mathcal{X} \\longrightarrow (\\mathit{Sch}/S')_{fppf} $$ gotten by applying construction A of Lemma \\ref{lemma-category-of-spaces-over-smaller-base-scheme} to $\\mathcal{X}$. ",
        "label": "definition-viewed-as",
        "tag": "04X6",
        "url": "https://stacks.math.columbia.edu/tag/04X6",
        "source_filename": "algebraic.tex"
    },
    {
        "theorem": "Definition 94.19.3.",
        "body": "  Let $\\mathit{Sch}_{fppf}$ be a big fppf site. Let $S \\to S'$ be a morphism of this site. Let $\\mathcal{X}'$ be an algebraic stack over $S'$. The {\\it change of base of $\\mathcal{X}'$} is the algebraic stack $\\mathcal{X}'_S$ over $S$ described above. ",
        "label": "definition-change-of-base",
        "tag": "04X7",
        "url": "https://stacks.math.columbia.edu/tag/04X7",
        "source_filename": "algebraic.tex"
    }
]