[
    {
        "theorem": "Lemma 98.3.1.",
        "body": "  The functor $p : \\mathcal{F} \\to \\mathcal{C}_\\Lambda$ defined above is a predeformation category. ",
        "label": "lemma-predeformation-category",
        "tag": "07T5",
        "url": "https://stacks.math.columbia.edu/tag/07T5",
        "source_filename": "artin.tex"
    },
    {
        "theorem": "Lemma 98.3.2.",
        "body": "  Let $S$ be a locally Noetherian scheme. Let $F : \\mathcal{X} \\to \\mathcal{Y}$ be a $1$-morphism of categories fibred in groupoids over $(\\mathit{Sch}/S)_{fppf}$. Assume either \\begin{enumerate} \\item $F$ is formally smooth on objects (Criteria for Representability, Section \\ref{criteria-section-formally-smooth}), \\item $F$ is representable by algebraic spaces and formally smooth, or \\item $F$ is representable by algebraic spaces and smooth. \\end{enumerate} Then for every finite type field $k$ over $S$ and object $x_0$ of $\\mathcal{X}$ over $k$ the functor (\\ref{equation-functoriality}) is smooth in the sense of Formal Deformation Theory, Definition \\ref{formal-defos-definition-smooth-morphism}. ",
        "label": "lemma-formally-smooth-on-deformation-categories",
        "tag": "07WK",
        "url": "https://stacks.math.columbia.edu/tag/07WK",
        "source_filename": "artin.tex"
    },
    {
        "theorem": "Lemma 98.3.3.",
        "body": "  Let $S$ be a locally Noetherian scheme. Let $$ \\xymatrix{ \\mathcal{W} \\ar[d] \\ar[r] & \\mathcal{Z} \\ar[d] \\\\ \\mathcal{X} \\ar[r] & \\mathcal{Y} } $$ be a $2$-fibre product of categories fibred in groupoids over $(\\mathit{Sch}/S)_{fppf}$. Let $k$ be a finite type field over $S$ and $w_0$ an object of $\\mathcal{W}$ over $k$. Let $x_0, z_0, y_0$ be the images of $w_0$ under the morphisms in the diagram. Then $$ \\xymatrix{ \\mathcal{F}_{\\mathcal{W}, k, w_0} \\ar[d] \\ar[r] & \\mathcal{F}_{\\mathcal{Z}, k, z_0} \\ar[d] \\\\ \\mathcal{F}_{\\mathcal{X}, k, x_0} \\ar[r] & \\mathcal{F}_{\\mathcal{Y}, k, y_0} } $$ is a fibre product of predeformation categories. ",
        "label": "lemma-fibre-product-deformation-categories",
        "tag": "07WL",
        "url": "https://stacks.math.columbia.edu/tag/07WL",
        "source_filename": "artin.tex"
    },
    {
        "theorem": "Lemma 98.4.1.",
        "body": "  \\begin{slogan} Algebraic stacks satisfy the (strong) Rim-Schlessinger condition \\end{slogan} Let $S$ be a scheme. Let $$ \\xymatrix{ X \\ar[r] \\ar[d] & X' \\ar[d] \\\\ Y \\ar[r] & Y' } $$ be a pushout in the category of schemes over $S$ where $X \\to X'$ is a thickening and $X \\to Y$ is affine, see More on Morphisms, Lemma \\ref{more-morphisms-lemma-pushout-along-thickening}. Let $\\mathcal{Z}$ be an algebraic stack over $S$. Then the functor of fibre categories $$ \\mathcal{Z}_{Y'} \\longrightarrow \\mathcal{Z}_Y \\times_{\\mathcal{Z}_X} \\mathcal{Z}_{X'} $$ is an equivalence of categories. ",
        "label": "lemma-pushout",
        "tag": "07WN",
        "url": "https://stacks.math.columbia.edu/tag/07WN",
        "source_filename": "artin.tex"
    },
    {
        "theorem": "Definition 98.5.1.",
        "body": "  Let $S$ be a locally Noetherian scheme. Let $\\mathcal{Z}$ be a category fibred in groupoids over $(\\mathit{Sch}/S)_{fppf}$. We say $\\mathcal{Z}$ satisfies {\\it condition (RS)} if for every pushout $$ \\xymatrix{ X \\ar[r] \\ar[d] & X' \\ar[d] \\\\ Y \\ar[r] & Y' = Y \\amalg_X X' } $$ in the category of schemes over $S$ where \\begin{enumerate} \\item $X$, $X'$, $Y$, $Y'$ are spectra of local Artinian rings, \\item $X$, $X'$, $Y$, $Y'$ are of finite type over $S$, and \\item $X \\to X'$ (and hence $Y \\to Y'$) is a closed immersion \\end{enumerate} the functor of fibre categories $$ \\mathcal{Z}_{Y'} \\longrightarrow \\mathcal{Z}_Y \\times_{\\mathcal{Z}_X} \\mathcal{Z}_{X'} $$ is an equivalence of categories. ",
        "label": "definition-RS",
        "tag": "07WP",
        "url": "https://stacks.math.columbia.edu/tag/07WP",
        "source_filename": "artin.tex"
    },
    {
        "theorem": "Lemma 98.5.2.",
        "body": "  Let $\\mathcal{X}$ be an algebraic stack over a locally Noetherian base $S$. Then $\\mathcal{X}$ satisfies (RS). ",
        "label": "lemma-algebraic-stack-RS",
        "tag": "07WQ",
        "url": "https://stacks.math.columbia.edu/tag/07WQ",
        "source_filename": "artin.tex"
    },
    {
        "theorem": "Lemma 98.5.3.",
        "body": "  Let $S$ be a scheme. Let $p : \\mathcal{X} \\to \\mathcal{Y}$ and $q : \\mathcal{Z} \\to \\mathcal{Y}$ be $1$-morphisms of categories fibred in groupoids over $(\\mathit{Sch}/S)_{fppf}$. If $\\mathcal{X}$, $\\mathcal{Y}$, and $\\mathcal{Z}$ satisfy (RS), then so does $\\mathcal{X} \\times_\\mathcal{Y} \\mathcal{Z}$. ",
        "label": "lemma-fibre-product-RS",
        "tag": "07WR",
        "url": "https://stacks.math.columbia.edu/tag/07WR",
        "source_filename": "artin.tex"
    },
    {
        "theorem": "Lemma 98.6.1.",
        "body": "  Let $S$ be a locally Noetherian scheme. Let $\\mathcal{X}$ be a category fibred in groupoids over $(\\mathit{Sch}/S)_{fppf}$ satisfying (RS). For any field $k$ of finite type over $S$ and any object $x_0$ of $\\mathcal{X}$ lying over $k$ the predeformation category $p : \\mathcal{F}_{\\mathcal{X}, k, x_0} \\to \\mathcal{C}_\\Lambda$ (\\ref{equation-predeformation-category}) is a deformation category, see Formal Deformation Theory, Definition \\ref{formal-defos-definition-deformation-category}. ",
        "label": "lemma-deformation-category",
        "tag": "07WU",
        "url": "https://stacks.math.columbia.edu/tag/07WU",
        "source_filename": "artin.tex"
    },
    {
        "theorem": "Remark 98.6.2.",
        "body": "  Let $S$ be a locally Noetherian scheme. Let $\\mathcal{X}$ be fibred in groupoids over $(\\mathit{Sch}/S)_{fppf}$. Let $k$ be a field of finite type over $S$ and $x_0$ an object of $\\mathcal{X}$ over $k$. Let $p : \\mathcal{F} \\to \\mathcal{C}_\\Lambda$ be as in (\\ref{equation-predeformation-category}). If $\\mathcal{F}$ is a deformation category, i.e., if $\\mathcal{F}$ satisfies the Rim-Schlessinger condition (RS), then we see that $\\mathcal{F}$ satisfies Schlessinger's conditions (S1) and (S2) by Formal Deformation Theory, Lemma \\ref{formal-defos-lemma-RS-implies-S1-S2}. Let $\\overline{\\mathcal{F}}$ be the functor of isomorphism classes, see Formal Deformation Theory, Remarks \\ref{formal-defos-remarks-cofibered-groupoids} (\\ref{formal-defos-item-associated-functor-isomorphism-classes}). Then $\\overline{\\mathcal{F}}$ satisfies (S1) and (S2) as well, see Formal Deformation Theory, Lemma \\ref{formal-defos-lemma-S1-S2-associated-functor}. This holds in particular in the situation of Lemma \\ref{lemma-deformation-category}. ",
        "label": "remark-deformation-category-implies",
        "tag": "07WV",
        "url": "https://stacks.math.columbia.edu/tag/07WV",
        "source_filename": "artin.tex"
    },
    {
        "theorem": "Lemma 98.7.1.",
        "body": "  Let $S$ be a locally Noetherian scheme. Let $\\mathcal{X}$ be a category fibred in groupoids over $(\\mathit{Sch}/S)_{fppf}$. Let $k$ be a field of finite type over $S$ and let $l/k$ be a finite extension. Let $x_0$ be an object of $\\mathcal{F}$ lying over $\\mathop{\\mathrm{Spec}}(k)$. Denote $x_{l, 0}$ the restriction of $x_0$ to $\\mathop{\\mathrm{Spec}}(l)$. Then there is a canonical functor $$ (\\mathcal{F}_{\\mathcal{X}, k , x_0})_{l/k} \\longrightarrow \\mathcal{F}_{\\mathcal{X}, l, x_{l, 0}} $$ of categories cofibred in groupoids over $\\mathcal{C}_{\\Lambda, l}$. If $\\mathcal{X}$ satisfies (RS), then this functor is an equivalence. ",
        "label": "lemma-change-of-field",
        "tag": "07WX",
        "url": "https://stacks.math.columbia.edu/tag/07WX",
        "source_filename": "artin.tex"
    },
    {
        "theorem": "Lemma 98.8.1.",
        "body": "  Let $S$ be a locally Noetherian scheme. Assume \\begin{enumerate} \\item $\\mathcal{X}$ is an algebraic stack, \\item $U$ is a scheme locally of finite type over $S$, and \\item $(\\mathit{Sch}/U)_{fppf} \\to \\mathcal{X}$ is a smooth surjective morphism. \\end{enumerate} Then, for any $\\mathcal{F} = \\mathcal{F}_{\\mathcal{X}, k, x_0}$ as in Section \\ref{section-predeformation-categories} the tangent space $T\\mathcal{F}$ and infinitesimal automorphism space $\\text{Inf}(\\mathcal{F})$ have finite dimension over $k$. ",
        "label": "lemma-finite-dimension",
        "tag": "07X1",
        "url": "https://stacks.math.columbia.edu/tag/07X1",
        "source_filename": "artin.tex"
    },
    {
        "theorem": "Lemma 98.8.2.",
        "body": "  Let $S$ be a locally Noetherian scheme. Let $p : \\mathcal{X} \\to \\mathcal{Y}$ and $q : \\mathcal{Z} \\to \\mathcal{Y}$ be $1$-morphisms of categories fibred in groupoids over $(\\mathit{Sch}/S)_{fppf}$. Assume $\\mathcal{X}$, $\\mathcal{Y}$, $\\mathcal{Z}$ satisfy (RS). Let $k$ be a field of finite type over $S$ and let $w_0$ be an object of $\\mathcal{W} = \\mathcal{X} \\times_\\mathcal{Y} \\mathcal{Z}$ over $k$. Denote $x_0, y_0, z_0$ the objects of $\\mathcal{X}, \\mathcal{Y}, \\mathcal{Z}$ you get from $w_0$. Then there is a $6$-term exact sequence $$ \\xymatrix{ 0 \\ar[r] & \\text{Inf}(\\mathcal{F}_{\\mathcal{W}, k, w_0}) \\ar[r] & \\text{Inf}(\\mathcal{F}_{\\mathcal{X}, k, x_0}) \\oplus \\text{Inf}(\\mathcal{F}_{\\mathcal{Z}, k, z_0}) \\ar[r] & \\text{Inf}(\\mathcal{F}_{\\mathcal{Y}, k, y_0}) \\ar[lld] \\\\ & T\\mathcal{F}_{\\mathcal{W}, k, w_0} \\ar[r] & T\\mathcal{F}_{\\mathcal{X}, k, x_0} \\oplus T\\mathcal{F}_{\\mathcal{Z}, k, z_0} \\ar[r] & T\\mathcal{F}_{\\mathcal{Y}, k, y_0} } $$ of $k$-vector spaces. ",
        "label": "lemma-fibre-product-tangent-spaces",
        "tag": "07X2",
        "url": "https://stacks.math.columbia.edu/tag/07X2",
        "source_filename": "artin.tex"
    },
    {
        "theorem": "Definition 98.9.1.",
        "body": "  Let $S$ be a locally Noetherian scheme. Let $p : \\mathcal{X} \\to (\\mathit{Sch}/S)_{fppf}$ be a category fibred in groupoids. \\begin{enumerate} \\item A {\\it formal object} $\\xi = (R, \\xi_n, f_n)$ of $\\mathcal{X}$ consists of a Noetherian complete local $S$-algebra $R$, objects $\\xi_n$ of $\\mathcal{X}$ lying over $\\mathop{\\mathrm{Spec}}(R/\\mathfrak m_R^n)$, and morphisms $f_n : \\xi_n \\to \\xi_{n + 1}$ of $\\mathcal{X}$ lying over $\\mathop{\\mathrm{Spec}}(R/\\mathfrak m^n) \\to \\mathop{\\mathrm{Spec}}(R/\\mathfrak m^{n + 1})$ such that $R/\\mathfrak m$ is a field of finite type over $S$. \\item A {\\it morphism of formal objects} $a : \\xi = (R, \\xi_n, f_n) \\to \\eta = (T, \\eta_n, g_n)$ is given by morphisms $a_n : \\xi_n \\to \\eta_n$ such that for every $n$ the diagram $$ \\xymatrix{ \\xi_n \\ar[r]_{f_n} \\ar[d]_{a_n} & \\xi_{n + 1} \\ar[d]^{a_{n + 1}} \\\\ \\eta_n \\ar[r]^{g_n} & \\eta_{n + 1} } $$ is commutative. Applying the functor $p$ we obtain a compatible collection of morphisms $\\mathop{\\mathrm{Spec}}(R/\\mathfrak m_R^n) \\to \\mathop{\\mathrm{Spec}}(T/\\mathfrak m_T^n)$ and hence a morphism $a_0 : \\mathop{\\mathrm{Spec}}(R) \\to \\mathop{\\mathrm{Spec}}(T)$ over $S$. We say that $a$ {\\it lies over} $a_0$. \\end{enumerate} ",
        "label": "definition-formal-objects",
        "tag": "07X4",
        "url": "https://stacks.math.columbia.edu/tag/07X4",
        "source_filename": "artin.tex"
    },
    {
        "theorem": "Remark 98.9.2.",
        "body": "  Let $S$ be a locally Noetherian scheme. Let $p : \\mathcal{X} \\to (\\mathit{Sch}/S)_{fppf}$ be a category fibred in groupoids. Let $\\xi = (R, \\xi_n, f_n)$ be a formal object. Set $k = R/\\mathfrak m$ and $x_0 = \\xi_1$. The formal object $\\xi$ defines a formal object $\\xi$ of the predeformation category $\\mathcal{F}_{\\mathcal{X}, k, x_0}$. This follows immediately from Definition \\ref{definition-formal-objects} above, Formal Deformation Theory, Definition \\ref{formal-defos-definition-formal-objects}, and our construction of the predeformation category $\\mathcal{F}_{\\mathcal{X}, k, x_0}$ in Section \\ref{section-predeformation-categories}. ",
        "label": "remark-formal-objects-match",
        "tag": "0CXH",
        "url": "https://stacks.math.columbia.edu/tag/0CXH",
        "source_filename": "artin.tex"
    },
    {
        "theorem": "Lemma 98.9.3.",
        "body": "  Let $S$ be a locally Noetherian scheme. Let $F : \\mathcal{X} \\to \\mathcal{Y}$ be a $1$-morphism of categories fibred in groupoids over $(\\mathit{Sch}/S)_{fppf}$. Let $\\eta = (R, \\eta_n, g_n)$ be a formal object of $\\mathcal{Y}$ and let $\\xi_1$ be an object of $\\mathcal{X}$ with $F(\\xi_1) \\cong \\eta_1$. If $F$ is formally smooth on objects (see Criteria for Representability, Section \\ref{criteria-section-formally-smooth}), then there exists a formal object $\\xi = (R, \\xi_n, f_n)$ of $\\mathcal{X}$ such that $F(\\xi) \\cong \\eta$. ",
        "label": "lemma-smooth-lift-formal",
        "tag": "07X5",
        "url": "https://stacks.math.columbia.edu/tag/07X5",
        "source_filename": "artin.tex"
    },
    {
        "theorem": "Definition 98.9.4.",
        "body": "  Let $S$ be a locally Noetherian scheme. Let $\\mathcal{X}$ be a category fibred in groupoids over $(\\mathit{Sch}/S)_{fppf}$. A formal object $\\xi = (R, \\xi_n, f_n)$ of $\\mathcal{X}$ is called {\\it effective} if it is in the essential image of the functor (\\ref{equation-approximation}). ",
        "label": "definition-effective",
        "tag": "07X7",
        "url": "https://stacks.math.columbia.edu/tag/07X7",
        "source_filename": "artin.tex"
    },
    {
        "theorem": "Lemma 98.9.5.",
        "body": "  Let $S$ be a locally Noetherian scheme. Let $\\mathcal{X}$ be an algebraic stack over $S$. The functor (\\ref{equation-approximation}) is an equivalence. ",
        "label": "lemma-effective",
        "tag": "07X8",
        "url": "https://stacks.math.columbia.edu/tag/07X8",
        "source_filename": "artin.tex"
    },
    {
        "theorem": "Lemma 98.9.6.",
        "body": "  Let $S$ be a scheme. Let $p : \\mathcal{X} \\to \\mathcal{Y}$ and $q : \\mathcal{Z} \\to \\mathcal{Y}$ be $1$-morphisms of categories fibred in groupoids over $(\\mathit{Sch}/S)_{fppf}$. If the functor (\\ref{equation-approximation}) is an equivalence for $\\mathcal{X}$, $\\mathcal{Y}$, and $\\mathcal{Z}$, then it is an equivalence for $\\mathcal{X} \\times_\\mathcal{Y} \\mathcal{Z}$. ",
        "label": "lemma-fibre-product-effective",
        "tag": "07X9",
        "url": "https://stacks.math.columbia.edu/tag/07X9",
        "source_filename": "artin.tex"
    },
    {
        "theorem": "Lemma 98.10.1.",
        "body": "  Let $S$ be a locally Noetherian scheme. Let $p : \\mathcal{X} \\to (\\mathit{Sch}/S)_{fppf}$ be a category fibred in groupoids. Let $x$ be an object of $\\mathcal{X}$ lying over $\\mathop{\\mathrm{Spec}}(R)$ where $R$ is a Noetherian complete local ring with residue field $k$ of finite type over $S$. Let $s \\in S$ be the image of $\\mathop{\\mathrm{Spec}}(k) \\to S$. Assume that (a) $\\mathcal{O}_{S, s}$ is a G-ring and (b) $p$ is limit preserving on objects. Then for every integer $N \\geq 1$ there exist \\begin{enumerate} \\item a finite type $S$-algebra $A$, \\item a maximal ideal $\\mathfrak m_A \\subset A$, \\item an object $x_A$ of $\\mathcal{X}$ over $\\mathop{\\mathrm{Spec}}(A)$, \\item an $S$-isomorphism $R/\\mathfrak m_R^N \\cong A/\\mathfrak m_A^N$, \\item an isomorphism $x|_{\\mathop{\\mathrm{Spec}}(R/\\mathfrak m_R^N)} \\cong x_A|_{\\mathop{\\mathrm{Spec}}(A/\\mathfrak m_A^N)}$ compatible with (4), and \\item an isomorphism $\\text{Gr}_{\\mathfrak m_R}(R) \\cong \\text{Gr}_{\\mathfrak m_A}(A)$ of graded $k$-algebras. \\end{enumerate} ",
        "label": "lemma-approximate",
        "tag": "07XB",
        "url": "https://stacks.math.columbia.edu/tag/07XB",
        "source_filename": "artin.tex"
    },
    {
        "theorem": "Definition 98.11.1.",
        "body": "  Let $S$ be a scheme. Let $\\mathcal{X}$ be a category fibred in groupoids over $(\\mathit{Sch}/S)_{fppf}$. We say $\\mathcal{X}$ is {\\it limit preserving} if for every affine scheme $T$ over $S$ which is a limit $T = \\mathop{\\mathrm{lim}}\\nolimits T_i$ of a directed inverse system of affine schemes $T_i$ over $S$, we have an equivalence $$ \\mathop{\\mathrm{colim}}\\nolimits \\mathcal{X}_{T_i} \\longrightarrow \\mathcal{X}_T $$ of fibre categories. ",
        "label": "definition-limit-preserving",
        "tag": "07XL",
        "url": "https://stacks.math.columbia.edu/tag/07XL",
        "source_filename": "artin.tex"
    },
    {
        "theorem": "Lemma 98.11.2.",
        "body": "  Let $S$ be a scheme. Let $p : \\mathcal{X} \\to \\mathcal{Y}$ and $q : \\mathcal{Z} \\to \\mathcal{Y}$ be $1$-morphisms of categories fibred in groupoids over $(\\mathit{Sch}/S)_{fppf}$. \\begin{enumerate} \\item If $\\mathcal{X} \\to (\\mathit{Sch}/S)_{fppf}$ and $\\mathcal{Z} \\to (\\mathit{Sch}/S)_{fppf}$ are limit preserving on objects and $\\mathcal{Y}$ is limit preserving, then $\\mathcal{X} \\times_\\mathcal{Y} \\mathcal{Z} \\to (\\mathit{Sch}/S)_{fppf}$ is limit preserving on objects. \\item If $\\mathcal{X}$, $\\mathcal{Y}$, and $\\mathcal{Z}$ are limit preserving, then so is $\\mathcal{X} \\times_\\mathcal{Y} \\mathcal{Z}$. \\end{enumerate} ",
        "label": "lemma-fibre-product-limit-preserving",
        "tag": "07XM",
        "url": "https://stacks.math.columbia.edu/tag/07XM",
        "source_filename": "artin.tex"
    },
    {
        "theorem": "Lemma 98.11.3.",
        "body": "  Let $S$ be a scheme. Let $\\mathcal{X}$ be an algebraic stack over $S$. Then the following are equivalent \\begin{enumerate} \\item $\\mathcal{X}$ is a stack in setoids and $\\mathcal{X} \\to (\\mathit{Sch}/S)_{fppf}$ is limit preserving on objects, \\item $\\mathcal{X}$ is a stack in setoids and limit preserving, \\item $\\mathcal{X}$ is representable by an algebraic space locally of finite presentation. \\end{enumerate} ",
        "label": "lemma-limit-preserving-algebraic-space",
        "tag": "07XN",
        "url": "https://stacks.math.columbia.edu/tag/07XN",
        "source_filename": "artin.tex"
    },
    {
        "theorem": "Lemma 98.11.4.",
        "body": "  Let $S$ be a scheme. Let $\\mathcal{X}$ be a category fibred in groupoids over $(\\mathit{Sch}/S)_{fppf}$. Assume $\\Delta : \\mathcal{X} \\to \\mathcal{X} \\times \\mathcal{X}$ is representable by algebraic spaces and $\\mathcal{X}$ is limit preserving. Then $\\Delta$ is locally of finite type. ",
        "label": "lemma-diagonal",
        "tag": "0CXI",
        "url": "https://stacks.math.columbia.edu/tag/0CXI",
        "source_filename": "artin.tex"
    },
    {
        "theorem": "Definition 98.12.1.",
        "body": "  Let $S$ be a locally Noetherian scheme. Let $p : \\mathcal{X} \\to (\\mathit{Sch}/S)_{fppf}$ be a category fibred in groupoids. Let $\\xi = (R, \\xi_n, f_n)$ be a formal object. Set $k = R/\\mathfrak m$ and $x_0 = \\xi_1$. We will say that $\\xi$ is {\\it versal} if $\\xi$ as a formal object of $\\mathcal{F}_{\\mathcal{X}, k, x_0}$ (Remark \\ref{remark-formal-objects-match}) is versal in the sense of Formal Deformation Theory, Definition \\ref{formal-defos-definition-versal}. ",
        "label": "definition-versal-formal-object",
        "tag": "0CXJ",
        "url": "https://stacks.math.columbia.edu/tag/0CXJ",
        "source_filename": "artin.tex"
    },
    {
        "theorem": "Definition 98.12.2.",
        "body": "  Let $S$ be a locally Noetherian scheme. Let $\\mathcal{X}$ be fibred in groupoids over $(\\mathit{Sch}/S)_{fppf}$. Let $U$ be a scheme locally of finite type over $S$. Let $x$ be an object of $\\mathcal{X}$ lying over $U$. Let $u_0$ be finite type point of $U$. We say $x$ is {\\it versal} at $u_0$ if the morphism $\\hat x$ (\\ref{equation-hat-x}) is smooth, see Formal Deformation Theory, Definition \\ref{formal-defos-definition-smooth-morphism}. ",
        "label": "definition-versal",
        "tag": "07XF",
        "url": "https://stacks.math.columbia.edu/tag/07XF",
        "source_filename": "artin.tex"
    },
    {
        "theorem": "Lemma 98.12.3.",
        "body": "  With notation as in Definition \\ref{definition-versal}. Let $R = \\mathcal{O}_{U, u_0}^\\wedge$. Let $\\xi$ be the formal object of $\\mathcal{X}$ over $R$ associated to $x|_{\\mathop{\\mathrm{Spec}}(R)}$, see (\\ref{equation-approximation}). Then $$ x\\text{ is versal at }u_0 \\Leftrightarrow \\xi\\text{ is versal} $$ ",
        "label": "lemma-versality-matches",
        "tag": "0CXK",
        "url": "https://stacks.math.columbia.edu/tag/0CXK",
        "source_filename": "artin.tex"
    },
    {
        "theorem": "Lemma 98.12.4.",
        "body": "  Let $S$ be a locally Noetherian scheme. Let $f : U \\to V$ be a morphism of schemes locally of finite type over $S$. Let $u_0 \\in U$ be a finite type point. The following are equivalent \\begin{enumerate} \\item $f$ is smooth at $u_0$, \\item $f$ viewed as an object of $(\\mathit{Sch}/V)_{fppf}$ over $U$ is versal at $u_0$. \\end{enumerate} ",
        "label": "lemma-versal-implies-smooth",
        "tag": "0CXL",
        "url": "https://stacks.math.columbia.edu/tag/0CXL",
        "source_filename": "artin.tex"
    },
    {
        "theorem": "Lemma 98.12.5.",
        "body": "  Let $S$, $\\mathcal{X}$, $U$, $x$, $u_0$ be as in Definition \\ref{definition-versal}. Let $l$ be a field and let $u_{l, 0} : \\mathop{\\mathrm{Spec}}(l) \\to U$ be a morphism with image $u_0$ such that $l/k = \\kappa(u_0)$ is finite. Set $x_{l, 0} = x_0|_{\\mathop{\\mathrm{Spec}}(l)}$. If $\\mathcal{X}$ satisfies (RS) and $x$ is versal at $u_0$, then $$ \\mathcal{F}_{(\\mathit{Sch}/U)_{fppf}, l, u_{l, 0}} \\longrightarrow \\mathcal{F}_{\\mathcal{X}, l, x_{l, 0}} $$ is smooth. ",
        "label": "lemma-versal-change-of-field",
        "tag": "07XG",
        "url": "https://stacks.math.columbia.edu/tag/07XG",
        "source_filename": "artin.tex"
    },
    {
        "theorem": "Lemma 98.12.6.",
        "body": "  Let $S$, $\\mathcal{X}$, $U$, $x$, $u_0$ be as in Definition \\ref{definition-versal}. Assume \\begin{enumerate} \\item $\\Delta : \\mathcal{X} \\to \\mathcal{X} \\times \\mathcal{X}$ is representable by algebraic spaces, \\item $\\Delta$ is locally of finite type (for example if $\\mathcal{X}$ is limit preserving), and \\item $\\mathcal{X}$ has (RS). \\end{enumerate} Let $V$ be a scheme locally of finite type over $S$ and let $y$ be an object of $\\mathcal{X}$ over $V$. Form the $2$-fibre product $$ \\xymatrix{ \\mathcal{Z} \\ar[r] \\ar[d] & (\\mathit{Sch}/U)_{fppf} \\ar[d]^x \\\\ (\\mathit{Sch}/V)_{fppf} \\ar[r]^y & \\mathcal{X} } $$ Let $Z$ be the algebraic space representing $\\mathcal{Z}$ and let $z_0 \\in |Z|$ be a finite type point lying over $u_0$. If $x$ is versal at $u_0$, then the morphism $Z \\to V$ is smooth at $z_0$. ",
        "label": "lemma-base-change-versal",
        "tag": "0CXM",
        "url": "https://stacks.math.columbia.edu/tag/0CXM",
        "source_filename": "artin.tex"
    },
    {
        "theorem": "Lemma 98.12.7.",
        "body": "  Let $S$ be a locally Noetherian scheme. Let $p : \\mathcal{X} \\to (\\mathit{Sch}/S)_{fppf}$ be a category fibred in groupoids. Let $\\xi = (R, \\xi_n, f_n)$ be a formal object of $\\mathcal{X}$ with $\\xi_1$ lying over $\\mathop{\\mathrm{Spec}}(k) \\to S$ with image $s \\in S$. Assume \\begin{enumerate} \\item $\\xi$ is versal, \\item $\\xi$ is effective, \\item $\\mathcal{O}_{S, s}$ is a G-ring, and \\item $p : \\mathcal{X} \\to (\\mathit{Sch}/S)_{fppf}$ is limit preserving on objects. \\end{enumerate} Then there exist a morphism of finite type $U \\to S$, a finite type point $u_0 \\in U$ with residue field $k$, and an object $x$ of $\\mathcal{X}$ over $U$ such that $x$ is versal at $u_0$ and such that $x|_{\\mathop{\\mathrm{Spec}}(\\mathcal{O}_{U, u_0}/\\mathfrak m_{u_0}^n)} \\cong \\xi_n$. ",
        "label": "lemma-approximate-versal",
        "tag": "07XH",
        "url": "https://stacks.math.columbia.edu/tag/07XH",
        "source_filename": "artin.tex"
    },
    {
        "theorem": "Example 98.12.8.",
        "body": "  In this example we show that the local ring $\\mathcal{O}_{S, s}$ has to be a G-ring in order for the result of Lemma \\ref{lemma-approximate-versal} to be true. Namely, let $\\Lambda$ be a Noetherian ring and let $\\mathfrak m$ be a maximal ideal of $\\Lambda$. Set $R = \\Lambda_\\mathfrak m^\\wedge$. Let $\\Lambda \\to C \\to R$ be a factorization with $C$ of finite type over $\\Lambda$. Set $S = \\mathop{\\mathrm{Spec}}(\\Lambda)$, $U = S \\setminus \\{\\mathfrak m\\}$, and $S' = U \\amalg \\mathop{\\mathrm{Spec}}(C)$. Consider the functor $F : (\\mathit{Sch}/S)_{fppf}^{opp} \\to \\textit{Sets}$ defined by the rule $$ F(T) = \\left\\{ \\begin{matrix} * & \\text{if }T \\to S\\text{ factors through }S' \\\\ \\emptyset & \\text{else} \\end{matrix} \\right. $$ Let $\\mathcal{X} = \\mathcal{S}_F$ is the category fibred in sets associated to $F$, see Algebraic Stacks, Section \\ref{algebraic-section-split}. Then $\\mathcal{X} \\to (\\mathit{Sch}/S)_{fppf}$ is limit preserving on objects and there exists an effective, versal formal object $\\xi$ over $R$. Hence if the conclusion of Lemma \\ref{lemma-approximate-versal} holds for $\\mathcal{X}$, then there exists a finite type ring map $\\Lambda \\to A$ and a maximal ideal $\\mathfrak m_A$ lying over $\\mathfrak m$ such that \\begin{enumerate} \\item $\\kappa(\\mathfrak m) = \\kappa(\\mathfrak m_A)$, \\item $\\Lambda \\to A$ and $\\mathfrak m_A$ satisfy condition (4) of Algebra, Lemma \\ref{algebra-lemma-smooth-test-artinian}, and \\item there exists a $\\Lambda$-algebra map $C \\to A$. \\end{enumerate} Thus $\\Lambda \\to A$ is smooth at $\\mathfrak m_A$ by the lemma cited. Slicing $A$ we may assume that $\\Lambda \\to A$ is \\'etale at $\\mathfrak m_A$, see for example More on Morphisms, Lemma \\ref{more-morphisms-lemma-slice-smooth} or argue directly. Write $C = \\Lambda[y_1, \\ldots, y_n]/(f_1, \\ldots, f_m)$. Then $C \\to R$ corresponds to a solution in $R$ of the system of equations $f_1 = \\ldots = f_m = 0$, see Smoothing Ring Maps, Section \\ref{smoothing-section-approximation-G-rings}. Thus if the conclusion of Lemma \\ref{lemma-approximate-versal} holds for every $\\mathcal{X}$ as above, then a system of equations which has a solution in $R$ has a solution in the henselization of $\\Lambda_{\\mathfrak m}$. In other words, the approximation property holds for $\\Lambda_{\\mathfrak m}^h$. This implies that $\\Lambda_{\\mathfrak m}^h$ is a G-ring (insert future reference here; see also discussion in Smoothing Ring Maps, Section \\ref{smoothing-section-introduction}) which in turn implies that $\\Lambda_{\\mathfrak m}$ is a G-ring. ",
        "label": "example-approximate-versal-implies",
        "tag": "07XI",
        "url": "https://stacks.math.columbia.edu/tag/07XI",
        "source_filename": "artin.tex"
    },
    {
        "theorem": "Definition 98.13.1.",
        "body": "  Let $S$ be a locally Noetherian scheme. \\begin{enumerate} \\item Let $\\mathcal{X}$ be a category fibred in groupoids over $(\\mathit{Sch}/S)_{fppf}$. We say $\\mathcal{X}$ satisfies {\\it openness of versality} if given a scheme $U$ locally of finite type over $S$, an object $x$ of $\\mathcal{X}$ over $U$, and a finite type point $u_0 \\in U$ such that $x$ is versal at $u_0$, then there exists an open neighbourhood $u_0 \\in U' \\subset U$ such that $x$ is versal at every finite type point of $U'$. \\item Let $f : \\mathcal{X} \\to \\mathcal{Y}$ be a $1$-morphism of categories fibred in groupoids over $(\\mathit{Sch}/S)_{fppf}$. We say $f$ satisfies {\\it openness of versality} if given a scheme $U$ locally of finite type over $S$, an object $y$ of $\\mathcal{Y}$ over $U$, openness of versality holds for $(\\mathit{Sch}/U)_{fppf} \\times_\\mathcal{Y} \\mathcal{X}$. \\end{enumerate} ",
        "label": "definition-openness-versality",
        "tag": "07XQ",
        "url": "https://stacks.math.columbia.edu/tag/07XQ",
        "source_filename": "artin.tex"
    },
    {
        "theorem": "Example 98.13.2.",
        "body": "  Let $k$ be a field and set $\\Lambda = k[s, t]$. Consider the functor $F : \\Lambda\\text{-algebras} \\longrightarrow \\textit{Sets}$ defined by the rule $$ F(A) = \\left\\{ \\begin{matrix} * & \\text{if there exist }f_1, \\ldots, f_n \\in A\\text{ such that } \\\\ & A = (s, t, f_1, \\ldots, f_n)\\text{ and } f_i s = 0\\ \\forall i \\\\ \\emptyset & \\text{else} \\end{matrix} \\right. $$ Geometrically $F(A) = *$ means there exists a quasi-compact open neighbourhood $W$ of $V(s, t) \\subset \\mathop{\\mathrm{Spec}}(A)$ such that $s|_W = 0$. Let $\\mathcal{X} \\subset (\\mathit{Sch}/\\mathop{\\mathrm{Spec}}(\\Lambda))_{fppf}$ be the full subcategory consisting of schemes $T$ which have an affine open covering $T = \\bigcup \\mathop{\\mathrm{Spec}}(A_j)$ with $F(A_j) = *$ for all $j$. Then $\\mathcal{X}$ satisfies [0], [1], [2], [3], and [4] but not [5]. Namely, over $U = \\mathop{\\mathrm{Spec}}(k[s, t]/(s))$ there exists an object $x$ which is versal at $u_0 = (s, t)$ but not at any other point. Details omitted. ",
        "label": "example-versality",
        "tag": "07XR",
        "url": "https://stacks.math.columbia.edu/tag/07XR",
        "source_filename": "artin.tex"
    },
    {
        "theorem": "Lemma 98.13.3.",
        "body": "  Let $S$ be a locally Noetherian scheme. Let $\\mathcal{X}$ be a category fibred in groupoids over $(\\mathit{Sch}/S)_{fppf}$. Let $U$ be a scheme locally of finite type over $S$. Let $x$ be an object of $\\mathcal{X}$ over $U$. Assume that $x$ is versal at every finite type point of $U$ and that $\\mathcal{X}$ satisfies (RS). Then $x : (\\mathit{Sch}/U)_{fppf} \\to \\mathcal{X}$ satisfies (\\ref{equation-smooth}). ",
        "label": "lemma-versal-smooth",
        "tag": "07XT",
        "url": "https://stacks.math.columbia.edu/tag/07XT",
        "source_filename": "artin.tex"
    },
    {
        "theorem": "Lemma 98.13.4.",
        "body": "  Let $S$ be a locally Noetherian scheme. Let $f : \\mathcal{X} \\to \\mathcal{Y}$ and $g : \\mathcal{Y} \\to \\mathcal{Z}$ be composable $1$-morphisms of categories fibred in groupoids over $(\\mathit{Sch}/S)_{fppf}$. If $f$ and $g$ satisfy (\\ref{equation-smooth}) so does $g \\circ f$. ",
        "label": "lemma-composition-smooth",
        "tag": "07XU",
        "url": "https://stacks.math.columbia.edu/tag/07XU",
        "source_filename": "artin.tex"
    },
    {
        "theorem": "Lemma 98.13.5.",
        "body": "  Let $S$ be a locally Noetherian scheme. Let $f : \\mathcal{X} \\to \\mathcal{Y}$ and $\\mathcal{Z} \\to \\mathcal{Y}$ be $1$-morphisms of categories fibred in groupoids over $(\\mathit{Sch}/S)_{fppf}$. If $f$ satisfies (\\ref{equation-smooth}) so does the projection $\\mathcal{X} \\times_\\mathcal{Y} \\mathcal{Z} \\to \\mathcal{Z}$. ",
        "label": "lemma-base-change-smooth",
        "tag": "07XV",
        "url": "https://stacks.math.columbia.edu/tag/07XV",
        "source_filename": "artin.tex"
    },
    {
        "theorem": "Lemma 98.13.6.",
        "body": "  Let $S$ be a locally Noetherian scheme. Let $f : \\mathcal{X} \\to \\mathcal{Y}$ be a $1$-morphisms of categories fibred in groupoids over $(\\mathit{Sch}/S)_{fppf}$. If $f$ is formally smooth on objects, then $f$ satisfies (\\ref{equation-smooth}). If $f$ is representable by algebraic spaces and smooth, then $f$ satisfies (\\ref{equation-smooth}). ",
        "label": "lemma-smooth-smooth",
        "tag": "07XW",
        "url": "https://stacks.math.columbia.edu/tag/07XW",
        "source_filename": "artin.tex"
    },
    {
        "theorem": "Lemma 98.13.7.",
        "body": "  Let $S$ be a locally Noetherian scheme. Let $f : \\mathcal{X} \\to \\mathcal{Y}$ be a $1$-morphism of categories fibred in groupoids over $(\\mathit{Sch}/S)_{fppf}$. Assume \\begin{enumerate} \\item $f$ is representable by algebraic spaces, \\item $f$ satisfies (\\ref{equation-smooth}), \\item $\\mathcal{X} \\to (\\mathit{Sch}/S)_{fppf}$ is limit preserving on objects, and \\item $\\mathcal{Y}$ is limit preserving. \\end{enumerate} Then $f$ is smooth. ",
        "label": "lemma-implies-smooth",
        "tag": "07XX",
        "url": "https://stacks.math.columbia.edu/tag/07XX",
        "source_filename": "artin.tex"
    },
    {
        "theorem": "Lemma 98.13.8.",
        "body": "  Let $S$ be a locally Noetherian scheme. Let $p : \\mathcal{X} \\to (\\mathit{Sch}/S)_{fppf}$ be a category fibred in groupoids. Let $k$ be a finite type field over $S$ and let $x_0$ be an object of $\\mathcal{X}$ over $\\mathop{\\mathrm{Spec}}(k)$ with image $s \\in S$. Assume \\begin{enumerate} \\item $\\Delta : \\mathcal{X} \\to \\mathcal{X} \\times \\mathcal{X}$ is representable by algebraic spaces, \\item $\\mathcal{X}$ satisfies axioms [1], [2], [3] (see Section \\ref{section-axioms}), \\item every formal object of $\\mathcal{X}$ is effective, \\item openness of versality holds for $\\mathcal{X}$, and \\item $\\mathcal{O}_{S, s}$ is a G-ring. \\end{enumerate} Then there exist a morphism of finite type $U \\to S$ and an object $x$ of $\\mathcal{X}$ over $U$ such that $$ x : (\\mathit{Sch}/U)_{fppf} \\longrightarrow \\mathcal{X} $$ is smooth and such that there exists a finite type point $u_0 \\in U$ whose residue field is $k$ and such that $x|_{u_0} \\cong x_0$. ",
        "label": "lemma-get-smooth",
        "tag": "07XY",
        "url": "https://stacks.math.columbia.edu/tag/07XY",
        "source_filename": "artin.tex"
    },
    {
        "theorem": "Proposition 98.16.1.",
        "body": "  Let $S$ be a locally Noetherian scheme. Let $F : (\\mathit{Sch}/S)_{fppf}^{opp} \\to \\textit{Sets}$ be a functor. Assume that \\begin{enumerate} \\item $\\Delta : F \\to F \\times F$ is representable by algebraic spaces, \\item $F$ satisfies axioms [-1], [0], [1], [2], [3], [4], [5] (see Section \\ref{section-axioms-functors}), and \\item $\\mathcal{O}_{S, s}$ is a G-ring for all finite type points $s$ of $S$. \\end{enumerate} Then $F$ is an algebraic space. ",
        "label": "proposition-spaces-diagonal-representable",
        "tag": "07Y1",
        "url": "https://stacks.math.columbia.edu/tag/07Y1",
        "source_filename": "artin.tex"
    },
    {
        "theorem": "Lemma 98.16.2.",
        "body": "  Let $S$ be a locally Noetherian scheme. Let $a : F \\to G$ be a transformation of functors $(\\mathit{Sch}/S)_{fppf}^{opp} \\to \\textit{Sets}$. Assume that \\begin{enumerate} \\item $a$ is injective, \\item $F$ satisfies axioms [0], [1], [2], [4], and [5], \\item $\\mathcal{O}_{S, s}$ is a G-ring for all finite type points $s$ of $S$, \\item $G$ is an algebraic space locally of finite type over $S$, \\end{enumerate} Then $F$ is an algebraic space. ",
        "label": "lemma-monomorphism",
        "tag": "07Y2",
        "url": "https://stacks.math.columbia.edu/tag/07Y2",
        "source_filename": "artin.tex"
    },
    {
        "theorem": "Lemma 98.17.1.",
        "body": "  Let $S$ be a locally Noetherian scheme. Let $p : \\mathcal{X} \\to (\\mathit{Sch}/S)_{fppf}$ be a category fibred in groupoids. Assume that \\begin{enumerate} \\item $\\Delta : \\mathcal{X} \\to \\mathcal{X} \\times \\mathcal{X}$ is representable by algebraic spaces, \\item $\\mathcal{X}$ satisfies axioms [-1], [0], [1], [2], [3] (see Section \\ref{section-axioms}), \\item every formal object of $\\mathcal{X}$ is effective, \\item $\\mathcal{X}$ satisfies openness of versality, and \\item $\\mathcal{O}_{S, s}$ is a G-ring for all finite type points $s$ of $S$. \\end{enumerate} Then $\\mathcal{X}$ is an algebraic stack. ",
        "label": "lemma-diagonal-representable",
        "tag": "07Y4",
        "url": "https://stacks.math.columbia.edu/tag/07Y4",
        "source_filename": "artin.tex"
    },
    {
        "theorem": "Proposition 98.17.2.",
        "body": "  Let $S$ be a locally Noetherian scheme. Let $p : \\mathcal{X} \\to (\\mathit{Sch}/S)_{fppf}$ be a category fibred in groupoids. Assume that \\begin{enumerate} \\item $\\Delta_\\Delta : \\mathcal{X} \\to \\mathcal{X} \\times_{\\mathcal{X} \\times \\mathcal{X}} \\mathcal{X}$ is representable by algebraic spaces, \\item $\\mathcal{X}$ satisfies axioms [-1], [0], [1], [2], [3], [4], and [5] (see Section \\ref{section-axioms}), \\item $\\mathcal{O}_{S, s}$ is a G-ring for all finite type points $s$ of $S$. \\end{enumerate} Then $\\mathcal{X}$ is an algebraic stack. ",
        "label": "proposition-second-diagonal-representable",
        "tag": "07Y5",
        "url": "https://stacks.math.columbia.edu/tag/07Y5",
        "source_filename": "artin.tex"
    },
    {
        "theorem": "Definition 98.18.1.",
        "body": "  Let $S$ be a scheme. Let $\\mathcal{X}$ be a category fibred in groupoids over $(\\mathit{Sch}/S)_{fppf}$. We say $\\mathcal{X}$ satisfies {\\it condition (RS*)} if given a fibre product diagram $$ \\xymatrix{ B' \\ar[r] & B \\\\ A' = A \\times_B B' \\ar[u] \\ar[r] & A \\ar[u] } $$ of $S$-algebras, with $B' \\to B$ surjective with square zero kernel, the functor of fibre categories $$ \\mathcal{X}_{\\mathop{\\mathrm{Spec}}(A')} \\longrightarrow \\mathcal{X}_{\\mathop{\\mathrm{Spec}}(A)} \\times_{\\mathcal{X}_{\\mathop{\\mathrm{Spec}}(B)}} \\mathcal{X}_{\\mathop{\\mathrm{Spec}}(B')} $$ is an equivalence of categories. ",
        "label": "definition-RS-star",
        "tag": "07Y8",
        "url": "https://stacks.math.columbia.edu/tag/07Y8",
        "source_filename": "artin.tex"
    },
    {
        "theorem": "Lemma 98.18.2.",
        "body": "  Let $\\mathcal{X}$ be an algebraic stack over a base $S$. Then $\\mathcal{X}$ satisfies (RS*). ",
        "label": "lemma-algebraic-stack-RS-star",
        "tag": "0CXP",
        "url": "https://stacks.math.columbia.edu/tag/0CXP",
        "source_filename": "artin.tex"
    },
    {
        "theorem": "Lemma 98.18.3.",
        "body": "  Let $S$ be a scheme. Let $p : \\mathcal{X} \\to \\mathcal{Y}$ and $q : \\mathcal{Z} \\to \\mathcal{Y}$ be $1$-morphisms of categories fibred in groupoids over $(\\mathit{Sch}/S)_{fppf}$. If $\\mathcal{X}$, $\\mathcal{Y}$, and $\\mathcal{Z}$ satisfy (RS*), then so does $\\mathcal{X} \\times_\\mathcal{Y} \\mathcal{Z}$. ",
        "label": "lemma-fibre-product-RS-star",
        "tag": "0CXQ",
        "url": "https://stacks.math.columbia.edu/tag/0CXQ",
        "source_filename": "artin.tex"
    },
    {
        "theorem": "Lemma 98.19.1.",
        "body": "  Let $S$ be a locally Noetherian scheme. Let $\\mathcal{X}$ be a category fibred in groupoids over $(\\mathit{Sch}/S)_{fppf}$ having (RS*). Let $x$ be an object of $\\mathcal{X}$ over an affine scheme $U$ of finite type over $S$. Let $u \\in U$ be a finite type point such that $x$ is not versal at $u$. Then there exists a morphism $x \\to y$ of $\\mathcal{X}$ lying over $U \\to T$ satisfying \\begin{enumerate} \\item the morphism $U \\to T$ is a first order thickening, \\item we have a short exact sequence $$ 0 \\to \\kappa(u) \\to \\mathcal{O}_T \\to \\mathcal{O}_U \\to 0 $$ \\item there does {\\bf not} exist a pair $(W, \\alpha)$ consisting of an open neighbourhood $W \\subset T$ of $u$ and a morphism $\\beta : y|_W \\to x$ such that the composition $$ x|_{U \\cap W} \\xrightarrow{\\text{restriction of }x \\to y} y|_W \\xrightarrow{\\beta} x $$ is the canonical morphism $x|_{U \\cap W} \\to x$. \\end{enumerate} ",
        "label": "lemma-single-point",
        "tag": "0G2J",
        "url": "https://stacks.math.columbia.edu/tag/0G2J",
        "source_filename": "artin.tex"
    },
    {
        "theorem": "Lemma 98.19.2.",
        "body": "  Let $S$ be a locally Noetherian scheme. Let $\\mathcal{X}$ be a category fibred in groupoids over $(\\mathit{Sch}/S)_{fppf}$. Assume \\begin{enumerate} \\item $\\Delta : \\mathcal{X} \\to \\mathcal{X} \\times \\mathcal{X}$ is representable by algebraic spaces, \\item $\\mathcal{X}$ has (RS*), \\item $\\mathcal{X}$ is limit preserving. \\end{enumerate} Let $x$ be an object of $\\mathcal{X}$ over a scheme $U$ of finite type over $S$. Let $u \\leadsto u_0$ be a specialization of finite type points of $U$ such that $x$ is versal at $u_0$. Then $x$ is versal at $u$. ",
        "label": "lemma-generalization-versality",
        "tag": "0G2K",
        "url": "https://stacks.math.columbia.edu/tag/0G2K",
        "source_filename": "artin.tex"
    },
    {
        "theorem": "Lemma 98.20.1.",
        "body": "  Let $S$ be a locally Noetherian scheme. Let $\\mathcal{X}$ be a category fibred in groupoids over $(\\mathit{Sch}/S)_{fppf}$ having (RS*). Let $x$ be an object of $\\mathcal{X}$ over an affine scheme $U$ of finite type over $S$. Let $u_n \\in U$, $n \\geq 1$ be finite type points such that (a) there are no specializations $u_n \\leadsto u_m$ for $n \\not = m$, and (b) $x$ is not versal at $u_n$ for all $n$. Then there exist morphisms $$ x \\to x_1 \\to x_2 \\to \\ldots \\quad\\text{in }\\mathcal{X}\\text{ lying over }\\quad U \\to U_1 \\to U_2 \\to \\ldots $$ over $S$ such that \\begin{enumerate} \\item for each $n$ the morphism $U \\to U_n$ is a first order thickening, \\item for each $n$ we have a short exact sequence $$ 0 \\to \\kappa(u_n) \\to \\mathcal{O}_{U_n} \\to \\mathcal{O}_{U_{n - 1}} \\to 0 $$ with $U_0 = U$ for $n = 1$, \\item for each $n$ there does {\\bf not} exist a pair $(W, \\alpha)$ consisting of an open neighbourhood $W \\subset U_n$ of $u_n$ and a morphism $\\alpha : x_n|_W \\to x$ such that the composition $$ x|_{U \\cap W} \\xrightarrow{\\text{restriction of }x \\to x_n} x_n|_W \\xrightarrow{\\alpha} x $$ is the canonical morphism $x|_{U \\cap W} \\to x$. \\end{enumerate} ",
        "label": "lemma-infinite-sequence-pre",
        "tag": "0G2S",
        "url": "https://stacks.math.columbia.edu/tag/0G2S",
        "source_filename": "artin.tex"
    },
    {
        "theorem": "Remark 98.20.2.",
        "body": "[Strong effectiveness]  Let $S$ be a locally Noetherian scheme. Let $\\mathcal{X}$ be a category fibred in groupoids over $(\\mathit{Sch}/S)_{fppf}$. Assume we have \\begin{enumerate} \\item an affine open $\\mathop{\\mathrm{Spec}}(\\Lambda) \\subset S$, \\item an inverse system $(R_n)$ of $\\Lambda$-algebras with surjective transition maps whose kernels are locally nilpotent, \\item a system $(\\xi_n)$ of objects of $\\mathcal{X}$ lying over the system $(\\mathop{\\mathrm{Spec}}(R_n))$. \\end{enumerate} In this situation, set $R = \\mathop{\\mathrm{lim}}\\nolimits R_n$. We say that $(\\xi_n)$ is {\\it effective} if there exists an object $\\xi$ of $\\mathcal{X}$ over $\\mathop{\\mathrm{Spec}}(R)$ whose restriction to $\\mathop{\\mathrm{Spec}}(R_n)$ gives the system $(\\xi_n)$. ",
        "label": "remark-strong-effectiveness",
        "tag": "0CXT",
        "url": "https://stacks.math.columbia.edu/tag/0CXT",
        "source_filename": "artin.tex"
    },
    {
        "theorem": "Lemma 98.20.3.",
        "body": "  Let $S$ be a locally Noetherian scheme. Let $\\mathcal{X}$ be a category fibred in groupoids over $(\\mathit{Sch}/S)_{fppf}$. Assume \\begin{enumerate} \\item $\\Delta : \\mathcal{X} \\to \\mathcal{X} \\times \\mathcal{X}$ is representable by algebraic spaces, \\item $\\mathcal{X}$ has (RS*), \\item $\\mathcal{X}$ is limit preserving, \\item systems $(\\xi_n)$ as in Remark \\ref{remark-strong-effectiveness} where $\\mathop{\\mathrm{Ker}}(R_m \\to R_n)$ is an ideal of square zero for all $m \\geq n$ are effective. \\end{enumerate} Then $\\mathcal{X}$ satisfies openness of versality. ",
        "label": "lemma-SGE-implies-openness-versality",
        "tag": "0CXU",
        "url": "https://stacks.math.columbia.edu/tag/0CXU",
        "source_filename": "artin.tex"
    },
    {
        "theorem": "Remark 98.20.4.",
        "body": "  There is a way to deduce openness of versality of the diagonal of an category fibred in groupoids from a strong formal effectiveness axiom. Let $S$ be a locally Noetherian scheme. Let $\\mathcal{X}$ be a category fibred in groupoids over $(\\mathit{Sch}/S)_{fppf}$. Assume \\begin{enumerate} \\item $\\Delta_\\Delta : \\mathcal{X} \\to \\mathcal{X} \\times_{\\mathcal{X} \\times \\mathcal{X}} \\mathcal{X}$ is representable by algebraic spaces, \\item $\\mathcal{X}$ has (RS*), \\item $\\mathcal{X}$ is limit preserving, \\item given an inverse system $(R_n)$ of $S$-algebras as in Remark \\ref{remark-strong-effectiveness} where $\\mathop{\\mathrm{Ker}}(R_m \\to R_n)$ is an ideal of square zero for all $m \\geq n$ the functor $$ \\mathcal{X}_{\\mathop{\\mathrm{Spec}}(\\mathop{\\mathrm{lim}}\\nolimits R_n)} \\longrightarrow \\mathop{\\mathrm{lim}}\\nolimits_n \\mathcal{X}_{\\mathop{\\mathrm{Spec}}(R_n)} $$ is fully faithful. \\end{enumerate} Then $\\Delta : \\mathcal{X} \\to \\mathcal{X} \\times \\mathcal{X}$ satisfies openness of versality. This follows by applying Lemma \\ref{lemma-SGE-implies-openness-versality} to fibre products of the form $\\mathcal{X} \\times_{\\Delta, \\mathcal{X} \\times \\mathcal{X}, y} (\\mathit{Sch}/V)_{fppf}$ for any affine scheme $V$ locally of finite presentation over $S$ and object $y$ of $\\mathcal{X} \\times \\mathcal{X}$ over $V$. If we ever need this, we will change this remark into a lemma and provide a detailed proof. ",
        "label": "remark-trade-openness-versality-diagonal-with-strong-effectiveness",
        "tag": "0CXV",
        "url": "https://stacks.math.columbia.edu/tag/0CXV",
        "source_filename": "artin.tex"
    },
    {
        "theorem": "Lemma 98.21.1.",
        "body": "  Let $S$ be a scheme. Let $f : \\mathcal{X} \\to \\mathcal{Y}$ be a $1$-morphism of categories fibred in groupoids over $(\\mathit{Sch}/S)_{fppf}$. Let $$ \\xymatrix{ B' \\ar[r] & B \\\\ A' \\ar[u] \\ar[r] & A \\ar[u] } $$ be a commutative diagram of $S$-algebras. Let $x$ be an object of $\\mathcal{X}$ over $\\mathop{\\mathrm{Spec}}(A)$, let $y$ be an object of $\\mathcal{Y}$ over $\\mathop{\\mathrm{Spec}}(B)$, and let $\\phi : f(x)|_{\\mathop{\\mathrm{Spec}}(B)} \\to y$ be a morphism of $\\mathcal{Y}$ over $\\mathop{\\mathrm{Spec}}(B)$. Then there is a canonical functor $$ \\textit{Lift}(x, A') \\longrightarrow \\textit{Lift}(y, B') $$ of categories of lifts induced by $f$ and $\\phi$. The construction is compatible with compositions of $1$-morphisms of categories fibred in groupoids in an obvious manner. ",
        "label": "lemma-functoriality",
        "tag": "07Y7",
        "url": "https://stacks.math.columbia.edu/tag/07Y7",
        "source_filename": "artin.tex"
    },
    {
        "theorem": "Lemma 98.21.2.",
        "body": "  Let $S$ be a scheme. Let $\\mathcal{X}$ be a category fibred in groupoids over $(\\mathit{Sch}/S)_{fppf}$. Assume $\\mathcal{X}$ satisfies condition (RS*). Let $A$ be an $S$-algebra and let $x$ be an object of $\\mathcal{X}$ over $\\mathop{\\mathrm{Spec}}(A)$. \\begin{enumerate} \\item There exists an $A$-linear functor $\\text{Inf}_x : \\text{Mod}_A \\to \\text{Mod}_A$ such that given a deformation situation $(x, A' \\to A)$ and a lift $x'$ there is an isomorphism $\\text{Inf}_x(I) \\to \\text{Inf}(x'/x)$ where $I = \\mathop{\\mathrm{Ker}}(A' \\to A)$. \\item There exists an $A$-linear functor $T_x : \\text{Mod}_A \\to \\text{Mod}_A$ such that \\begin{enumerate} \\item given $M$ in $\\text{Mod}_A$ there is a bijection $T_x(M) \\to \\text{Lift}(x, A[M])$, \\item given a deformation situation $(x, A' \\to A)$ there is an action $$ T_x(I) \\times \\text{Lift}(x, A') \\to \\text{Lift}(x, A') $$ where $I = \\mathop{\\mathrm{Ker}}(A' \\to A)$. It is simply transitive if $\\text{Lift}(x, A') \\not = \\emptyset$. \\end{enumerate} \\end{enumerate} ",
        "label": "lemma-properties-lift-RS-star",
        "tag": "07Y9",
        "url": "https://stacks.math.columbia.edu/tag/07Y9",
        "source_filename": "artin.tex"
    },
    {
        "theorem": "Remark 98.21.3.",
        "body": "[Functoriality]  Assumptions and notation as in Lemma \\ref{lemma-properties-lift-RS-star}. Suppose $A \\to B$ is a ring map and $y = x|_{\\mathop{\\mathrm{Spec}}(B)}$. Let $M \\in \\text{Mod}_A$, $N \\in \\text{Mod}_B$ and let $M \\to N$ an $A$-linear map. Then there are canonical maps $\\text{Inf}_x(M) \\to \\text{Inf}_y(N)$ and $T_x(M) \\to T_y(N)$ simply because there is a pullback functor $$ \\textit{Lift}(x, A[M]) \\to \\textit{Lift}(y, B[N]) $$ coming from the ring map $A[M] \\to B[N]$. Similarly, given a morphism of deformation situations $(y, B' \\to B) \\to (x, A' \\to A)$ we obtain a pullback functor $\\textit{Lift}(x, A') \\to \\textit{Lift}(y, B')$. Since the construction of the action, the addition, and the scalar multiplication on $\\text{Inf}_x$ and $T_x$ use only morphisms in the categories of lifts (see proof of Formal Deformation Theory, Lemma \\ref{formal-defos-lemma-linear-functor}) we see that the constructions above are functorial. In other words we obtain $A$-linear maps $$ \\text{Inf}_x(M) \\to \\text{Inf}_y(N) \\quad\\text{and}\\quad T_x(M) \\to T_y(N) $$ such that the diagrams $$ \\vcenter{ \\xymatrix{ \\text{Inf}_y(J) \\ar[r] & \\text{Inf}(y'/y) \\\\ \\text{Inf}_x(I) \\ar[r] \\ar[u] & \\text{Inf}(x'/x) \\ar[u] } } \\quad\\text{and}\\quad \\vcenter{ \\xymatrix{ T_y(J) \\times \\text{Lift}(y, B') \\ar[r] & \\text{Lift}(y, B') \\\\ T_x(I) \\times \\text{Lift}(x, A') \\ar[r] \\ar[u] & \\text{Lift}(x, A') \\ar[u] } } $$ commute. Here $I = \\mathop{\\mathrm{Ker}}(A' \\to A)$, $J = \\mathop{\\mathrm{Ker}}(B' \\to B)$, $x'$ is a lift of $x$ to $A'$ (which may not always exist) and $y' = x'|_{\\mathop{\\mathrm{Spec}}(B')}$. ",
        "label": "remark-functoriality",
        "tag": "07YA",
        "url": "https://stacks.math.columbia.edu/tag/07YA",
        "source_filename": "artin.tex"
    },
    {
        "theorem": "Remark 98.21.4.",
        "body": "[Automorphisms]  Assumptions and notation as in Lemma \\ref{lemma-properties-lift-RS-star}. Let $x', x''$ be lifts of $x$ to $A'$. Then we have a composition map $$ \\text{Inf}(x'/x) \\times \\mathop{\\mathrm{Mor}}\\nolimits_{\\textit{Lift}(x, A')}(x', x'') \\times \\text{Inf}(x''/x) \\longrightarrow \\mathop{\\mathrm{Mor}}\\nolimits_{\\textit{Lift}(x, A')}(x', x''). $$ Since $\\textit{Lift}(x, A')$ is a groupoid, if $\\mathop{\\mathrm{Mor}}\\nolimits_{\\textit{Lift}(x, A')}(x', x'')$ is nonempty, then this defines a simply transitive left action of $\\text{Inf}(x'/x)$ on $\\mathop{\\mathrm{Mor}}\\nolimits_{\\textit{Lift}(x, A')}(x', x'')$ and a simply transitive right action by $\\text{Inf}(x''/x)$. Now the lemma says that $\\text{Inf}(x'/x) = \\text{Inf}_x(I) = \\text{Inf}(x''/x)$. We claim that the two actions described above agree via these identifications. Namely, either $x' \\not \\cong x''$ in which the claim is clear, or $x' \\cong x''$ and in that case we may assume that $x'' = x'$ in which case the result follows from the fact that $\\text{Inf}(x'/x)$ is commutative. In particular, we obtain a well defined action $$ \\text{Inf}_x(I) \\times \\mathop{\\mathrm{Mor}}\\nolimits_{\\textit{Lift}(x, A')}(x', x'') \\longrightarrow \\mathop{\\mathrm{Mor}}\\nolimits_{\\textit{Lift}(x, A')}(x', x'') $$ which is simply transitive as soon as $\\mathop{\\mathrm{Mor}}\\nolimits_{\\textit{Lift}(x, A')}(x', x'')$ is nonempty. ",
        "label": "remark-automorphisms",
        "tag": "07YB",
        "url": "https://stacks.math.columbia.edu/tag/07YB",
        "source_filename": "artin.tex"
    },
    {
        "theorem": "Remark 98.21.5.",
        "body": "  Let $S$ be a scheme. Let $\\mathcal{X}$ be a category fibred in groupoids over $(\\mathit{Sch}/S)_{fppf}$. Let $A$ be an $S$-algebra. There is a notion of a {\\it short exact sequence} $$ (x, A_1' \\to A) \\to (x, A_2' \\to A) \\to (x, A_3' \\to A) $$ of deformation situations: we ask the corresponding maps between the kernels $I_i = \\mathop{\\mathrm{Ker}}(A_i' \\to A)$ give a short exact sequence $$ 0 \\to I_3 \\to I_2 \\to I_1 \\to 0 $$ of $A$-modules. Note that in this case the map $A_3' \\to A_1'$ factors through $A$, hence there is a canonical isomorphism $A_1' = A[I_1]$. ",
        "label": "remark-short-exact-sequence-thickenings",
        "tag": "07YE",
        "url": "https://stacks.math.columbia.edu/tag/07YE",
        "source_filename": "artin.tex"
    },
    {
        "theorem": "Lemma 98.21.6.",
        "body": "  Let $S$ be a scheme. Let $p : \\mathcal{X} \\to \\mathcal{Y}$ and $q : \\mathcal{Z} \\to \\mathcal{Y}$ be $1$-morphisms of categories fibred in groupoids over $(\\mathit{Sch}/S)_{fppf}$. Assume $\\mathcal{X}$, $\\mathcal{Y}$, $\\mathcal{Z}$ satisfy (RS*). Let $A$ be an $S$-algebra and let $w$ be an object of $\\mathcal{W} = \\mathcal{X} \\times_\\mathcal{Y} \\mathcal{Z}$ over $A$. Denote $x, y, z$ the objects of $\\mathcal{X}, \\mathcal{Y}, \\mathcal{Z}$ you get from $w$. For any $A$-module $M$ there is a $6$-term exact sequence $$ \\xymatrix{ 0 \\ar[r] & \\text{Inf}_w(M) \\ar[r] & \\text{Inf}_x(M) \\oplus \\text{Inf}_z(M) \\ar[r] & \\text{Inf}_y(M) \\ar[lld] \\\\ & T_w(M) \\ar[r] & T_x(M) \\oplus T_z(M) \\ar[r] & T_y(M) } $$ of $A$-modules. ",
        "label": "lemma-ses-inf-and-T",
        "tag": "0DNN",
        "url": "https://stacks.math.columbia.edu/tag/0DNN",
        "source_filename": "artin.tex"
    },
    {
        "theorem": "Remark 98.21.7.",
        "body": "[Compatibility with previous tangent spaces]  Let $S$ be a locally Noetherian scheme. Let $\\mathcal{X}$ be a category fibred in groupoids over $(\\mathit{Sch}/S)_{fppf}$. Assume $\\mathcal{X}$ has (RS*). Let $k$ be a field of finite type over $S$ and let $x_0$ be an object of $\\mathcal{X}$ over $\\mathop{\\mathrm{Spec}}(k)$. Then we have equalities of $k$-vector spaces $$ T\\mathcal{F}_{\\mathcal{X}, k, x_0} = T_{x_0}(k) \\quad\\text{and}\\quad \\text{Inf}(\\mathcal{F}_{\\mathcal{X}, k, x_0}) = \\text{Inf}_{x_0}(k) $$ where the spaces on the left hand side of the equality signs are given in (\\ref{equation-tangent-space}) and (\\ref{equation-infinitesimal-automorphisms}) and the spaces on the right hand side are given by Lemma \\ref{lemma-properties-lift-RS-star}. ",
        "label": "remark-compare-deformation-spaces",
        "tag": "0D18",
        "url": "https://stacks.math.columbia.edu/tag/0D18",
        "source_filename": "artin.tex"
    },
    {
        "theorem": "Remark 98.21.8.",
        "body": "[Canonical element]  Assumptions and notation as in Lemma \\ref{lemma-properties-lift-RS-star}. Choose an affine open $\\mathop{\\mathrm{Spec}}(\\Lambda) \\subset S$ such that $\\mathop{\\mathrm{Spec}}(A) \\to S$ corresponds to a ring map $\\Lambda \\to A$. Consider the ring map $$ A \\longrightarrow A[\\Omega_{A/\\Lambda}], \\quad a \\longmapsto (a, \\text{d}_{A/\\Lambda}(a)) $$ Pulling back $x$ along the corresponding morphism $\\mathop{\\mathrm{Spec}}(A[\\Omega_{A/\\Lambda}]) \\to \\mathop{\\mathrm{Spec}}(A)$ we obtain a deformation $x_{can}$ of $x$ over $A[\\Omega_{A/\\Lambda}]$. We call this the {\\it canonical element} $$ x_{can} \\in T_x(\\Omega_{A/\\Lambda}) = \\text{Lift}(x, A[\\Omega_{A/\\Lambda}]). $$ Next, assume that $\\Lambda$ is Noetherian and $\\Lambda \\to A$ is of finite type. Let $k = \\kappa(\\mathfrak p)$ be a residue field at a finite type point $u_0$ of $U = \\mathop{\\mathrm{Spec}}(A)$. Let $x_0 = x|_{u_0}$. By (RS*) and the fact that $A[k] = A \\times_k k[k]$ the space $T_x(k)$ is the tangent space to the deformation functor $\\mathcal{F}_{\\mathcal{X}, k, x_0}$. Via $$ T\\mathcal{F}_{U, k, u_0} = \\text{Der}_\\Lambda(A, k) = \\mathop{\\mathrm{Hom}}\\nolimits_A(\\Omega_{A/\\Lambda}, k) $$ (see Formal Deformation Theory, Example \\ref{formal-defos-example-tangent-space-prorepresentable-functor}) and functoriality of $T_x$ the canonical element produces the map on tangent spaces induced by the object $x$ over $U$. Namely, $\\theta \\in T\\mathcal{F}_{U, k, u_0}$ maps to $T_x(\\theta)(x_{can})$ in $T_x(k) = T\\mathcal{F}_{\\mathcal{X}, k, x_0}$. ",
        "label": "remark-canonical-element",
        "tag": "07YC",
        "url": "https://stacks.math.columbia.edu/tag/07YC",
        "source_filename": "artin.tex"
    },
    {
        "theorem": "Remark 98.21.9.",
        "body": "[Canonical automorphism]  Let $S$ be a locally Noetherian scheme. Let $\\mathcal{X}$ be a category fibred in groupoids over $(\\mathit{Sch}/S)_{fppf}$. Assume $\\mathcal{X}$ satisfies condition (RS*). Let $A$ be an $S$-algebra such that $\\mathop{\\mathrm{Spec}}(A) \\to S$ maps into an affine open and let $x, y$ be objects of $\\mathcal{X}$ over $\\mathop{\\mathrm{Spec}}(A)$. Further, let $A \\to B$ be a ring map and let $\\alpha : x|_{\\mathop{\\mathrm{Spec}}(B)} \\to y|_{\\mathop{\\mathrm{Spec}}(B)}$ be a morphism of $\\mathcal{X}$ over $\\mathop{\\mathrm{Spec}}(B)$. Consider the ring map $$ B \\longrightarrow B[\\Omega_{B/A}], \\quad b \\longmapsto (b, \\text{d}_{B/A}(b)) $$ Pulling back $\\alpha$ along the corresponding morphism $\\mathop{\\mathrm{Spec}}(B[\\Omega_{B/A}]) \\to \\mathop{\\mathrm{Spec}}(B)$ we obtain a morphism $\\alpha_{can}$ between the pullbacks of $x$ and $y$ over $B[\\Omega_{B/A}]$. On the other hand, we can pullback $\\alpha$ by the morphism $\\mathop{\\mathrm{Spec}}(B[\\Omega_{B/A}]) \\to \\mathop{\\mathrm{Spec}}(B)$ corresponding to the injection of $B$ into the first summand of $B[\\Omega_{B/A}]$. By the discussion of Remark \\ref{remark-automorphisms} we can take the difference $$ \\varphi(x, y, \\alpha) = \\alpha_{can} - \\alpha|_{\\mathop{\\mathrm{Spec}}(B[\\Omega_{B/A}])} \\in \\text{Inf}_{x|_{\\mathop{\\mathrm{Spec}}(B)}}(\\Omega_{B/A}). $$ We will call this the {\\it canonical automorphism}. It depends on all the ingredients $A$, $x$, $y$, $A \\to B$ and $\\alpha$. ",
        "label": "remark-canonical-isomorphism",
        "tag": "07YD",
        "url": "https://stacks.math.columbia.edu/tag/07YD",
        "source_filename": "artin.tex"
    },
    {
        "theorem": "Definition 98.22.1.",
        "body": "  Let $S$ be a locally Noetherian base. Let $\\mathcal{X}$ be a category fibred in groupoids over $(\\mathit{Sch}/S)_{fppf}$. An {\\it obstruction theory} is given by the following data \\begin{enumerate} \\item for every $S$-algebra $A$ such that $\\mathop{\\mathrm{Spec}}(A) \\to S$ maps into an affine open and every object $x$ of $\\mathcal{X}$ over $\\mathop{\\mathrm{Spec}}(A)$ an $A$-linear functor $$ \\mathcal{O}_x : \\text{Mod}_A \\to \\text{Mod}_A $$ of {\\it obstruction modules}, \\item for $(x, A)$ as in (1), a ring map $A \\to B$, $M \\in \\text{Mod}_A$, $N \\in \\text{Mod}_B$, and an $A$-linear map $M \\to N$ an induced $A$-linear map $\\mathcal{O}_x(M) \\to \\mathcal{O}_y(N)$ where $y = x|_{\\mathop{\\mathrm{Spec}}(B)}$, and \\item for every deformation situation $(x, A' \\to A)$ an {\\it obstruction} element $o_x(A') \\in \\mathcal{O}_x(I)$ where $I = \\mathop{\\mathrm{Ker}}(A' \\to A)$. \\end{enumerate} These data are subject to the following conditions \\begin{enumerate} \\item[(i)] the functoriality maps turn the obstruction modules into a functor from the category of triples $(x, A, M)$ to sets, \\item[(ii)] for every morphism of deformation situations $(y, B' \\to B) \\to (x, A' \\to A)$ the element $o_x(A')$ maps to $o_y(B')$, and \\item[(iii)] we have $$ \\text{Lift}(x, A') \\not = \\emptyset \\Leftrightarrow o_x(A') = 0 $$ for every deformation situation $(x, A' \\to A)$. \\end{enumerate} ",
        "label": "definition-obstruction-theory",
        "tag": "07YG",
        "url": "https://stacks.math.columbia.edu/tag/07YG",
        "source_filename": "artin.tex"
    },
    {
        "theorem": "Lemma 98.22.2.",
        "body": "  \\begin{reference} This is \\cite[Theorem 4.4]{Hall-coherent} \\end{reference} Let $S$ be a locally Noetherian scheme. Let $\\mathcal{X}$ be a category fibred in groupoids over $(\\mathit{Sch}/S)_{fppf}$. Assume \\begin{enumerate} \\item $\\Delta : \\mathcal{X} \\to \\mathcal{X} \\times \\mathcal{X}$ is representable by algebraic spaces, \\item $\\mathcal{X}$ has (RS*), \\item $\\mathcal{X}$ is limit preserving, \\item there exists an obstruction theory\\footnote{Analyzing the proof the reader sees that in fact it suffices to check the functoriality (ii) of obstruction classes in Definition \\ref{definition-obstruction-theory} for maps $(y, B' \\to B) \\to (x, A' \\to A)$ with $B = A$ and $y = x$.}, \\item for an object $x$ of $\\mathcal{X}$ over $\\mathop{\\mathrm{Spec}}(A)$ and $A$-modules $M_n$, $n \\geq 1$ we have \\begin{enumerate} \\item $T_x(\\prod M_n) = \\prod T_x(M_n)$, \\item $\\mathcal{O}_x(\\prod M_n) \\to \\prod \\mathcal{O}_x(M_n)$ is injective. \\end{enumerate} \\end{enumerate} Then $\\mathcal{X}$ satisfies openness of versality. ",
        "label": "lemma-get-openness-obstruction-theory",
        "tag": "0CYF",
        "url": "https://stacks.math.columbia.edu/tag/0CYF",
        "source_filename": "artin.tex"
    },
    {
        "theorem": "Example 98.22.3.",
        "body": "  Let $S = \\mathop{\\mathrm{Spec}}(\\Lambda)$ for some Noetherian ring $\\Lambda$. Let $W \\to S$ be a morphism of schemes. Let $\\mathcal{F}$ be a quasi-coherent $\\mathcal{O}_W$-module flat over $S$. Consider the functor $$ F : (\\mathit{Sch}/S)_{fppf}^{opp} \\longrightarrow \\textit{Sets}, \\quad T/S \\longrightarrow H^0(W_T, \\mathcal{F}_T) $$ where $W_T = T \\times_S W$ is the base change and $\\mathcal{F}_T$ is the pullback of $\\mathcal{F}$ to $W_T$. If $T = \\mathop{\\mathrm{Spec}}(A)$ we will write $W_T = W_A$, etc. Let $\\mathcal{X} \\to (\\mathit{Sch}/S)_{fppf}$ be the category fibred in groupoids associated to $F$. Then $\\mathcal{X}$ has an obstruction theory. Namely, \\begin{enumerate} \\item given $A$ over $\\Lambda$ and $x \\in H^0(W_A, \\mathcal{F}_A)$ we set $\\mathcal{O}_x(M) = H^1(W_A, \\mathcal{F}_A \\otimes_A M)$, \\item given a deformation situation $(x, A' \\to A)$ we let $o_x(A') \\in \\mathcal{O}_x(A)$ be the image of $x$ under the boundary map $$ H^0(W_A, \\mathcal{F}_A) \\longrightarrow H^1(W_A, \\mathcal{F}_A \\otimes_A I) $$ coming from the short exact sequence of modules $$ 0 \\to \\mathcal{F}_A \\otimes_A I \\to \\mathcal{F}_{A'} \\to \\mathcal{F}_A \\to 0. $$ \\end{enumerate} We have omitted some details, in particular the construction of the short exact sequence above (it uses that $W_A$ and $W_{A'}$ have the same underlying topological space) and the explanation for why flatness of $\\mathcal{F}$ over $S$ implies that the sequence above is short exact. ",
        "label": "example-global-sections",
        "tag": "07YH",
        "url": "https://stacks.math.columbia.edu/tag/07YH",
        "source_filename": "artin.tex"
    },
    {
        "theorem": "Example 98.22.4.",
        "body": "[Key example]  Let $S = \\mathop{\\mathrm{Spec}}(\\Lambda)$ for some Noetherian ring $\\Lambda$. Say $\\mathcal{X} = (\\mathit{Sch}/X)_{fppf}$ with $X = \\mathop{\\mathrm{Spec}}(R)$ and $R = \\Lambda[x_1, \\ldots, x_n]/J$. The naive cotangent complex $\\mathop{N\\!L}\\nolimits_{R/\\Lambda}$ is (canonically) homotopy equivalent to $$ J/J^2 \\longrightarrow \\bigoplus\\nolimits_{i = 1, \\ldots, n} R\\text{d}x_i, $$ see Algebra, Lemma \\ref{algebra-lemma-NL-homotopy}. Consider a deformation situation $(x, A' \\to A)$. Denote $I$ the kernel of $A' \\to A$. The object $x$ corresponds to $(a_1, \\ldots, a_n)$ with $a_i \\in A$ such that $f(a_1, \\ldots, a_n) = 0$ in $A$ for all $f \\in J$. Set \\begin{align*} \\mathcal{O}_x(A') & = \\mathop{\\mathrm{Hom}}\\nolimits_R(J/J^2, I)/\\mathop{\\mathrm{Hom}}\\nolimits_R(R^{\\oplus n}, I) \\\\ & = \\mathop{\\mathrm{Ext}}\\nolimits^1_R(\\mathop{N\\!L}\\nolimits_{R/\\Lambda}, I) \\\\ & = \\mathop{\\mathrm{Ext}}\\nolimits^1_A(\\mathop{N\\!L}\\nolimits_{R/\\Lambda} \\otimes_R A, I). \\end{align*} Choose lifts $a_i' \\in A'$ of $a_i$ in $A$. Then $o_x(A')$ is the class of the map $J/J^2 \\to I$ defined by sending $f \\in J$ to $f(a_1', \\ldots, a'_n) \\in I$. We omit the verification that $o_x(A')$ is independent of choices. It is clear that if $o_x(A') = 0$ then the map lifts. Finally, functoriality is straightforward. Thus we obtain an obstruction theory. We observe that $o_x(A')$ can be described a bit more canonically as the composition $$ \\mathop{N\\!L}\\nolimits_{R/\\Lambda} \\to \\mathop{N\\!L}\\nolimits_{A/\\Lambda} \\to \\mathop{N\\!L}\\nolimits_{A/A'} = I[1] $$ in $D(A)$, see Algebra, Lemma \\ref{algebra-lemma-NL-surjection} for the last identification. ",
        "label": "example-key",
        "tag": "07YI",
        "url": "https://stacks.math.columbia.edu/tag/07YI",
        "source_filename": "artin.tex"
    },
    {
        "theorem": "Lemma 98.23.1.",
        "body": "  Let $A \\to k$ be a ring map with $k$ a field. Let $E \\in D^-(A)$. Then $\\mathop{\\mathrm{Ext}}\\nolimits^i_A(E, k) = \\mathop{\\mathrm{Hom}}\\nolimits_k(H^{-i}(E \\otimes^\\mathbf{L} k), k)$. ",
        "label": "lemma-compute-ext-into-field",
        "tag": "07YK",
        "url": "https://stacks.math.columbia.edu/tag/07YK",
        "source_filename": "artin.tex"
    },
    {
        "theorem": "Lemma 98.23.2.",
        "body": "  Let $\\Lambda \\to A \\to k$ be finite type ring maps of Noetherian rings with $k = \\kappa(\\mathfrak p)$ for some prime $\\mathfrak p$ of $A$. Let $\\xi : E \\to \\mathop{N\\!L}\\nolimits_{A/\\Lambda}$ be morphism of $D^{-}(A)$ such that $H^{-1}(\\xi \\otimes^{\\mathbf{L}} k)$ is not surjective. Then there exists a surjection $A' \\to A$ of $\\Lambda$-algebras such that \\begin{enumerate} \\item[(a)] $I = \\mathop{\\mathrm{Ker}}(A' \\to A)$ has square zero and is isomorphic to $k$ as an $A$-module, \\item[(b)] $\\Omega_{A'/\\Lambda} \\otimes k = \\Omega_{A/\\Lambda} \\otimes k$, and \\item[(c)] $E \\to \\mathop{N\\!L}\\nolimits_{A/A'}$ is zero. \\end{enumerate} ",
        "label": "lemma-construct-essential-surjection",
        "tag": "07YL",
        "url": "https://stacks.math.columbia.edu/tag/07YL",
        "source_filename": "artin.tex"
    },
    {
        "theorem": "Lemma 98.23.3.",
        "body": "  Let $S$ be a locally Noetherian scheme. Let $\\mathcal{X}$ be a category fibred in groupoids over $(\\mathit{Sch}/S)_{fppf}$ satisfying (RS*). Let $U = \\mathop{\\mathrm{Spec}}(A)$ be an affine scheme of finite type over $S$ which maps into an affine open $\\mathop{\\mathrm{Spec}}(\\Lambda)$. Let $x$ be an object of $\\mathcal{X}$ over $U$. Let $\\xi : E \\to \\mathop{N\\!L}\\nolimits_{A/\\Lambda}$ be a morphism of $D^{-}(A)$. Assume \\begin{enumerate} \\item[(i)] for every deformation situation $(x, A' \\to A)$ we have: $x$ lifts to $\\mathop{\\mathrm{Spec}}(A')$ if and only if $E \\to \\mathop{N\\!L}\\nolimits_{A/\\Lambda} \\to \\mathop{N\\!L}\\nolimits_{A/A'}$ is zero, and \\item[(ii)] there is an isomorphism of functors $T_x(-) \\to \\mathop{\\mathrm{Ext}}\\nolimits^0_A(E, -)$ such that $E \\to \\mathop{N\\!L}\\nolimits_{A/\\Lambda} \\to \\Omega^1_{A/\\Lambda}$ corresponds to the canonical element (see Remark \\ref{remark-canonical-element}). \\end{enumerate} Let $u_0 \\in U$ be a finite type point with residue field $k = \\kappa(u_0)$. Consider the following statements \\begin{enumerate} \\item $x$ is versal at $u_0$, and \\item $\\xi : E \\to \\mathop{N\\!L}\\nolimits_{A/\\Lambda}$ induces a surjection $H^{-1}(E \\otimes_A^{\\mathbf{L}} k) \\to H^{-1}(\\mathop{N\\!L}\\nolimits_{A/\\Lambda} \\otimes_A^{\\mathbf{L}} k)$ and an injection $H^0(E \\otimes_A^{\\mathbf{L}} k) \\to H^0(\\mathop{N\\!L}\\nolimits_{A/\\Lambda} \\otimes_A^{\\mathbf{L}} k)$. \\end{enumerate} Then we always have (2) $\\Rightarrow$ (1) and we have (1) $\\Rightarrow$ (2) if $u_0$ is a closed point. ",
        "label": "lemma-characterize-versal",
        "tag": "07YM",
        "url": "https://stacks.math.columbia.edu/tag/07YM",
        "source_filename": "artin.tex"
    },
    {
        "theorem": "Lemma 98.23.4.",
        "body": "  Let $S$ be a locally Noetherian scheme. Let $\\mathcal{X}$ be a category fibred in groupoids over $(\\mathit{Sch}/S)_{fppf}$ satisfying (RS*). Let $U = \\mathop{\\mathrm{Spec}}(A)$ be an affine scheme of finite type over $S$ which maps into an affine open $\\mathop{\\mathrm{Spec}}(\\Lambda)$. Let $x$ be an object of $\\mathcal{X}$ over $U$. Let $\\xi : E \\to \\mathop{N\\!L}\\nolimits_{A/\\Lambda}$ be a morphism of $D^{-}(A)$. Assume \\begin{enumerate} \\item[(i)] for every deformation situation $(x, A' \\to A)$ we have: $x$ lifts to $\\mathop{\\mathrm{Spec}}(A')$ if and only if $E \\to \\mathop{N\\!L}\\nolimits_{A/\\Lambda} \\to \\mathop{N\\!L}\\nolimits_{A/A'}$ is zero, \\item[(ii)] there is an isomorphism of functors $T_x(-) \\to \\mathop{\\mathrm{Ext}}\\nolimits^0_A(E, -)$ such that $E \\to \\mathop{N\\!L}\\nolimits_{A/\\Lambda} \\to \\Omega^1_{A/\\Lambda}$ corresponds to the canonical element (see Remark \\ref{remark-canonical-element}), \\item[(iii)] the cohomology groups of $E$ are finite $A$-modules. \\end{enumerate} If $x$ is versal at a closed point $u_0 \\in U$, then there exists an open neighbourhood $u_0 \\in U' \\subset U$ such that $x$ is versal at every finite type point of $U'$. ",
        "label": "lemma-openness",
        "tag": "07YN",
        "url": "https://stacks.math.columbia.edu/tag/07YN",
        "source_filename": "artin.tex"
    },
    {
        "theorem": "Definition 98.23.5.",
        "body": "  Let $S$ be a locally Noetherian base. Let $\\mathcal{X}$ be a category fibred in groupoids over $(\\mathit{Sch}/S)_{fppf}$. Assume that $\\mathcal{X}$ satisfies (RS*). A {\\it naive obstruction theory} is given by the following data \\begin{enumerate} \\item \\label{item-map} for every $S$-algebra $A$ such that $\\mathop{\\mathrm{Spec}}(A) \\to S$ maps into an affine open $\\mathop{\\mathrm{Spec}}(\\Lambda) \\subset S$ and every object $x$ of $\\mathcal{X}$ over $\\mathop{\\mathrm{Spec}}(A)$ we are given an object $E_x \\in D^-(A)$ and a map $\\xi_x : E \\to \\mathop{N\\!L}\\nolimits_{A/\\Lambda}$, \\item \\label{item-inf} given $(x, A)$ as in (\\ref{item-map}) there are transformations of functors $$ \\text{Inf}_x( - ) \\to \\mathop{\\mathrm{Ext}}\\nolimits^{-1}_A(E_x, -) \\quad\\text{and}\\quad T_x(-) \\to \\mathop{\\mathrm{Ext}}\\nolimits^0_A(E_x, -) $$ \\item \\label{item-functoriality} for $(x, A)$ as in (\\ref{item-map}) and a ring map $A \\to B$ setting $y = x|_{\\mathop{\\mathrm{Spec}}(B)}$ there is a functoriality map $E_x \\to E_y$ in $D(A)$. \\end{enumerate} These data are subject to the following conditions \\begin{enumerate} \\item[(i)] in the situation of (\\ref{item-functoriality}) the diagram $$ \\xymatrix{ E_y \\ar[r]_{\\xi_y} & \\mathop{N\\!L}\\nolimits_{B/\\Lambda} \\\\ E_x \\ar[u] \\ar[r]^{\\xi_x} & \\mathop{N\\!L}\\nolimits_{A/\\Lambda} \\ar[u] } $$ is commutative in $D(A)$, \\item[(ii)] given $(x, A)$ as in (\\ref{item-map}) and $A \\to B \\to C$ setting $y = x|_{\\mathop{\\mathrm{Spec}}(B)}$ and $z = x|_{\\mathop{\\mathrm{Spec}}(C)}$ the composition of the functoriality maps $E_x \\to E_y$ and $E_y \\to E_z$ is the functoriality map $E_x \\to E_z$, \\item[(iii)] the maps of (\\ref{item-inf}) are isomorphisms compatible with the functoriality maps and the maps of Remark \\ref{remark-functoriality}, \\item[(iv)] the composition $E_x \\to \\mathop{N\\!L}\\nolimits_{A/\\Lambda} \\to \\Omega_{A/\\Lambda}$ corresponds to the canonical element of $T_x(\\Omega_{A/\\Lambda}) = \\mathop{\\mathrm{Ext}}\\nolimits^0(E_x, \\Omega_{A/\\Lambda})$, see Remark \\ref{remark-canonical-element}, \\item[(v)] given a deformation situation $(x, A' \\to A)$ with $I = \\mathop{\\mathrm{Ker}}(A' \\to A)$ the composition $E_x \\to \\mathop{N\\!L}\\nolimits_{A/\\Lambda} \\to \\mathop{N\\!L}\\nolimits_{A/A'}$ is zero in $$ \\mathop{\\mathrm{Hom}}\\nolimits_A(E_x, \\mathop{N\\!L}\\nolimits_{A/\\Lambda}) = \\mathop{\\mathrm{Ext}}\\nolimits^0_A(E_x, \\mathop{N\\!L}\\nolimits_{A/A'}) = \\mathop{\\mathrm{Ext}}\\nolimits^1_A(E_x, I) $$ if and only if $x$ lifts to $A'$. \\end{enumerate} ",
        "label": "definition-naive-obstruction-theory",
        "tag": "07YP",
        "url": "https://stacks.math.columbia.edu/tag/07YP",
        "source_filename": "artin.tex"
    },
    {
        "theorem": "Lemma 98.23.6.",
        "body": "  Let $S$ and $\\mathcal{X}$ be as in Definition \\ref{definition-naive-obstruction-theory} and let $\\mathcal{X}$ be endowed with a naive obstruction theory. Let $A \\to B$ and $y \\to x$ be as in (\\ref{item-functoriality}). Let $k$ be a $B$-algebra which is a field. Then the functoriality map $E_x \\to E_y$ induces bijections $$ H^i(E_x \\otimes_A^{\\mathbf{L}} k) \\to H^i(E_y \\otimes_B^{\\mathbf{L}} k) $$ for $i = 0, 1$. ",
        "label": "lemma-naive-obstruction-theory-qis",
        "tag": "07YT",
        "url": "https://stacks.math.columbia.edu/tag/07YT",
        "source_filename": "artin.tex"
    },
    {
        "theorem": "Lemma 98.23.7.",
        "body": "  Let $S$ be a locally Noetherian scheme. Let $p : \\mathcal{X} \\to (\\mathit{Sch}/S)_{fppf}^{opp}$ be a category fibred in groupoids. Assume that $\\mathcal{X}$ satisfies (RS*) and that $\\mathcal{X}$ has a naive obstruction theory. Then openness of versality holds for $\\mathcal{X}$ provided the complexes $E_x$ of Definition \\ref{definition-naive-obstruction-theory} have finitely generated cohomology groups for pairs $(A, x)$ where $A$ is of finite type over $S$. ",
        "label": "lemma-naive-obstruction-theory-gives-openness",
        "tag": "07YU",
        "url": "https://stacks.math.columbia.edu/tag/07YU",
        "source_filename": "artin.tex"
    },
    {
        "theorem": "Example 98.24.1.",
        "body": "  Let $\\Lambda, S, W, \\mathcal{F}$ be as in Example \\ref{example-global-sections}. Assume that $W \\to S$ is proper and $\\mathcal{F}$ coherent. By Cohomology of Schemes, Remark \\ref{coherent-remark-explain-perfect-direct-image} there exists a finite complex of finite projective $\\Lambda$-modules $N^\\bullet$ which universally computes the cohomology of $\\mathcal{F}$. In particular the obstruction spaces from Example \\ref{example-global-sections} are $\\mathcal{O}_x(M) = H^1(N^\\bullet \\otimes_\\Lambda M)$. Hence with $K^\\bullet = N^\\bullet \\otimes_\\Lambda A[-1]$ we see that $\\mathcal{O}_x(M) = H^2(K^\\bullet \\otimes_A^\\mathbf{L} M)$. ",
        "label": "example-global-sections-dual",
        "tag": "07YW",
        "url": "https://stacks.math.columbia.edu/tag/07YW",
        "source_filename": "artin.tex"
    },
    {
        "theorem": "Situation 98.24.2.",
        "body": "  Let $S$ be a locally Noetherian scheme. Let $\\mathcal{X}$ be a category fibred in groupoids over $(\\mathit{Sch}/S)_{fppf}$. Assume that $\\mathcal{X}$ has (RS*) so that we can speak of the functor $T_x(-)$, see Lemma \\ref{lemma-properties-lift-RS-star}. Let $U = \\mathop{\\mathrm{Spec}}(A)$ be an affine scheme of finite type over $S$ which maps into an affine open $\\mathop{\\mathrm{Spec}}(\\Lambda)$. Let $x$ be an object of $\\mathcal{X}$ over $U$. Assume we are given \\begin{enumerate} \\item a complex of $A$-modules $K^\\bullet$, \\item a transformation of functors $T_x(-) \\to H^1(K^\\bullet \\otimes_A^\\mathbf{L} -)$, \\item for every deformation situation $(x, A' \\to A)$ with kernel $I = \\mathop{\\mathrm{Ker}}(A' \\to A)$ an element $o_x(A') \\in H^2(K^\\bullet \\otimes_A^\\mathbf{L} I)$ \\end{enumerate} satisfying the following (minimal) conditions \\begin{enumerate} \\item[(i)] the transformation $T_x(-) \\to H^1(K^\\bullet \\otimes_A^\\mathbf{L} -)$ is an isomorphism, \\item[(ii)] given a morphism $(x, A'' \\to A) \\to (x, A' \\to A)$ of deformation situations the element $o_x(A')$ maps to the element $o_x(A'')$ via the map $H^2(K^\\bullet \\otimes_A^\\mathbf{L} I) \\to H^2(K^\\bullet \\otimes_A^\\mathbf{L} I')$ where $I' = \\mathop{\\mathrm{Ker}}(A'' \\to A)$, and \\item[(iii)] $x$ lifts to an object over $\\mathop{\\mathrm{Spec}}(A')$ if and only if $o_x(A') = 0$. \\end{enumerate} It is possible to incorporate infinitesimal automorphisms as well, but we refrain from doing so in order to get the sharpest possible result. ",
        "label": "situation-dual",
        "tag": "07YX",
        "url": "https://stacks.math.columbia.edu/tag/07YX",
        "source_filename": "artin.tex"
    },
    {
        "theorem": "Lemma 98.24.3.",
        "body": "  In Situation \\ref{situation-dual}. Assume furthermore that \\begin{enumerate} \\item[(iv)] given a short exact sequence of deformation situations as in Remark \\ref{remark-short-exact-sequence-thickenings} and a lift $x'_2 \\in \\text{Lift}(x, A_2')$ then $o_x(A_3') \\in H^2(K^\\bullet \\otimes_A^\\mathbf{L} I_3)$ equals $\\partial\\theta$ where $\\theta \\in H^1(K^\\bullet \\otimes_A^\\mathbf{L} I_1)$ is the element corresponding to $x'_2|_{\\mathop{\\mathrm{Spec}}(A_1')}$ via $A_1' = A[I_1]$ and the given map $T_x(-) \\to H^1(K^\\bullet \\otimes_A^\\mathbf{L} -)$. \\end{enumerate} In this case there exists an element $\\xi \\in H^1(K^\\bullet \\otimes_A^\\mathbf{L} \\mathop{N\\!L}\\nolimits_{A/\\Lambda})$ such that \\begin{enumerate} \\item for every deformation situation $(x, A' \\to A)$ we have $\\xi_{A'} = o_x(A')$, and \\item $\\xi_{can}$ matches the canonical element of Remark \\ref{remark-canonical-element} via the given transformation $T_x(-) \\to H^1(K^\\bullet \\otimes_A^\\mathbf{L} -)$. \\end{enumerate} ",
        "label": "lemma-dual-obstruction",
        "tag": "07YY",
        "url": "https://stacks.math.columbia.edu/tag/07YY",
        "source_filename": "artin.tex"
    },
    {
        "theorem": "Lemma 98.24.4.",
        "body": "  In Situation \\ref{situation-dual} assume that (iv) of Lemma \\ref{lemma-dual-obstruction} holds and that $K^\\bullet$ is a perfect object of $D(A)$. In this case, if $x$ is versal at a closed point $u_0 \\in U$ then there exists an open neighbourhood $u_0 \\in U' \\subset U$ such that $x$ is versal at every finite type point of $U'$. ",
        "label": "lemma-dual-openness",
        "tag": "07YZ",
        "url": "https://stacks.math.columbia.edu/tag/07YZ",
        "source_filename": "artin.tex"
    },
    {
        "theorem": "Remark 98.25.1.",
        "body": "[Warning]  The site $(\\textit{Noetherian}/S)_\\tau$ does not have fibre products. Hence we have to be careful in working with sheaves. For example, the continuous inclusion functor $(\\textit{Noetherian}/S)_\\tau \\to (\\mathit{Sch}/S)_\\tau$ does not define a morphism of sites. See Examples, Section \\ref{examples-section-sheaves-locally-Noetherian} for an example in case $\\tau = fppf$. ",
        "label": "remark-no-fibre-products",
        "tag": "0GE2",
        "url": "https://stacks.math.columbia.edu/tag/0GE2",
        "source_filename": "artin.tex"
    },
    {
        "theorem": "Lemma 98.25.2.",
        "body": "  Let $\\tau \\in \\{Zariski, {\\acute{e}tale}, smooth, syntomic, fppf\\}$. Restricting along the inclusion functor $(\\textit{Noetherian}/S)_\\tau \\to (\\mathit{Sch}/S)_\\tau$ defines an equivalence of categories between \\begin{enumerate} \\item the category of limit preserving sheaves on $(\\mathit{Sch}/S)_\\tau$ and \\item the category of limit preserving sheaves on $(\\textit{Noetherian}/S)_\\tau$ \\end{enumerate} ",
        "label": "lemma-canonical-extension",
        "tag": "0GE3",
        "url": "https://stacks.math.columbia.edu/tag/0GE3",
        "source_filename": "artin.tex"
    },
    {
        "theorem": "Lemma 98.25.3.",
        "body": "  Let $X$ be an object of $(\\textit{Noetherian}/S)_\\tau$. If the functor of points $h_X : (\\textit{Noetherian}/S)_\\tau^{opp} \\to \\textit{Sets}$ is limit preserving, then $X$ is locally of finite presentation over $S$. ",
        "label": "lemma-representable-limit-preserving",
        "tag": "0GE4",
        "url": "https://stacks.math.columbia.edu/tag/0GE4",
        "source_filename": "artin.tex"
    },
    {
        "theorem": "Lemma 98.25.4.",
        "body": "  Let $\\tau \\in \\{Zariski, {\\acute{e}tale}, smooth, syntomic, fppf\\}$. Let $F', G' : (\\mathit{Sch}/S)_\\tau^{opp} \\to \\textit{Sets}$ be limit preserving and sheaves. Let $a' : F' \\to G'$ be a transformation of functors. Denote $a : F \\to G$ the restriction of $a' : F' \\to G'$ to $(\\textit{Noetherian}/S)_\\tau$. The following are equivalent \\begin{enumerate} \\item $a'$ is representable (as a transformation of functors, see Categories, Definition \\ref{categories-definition-representable-morphism}), and \\item for every object $V$ of $(\\textit{Noetherian}/S)_\\tau$ and every map $V \\to G$ the fibre product $F \\times_G V : (\\textit{Noetherian}/S)_\\tau^{opp} \\to \\textit{Sets}$ is a representable functor, and \\item same as in (2) but only for $V$ affine finite type over $S$ mapping into an affine open of $S$. \\end{enumerate} ",
        "label": "lemma-representable",
        "tag": "0GE5",
        "url": "https://stacks.math.columbia.edu/tag/0GE5",
        "source_filename": "artin.tex"
    },
    {
        "theorem": "Proposition 98.26.1.",
        "body": "  Let $S$ be a locally Noetherian scheme. Let $F : (\\textit{Noetherian}/S)_{\\acute{e}tale}^{opp} \\to \\textit{Sets}$ be a functor. Assume that \\begin{enumerate} \\item $\\Delta : F \\to F \\times F$ is representable (as a transformation of functors, see Categories, Definition \\ref{categories-definition-representable-morphism}), \\item $F$ satisfies axioms [-1], [0], [1], [2], [3], [4], [5] (see above), and \\item $\\mathcal{O}_{S, s}$ is a G-ring for all finite type points $s$ of $S$. \\end{enumerate} Then there exists a unique algebraic space $F' : (\\mathit{Sch}/S)_{fppf}^{opp} \\to \\textit{Sets}$ whose restriction to $(\\textit{Noetherian}/S)_{\\acute{e}tale}$ is $F$ (see proof for elucidation). ",
        "label": "proposition-spaces-diagonal-representable-noetherian",
        "tag": "0GE7",
        "url": "https://stacks.math.columbia.edu/tag/0GE7",
        "source_filename": "artin.tex"
    },
    {
        "theorem": "Situation 98.27.1.",
        "body": "  Let $S$ be a locally Noetherian scheme. Let $X'$ be an algebraic space locally of finite type over $S$. Let $T' \\subset |X'|$ be a closed subset. Let $U' \\subset X'$ be the open subspace with $|U'| = |X'| \\setminus T'$. Let $W$ be a locally Noetherian formal algebraic space over $S$ with $W_{red}$ locally of finite type over $S$. Finally, we let $$ g : X'_{/T'} \\longrightarrow W $$ be a formal modification, see Algebraization of Formal Spaces, Definition \\ref{restricted-definition-formal-modification}. Recall that $X'_{/T'}$ denotes the formal completion of $X'$ along $T'$, see Formal Spaces, Section \\ref{formal-spaces-section-completion}. ",
        "label": "situation-contractions",
        "tag": "0GH8",
        "url": "https://stacks.math.columbia.edu/tag/0GH8",
        "source_filename": "artin.tex"
    },
    {
        "theorem": "Remark 98.27.2.",
        "body": "  In particular, we cannot prove that the desired result is true for every Situation \\ref{situation-contractions} because we will need to assume the local rings of $S$ are G-rings. If you can prove the result in general or if you have a counter example, please let us know at \\href{mailto:stacks.project@gmail.com}{stacks.project@gmail.com}. ",
        "label": "remark-G-rings",
        "tag": "0GH9",
        "url": "https://stacks.math.columbia.edu/tag/0GH9",
        "source_filename": "artin.tex"
    },
    {
        "theorem": "Remark 98.27.3.",
        "body": "  In Situation \\ref{situation-contractions} let $V$ be a locally Noetherian scheme over $S$. Let $(Z, u', \\hat x)$ be a triple satisfying (1), (2), and (3) above. We want to explain a way to think about the compatibility condition (4). It will not be mathematically precise as we are going use a fictitious category $\\textit{An}_S$ of analytic spaces over $S$ and a fictitious analytification functor $$ \\left\\{ \\begin{matrix} \\text{locally Noetherian formal} \\\\ \\text{algebraic spaces over }S \\end{matrix} \\right\\} \\longrightarrow \\textit{An}_S, \\quad\\quad Y \\longmapsto Y^{an} $$ For example if $Y = \\text{Spf}(k[[t]])$ over $S = \\mathop{\\mathrm{Spec}}(k)$, then $Y^{an}$ should be thought of as an open unit disc. If $Y = \\mathop{\\mathrm{Spec}}(k)$, then $Y^{an}$ is a single point. The category $\\textit{An}_S$ should have open and closed immersions and we should be able to take the open complement of a closed. Given $Y$ the morphism $Y_{red} \\to Y$ should induces a closed immersion $Y_{red}^{an} \\to Y^{an}$. We set $Y^{rig} = Y^{an} \\setminus Y_{red}^{an}$ equal to its open complement. If $Y$ is an algebraic space and if $Z \\subset Y$ is closed, then the morphism $Y_{/Z} \\to Y$ should induce an open immersion $Y_{/Z}^{an} \\to Y^{an}$ which in turn should induce an open immersion $$ can : (Y_{/Z})^{rig} \\longrightarrow (Y \\setminus Z)^{an} $$ Also, given a formal modification $g : Y' \\to Y$ of locally Noetherian formal algebraic spaces, the induced morphism $g^{rig} : (Y')^{rig} \\to Y^{rig}$ should be an isomorphism. Given $\\text{An}_S$ and the analytification functor, we can consider the requirement that $$ \\xymatrix{ (V_{/Z})^{rig} \\ar[rr]_{can} \\ar[d]_{(g^{rig})^{-1} \\circ \\hat x^{an}} & & (V \\setminus Z)^{an} \\ar[d]^{(u')^{an}} \\\\ (X'_{/T'})^{rig} \\ar[rr]^{can} & & (X' \\setminus T')^{an} } $$ commutes. This makes sense as $g^{rig} : (X'_{T'})^{rig} \\to W^{rig}$ is an isomorphism and $U' = X' \\setminus T'$. Finally, under some assumptions of faithfulness of the analytification functor, this requirement will be equivalent to the compatibility condition formulated above. We hope this will motivate the reader to think of the compatibility of $u'$ and $\\hat x$ as the requirement that some maps be equal, rather than asking for the existence of a certain commutative diagram. ",
        "label": "remark-how-to-think-compatibility",
        "tag": "0GID",
        "url": "https://stacks.math.columbia.edu/tag/0GID",
        "source_filename": "artin.tex"
    },
    {
        "theorem": "Lemma 98.27.4.",
        "body": "  In Situation \\ref{situation-contractions} the rule $F$ that sends a locally Noetherian scheme $V$ over $S$ to the set of triples $(Z, u', \\hat x)$ satisfying the compatibility condition and which sends a a morphism $\\varphi : V_2 \\to V_1$ of locally Noetherian schemes over $S$ to the map $$ F(\\varphi) : F(V_1) \\longrightarrow F(V_2) $$ sending an element $(Z_1, u'_1, \\hat x_1)$ of $F(V_1)$ to $(Z_2, u'_2, \\hat x_2)$ in $F(V_2)$ given by \\begin{enumerate} \\item $Z_2 \\subset V_2$ is the inverse image of $Z_1$ by $\\varphi$, \\item $u'_2$ is the composition of $u'_1$ and $\\varphi|_{V_2 \\setminus Z_2} : V_2 \\setminus Z_2 \\to V_1 \\setminus Z_1$, \\item $\\hat x_2$ is the composition of $\\hat x_1$ and $\\varphi_{/Z_2} : V_{2, /Z_2} \\to V_{1, /Z_1}$ \\end{enumerate} is a contravariant functor. ",
        "label": "lemma-functor",
        "tag": "0GHA",
        "url": "https://stacks.math.columbia.edu/tag/0GHA",
        "source_filename": "artin.tex"
    },
    {
        "theorem": "Lemma 98.27.5.",
        "body": "  In Situation \\ref{situation-contractions} if there exists a solution $(f : X' \\to X, T, a)$ then there is a functorial bijection $F(V) = \\mathop{\\mathrm{Mor}}\\nolimits_S(V, X)$ on the category of locally Noetherian schemes $V$ over $S$. ",
        "label": "lemma-solution",
        "tag": "0GHB",
        "url": "https://stacks.math.columbia.edu/tag/0GHB",
        "source_filename": "artin.tex"
    },
    {
        "theorem": "Lemma 98.27.6.",
        "body": "  In Situation \\ref{situation-contractions} if there exists an algebraic space $X$ locally of finite type over $S$ and a functorial bijection $F(V) = \\mathop{\\mathrm{Mor}}\\nolimits_S(V, X)$ on the category of locally Noetherian schemes $V$ over $S$, then $X$ is a solution. ",
        "label": "lemma-functor-is-solution",
        "tag": "0GHC",
        "url": "https://stacks.math.columbia.edu/tag/0GHC",
        "source_filename": "artin.tex"
    },
    {
        "theorem": "Remark 98.27.7.",
        "body": "  In Situation \\ref{situation-contractions}. Let $V$ be a locally Noetherian scheme over $S$. Let $(Z_i, u'_i, \\hat x_i) \\in F(V)$ for $i = 1, 2$. Let $V'_i \\to V$, $\\hat x'_i$ and $x'_i$ witness the compatibility between $u'_i$ and $\\hat x_i$ for $i = 1, 2$. \\medskip\\noindent Set $V' = V'_1 \\times_V V'_2$. Let $E' \\to V'$ denote the equalizer of the morphisms $$ V' \\to V'_1 \\xrightarrow{x'_1} X' \\quad\\text{and}\\quad V' \\to V'_2 \\xrightarrow{x'_2} X' $$ Set $Z = Z_1 \\cap Z_2$. Let $E_W \\to V_{/Z}$ be the equalizer of the morphisms $$ V_{/Z} \\to V_{/Z_1} \\xrightarrow{\\hat x_1} W \\quad\\text{and}\\quad V_{/Z} \\to V_{/Z_2} \\xrightarrow{\\hat x_2} W $$ Observe that $E' \\to V$ is separated and locally of finite type and that $E_W$ is a locally Noetherian formal algebraic space separated over $V$. The compatibilities between the various morphisms involved show that \\begin{enumerate} \\item $\\mathop{\\mathrm{Im}}(E' \\to V) \\cap (Z_1 \\cup Z_2)$ is contained in $Z = Z_1 \\cap Z_2$, \\item the morphism $E' \\times_V (V \\setminus Z) \\to V \\setminus Z$ is a monomorphism and is equal to the equalizer of the restrictions of $u'_1$ and $u'_2$ to $V \\setminus (Z_1 \\cup Z_2)$, \\item the morphism $E'_{/Z} \\to V_{/Z}$ factors through $E_W$ and the diagram $$ \\xymatrix{ E'_{/Z} \\ar[r] \\ar[d] & X'_{/T'} \\ar[d]^g \\\\ E_W \\ar[r] & W } $$ is cartesian. In particular, the morphism $E'_{/Z} \\to E_W$ is a formal modification as the base change of $g$, \\item $E'$, $(E' \\to V)^{-1}Z$, and $E'_{/Z} \\to E_W$ is a triple as in Situation \\ref{situation-contractions} with base scheme the locally Noetherian scheme $V$, \\item given a morphism $\\varphi : A \\to V$ of locally Noetherian schemes, the following are equivalent \\begin{enumerate} \\item $(Z_1, u'_1, \\hat x_1)$ and $(Z_2, u'_2, \\hat x_2)$ restrict to the same element of $F(A)$, \\item $A \\setminus \\varphi^{-1}(Z) \\to V \\setminus Z$ factors through $E' \\times_V (V \\setminus Z)$ and $A_{/\\varphi^{-1}(Z)} \\to V_{/Z}$ factors through $E_W$. \\end{enumerate} \\end{enumerate} We conclude, using Lemmas \\ref{lemma-solution} and \\ref{lemma-functor-is-solution}, that if there is a solution $E \\to V$ for the triple in (4), then $E$ represents $F \\times_{\\Delta, F \\times F} V$ on the category of locally Noetherian schemes over $V$. ",
        "label": "remark-diagonal",
        "tag": "0GHD",
        "url": "https://stacks.math.columbia.edu/tag/0GHD",
        "source_filename": "artin.tex"
    },
    {
        "theorem": "Lemma 98.27.8.",
        "body": "  In Situation \\ref{situation-contractions} assume given a closed subset $Z \\subset S$ such that \\begin{enumerate} \\item the inverse image of $Z$ in $X'$ is $T'$, \\item $U' \\to S \\setminus Z$ is a closed immersion, \\item $W \\to S_{/Z}$ is a closed immersion. \\end{enumerate} Then there exists a solution $(f : X' \\to X, T, a)$ and moreover $X \\to S$ is a closed immersion. ",
        "label": "lemma-closed-immersion",
        "tag": "0GHE",
        "url": "https://stacks.math.columbia.edu/tag/0GHE",
        "source_filename": "artin.tex"
    },
    {
        "theorem": "Lemma 98.27.9.",
        "body": "  In Situation \\ref{situation-contractions} assume $X' \\to S$ and $W \\to S$ are separated. Then the diagonal $\\Delta : F \\to F \\times F$ is representable by closed immersions. ",
        "label": "lemma-diagonal-contractions",
        "tag": "0GHF",
        "url": "https://stacks.math.columbia.edu/tag/0GHF",
        "source_filename": "artin.tex"
    },
    {
        "theorem": "Lemma 98.27.10.",
        "body": "  In Situation \\ref{situation-contractions} the functor $F$ satisfies the sheaf property for all \\'etale coverings of locally Noetherian schemes over $S$. ",
        "label": "lemma-sheaf",
        "tag": "0GHG",
        "url": "https://stacks.math.columbia.edu/tag/0GHG",
        "source_filename": "artin.tex"
    },
    {
        "theorem": "Lemma 98.27.11.",
        "body": "  In Situation \\ref{situation-contractions} the functor $F$ is limit preserving: for any directed limit $V = \\mathop{\\mathrm{lim}}\\nolimits V_\\lambda$ of Noetherian affine schemes over $S$ we have $F(V) = \\mathop{\\mathrm{colim}}\\nolimits F(V_\\lambda)$. ",
        "label": "lemma-limit-preserving",
        "tag": "0GI5",
        "url": "https://stacks.math.columbia.edu/tag/0GI5",
        "source_filename": "artin.tex"
    },
    {
        "theorem": "Lemma 98.27.12.",
        "body": "  In Situation \\ref{situation-contractions} the functor $F$ satisfies the Rim-Schlessinger condition (RS). ",
        "label": "lemma-rs",
        "tag": "0GI6",
        "url": "https://stacks.math.columbia.edu/tag/0GI6",
        "source_filename": "artin.tex"
    },
    {
        "theorem": "Lemma 98.27.13.",
        "body": "  In Situation \\ref{situation-contractions} the tangent spaces of the functor $F$ are finite dimensional. ",
        "label": "lemma-finite-dim",
        "tag": "0GI7",
        "url": "https://stacks.math.columbia.edu/tag/0GI7",
        "source_filename": "artin.tex"
    },
    {
        "theorem": "Lemma 98.27.14.",
        "body": "  In Situation \\ref{situation-contractions} assume $X' \\to S$ is separated. Then every formal object for $F$ is effective. ",
        "label": "lemma-formal-object-effective",
        "tag": "0GI8",
        "url": "https://stacks.math.columbia.edu/tag/0GI8",
        "source_filename": "artin.tex"
    },
    {
        "theorem": "Lemma 98.27.15.",
        "body": "  Let $S$ be a locally Noetherian scheme. Let $V$ be a scheme locally of finite type over $S$. Let $Z \\subset V$ be closed. Let $W$ be a locally Noetherian formal algebraic space over $S$ such that $W_{red}$ is locally of finite type over $S$. Let $g : V_{/Z} \\to W$ be an adic morphism of formal algebraic spaces over $S$. Let $v \\in V$ be a closed point such that $g$ is versal at $v$ (as in Section \\ref{section-axioms-functors}). Then after replacing $V$ by an open neighbourhood of $v$ the morphism $g$ is smooth (see proof). ",
        "label": "lemma-openness-smoothness",
        "tag": "0GI9",
        "url": "https://stacks.math.columbia.edu/tag/0GI9",
        "source_filename": "artin.tex"
    },
    {
        "theorem": "Lemma 98.27.16.",
        "body": "  In Situation \\ref{situation-contractions} the functor $F$ satisfies openness of versality. ",
        "label": "lemma-openness-versality",
        "tag": "0GIA",
        "url": "https://stacks.math.columbia.edu/tag/0GIA",
        "source_filename": "artin.tex"
    },
    {
        "theorem": "Theorem 98.27.17.",
        "body": "  \\begin{reference} \\cite[Theorem 3.1]{ArtinII} \\end{reference} Let $S$ be a locally Noetherian scheme such that $\\mathcal{O}_{S, s}$ is a G-ring for all finite type points $s \\in S$. Let $X'$ be an algebraic space locally of finite type over $S$. Let $T' \\subset |X'|$ be a closed subset. Let $W$ be a locally Noetherian formal algebraic space over $S$ with $W_{red}$ locally of finite type over $S$. Finally, we let $$ g : X'_{/T'} \\longrightarrow W $$ be a formal modification, see Algebraization of Formal Spaces, Definition \\ref{restricted-definition-formal-modification}. If $X'$ and $W$ are separated\\footnote{See Remark \\ref{remark-separated-needed}.} over $S$, then there exists a proper morphism $f : X' \\to X$ of algebraic spaces over $S$, a closed subset $T \\subset |X|$, and an isomorphism $a : X_{/T} \\to W$ of formal algebraic spaces such that \\begin{enumerate} \\item $T'$ is the inverse image of $T$ by $|f| : |X'| \\to |X|$, \\item $f : X' \\to X$ maps $X' \\setminus T'$ isomorphically to $X \\setminus T$, and \\item $g = a \\circ f_{/T}$ where $f_{/T} : X'_{/T'} \\to X_{/T}$ is the induced morphism. \\end{enumerate} In other words, $(f : X' \\to X, T, a)$ is a solution as defined earlier in this section. ",
        "label": "theorem-contractions",
        "tag": "0GIB",
        "url": "https://stacks.math.columbia.edu/tag/0GIB",
        "source_filename": "artin.tex"
    },
    {
        "theorem": "Remark 98.27.18.",
        "body": "  The proof of Theorem \\ref{theorem-contractions} uses that $X'$ and $W$ are separated over $S$ in two places. First, the proof uses this in showing $\\Delta : F \\to F \\times F$ is representable by algebraic spaces. This use of the assumption can be entirely avoided by proving that $\\Delta$ is representable by applying the theorem in the separated case to the triples $E'$, $(E' \\to V)^{-1}Z$, and $E'_{/Z} \\to E_W$ found in Remark \\ref{remark-diagonal} (this is the usual bootstrap procedure for the diagonal). Thus the proof of Lemma \\ref{lemma-formal-object-effective} is the only place in our proof of Theorem \\ref{theorem-contractions} where we really need to use that $X' \\to S$ is separated. The reader checks that we use the assumption only to obtain the morphism $x' : V' \\to X'$. The existence of $x'$ can be shown, using results in the literature, if $X' \\to S$ is quasi-separated, see More on Morphisms of Spaces, Remark \\ref{spaces-more-morphisms-remark-weaken-separation-axioms-question}. We conclude the theorem holds as stated with ``separated'' replaced by ``quasi-separated''. If we ever need this we will precisely state and carefully prove this here. ",
        "label": "remark-separated-needed",
        "tag": "0GIC",
        "url": "https://stacks.math.columbia.edu/tag/0GIC",
        "source_filename": "artin.tex"
    }
]