[
    {
        "theorem": "Definition 11.2.1.",
        "body": "  Let $A$ be a $k$-algebra. We say $A$ is {\\it finite} if $\\dim_k(A) < \\infty$. In this case we write $[A : k] = \\dim_k(A)$. ",
        "label": "definition-finite",
        "tag": "073Z",
        "url": "https://stacks.math.columbia.edu/tag/073Z",
        "source_filename": "brauer.tex"
    },
    {
        "theorem": "Definition 11.2.2.",
        "body": "  A {\\it skew field} is a possibly noncommutative ring with an identity element $1$, with $1 \\not = 0$, in which every nonzero element has a multiplicative inverse. ",
        "label": "definition-skew-field",
        "tag": "0740",
        "url": "https://stacks.math.columbia.edu/tag/0740",
        "source_filename": "brauer.tex"
    },
    {
        "theorem": "Definition 11.2.3.",
        "body": "  Let $A$ be a $k$-algebra. We say an $A$-module $M$ is {\\it simple} if it is nonzero and the only $A$-submodules are $0$ and $M$. We say $A$ is {\\it simple} if the only two-sided ideals of $A$ are $0$ and $A$. ",
        "label": "definition-simple",
        "tag": "0741",
        "url": "https://stacks.math.columbia.edu/tag/0741",
        "source_filename": "brauer.tex"
    },
    {
        "theorem": "Definition 11.2.4.",
        "body": "  A $k$-algebra $A$ is {\\it central} if the center of $A$ is the image of $k \\to A$. ",
        "label": "definition-central",
        "tag": "0742",
        "url": "https://stacks.math.columbia.edu/tag/0742",
        "source_filename": "brauer.tex"
    },
    {
        "theorem": "Definition 11.2.5.",
        "body": "  Given a $k$-algebra $A$ we denote $A^{op}$ the $k$-algebra we get by reversing the order of multiplication in $A$. This is called the {\\it opposite algebra}. ",
        "label": "definition-opposite",
        "tag": "0743",
        "url": "https://stacks.math.columbia.edu/tag/0743",
        "source_filename": "brauer.tex"
    },
    {
        "theorem": "Lemma 11.3.1.",
        "body": "  Let $A$ be a possibly noncommutative ring with $1$ which contains no nontrivial two-sided ideal. Let $M$ be a nonzero right ideal in $A$, and view $M$ as a right $A$-module. Then $A$ coincides with the bicommutant of $M$. ",
        "label": "lemma-rieffel",
        "tag": "0745",
        "url": "https://stacks.math.columbia.edu/tag/0745",
        "source_filename": "brauer.tex"
    },
    {
        "theorem": "Lemma 11.3.2.",
        "body": "  Let $A$ be a $k$-algebra. If $A$ is finite, then \\begin{enumerate} \\item $A$ has a simple module, \\item any nonzero module contains a simple submodule, \\item a simple module over $A$ has finite dimension over $k$, and \\item if $M$ is a simple $A$-module, then $\\text{End}_A(M)$ is a skew field. \\end{enumerate} ",
        "label": "lemma-simple-module",
        "tag": "0746",
        "url": "https://stacks.math.columbia.edu/tag/0746",
        "source_filename": "brauer.tex"
    },
    {
        "theorem": "Theorem 11.3.3.",
        "body": "  \\begin{slogan} Simple finite algebras over a field are matrix algebras over a skew field. \\end{slogan} Let $A$ be a simple finite $k$-algebra. Then $A$ is a matrix algebra over a finite $k$-algebra $K$ which is a skew field. ",
        "label": "theorem-wedderburn",
        "tag": "0747",
        "url": "https://stacks.math.columbia.edu/tag/0747",
        "source_filename": "brauer.tex"
    },
    {
        "theorem": "Lemma 11.4.1.",
        "body": "  Let $A$, $A'$ be $k$-algebras. Let $B \\subset A$, $B' \\subset A'$ be subalgebras with centralizers $C$, $C'$. Then the centralizer of $B \\otimes_k B'$ in $A \\otimes_k A'$ is $C \\otimes_k C'$. ",
        "label": "lemma-centralizer",
        "tag": "0749",
        "url": "https://stacks.math.columbia.edu/tag/0749",
        "source_filename": "brauer.tex"
    },
    {
        "theorem": "Lemma 11.4.2.",
        "body": "  Let $A$ be a finite simple $k$-algebra. Then the center $k'$ of $A$ is a finite field extension of $k$. ",
        "label": "lemma-center-csa",
        "tag": "074A",
        "url": "https://stacks.math.columbia.edu/tag/074A",
        "source_filename": "brauer.tex"
    },
    {
        "theorem": "Lemma 11.4.3.",
        "body": "  Let $V$ be a $k$ vector space. Let $K$ be a central $k$-algebra which is a skew field. Let $W \\subset V \\otimes_k K$ be a two-sided $K$-sub vector space. Then $W$ is generated as a left $K$-vector space by $W \\cap (V \\otimes 1)$. ",
        "label": "lemma-generate-two-sided-sub",
        "tag": "074B",
        "url": "https://stacks.math.columbia.edu/tag/074B",
        "source_filename": "brauer.tex"
    },
    {
        "theorem": "Lemma 11.4.4.",
        "body": "  Let $A$ be a $k$-algebra. Let $K$ be a central $k$-algebra which is a skew field. Then any two-sided ideal $I \\subset A \\otimes_k K$ is of the form $J \\otimes_k K$ for some two-sided ideal $J \\subset A$. In particular, if $A$ is simple, then so is $A \\otimes_k K$. ",
        "label": "lemma-generate-two-sided-ideal",
        "tag": "074C",
        "url": "https://stacks.math.columbia.edu/tag/074C",
        "source_filename": "brauer.tex"
    },
    {
        "theorem": "Lemma 11.4.5.",
        "body": "  Let $R$ be a possibly noncommutative ring. Let $n \\geq 1$ be an integer. Let $R_n = \\text{Mat}(n \\times n, R)$. \\begin{enumerate} \\item The functors $M \\mapsto M^{\\oplus n}$ and $N \\mapsto Ne_{11}$ define quasi-inverse equivalences of categories $\\text{Mod}_R \\leftrightarrow \\text{Mod}_{R_n}$. \\item A two-sided ideal of $R_n$ is of the form $IR_n$ for some two-sided ideal $I$ of $R$. \\item The center of $R_n$ is equal to the center of $R$. \\end{enumerate} ",
        "label": "lemma-matrix-algebras",
        "tag": "074D",
        "url": "https://stacks.math.columbia.edu/tag/074D",
        "source_filename": "brauer.tex"
    },
    {
        "theorem": "Lemma 11.4.6.",
        "body": "  Let $A$ be a finite simple $k$-algebra. \\begin{enumerate} \\item There exists exactly one simple $A$-module $M$ up to isomorphism. \\item Any finite $A$-module is a direct sum of copies of a simple module. \\item Two finite $A$-modules are isomorphic if and only if they have the same dimension over $k$. \\item If $A = \\text{Mat}(n \\times n, K)$ with $K$ a finite skew field extension of $k$, then $M = K^{\\oplus n}$ is a simple $A$-module and $\\text{End}_A(M) = K^{op}$. \\item If $M$ is a simple $A$-module, then $L = \\text{End}_A(M)$ is a skew field finite over $k$ acting on the left on $M$, we have $A = \\text{End}_L(M)$, and the centers of $A$ and $L$ agree. Also $[A : k] [L : k] = \\dim_k(M)^2$. \\item For a finite $A$-module $N$ the algebra $B = \\text{End}_A(N)$ is a matrix algebra over the skew field $L$ of (5). Moreover $\\text{End}_B(N) = A$. \\end{enumerate} ",
        "label": "lemma-simple-module-unique",
        "tag": "074E",
        "url": "https://stacks.math.columbia.edu/tag/074E",
        "source_filename": "brauer.tex"
    },
    {
        "theorem": "Lemma 11.4.7.",
        "body": "  Let $A$, $A'$ be two simple $k$-algebras one of which is finite and central over $k$. Then $A \\otimes_k A'$ is simple. ",
        "label": "lemma-tensor-simple",
        "tag": "074F",
        "url": "https://stacks.math.columbia.edu/tag/074F",
        "source_filename": "brauer.tex"
    },
    {
        "theorem": "Lemma 11.4.8.",
        "body": "  The tensor product of finite central simple algebras over $k$ is finite, central, and simple. ",
        "label": "lemma-tensor-central-simple",
        "tag": "074G",
        "url": "https://stacks.math.columbia.edu/tag/074G",
        "source_filename": "brauer.tex"
    },
    {
        "theorem": "Lemma 11.4.9.",
        "body": "  Let $A$ be a finite central simple algebra over $k$. Let $k'/k$ be a field extension. Then $A' = A \\otimes_k k'$ is a finite central simple algebra over $k'$. ",
        "label": "lemma-base-change",
        "tag": "074H",
        "url": "https://stacks.math.columbia.edu/tag/074H",
        "source_filename": "brauer.tex"
    },
    {
        "theorem": "Lemma 11.4.10.",
        "body": "  Let $A$ be a finite central simple algebra over $k$. Then $A \\otimes_k A^{op} \\cong \\text{Mat}(n \\times n, k)$ where $n = [A : k]$. ",
        "label": "lemma-inverse",
        "tag": "074I",
        "url": "https://stacks.math.columbia.edu/tag/074I",
        "source_filename": "brauer.tex"
    },
    {
        "theorem": "Lemma 11.5.1.",
        "body": "  Similarity. \\begin{enumerate} \\item Similarity defines an equivalence relation on the set of isomorphism classes of finite central simple algebras over $k$. \\item Every similarity class contains a unique (up to isomorphism) finite central skew field extension of $k$. \\item If $A = \\text{Mat}(n \\times n, K)$ and $B = \\text{Mat}(m \\times m, K')$ for some finite central skew fields $K$, $K'$ over $k$ then $A$ and $B$ are similar if and only if $K \\cong K'$ as $k$-algebras. \\end{enumerate} ",
        "label": "lemma-similar",
        "tag": "074K",
        "url": "https://stacks.math.columbia.edu/tag/074K",
        "source_filename": "brauer.tex"
    },
    {
        "theorem": "Definition 11.5.2.",
        "body": "  Let $k$ be a field. The {\\it Brauer group} of $k$ is the abelian group of similarity classes of finite central simple $k$-algebras defined above. Notation $\\text{Br}(k)$. ",
        "label": "definition-brauer-group",
        "tag": "074L",
        "url": "https://stacks.math.columbia.edu/tag/074L",
        "source_filename": "brauer.tex"
    },
    {
        "theorem": "Lemma 11.5.3.",
        "body": "  The Brauer group of an algebraically closed field is zero. ",
        "label": "lemma-brauer-algebraically-closed",
        "tag": "074M",
        "url": "https://stacks.math.columbia.edu/tag/074M",
        "source_filename": "brauer.tex"
    },
    {
        "theorem": "Lemma 11.5.4.",
        "body": "  Let $A$ be a finite central simple algebra over a field $k$. Then $[A : k]$ is a square. ",
        "label": "lemma-dimension-square",
        "tag": "074N",
        "url": "https://stacks.math.columbia.edu/tag/074N",
        "source_filename": "brauer.tex"
    },
    {
        "theorem": "Theorem 11.6.1.",
        "body": "  Let $A$ be a finite central simple $k$-algebra. Let $B$ be a simple $k$-algebra. Let $f, g : B \\to A$ be two $k$-algebra homomorphisms. Then there exists an invertible element $x \\in A$ such that $f(b) = xg(b)x^{-1}$ for all $b \\in B$. ",
        "label": "theorem-skolem-noether",
        "tag": "074Q",
        "url": "https://stacks.math.columbia.edu/tag/074Q",
        "source_filename": "brauer.tex"
    },
    {
        "theorem": "Lemma 11.6.2.",
        "body": "  Let $A$ be a finite central simple $k$-algebra. Any automorphism of $A$ is inner. In particular, any automorphism of $\\text{Mat}(n \\times n, k)$ is inner. ",
        "label": "lemma-automorphism-inner",
        "tag": "074R",
        "url": "https://stacks.math.columbia.edu/tag/074R",
        "source_filename": "brauer.tex"
    },
    {
        "theorem": "Theorem 11.7.1.",
        "body": "  Let $A$ be a finite central simple algebra over $k$, and let $B$ be a simple subalgebra of $A$. Then \\begin{enumerate} \\item the centralizer $C$ of $B$ in $A$ is simple, \\item $[A : k] = [B : k][C : k]$, and \\item the centralizer of $C$ in $A$ is $B$. \\end{enumerate} ",
        "label": "theorem-centralizer",
        "tag": "074T",
        "url": "https://stacks.math.columbia.edu/tag/074T",
        "source_filename": "brauer.tex"
    },
    {
        "theorem": "Lemma 11.7.2.",
        "body": "  Let $A$ be a finite central simple algebra over $k$, and let $B$ be a simple subalgebra of $A$. If $B$ is a central $k$-algebra, then $A = B \\otimes_k C$ where $C$ is the (central simple) centralizer of $B$ in $A$. ",
        "label": "lemma-when-tensor-is-equal",
        "tag": "074U",
        "url": "https://stacks.math.columbia.edu/tag/074U",
        "source_filename": "brauer.tex"
    },
    {
        "theorem": "Lemma 11.7.3.",
        "body": "  Let $A$ be a finite central simple algebra over $k$. If $K \\subset A$ is a subfield, then the following are equivalent \\begin{enumerate} \\item $[A : k] = [K : k]^2$, \\item $K$ is its own centralizer, and \\item $K$ is a maximal commutative subring. \\end{enumerate} ",
        "label": "lemma-self-centralizing-subfield",
        "tag": "074V",
        "url": "https://stacks.math.columbia.edu/tag/074V",
        "source_filename": "brauer.tex"
    },
    {
        "theorem": "Lemma 11.7.4.",
        "body": "  \\begin{slogan} The dimension of a finite central skew field is the square of the dimension of any maximal subfield. \\end{slogan} Let $A$ be a finite central skew field over $k$. Then every maximal subfield $K \\subset A$ satisfies $[A : k] = [K : k]^2$. ",
        "label": "lemma-maximal-subfield",
        "tag": "074W",
        "url": "https://stacks.math.columbia.edu/tag/074W",
        "source_filename": "brauer.tex"
    },
    {
        "theorem": "Definition 11.8.1.",
        "body": "  Let $A$ be a finite central simple $k$-algebra. We say a field extension $k'/k$ {\\it splits} $A$, or $k'$ is a {\\it splitting field} for $A$ if $A \\otimes_k k'$ is a matrix algebra over $k'$. ",
        "label": "definition-splitting",
        "tag": "074Y",
        "url": "https://stacks.math.columbia.edu/tag/074Y",
        "source_filename": "brauer.tex"
    },
    {
        "theorem": "Theorem 11.8.2.",
        "body": "  Let $A$ be a finite central simple $k$-algebra. Let $k'/k$ be a finite field extension. The following are equivalent \\begin{enumerate} \\item $k'$ splits $A$, and \\item there exists a finite central simple algebra $B$ similar to $A$ such that $k' \\subset B$ and $[B : k] = [k' : k]^2$. \\end{enumerate} ",
        "label": "theorem-splitting",
        "tag": "074Z",
        "url": "https://stacks.math.columbia.edu/tag/074Z",
        "source_filename": "brauer.tex"
    },
    {
        "theorem": "Lemma 11.8.3.",
        "body": "  A maximal subfield of a finite central skew field $K$ over $k$ is a splitting field for $K$. ",
        "label": "lemma-maximal-subfield-splits",
        "tag": "0750",
        "url": "https://stacks.math.columbia.edu/tag/0750",
        "source_filename": "brauer.tex"
    },
    {
        "theorem": "Lemma 11.8.4.",
        "body": "  Consider a finite central skew field $K$ over $k$. Let $d^2 = [K : k]$. For any finite splitting field $k'$ for $K$ the degree $[k' : k]$ is divisible by $d$. ",
        "label": "lemma-splitting-field-degree",
        "tag": "0751",
        "url": "https://stacks.math.columbia.edu/tag/0751",
        "source_filename": "brauer.tex"
    },
    {
        "theorem": "Proposition 11.8.5.",
        "body": "  Consider a finite central skew field $K$ over $k$. There exists a maximal subfield $k \\subset k' \\subset K$ which is separable over $k$. In particular, every Brauer class has a finite separable spitting field. ",
        "label": "proposition-separable-splitting-field",
        "tag": "0752",
        "url": "https://stacks.math.columbia.edu/tag/0752",
        "source_filename": "brauer.tex"
    },
    {
        "theorem": "Lemma 11.8.6.",
        "body": "  Let $k$ be a field. For a $k$-algebra $A$ the following are equivalent \\begin{enumerate} \\item $A$ is finite central simple $k$-algebra, \\item $A$ is a finite dimensional $k$-vector space, $k$ is the center of $A$, and $A$ has no nontrivial two-sided ideal, \\item there exists $d \\geq 1$ such that $A \\otimes_k \\bar k \\cong \\text{Mat}(d \\times d, \\bar k)$, \\item there exists $d \\geq 1$ such that $A \\otimes_k k^{sep} \\cong \\text{Mat}(d \\times d, k^{sep})$, \\item there exist $d \\geq 1$ and a finite Galois extension $k'/k$ such that $A \\otimes_k k' \\cong \\text{Mat}(d \\times d, k')$, \\item there exist $n \\geq 1$ and a finite central skew field $K$ over $k$ such that $A \\cong \\text{Mat}(n \\times n, K)$. \\end{enumerate} The integer $d$ is called the {\\it degree} of $A$. ",
        "label": "lemma-finite-central-simple-algebra",
        "tag": "0753",
        "url": "https://stacks.math.columbia.edu/tag/0753",
        "source_filename": "brauer.tex"
    }
]