[
    {
        "theorem": "Definition 92.3.1.",
        "body": "  Let $A \\to B$ be a ring map. The {\\it standard resolution of $B$ over $A$} is the augmentation $\\epsilon : P_\\bullet \\to B$ with terms $$ P_0 = A[B],\\quad P_1 = A[A[B]],\\quad \\ldots $$ and maps as constructed above. ",
        "label": "definition-standard-resolution",
        "tag": "08PM",
        "url": "https://stacks.math.columbia.edu/tag/08PM",
        "source_filename": "cotangent.tex"
    },
    {
        "theorem": "Definition 92.3.2.",
        "body": "  The {\\it cotangent complex} $L_{B/A}$ of a ring map $A \\to B$ is the complex of $B$-modules associated to the simplicial $B$-module $$ \\Omega_{P_\\bullet/A} \\otimes_{P_\\bullet, \\epsilon} B $$ where $\\epsilon : P_\\bullet \\to B$ is the standard resolution of $B$ over $A$. ",
        "label": "definition-cotangent-complex-ring-map",
        "tag": "08PN",
        "url": "https://stacks.math.columbia.edu/tag/08PN",
        "source_filename": "cotangent.tex"
    },
    {
        "theorem": "Remark 92.3.3.",
        "body": "  Let $A \\to B$ be a ring map. Let $\\mathcal{A}$ be the category of arrows $\\psi : C \\to B$ of $A$-algebras and let $\\mathcal{S}$ be the category of maps $E \\to B$ where $E$ is a set. There are adjoint functors $V : \\mathcal{A} \\to \\mathcal{S}$ (the forgetful functor) and $U : \\mathcal{S} \\to \\mathcal{A}$ which sends $E \\to B$ to $A[E] \\to B$. Let $X_\\bullet$ be the simplicial object of $\\text{Fun}(\\mathcal{A}, \\mathcal{A})$ constructed in Simplicial, Section \\ref{simplicial-section-standard}. The diagram $$ \\xymatrix{ \\mathcal{A} \\ar[d] \\ar[r] & \\mathcal{S} \\ar@<1ex>[l] \\ar[d] \\\\ \\textit{Alg}_A \\ar[r] & \\textit{Sets} \\ar@<1ex>[l] } $$ commutes. It follows that $X_\\bullet(\\text{id}_B : B \\to B)$ is equal to the standard resolution of $B$ over $A$. ",
        "label": "remark-variant-cotangent-complex",
        "tag": "08PP",
        "url": "https://stacks.math.columbia.edu/tag/08PP",
        "source_filename": "cotangent.tex"
    },
    {
        "theorem": "Lemma 92.3.4.",
        "body": "  Let $A_i \\to B_i$ be a system of ring maps over a directed index set $I$. Then $\\mathop{\\mathrm{colim}}\\nolimits L_{B_i/A_i} = L_{\\mathop{\\mathrm{colim}}\\nolimits B_i/\\mathop{\\mathrm{colim}}\\nolimits A_i}$. ",
        "label": "lemma-colimit-cotangent-complex",
        "tag": "08S9",
        "url": "https://stacks.math.columbia.edu/tag/08S9",
        "source_filename": "cotangent.tex"
    },
    {
        "theorem": "Lemma 92.4.1.",
        "body": "  With notation as above let $P_\\bullet$ be a simplicial $A$-algebra endowed with an augmentation $\\epsilon : P_\\bullet \\to B$. Assume each $P_n$ is a polynomial algebra over $A$ and $\\epsilon$ is a trivial Kan fibration on underlying simplicial sets. Then $$ L\\pi_!(\\mathcal{F}) = \\mathcal{F}(P_\\bullet, \\epsilon) $$ in $D(\\textit{Ab})$, resp.\\ $D(B)$ functorially in $\\mathcal{F}$ in $\\textit{Ab}(\\mathcal{C})$, resp.\\ $\\textit{Mod}(\\underline{B})$. ",
        "label": "lemma-identify-pi-shriek",
        "tag": "08PS",
        "url": "https://stacks.math.columbia.edu/tag/08PS",
        "source_filename": "cotangent.tex"
    },
    {
        "theorem": "Lemma 92.4.2.",
        "body": "  Let $A \\to B$ be a ring map. Let $\\epsilon : P_\\bullet \\to B$ be the standard resolution of $B$ over $A$. Let $\\pi$ be as in (\\ref{equation-pi}). Then $$ L\\pi_!(\\mathcal{F}) = \\mathcal{F}(P_\\bullet, \\epsilon) $$ in $D(\\textit{Ab})$, resp.\\ $D(B)$ functorially in $\\mathcal{F}$ in $\\textit{Ab}(\\mathcal{C})$, resp.\\ $\\textit{Mod}(\\underline{B})$. ",
        "label": "lemma-pi-shriek-standard",
        "tag": "08PT",
        "url": "https://stacks.math.columbia.edu/tag/08PT",
        "source_filename": "cotangent.tex"
    },
    {
        "theorem": "Lemma 92.4.3.",
        "body": "  Let $A \\to B$ be a ring map.  Let $\\pi$ and $i$ be as in (\\ref{equation-pi}). There is a canonical isomorphism $$ L_{B/A} = L\\pi_!(Li^*\\Omega_{\\mathcal{O}/A}) = L\\pi_!(i^*\\Omega_{\\mathcal{O}/A}) = L\\pi_!(\\Omega_{\\mathcal{O}/A} \\otimes_\\mathcal{O} \\underline{B}) $$ in $D(B)$. ",
        "label": "lemma-compute-cotangent-complex",
        "tag": "08PU",
        "url": "https://stacks.math.columbia.edu/tag/08PU",
        "source_filename": "cotangent.tex"
    },
    {
        "theorem": "Lemma 92.4.4.",
        "body": "  If $A \\to B$ is a ring map, then $L\\pi_!(\\pi^{-1}M) = M$ with $\\pi$ as in (\\ref{equation-pi}). ",
        "label": "lemma-pi-lower-shriek-constant-sheaf",
        "tag": "08QE",
        "url": "https://stacks.math.columbia.edu/tag/08QE",
        "source_filename": "cotangent.tex"
    },
    {
        "theorem": "Lemma 92.4.5.",
        "body": "  If $A \\to B$ is a ring map, then $H^0(L_{B/A}) = \\Omega_{B/A}$. ",
        "label": "lemma-identify-H0",
        "tag": "08QF",
        "url": "https://stacks.math.columbia.edu/tag/08QF",
        "source_filename": "cotangent.tex"
    },
    {
        "theorem": "Lemma 92.4.6.",
        "body": "  If $B$ is a polynomial algebra over the ring $A$, then with $\\pi$ as in (\\ref{equation-pi}) we have that $\\pi_!$ is exact and $\\pi_!\\mathcal{F} = \\mathcal{F}(B \\to B)$. ",
        "label": "lemma-pi-lower-shriek-polynomial-algebra",
        "tag": "08QG",
        "url": "https://stacks.math.columbia.edu/tag/08QG",
        "source_filename": "cotangent.tex"
    },
    {
        "theorem": "Lemma 92.4.7.",
        "body": "  If $B$ is a polynomial algebra over the ring $A$, then $L_{B/A}$ is quasi-isomorphic to $\\Omega_{B/A}[0]$. ",
        "label": "lemma-cotangent-complex-polynomial-algebra",
        "tag": "08QH",
        "url": "https://stacks.math.columbia.edu/tag/08QH",
        "source_filename": "cotangent.tex"
    },
    {
        "theorem": "Lemma 92.5.1.",
        "body": "  Let $A$ be a Noetherian ring. Let $A \\to B$ be a finite type ring map. Let $\\mathcal{A}$ be the category of $A$-algebra maps $C \\to B$. Let $n \\geq 0$ and let $P_\\bullet$ be a simplicial object of $\\mathcal{A}$ such that \\begin{enumerate} \\item $P_\\bullet \\to B$ is a trivial Kan fibration of simplicial sets, \\item $P_k$ is finite type over $A$ for $k \\leq n$, \\item $P_\\bullet = \\text{cosk}_n \\text{sk}_n P_\\bullet$ as simplicial objects of $\\mathcal{A}$. \\end{enumerate} Then $P_{n + 1}$ is a finite type $A$-algebra. ",
        "label": "lemma-polynomial",
        "tag": "08PW",
        "url": "https://stacks.math.columbia.edu/tag/08PW",
        "source_filename": "cotangent.tex"
    },
    {
        "theorem": "Proposition 92.5.2.",
        "body": "  Let $A$ be a Noetherian ring. Let $A \\to B$ be a finite type ring map. There exists a simplicial $A$-algebra $P_\\bullet$ with an augmentation $\\epsilon : P_\\bullet \\to B$ such that each $P_n$ is a polynomial algebra of finite type over $A$ and such that $\\epsilon$ is a trivial Kan fibration of simplicial sets. ",
        "label": "proposition-polynomial",
        "tag": "08PX",
        "url": "https://stacks.math.columbia.edu/tag/08PX",
        "source_filename": "cotangent.tex"
    },
    {
        "theorem": "Lemma 92.5.3.",
        "body": "  Let $A$ be a Noetherian ring. Let $A \\to B$ be a finite type ring map. Let $\\pi$, $\\underline{B}$ be as in (\\ref{equation-pi}). If $\\mathcal{F}$ is an $\\underline{B}$-module such that $\\mathcal{F}(P, \\alpha)$ is a finite $B$-module for all $\\alpha : P = A[x_1, \\ldots, x_n] \\to B$, then the cohomology modules of $L\\pi_!(\\mathcal{F})$ are finite $B$-modules. ",
        "label": "lemma-pi-shriek-finite",
        "tag": "08PY",
        "url": "https://stacks.math.columbia.edu/tag/08PY",
        "source_filename": "cotangent.tex"
    },
    {
        "theorem": "Lemma 92.5.4.",
        "body": "  Let $A$ be a Noetherian ring. Let $A \\to B$ be a finite type ring map. Then $H^n(L_{B/A})$ is a finite $B$-module for all $n \\in \\mathbf{Z}$. ",
        "label": "lemma-cotangent-finite",
        "tag": "08PZ",
        "url": "https://stacks.math.columbia.edu/tag/08PZ",
        "source_filename": "cotangent.tex"
    },
    {
        "theorem": "Remark 92.5.5.",
        "body": "[Resolutions]  Let $A \\to B$ be any ring map. Let us call an augmented simplicial $A$-algebra $\\epsilon : P_\\bullet \\to B$ a {\\it resolution of $B$ over $A$} if each $P_n$ is a polynomial algebra and $\\epsilon$ is a trivial Kan fibration of simplicial sets. If $P_\\bullet \\to B$ is an augmentation of a simplicial $A$-algebra with each $P_n$ a polynomial algebra surjecting onto $B$, then the following are equivalent \\begin{enumerate} \\item $\\epsilon : P_\\bullet \\to B$ is a resolution of $B$ over $A$, \\item $\\epsilon : P_\\bullet \\to B$ is a quasi-isomorphism on associated complexes, \\item $\\epsilon : P_\\bullet \\to B$ induces a homotopy equivalence of simplicial sets. \\end{enumerate} To see this use Simplicial, Lemmas \\ref{simplicial-lemma-trivial-kan-homotopy}, \\ref{simplicial-lemma-homotopy-equivalence}, and \\ref{simplicial-lemma-qis-simplicial-abelian-groups}. A resolution $P_\\bullet$ of $B$ over $A$ gives a cosimplicial object $U_\\bullet$ of $\\mathcal{C}_{B/A}$ as in Cohomology on Sites, Lemma \\ref{sites-cohomology-lemma-compute-by-cosimplicial-resolution} and it follows that $$ L\\pi_!\\mathcal{F} = \\mathcal{F}(P_\\bullet) $$ functorially in $\\mathcal{F}$, see Lemma \\ref{lemma-identify-pi-shriek}. The (formal part of the) proof of Proposition \\ref{proposition-polynomial} shows that resolutions exist. We also have seen in the first proof of Lemma \\ref{lemma-pi-shriek-standard} that the standard resolution of $B$ over $A$ is a resolution (so that this terminology doesn't lead to a conflict). However, the argument in the proof of Proposition \\ref{proposition-polynomial} shows the existence of resolutions without appealing to the simplicial computations in Simplicial, Section \\ref{simplicial-section-standard}. Moreover, for {\\it any} choice of resolution we have a canonical isomorphism $$ L_{B/A} = \\Omega_{P_\\bullet/A} \\otimes_{P_\\bullet, \\epsilon} B $$ in $D(B)$ by Lemma \\ref{lemma-compute-cotangent-complex}. The freedom to choose an arbitrary resolution can be quite useful. ",
        "label": "remark-resolution",
        "tag": "08QI",
        "url": "https://stacks.math.columbia.edu/tag/08QI",
        "source_filename": "cotangent.tex"
    },
    {
        "theorem": "Lemma 92.5.6.",
        "body": "  Let $A \\to B$ be a ring map. Let $\\pi$, $\\mathcal{O}$, $\\underline{B}$ be as in (\\ref{equation-pi}). For any $\\mathcal{O}$-module $\\mathcal{F}$ we have $$ L\\pi_!(\\mathcal{F}) = L\\pi_!(Li^*\\mathcal{F}) = L\\pi_!(\\mathcal{F} \\otimes_\\mathcal{O}^\\mathbf{L} \\underline{B}) $$ in $D(\\textit{Ab})$. ",
        "label": "lemma-O-homology-B-homology",
        "tag": "08QJ",
        "url": "https://stacks.math.columbia.edu/tag/08QJ",
        "source_filename": "cotangent.tex"
    },
    {
        "theorem": "Lemma 92.5.7.",
        "body": "  Let $A \\to B$ be a ring map. Let $\\pi$, $\\mathcal{O}$, $\\underline{B}$ be as in (\\ref{equation-pi}). We have $$ L\\pi_!(\\mathcal{O}) = L\\pi_!(\\underline{B}) = B \\quad\\text{and}\\quad L_{B/A} = L\\pi_!(\\Omega_{\\mathcal{O}/A} \\otimes_\\mathcal{O} \\underline{B}) = L\\pi_!(\\Omega_{\\mathcal{O}/A}) $$ in $D(\\textit{Ab})$. ",
        "label": "lemma-apply-O-B-comparison",
        "tag": "08QK",
        "url": "https://stacks.math.columbia.edu/tag/08QK",
        "source_filename": "cotangent.tex"
    },
    {
        "theorem": "Lemma 92.5.8.",
        "body": "  Let $A \\to B \\to C$ be ring maps. If $B$ is a polynomial algebra over $A$, then there is a distinguished triangle $L_{B/A} \\otimes_B^\\mathbf{L} C \\to L_{C/A} \\to L_{C/B} \\to L_{B/A} \\otimes_B^\\mathbf{L} C[1]$ in $D(C)$. ",
        "label": "lemma-special-case-triangle",
        "tag": "08SA",
        "url": "https://stacks.math.columbia.edu/tag/08SA",
        "source_filename": "cotangent.tex"
    },
    {
        "theorem": "Example 92.5.9.",
        "body": "  Let $A \\to B$ be a ring map. In this example we will construct an ``explicit'' resolution $P_\\bullet$ of $B$ over $A$ of length $2$. To do this we follow the procedure of the proof of Proposition \\ref{proposition-polynomial}, see also the discussion in Remark \\ref{remark-resolution}. \\medskip\\noindent We choose a surjection $P_0 = A[u_i] \\to B$ where $u_i$ is a set of variables. Choose generators $f_t \\in P_0$, $t \\in T$ of the ideal $\\mathop{\\mathrm{Ker}}(P_0 \\to B)$. We choose $P_1 = A[u_i, x_t]$ with face maps $d_0$ and $d_1$ the unique $A$-algebra maps with $d_j(u_i) = u_i$ and $d_0(x_t) = 0$ and $d_1(x_t) = f_t$. The map $s_0 : P_0 \\to P_1$ is the unique $A$-algebra map with $s_0(u_i) = u_i$. It is clear that $$ P_1 \\xrightarrow{d_0 - d_1} P_0 \\to B \\to 0 $$ is exact, in particular the map $(d_0, d_1) : P_1 \\to P_0 \\times_B P_0$ is surjective. Thus, if $P_\\bullet$ denotes the $1$-truncated simplicial $A$-algebra given by $P_0$, $P_1$, $d_0$, $d_1$, and $s_0$, then the augmentation $\\text{cosk}_1(P_\\bullet) \\to B$ is a trivial Kan fibration. The next step of the procedure in the proof of Proposition \\ref{proposition-polynomial} is to choose a polynomial algebra $P_2$ and a surjection $$ P_2 \\longrightarrow \\text{cosk}_1(P_\\bullet)_2 $$ Recall that $$ \\text{cosk}_1(P_\\bullet)_2 = \\{(g_0, g_1, g_2) \\in P_1^3 \\mid d_0(g_0) = d_0(g_1), d_1(g_0) = d_0(g_2), d_1(g_1) = d_1(g_2)\\} $$ Thinking of $g_i \\in P_1$ as a polynomial in $x_t$ the conditions are $$ g_0(0) = g_1(0),\\quad g_0(f_t) = g_2(0),\\quad g_1(f_t) = g_2(f_t) $$ Thus $\\text{cosk}_1(P_\\bullet)_2$ contains the elements $y_t = (x_t, x_t, f_t)$ and $z_t = (0, x_t, x_t)$. Every element $G$ in $\\text{cosk}_1(P_\\bullet)_2$ is of the form $G = H + (0, 0, g)$ where $H$ is in the image of $A[u_i, y_t, z_t] \\to \\text{cosk}_1(P_\\bullet)_2$. Here $g \\in P_1$ is a polynomial with vanishing constant term such that $g(f_t) = 0$ in $P_0$. Observe that \\begin{enumerate} \\item $g = x_t x_{t'} - f_t x_{t'}$ and \\item $g = \\sum r_t x_t$ with $r_t \\in P_0$ if $\\sum r_t f_t = 0$ in $P_0$ \\end{enumerate} are elements of $P_1$ of the desired form. Let $$ Rel = \\mathop{\\mathrm{Ker}}(\\bigoplus\\nolimits_{t \\in T} P_0 \\longrightarrow P_0),\\quad (r_t) \\longmapsto \\sum r_tf_t $$ We set $P_2 = A[u_i, y_t, z_t, v_r, w_{t, t'}]$ where $r = (r_t) \\in Rel$, with map $$ P_2 \\longrightarrow \\text{cosk}_1(P_\\bullet)_2 $$ given by $y_t  \\mapsto (x_t, x_t, f_t)$, $z_t \\mapsto (0, x_t, x_t)$, $v_r \\mapsto (0, 0, \\sum r_t x_t)$, and $w_{t, t'} \\mapsto (0, 0, x_t x_{t'} - f_t x_{t'})$. A calculation (omitted) shows that this map is surjective. Our choice of the map displayed above determines the maps $d_0, d_1, d_2 : P_2 \\to P_1$. Finally, the procedure in the proof of Proposition \\ref{proposition-polynomial} tells us to choose the maps $s_0, s_1 : P_1 \\to P_2$ lifting the two maps $P_1 \\to \\text{cosk}_1(P_\\bullet)_2$. It is clear that we can take $s_i$ to be the unique $A$-algebra maps determined by $s_0(x_t) = y_t$ and $s_1(x_t) = z_t$. ",
        "label": "example-resolution-length-two",
        "tag": "09D4",
        "url": "https://stacks.math.columbia.edu/tag/09D4",
        "source_filename": "cotangent.tex"
    },
    {
        "theorem": "Lemma 92.6.1.",
        "body": "  Assume (\\ref{equation-commutative-square}) induces a quasi-isomorphism $B \\otimes_A^\\mathbf{L} A' = B'$. Then, with notation as in (\\ref{equation-double-square}) and $\\mathcal{F}' \\in \\textit{Ab}(\\mathcal{C}')$, we have $L\\pi_!(g^{-1}\\mathcal{F}') = L\\pi'_!(\\mathcal{F}')$. ",
        "label": "lemma-flat-base-change",
        "tag": "08QP",
        "url": "https://stacks.math.columbia.edu/tag/08QP",
        "source_filename": "cotangent.tex"
    },
    {
        "theorem": "Lemma 92.6.2.",
        "body": "  If (\\ref{equation-commutative-square}) induces a quasi-isomorphism $B \\otimes_A^\\mathbf{L} A' = B'$, then the functoriality map induces an isomorphism $$ L_{B/A} \\otimes_B^\\mathbf{L} B' \\longrightarrow L_{B'/A'} $$ ",
        "label": "lemma-flat-base-change-cotangent-complex",
        "tag": "08QQ",
        "url": "https://stacks.math.columbia.edu/tag/08QQ",
        "source_filename": "cotangent.tex"
    },
    {
        "theorem": "Remark 92.6.3.",
        "body": "  Suppose that we are given a square (\\ref{equation-commutative-square}) such that there exists an arrow $\\kappa : B \\to A'$ making the diagram commute: $$ \\xymatrix{ B \\ar[r]_\\beta \\ar[rd]_\\kappa & B' \\\\ A \\ar[u] \\ar[r]^\\alpha & A' \\ar[u] } $$ In this case we claim the functoriality map $P_\\bullet \\to P'_\\bullet$ is homotopic to the composition $P_\\bullet \\to B \\to A' \\to P'_\\bullet$. Namely, using $\\kappa$ the functoriality map factors as $$ P_\\bullet \\to P_{A'/A', \\bullet} \\to P'_\\bullet $$ where $P_{A'/A', \\bullet}$ is the standard resolution of $A'$ over $A'$. Since $A'$ is the polynomial algebra on the empty set over $A'$ we see from Simplicial, Lemma \\ref{simplicial-lemma-standard-simplicial-homotopy} that the augmentation $\\epsilon_{A'/A'} : P_{A'/A', \\bullet} \\to A'$ is a homotopy equivalence of simplicial rings. Observe that the homotopy inverse map $c : A' \\to P_{A'/A', \\bullet}$ constructed in the proof of that lemma is just the structure morphism, hence we conclude what we want because the two compositions $$ \\xymatrix{ P_\\bullet \\ar[r] & P_{A'/A', \\bullet} \\ar@<1ex>[rr]^{\\text{id}} \\ar@<-1ex>[rr]_{c \\circ \\epsilon_{A'/A'}} & & P_{A'/A', \\bullet} \\ar[r] & P'_\\bullet } $$ are the two maps discussed above and these are homotopic (Simplicial, Remark \\ref{simplicial-remark-homotopy-pre-post-compose}). Since the second map $P_\\bullet \\to P'_\\bullet$ induces the zero map $\\Omega_{P_\\bullet/A} \\to \\Omega_{P'_\\bullet/A'}$ we conclude that the functoriality map $L_{B/A} \\to L_{B'/A'}$ is homotopic to zero in this case. ",
        "label": "remark-homotopy-triangle",
        "tag": "08SB",
        "url": "https://stacks.math.columbia.edu/tag/08SB",
        "source_filename": "cotangent.tex"
    },
    {
        "theorem": "Lemma 92.6.4.",
        "body": "  Let $A \\to B$ and $A \\to C$ be ring maps. Then the map $L_{B \\times C/A} \\to L_{B/A} \\oplus L_{C/A}$ is an isomorphism in $D(B \\times C)$. ",
        "label": "lemma-cotangent-complex-product",
        "tag": "08SC",
        "url": "https://stacks.math.columbia.edu/tag/08SC",
        "source_filename": "cotangent.tex"
    },
    {
        "theorem": "Lemma 92.7.1.",
        "body": "  With notation as in (\\ref{equation-three-maps}) set $$ \\begin{matrix} \\Omega_1 = \\Omega_{\\mathcal{O}/A} \\otimes_\\mathcal{O} \\underline{B} \\text{ on }\\mathcal{C}_{B/A} \\\\ \\Omega_2 = \\Omega_{\\mathcal{O}/A} \\otimes_\\mathcal{O} \\underline{C} \\text{ on }\\mathcal{C}_{C/A} \\\\ \\Omega_3 = \\Omega_{\\mathcal{O}/B} \\otimes_\\mathcal{O} \\underline{C} \\text{ on }\\mathcal{C}_{C/B} \\end{matrix} $$ Then we have a canonical short exact sequence of sheaves of $\\underline{C}$-modules $$ 0 \\to g_1^{-1}\\Omega_1 \\otimes_{\\underline{B}} \\underline{C} \\to g_2^{-1}\\Omega_2 \\to g_3^{-1}\\Omega_3 \\to 0 $$ on $\\mathcal{C}_{C/B/A}$. ",
        "label": "lemma-triangle-ses",
        "tag": "08QU",
        "url": "https://stacks.math.columbia.edu/tag/08QU",
        "source_filename": "cotangent.tex"
    },
    {
        "theorem": "Lemma 92.7.2.",
        "body": "  With notation as in (\\ref{equation-three-maps}) suppose that $C$ is a polynomial algebra over $B$. Then $L\\pi_!(g_3^{-1}\\mathcal{F}) = L\\pi_{3, !}\\mathcal{F} = \\pi_{3, !}\\mathcal{F}$ for any abelian sheaf $\\mathcal{F}$ on $\\mathcal{C}_{C/B}$ ",
        "label": "lemma-polynomial-on-top",
        "tag": "08QV",
        "url": "https://stacks.math.columbia.edu/tag/08QV",
        "source_filename": "cotangent.tex"
    },
    {
        "theorem": "Lemma 92.7.3.",
        "body": "  With notation as in (\\ref{equation-three-maps}) we have $Lg_{i, !} \\circ g_i^{-1} = \\text{id}$ for $i = 1, 2, 3$ and hence also $L\\pi_! \\circ g_i^{-1} = L\\pi_{i, !}$ for $i = 1, 2, 3$. ",
        "label": "lemma-triangle-compute-lower-shriek",
        "tag": "08QW",
        "url": "https://stacks.math.columbia.edu/tag/08QW",
        "source_filename": "cotangent.tex"
    },
    {
        "theorem": "Proposition 92.7.4.",
        "body": "  Let $A \\to B \\to C$ be ring maps. There is a canonical distinguished triangle $$ L_{B/A} \\otimes_B^\\mathbf{L} C \\to L_{C/A} \\to L_{C/B} \\to L_{B/A} \\otimes_B^\\mathbf{L} C[1] $$ in $D(C)$. ",
        "label": "proposition-triangle",
        "tag": "08QX",
        "url": "https://stacks.math.columbia.edu/tag/08QX",
        "source_filename": "cotangent.tex"
    },
    {
        "theorem": "Remark 92.7.5.",
        "body": "  We sketch an alternative, perhaps simpler, proof of the existence of the fundamental triangle. Let $A \\to B \\to C$ be ring maps and assume that $B \\to C$ is injective. Let $P_\\bullet \\to B$ be the standard resolution of $B$ over $A$ and let $Q_\\bullet \\to C$ be the standard resolution of $C$ over $B$. Picture $$ \\xymatrix{ P_\\bullet : & A[A[A[B]]] \\ar[d] \\ar@<2ex>[r] \\ar@<0ex>[r] \\ar@<-2ex>[r] & A[A[B]] \\ar[d] \\ar@<1ex>[r] \\ar@<-1ex>[r] \\ar@<1ex>[l] \\ar@<-1ex>[l] & A[B] \\ar[d] \\ar@<0ex>[l] \\ar[r] & B \\\\ Q_\\bullet : & A[A[A[C]]] \\ar@<2ex>[r] \\ar@<0ex>[r] \\ar@<-2ex>[r] & A[A[C]] \\ar@<1ex>[r] \\ar@<-1ex>[r] \\ar@<1ex>[l] \\ar@<-1ex>[l] & A[C] \\ar@<0ex>[l] \\ar[r] & C } $$ Observe that since $B \\to C$ is injective, the ring $Q_n$ is a polynomial algebra over $P_n$ for all $n$. Hence we obtain a cosimplicial object in $\\mathcal{C}_{C/B/A}$ (beware reversal arrows). Now set $\\overline{Q}_\\bullet = Q_\\bullet \\otimes_{P_\\bullet} B$. The key to the proof of Proposition \\ref{proposition-triangle} is to show that $\\overline{Q}_\\bullet$ is a resolution of $C$ over $B$. This follows from Cohomology on Sites, Lemma \\ref{sites-cohomology-lemma-O-homology-qis} applied to $\\mathcal{C} = \\Delta$, $\\mathcal{O} = P_\\bullet$, $\\mathcal{O}' = B$, and $\\mathcal{F} = Q_\\bullet$ (this uses that $Q_n$ is flat over $P_n$; see Cohomology on Sites, Remark \\ref{sites-cohomology-remark-simplicial-modules} to relate simplicial modules to sheaves). The key fact implies that the distinguished triangle of Proposition \\ref{proposition-triangle} is the distinguished triangle associated to the short exact sequence of simplicial $C$-modules $$ 0 \\to \\Omega_{P_\\bullet/A} \\otimes_{P_\\bullet} C \\to \\Omega_{Q_\\bullet/A} \\otimes_{Q_\\bullet} C \\to \\Omega_{\\overline{Q}_\\bullet/B} \\otimes_{\\overline{Q}_\\bullet} C \\to 0 $$ which is deduced from the short exact sequences $0 \\to \\Omega_{P_n/A} \\otimes_{P_n} Q_n \\to \\Omega_{Q_n/A} \\to \\Omega_{Q_n/P_n} \\to 0$ of Algebra, Lemma \\ref{algebra-lemma-ses-formally-smooth}. Namely, by Remark \\ref{remark-resolution} and the key fact the complex on the right hand side represents $L_{C/B}$ in $D(C)$. \\medskip\\noindent If $B \\to C$ is not injective, then we can use the above to get a fundamental triangle for $A \\to B \\to B \\times C$. Since $L_{B \\times C/B} \\to L_{B/B} \\oplus L_{C/B}$ and $L_{B \\times C/A} \\to L_{B/A} \\oplus L_{C/A}$ are quasi-isomorphism in $D(B \\times C)$ (Lemma \\ref{lemma-cotangent-complex-product}) this induces the desired distinguished triangle in $D(C)$ by tensoring with the flat ring map $B \\times C \\to C$. ",
        "label": "remark-triangle",
        "tag": "08SD",
        "url": "https://stacks.math.columbia.edu/tag/08SD",
        "source_filename": "cotangent.tex"
    },
    {
        "theorem": "Remark 92.7.6.",
        "body": "  Let $A \\to B \\to C$ be ring maps with $B \\to C$ injective. Recall the notation $P_\\bullet$, $Q_\\bullet$, $\\overline{Q}_\\bullet$ of Remark \\ref{remark-triangle}. Let $R_\\bullet$ be the standard resolution of $C$ over $B$. In this remark we explain how to get the canonical identification of $\\Omega_{\\overline{Q}_\\bullet/B} \\otimes_{\\overline{Q}_\\bullet} C$ with $L_{C/B} = \\Omega_{R_\\bullet/B} \\otimes_{R_\\bullet} C$. Let $S_\\bullet \\to B$ be the standard resolution of $B$ over $B$. Note that the functoriality map $S_\\bullet \\to R_\\bullet$ identifies $R_n$ as a polynomial algebra over $S_n$ because $B \\to C$ is injective. For example in degree $0$ we have the map $B[B] \\to B[C]$, in degree $1$ the map $B[B[B]] \\to B[B[C]]$, and so on. Thus $\\overline{R}_\\bullet = R_\\bullet \\otimes_{S_\\bullet} B$ is a simplicial polynomial algebra over $B$ as well and it follows (as in Remark \\ref{remark-triangle}) from Cohomology on Sites, Lemma \\ref{sites-cohomology-lemma-O-homology-qis} that $\\overline{R}_\\bullet \\to C$ is a resolution. Since we have a commutative diagram $$ \\xymatrix{ Q_\\bullet \\ar[r] & R_\\bullet \\\\ P_\\bullet \\ar[u] \\ar[r] & S_\\bullet \\ar[u] \\ar[r] & B } $$ we obtain a canonical map $\\overline{Q}_\\bullet = Q_\\bullet \\otimes_{P_\\bullet} B \\to \\overline{R}_\\bullet$. Thus the maps $$ L_{C/B} = \\Omega_{R_\\bullet/B} \\otimes_{R_\\bullet} C \\longrightarrow \\Omega_{\\overline{R}_\\bullet/B} \\otimes_{\\overline{R}_\\bullet} C \\longleftarrow \\Omega_{\\overline{Q}_\\bullet/B} \\otimes_{\\overline{Q}_\\bullet} C $$ are quasi-isomorphisms (Remark \\ref{remark-resolution}) and composing one with the inverse of the other gives the desired identification. ",
        "label": "remark-explicit-map",
        "tag": "08SE",
        "url": "https://stacks.math.columbia.edu/tag/08SE",
        "source_filename": "cotangent.tex"
    },
    {
        "theorem": "Lemma 92.8.1.",
        "body": "  Let $A \\to A' \\to B$ be ring maps such that $B = B \\otimes_A^\\mathbf{L} A'$. Then $L_{B/A} = L_{B/A'}$ in $D(B)$. ",
        "label": "lemma-localize-at-bottom",
        "tag": "08QZ",
        "url": "https://stacks.math.columbia.edu/tag/08QZ",
        "source_filename": "cotangent.tex"
    },
    {
        "theorem": "Lemma 92.8.2.",
        "body": "  Let $A \\to B$ be a ring map such that $B = B \\otimes_A^\\mathbf{L} B$. Then $L_{B/A} = 0$ in $D(B)$. ",
        "label": "lemma-derived-diagonal",
        "tag": "08R0",
        "url": "https://stacks.math.columbia.edu/tag/08R0",
        "source_filename": "cotangent.tex"
    },
    {
        "theorem": "Lemma 92.8.3.",
        "body": "  Let $A \\to B$ be a ring map such that $\\text{Tor}^A_i(B, B) = 0$ for $i > 0$ and such that $L_{B/B \\otimes_A B} = 0$. Then $L_{B/A} = 0$ in $D(B)$. ",
        "label": "lemma-bootstrap",
        "tag": "08R1",
        "url": "https://stacks.math.columbia.edu/tag/08R1",
        "source_filename": "cotangent.tex"
    },
    {
        "theorem": "Lemma 92.8.4.",
        "body": "  The cotangent complex $L_{B/A}$ is zero in each of the following cases: \\begin{enumerate} \\item $A \\to B$ and $B \\otimes_A B \\to B$ are flat, i.e., $A \\to B$ is weakly \\'etale (More on Algebra, Definition \\ref{more-algebra-definition-weakly-etale}), \\item $A \\to B$ is a flat epimorphism of rings, \\item $B = S^{-1}A$ for some multiplicative subset $S \\subset A$, \\item $A \\to B$ is unramified and flat, \\item $A \\to B$ is \\'etale, \\item $A \\to B$ is a filtered colimit of ring maps for which the cotangent complex vanishes, \\item $B$ is a henselization of a local ring of $A$, \\item $B$ is a strict henselization of a local ring of $A$, and \\item add more here. \\end{enumerate} ",
        "label": "lemma-when-zero",
        "tag": "08R2",
        "url": "https://stacks.math.columbia.edu/tag/08R2",
        "source_filename": "cotangent.tex"
    },
    {
        "theorem": "Lemma 92.8.5.",
        "body": "  Let $A \\to B \\to C$ be ring maps such that $L_{C/B} = 0$. Then $L_{C/A} = L_{B/A} \\otimes_B^\\mathbf{L} C$. ",
        "label": "lemma-localize-on-top",
        "tag": "08R3",
        "url": "https://stacks.math.columbia.edu/tag/08R3",
        "source_filename": "cotangent.tex"
    },
    {
        "theorem": "Lemma 92.8.6.",
        "body": "  Let $A \\to B$ be ring maps and $S \\subset A$, $T \\subset B$ multiplicative subsets such that $S$ maps into $T$. Then $L_{T^{-1}B/S^{-1}A} = L_{B/A} \\otimes_B T^{-1}B$ in $D(T^{-1}B)$. ",
        "label": "lemma-localize",
        "tag": "08SF",
        "url": "https://stacks.math.columbia.edu/tag/08SF",
        "source_filename": "cotangent.tex"
    },
    {
        "theorem": "Lemma 92.8.7.",
        "body": "  Let $A \\to B$ be a local ring homomorphism of local rings. Let $A^h \\to B^h$, resp.\\ $A^{sh} \\to B^{sh}$ be the induced maps of henselizations, resp.\\ strict henselizations. Then $$ L_{B^h/A^h} = L_{B^h/A} = L_{B/A} \\otimes_B^\\mathbf{L} B^h \\quad\\text{resp.}\\quad L_{B^{sh}/A^{sh}} = L_{B^{sh}/A} = L_{B/A} \\otimes_B^\\mathbf{L} B^{sh} $$ in $D(B^h)$, resp.\\ $D(B^{sh})$. ",
        "label": "lemma-cotangent-complex-henselization",
        "tag": "08UN",
        "url": "https://stacks.math.columbia.edu/tag/08UN",
        "source_filename": "cotangent.tex"
    },
    {
        "theorem": "Lemma 92.9.1.",
        "body": "  If $A \\to B$ is a smooth ring map, then $L_{B/A} = \\Omega_{B/A}[0]$. ",
        "label": "lemma-when-projective",
        "tag": "08R5",
        "url": "https://stacks.math.columbia.edu/tag/08R5",
        "source_filename": "cotangent.tex"
    },
    {
        "theorem": "Lemma 92.10.1.",
        "body": "  Let $A \\to B$ be a ring map with $p = 0$ in $A$. Let $P_\\bullet$ be the standard resolution of $B$ over $A$. The map $P_\\bullet \\to P_\\bullet$ induced by the diagram $$ \\xymatrix{ B \\ar[r]_{F_B} & B \\\\ A \\ar[u] \\ar[r]^{F_A} & A \\ar[u] } $$ discussed in Section \\ref{section-functoriality} is homotopic to the Frobenius endomorphism $P_\\bullet \\to P_\\bullet$ given by Frobenius on each $P_n$. ",
        "label": "lemma-frobenius-homotopy",
        "tag": "0G5Y",
        "url": "https://stacks.math.columbia.edu/tag/0G5Y",
        "source_filename": "cotangent.tex"
    },
    {
        "theorem": "Lemma 92.10.2.",
        "body": "  Let $p$ be a prime number. Let $A \\to B$ be a ring homomorphism and assume that $p = 0$ in $A$. The map $L_{B/A} \\to L_{B/A}$ of Section \\ref{section-functoriality} induced by the Frobenius maps $F_A$ and $F_B$ is homotopic to zero. ",
        "label": "lemma-frobenius-acts-as-zero",
        "tag": "0G5Z",
        "url": "https://stacks.math.columbia.edu/tag/0G5Z",
        "source_filename": "cotangent.tex"
    },
    {
        "theorem": "Lemma 92.10.3.",
        "body": "  Let $p$ be a prime number. Let $A \\to B$ be a ring homomorphism and assume that $p = 0$ in $A$. If $A$ and $B$ are perfect, then $L_{B/A}$ is zero in $D(B)$. ",
        "label": "lemma-perfect-zero",
        "tag": "0G60",
        "url": "https://stacks.math.columbia.edu/tag/0G60",
        "source_filename": "cotangent.tex"
    },
    {
        "theorem": "Remark 92.11.1.",
        "body": "  Let $A \\to B$ be a ring map.  Working on $\\mathcal{C}_{B/A}$ as in Section \\ref{section-compute-L-pi-shriek} let $\\mathcal{J} \\subset \\mathcal{O}$ be the kernel of $\\mathcal{O} \\to \\underline{B}$. Note that $L\\pi_!(\\mathcal{J}) = 0$ by Lemma \\ref{lemma-apply-O-B-comparison}. Set $\\Omega =  \\Omega_{\\mathcal{O}/A} \\otimes_\\mathcal{O} \\underline{B}$ so that $L_{B/A} = L\\pi_!(\\Omega)$ by Lemma \\ref{lemma-compute-cotangent-complex}. It follows that $L\\pi_!(\\mathcal{J} \\to \\Omega) = L\\pi_!(\\Omega) = L_{B/A}$. Thus, for any object $U = (P \\to B)$ of $\\mathcal{C}_{B/A}$ we obtain a map \\begin{equation} \\label{equation-comparison-map-A} (J \\to \\Omega_{P/A} \\otimes_P B) \\longrightarrow L_{B/A} \\end{equation} where $J = \\mathop{\\mathrm{Ker}}(P \\to B)$ in $D(A)$, see Cohomology on Sites, Remark \\ref{sites-cohomology-remark-map-evaluation-to-derived}. Continuing in this manner, note that $L\\pi_!(\\mathcal{J} \\otimes_\\mathcal{O}^\\mathbf{L} \\underline{B}) = L\\pi_!(\\mathcal{J}) = 0$ by Lemma \\ref{lemma-O-homology-B-homology}. Since $\\text{Tor}_0^\\mathcal{O}(\\mathcal{J}, \\underline{B}) = \\mathcal{J}/\\mathcal{J}^2$ the spectral sequence $$ H_p(\\mathcal{C}_{B/A}, \\text{Tor}_q^\\mathcal{O}(\\mathcal{J}, \\underline{B})) \\Rightarrow H_{p + q}(\\mathcal{C}_{B/A}, \\mathcal{J} \\otimes_\\mathcal{O}^\\mathbf{L} \\underline{B}) = 0 $$ (dual of Derived Categories, Lemma \\ref{derived-lemma-two-ss-complex-functor}) implies that $H_0(\\mathcal{C}_{B/A}, \\mathcal{J}/\\mathcal{J}^2) = 0$ and $H_1(\\mathcal{C}_{B/A}, \\mathcal{J}/\\mathcal{J}^2) = 0$. It follows that the complex of $\\underline{B}$-modules $\\mathcal{J}/\\mathcal{J}^2 \\to \\Omega$ satisfies $\\tau_{\\geq -1}L\\pi_!(\\mathcal{J}/\\mathcal{J}^2 \\to \\Omega) = \\tau_{\\geq -1}L_{B/A}$. Thus, for any object $U = (P \\to B)$ of $\\mathcal{C}_{B/A}$ we obtain a map \\begin{equation} \\label{equation-comparison-map} (J/J^2 \\to \\Omega_{P/A} \\otimes_P B) \\longrightarrow \\tau_{\\geq -1}L_{B/A} \\end{equation} in $D(B)$, see Cohomology on Sites, Remark \\ref{sites-cohomology-remark-map-evaluation-to-derived}. ",
        "label": "remark-make-map",
        "tag": "08R7",
        "url": "https://stacks.math.columbia.edu/tag/08R7",
        "source_filename": "cotangent.tex"
    },
    {
        "theorem": "Lemma 92.11.2.",
        "body": "  \\begin{slogan} The cohomology of the cotangent complex of a surjective ring map is trivial in degree zero; it is the kernel modulo its square in degree $-1$. \\end{slogan} Let $A \\to B$ be a surjective ring map with kernel $I$. Then $H^0(L_{B/A}) = 0$ and $H^{-1}(L_{B/A}) = I/I^2$. This isomorphism comes from the map (\\ref{equation-comparison-map}) for the object $(A \\to B)$ of $\\mathcal{C}_{B/A}$. ",
        "label": "lemma-surjection",
        "tag": "08RA",
        "url": "https://stacks.math.columbia.edu/tag/08RA",
        "source_filename": "cotangent.tex"
    },
    {
        "theorem": "Lemma 92.11.3.",
        "body": "  Let $A \\to B$ be a ring map. Then $\\tau_{\\geq -1}L_{B/A}$ is canonically quasi-isomorphic to the naive cotangent complex. ",
        "label": "lemma-relation-with-naive-cotangent-complex",
        "tag": "08RB",
        "url": "https://stacks.math.columbia.edu/tag/08RB",
        "source_filename": "cotangent.tex"
    },
    {
        "theorem": "Remark 92.11.4.",
        "body": "  We can make the comparison map of Lemma \\ref{lemma-relation-with-naive-cotangent-complex} explicit in the following way. Let $P_\\bullet$ be the standard resolution of $B$ over $A$. Let $I = \\mathop{\\mathrm{Ker}}(A[B] \\to B)$. Recall that $P_0 = A[B]$. The map of the lemma is given by the commutative diagram $$ \\xymatrix{ L_{B/A} \\ar[d] & \\ldots \\ar[r] & \\Omega_{P_2/A} \\otimes_{P_2} B \\ar[r] \\ar[d] & \\Omega_{P_1/A} \\otimes_{P_1} B \\ar[r] \\ar[d] & \\Omega_{P_0/A} \\otimes_{P_0} B \\ar[d] \\\\ \\mathop{N\\!L}\\nolimits_{B/A} & \\ldots \\ar[r] & 0 \\ar[r] & I/I^2 \\ar[r] & \\Omega_{P_0/A} \\otimes_{P_0} B } $$ We construct the downward arrow with target $I/I^2$ by sending $\\text{d}f \\otimes b$ to the class of $(d_0(f) - d_1(f))b$ in $I/I^2$. Here $d_i : P_1 \\to P_0$, $i = 0, 1$ are the two face maps of the simplicial structure. This makes sense as $d_0 - d_1$ maps $P_1$ into $I = \\mathop{\\mathrm{Ker}}(P_0 \\to B)$. We omit the verification that this rule is well defined. Our map is compatible with the differential $\\Omega_{P_1/A} \\otimes_{P_1} B \\to \\Omega_{P_0/A} \\otimes_{P_0} B$ as this differential maps $\\text{d}f \\otimes b$ to $\\text{d}(d_0(f) - d_1(f)) \\otimes b$. Moreover, the differential $\\Omega_{P_2/A} \\otimes_{P_2} B \\to \\Omega_{P_1/A} \\otimes_{P_1} B$ maps $\\text{d}f \\otimes b$ to $\\text{d}(d_0(f) - d_1(f) + d_2(f)) \\otimes b$ which are annihilated by our downward arrow. Hence a map of complexes. We omit the verification that this is the same as the map of Lemma \\ref{lemma-relation-with-naive-cotangent-complex}. ",
        "label": "remark-explicit-comparison-map",
        "tag": "08UP",
        "url": "https://stacks.math.columbia.edu/tag/08UP",
        "source_filename": "cotangent.tex"
    },
    {
        "theorem": "Remark 92.11.5.",
        "body": "  Adopt notation as in Remark \\ref{remark-make-map}. The arguments given there show that the differential $$ H_2(\\mathcal{C}_{B/A}, \\mathcal{J}/\\mathcal{J}^2) \\longrightarrow H_0(\\mathcal{C}_{B/A}, \\text{Tor}_1^\\mathcal{O}(\\mathcal{J}, \\underline{B})) $$ of the spectral sequence is an isomorphism. Let $\\mathcal{C}'_{B/A}$ denote the full subcategory of $\\mathcal{C}_{B/A}$ consisting of surjective maps $P \\to B$. The agreement of the cotangent complex with the naive cotangent complex (Lemma \\ref{lemma-relation-with-naive-cotangent-complex}) shows that we have an exact sequence of sheaves $$ 0 \\to \\underline{H_1(L_{B/A})} \\to \\mathcal{J}/\\mathcal{J}^2 \\xrightarrow{\\text{d}} \\Omega \\to \\underline{H_2(L_{B/A})} \\to 0 $$ on $\\mathcal{C}'_{B/A}$. It follows that $\\mathop{\\mathrm{Ker}}(d)$ and $\\mathop{\\mathrm{Coker}}(d)$ on the whole category $\\mathcal{C}_{B/A}$ have vanishing higher homology groups, since these are computed by the homology groups of constant simplicial abelian groups by Lemma \\ref{lemma-identify-pi-shriek}. Hence we conclude that $$ H_n(\\mathcal{C}_{B/A}, \\mathcal{J}/\\mathcal{J}^2) \\to H_n(L_{B/A}) $$ is an isomorphism for all $n \\geq 2$. Combined with the remark above we obtain the formula $H_2(L_{B/A}) = H_0(\\mathcal{C}_{B/A}, \\text{Tor}_1^\\mathcal{O}(\\mathcal{J}, \\underline{B}))$. ",
        "label": "remark-surjection",
        "tag": "09D5",
        "url": "https://stacks.math.columbia.edu/tag/09D5",
        "source_filename": "cotangent.tex"
    },
    {
        "theorem": "Lemma 92.12.1.",
        "body": "  Notation and assumptions as in Cohomology on Sites, Example \\ref{sites-cohomology-example-category-to-point}. Assume $\\mathcal{C}$ has a cosimplicial object as in Cohomology on Sites, Lemma \\ref{sites-cohomology-lemma-compute-by-cosimplicial-resolution}. Let $\\mathcal{F}$ be a flat $\\underline{B}$-module such that $H_0(\\mathcal{C}, \\mathcal{F}) = 0$. Then $H_l(\\mathcal{C}, \\text{Sym}_{\\underline{B}}^k(\\mathcal{F})) = 0$ for $l < k$. ",
        "label": "lemma-vanishing-symmetric-powers",
        "tag": "08RD",
        "url": "https://stacks.math.columbia.edu/tag/08RD",
        "source_filename": "cotangent.tex"
    },
    {
        "theorem": "Remark 92.12.2.",
        "body": "  In the situation of Lemma \\ref{lemma-vanishing-symmetric-powers} one can show that $H_k(\\mathcal{C}, \\text{Sym}^k(\\mathcal{F})) = \\wedge^k_B(H_1(\\mathcal{C}, \\mathcal{F}))$. Namely, it can be deduced from the proof that $H_k(\\mathcal{C}, \\text{Sym}^k(\\mathcal{F}))$ is the $S_k$-coinvariants of $$ H^{-k}(L\\pi_!(\\mathcal{F}) \\otimes_B^\\mathbf{L} L\\pi_!(\\mathcal{F}) \\otimes_B^\\mathbf{L} \\ldots \\otimes_B^\\mathbf{L} L\\pi_!(\\mathcal{F})) = H_1(\\mathcal{C}, \\mathcal{F})^{\\otimes k} $$ Thus our claim is that this action is given by the usual action of $S_k$ on the tensor product multiplied by the sign character. To prove this one has to work through the sign conventions in the definition of the total complex associated to a multi-complex. We omit the verification. ",
        "label": "remark-first-homology-symmetric-power",
        "tag": "08SG",
        "url": "https://stacks.math.columbia.edu/tag/08SG",
        "source_filename": "cotangent.tex"
    },
    {
        "theorem": "Lemma 92.12.3.",
        "body": "  Let $A$ be a ring. Let $P = A[E]$ be a polynomial ring. Set $I = (e; e \\in E) \\subset P$. The maps $\\text{Tor}_i^P(A, I^{n + 1}) \\to \\text{Tor}_i^P(A, I^n)$ are zero for all $i$ and $n$. ",
        "label": "lemma-map-tors-zero",
        "tag": "08RE",
        "url": "https://stacks.math.columbia.edu/tag/08RE",
        "source_filename": "cotangent.tex"
    },
    {
        "theorem": "Theorem 92.12.4.",
        "body": "[Quillen spectral sequence]  Let $A \\to B$ be a surjective ring map. Consider the sheaf $\\Omega = \\Omega_{\\mathcal{O}/A} \\otimes_\\mathcal{O} \\underline{B}$ of $\\underline{B}$-modules on $\\mathcal{C}_{B/A}$, see Section \\ref{section-compute-L-pi-shriek}. Then there is a spectral sequence with $E_1$-page $$ E_1^{p, q} = H_{- p - q}(\\mathcal{C}_{B/A}, \\text{Sym}^p_{\\underline{B}}(\\Omega)) \\Rightarrow \\text{Tor}^A_{- p - q}(B, B) $$ with $d_r$ of bidegree $(r, -r + 1)$. Moreover, $H_i(\\mathcal{C}_{B/A}, \\text{Sym}^k_{\\underline{B}}(\\Omega)) = 0$ for $i < k$. ",
        "label": "theorem-quillen-spectral-sequence",
        "tag": "08RF",
        "url": "https://stacks.math.columbia.edu/tag/08RF",
        "source_filename": "cotangent.tex"
    },
    {
        "theorem": "Remark 92.12.5.",
        "body": "  In the situation of Theorem \\ref{theorem-quillen-spectral-sequence} let $I = \\mathop{\\mathrm{Ker}}(A \\to B)$. Then $H^{-1}(L_{B/A}) = H_1(\\mathcal{C}_{B/A}, \\Omega) = I/I^2$, see Lemma \\ref{lemma-surjection}. Hence $H_k(\\mathcal{C}_{B/A}, \\text{Sym}^k(\\Omega)) = \\wedge^k_B(I/I^2)$ by Remark \\ref{remark-first-homology-symmetric-power}. Thus the $E_1$-page looks like $$ \\begin{matrix} B \\\\ 0 \\\\ 0 & I/I^2 \\\\ 0 & H^{-2}(L_{B/A}) \\\\ 0 & H^{-3}(L_{B/A}) & \\wedge^2(I/I^2) \\\\ 0 & H^{-4}(L_{B/A}) & H_3(\\mathcal{C}_{B/A}, \\text{Sym}^2(\\Omega)) \\\\ 0 & H^{-5}(L_{B/A}) & H_4(\\mathcal{C}_{B/A}, \\text{Sym}^2(\\Omega)) & \\wedge^3(I/I^2) \\end{matrix} $$ with horizontal differential. Thus we obtain edge maps $\\text{Tor}_i^A(B, B) \\to H^{-i}(L_{B/A})$, $i > 0$ and $\\wedge^i_B(I/I^2) \\to \\text{Tor}_i^A(B, B)$. Finally, we have $\\text{Tor}_1^A(B, B) = I/I^2$ and there is a five term exact sequence $$ \\text{Tor}_3^A(B, B) \\to H^{-3}(L_{B/A}) \\to \\wedge^2_B(I/I^2) \\to \\text{Tor}_2^A(B, B) \\to H^{-2}(L_{B/A}) \\to 0 $$ of low degree terms. ",
        "label": "remark-elucidate-ss",
        "tag": "08RG",
        "url": "https://stacks.math.columbia.edu/tag/08RG",
        "source_filename": "cotangent.tex"
    },
    {
        "theorem": "Remark 92.12.6.",
        "body": "  Let $A \\to B$ be a ring map. Let $P_\\bullet$ be a resolution of $B$ over $A$ (Remark \\ref{remark-resolution}). Set $J_n = \\mathop{\\mathrm{Ker}}(P_n \\to B)$. Note that $$ \\text{Tor}_2^{P_n}(B, B) = \\text{Tor}_1^{P_n}(J_n, B) = \\mathop{\\mathrm{Ker}}(J_n \\otimes_{P_n} J_n \\to J_n^2). $$ Hence $H_2(L_{B/A})$ is canonically equal to $$ \\mathop{\\mathrm{Coker}}(\\text{Tor}_2^{P_1}(B, B) \\to \\text{Tor}_2^{P_0}(B, B)) $$ by Remark \\ref{remark-surjection}. To make this more explicit we choose $P_2$, $P_1$, $P_0$ as in Example \\ref{example-resolution-length-two}. We claim that $$ \\text{Tor}_2^{P_1}(B, B) = \\wedge^2(\\bigoplus\\nolimits_{t \\in T} B)\\ \\oplus \\ \\bigoplus\\nolimits_{t \\in T} J_0\\ \\oplus \\ \\text{Tor}_2^{P_0}(B, B) $$ Namely, the basis elements $x_t \\wedge x_{t'}$ of the first summand corresponds to the element $x_t \\otimes x_{t'} - x_{t'} \\otimes x_t$ of $J_1 \\otimes_{P_1} J_1$. For $f \\in J_0$ the element $x_t \\otimes f$ of the second summand corresponds to the element $x_t \\otimes s_0(f) - s_0(f) \\otimes x_t$ of $J_1 \\otimes_{P_1} J_1$. Finally, the map $\\text{Tor}_2^{P_0}(B, B) \\to \\text{Tor}_2^{P_1}(B, B)$ is given by $s_0$. The map $d_0 - d_1 : \\text{Tor}_2^{P_1}(B, B) \\to \\text{Tor}_2^{P_0}(B, B)$ is zero on the last summand, maps $x_t \\otimes f$ to $f \\otimes f_t - f_t \\otimes f$, and maps $x_t \\wedge x_{t'}$ to $f_t \\otimes f_{t'} - f_{t'} \\otimes f_t$. All in all we conclude that there is an exact sequence $$ \\wedge^2_B(J_0/J_0^2) \\to \\text{Tor}_2^{P_0}(B, B) \\to H^{-2}(L_{B/A}) \\to 0 $$ In this way we obtain a direct proof of a consequence of Quillen's spectral sequence discussed in Remark \\ref{remark-elucidate-ss}. ",
        "label": "remark-elucidate-degree-two",
        "tag": "09D6",
        "url": "https://stacks.math.columbia.edu/tag/09D6",
        "source_filename": "cotangent.tex"
    },
    {
        "theorem": "Definition 92.13.1.",
        "body": "  Let $A \\to B$ be a ring map. Let $M$ be a $(B, B)$-bimodule over $A$. An {\\it $A$-biderivation} is an $A$-linear map $\\lambda : B \\to M$ such that $\\lambda(xy) = x\\lambda(y) + \\lambda(x)y$. ",
        "label": "definition-biderivation",
        "tag": "09CE",
        "url": "https://stacks.math.columbia.edu/tag/09CE",
        "source_filename": "cotangent.tex"
    },
    {
        "theorem": "Lemma 92.13.2.",
        "body": "  Let $P = A[S]$ be a polynomial ring over $A$. Let $M$ be a $(P, P)$-bimodule over $A$. Given $m_s \\in M$ for $s \\in S$, there exists a unique $A$-biderivation $\\lambda : P \\to M$ mapping $s$ to $m_s$ for $s \\in S$. ",
        "label": "lemma-polynomial-ring-unique",
        "tag": "09CF",
        "url": "https://stacks.math.columbia.edu/tag/09CF",
        "source_filename": "cotangent.tex"
    },
    {
        "theorem": "Lemma 92.13.3.",
        "body": "  In the situation above denote $L$ the complex (\\ref{equation-lichtenbaum-schlessinger}). There is a canonical map $L_{B/A} \\to L$ in $D(B)$ which induces an isomorphism $\\tau_{\\geq -2}L_{B/A} \\to L$ in $D(B)$. ",
        "label": "lemma-compare-higher",
        "tag": "09CG",
        "url": "https://stacks.math.columbia.edu/tag/09CG",
        "source_filename": "cotangent.tex"
    },
    {
        "theorem": "Remark 92.13.4.",
        "body": "[Functoriality of the Lichtenbaum-Schlessinger complex]  Consider a commutative square $$ \\xymatrix{ A' \\ar[r] & B' \\\\ A \\ar[u] \\ar[r] & B \\ar[u] } $$ of ring maps. Choose a factorization $$ \\xymatrix{ A' \\ar[r] & P' \\ar[r] & B' \\\\ A \\ar[u] \\ar[r] & P \\ar[u] \\ar[r] & B \\ar[u] } $$ with $P$ a polynomial algebra over $A$ and $P'$ a polynomial algebra over $A'$. Choose generators $f_t$, $t \\in T$ for $\\mathop{\\mathrm{Ker}}(P \\to B)$. For $t \\in T$ denote $f'_t$ the image of $f_t$ in $P'$. Choose $f'_s \\in P'$ such that the elements $f'_t$ for $t \\in T' = T \\amalg S$ generate the kernel of $P' \\to B'$. Set $F = \\bigoplus_{t \\in T} P$ and $F' = \\bigoplus_{t' \\in T'} P'$. Let $Rel = \\mathop{\\mathrm{Ker}}(F \\to P)$ and $Rel' = \\mathop{\\mathrm{Ker}}(F' \\to P')$ where the maps are given by multiplication by $f_t$, resp.\\ $f'_t$ on the coordinates. Finally, set $TrivRel$, resp.\\ $TrivRel'$ equal to the submodule of $Rel$, resp.\\ $TrivRel$ generated by the elements $(\\ldots, f_{t'}, 0, \\ldots, 0, -f_t, 0, \\ldots)$ for $t, t' \\in T$, resp.\\ $T'$. Having made these choices we obtain a canonical commutative diagram $$ \\xymatrix{ L' : & Rel'/TrivRel' \\ar[r] & F' \\otimes_{P'} B' \\ar[r] & \\Omega_{P'/A'} \\otimes_{P'} B' \\\\ L : \\ar[u] & Rel/TrivRel \\ar[r] \\ar[u] & F \\otimes_P B \\ar[r] \\ar[u] & \\Omega_{P/A} \\otimes_P B \\ar[u] } $$ Moreover, tracing through the choices made in the proof of Lemma \\ref{lemma-compare-higher} the reader sees that one obtains a commutative diagram $$ \\xymatrix{ L_{B'/A'} \\ar[r] & L' \\\\ L_{B/A} \\ar[r] \\ar[u] & L \\ar[u] } $$ ",
        "label": "remark-functoriality-lichtenbaum-schlessinger",
        "tag": "09D7",
        "url": "https://stacks.math.columbia.edu/tag/09D7",
        "source_filename": "cotangent.tex"
    },
    {
        "theorem": "Lemma 92.14.1.",
        "body": "  Let $A = \\mathbf{Z}[x_1, \\ldots, x_n] \\to B = \\mathbf{Z}$ be the ring map which sends $x_i$ to $0$ for $i = 1, \\ldots, n$. Let $I = (x_1, \\ldots, x_n) \\subset A$. Then $L_{B/A}$ is quasi-isomorphic to $I/I^2[1]$. ",
        "label": "lemma-special-case",
        "tag": "08SI",
        "url": "https://stacks.math.columbia.edu/tag/08SI",
        "source_filename": "cotangent.tex"
    },
    {
        "theorem": "Lemma 92.14.2.",
        "body": "  Let $A \\to B$ be a surjective ring map whose kernel $I$ is generated by a Koszul-regular sequence (for example a regular sequence). Then $L_{B/A}$ is quasi-isomorphic to $I/I^2[1]$. ",
        "label": "lemma-mod-regular-sequence",
        "tag": "08SJ",
        "url": "https://stacks.math.columbia.edu/tag/08SJ",
        "source_filename": "cotangent.tex"
    },
    {
        "theorem": "Lemma 92.14.3.",
        "body": "  Let $A \\to B$ be a surjective ring map whose kernel $I$ is Koszul. Then $L_{B/A}$ is quasi-isomorphic to $I/I^2[1]$. ",
        "label": "lemma-mod-Koszul-regular-ideal",
        "tag": "08SK",
        "url": "https://stacks.math.columbia.edu/tag/08SK",
        "source_filename": "cotangent.tex"
    },
    {
        "theorem": "Proposition 92.14.4.",
        "body": "  Let $A \\to B$ be a local complete intersection map. Then $L_{B/A}$ is a perfect complex with tor amplitude in $[-1, 0]$. ",
        "label": "proposition-cotangent-complex-local-complete-intersection",
        "tag": "08SL",
        "url": "https://stacks.math.columbia.edu/tag/08SL",
        "source_filename": "cotangent.tex"
    },
    {
        "theorem": "Lemma 92.15.1.",
        "body": "  If $A$ and $B$ are Tor independent $R$-algebras, then the object $E$ in (\\ref{equation-tensor-product}) is zero. In this case we have $$ L_{A \\otimes_R B/R} = L_{A/R} \\otimes_A^\\mathbf{L} (A \\otimes_R B) \\oplus L_{B/R} \\otimes_B^\\mathbf{L} (A \\otimes_R B) $$ which is represented by the complex $L_{A/R} \\otimes_R B \\oplus L_{B/R} \\otimes_R A $ of $A \\otimes_R B$-modules. ",
        "label": "lemma-tensor-product-tor-independent",
        "tag": "09DA",
        "url": "https://stacks.math.columbia.edu/tag/09DA",
        "source_filename": "cotangent.tex"
    },
    {
        "theorem": "Lemma 92.15.2.",
        "body": "  Let $R$ be a ring and let $A$, $B$ be $R$-algebras. The object $E$ in (\\ref{equation-tensor-product}) satisfies $$ H^i(E) = \\left\\{ \\begin{matrix} 0 & \\text{if} & i \\geq -1 \\\\ \\text{Tor}_1^R(A, B) & \\text{if} & i = -2 \\end{matrix} \\right. $$ ",
        "label": "lemma-tensor-product",
        "tag": "09DB",
        "url": "https://stacks.math.columbia.edu/tag/09DB",
        "source_filename": "cotangent.tex"
    },
    {
        "theorem": "Lemma 92.16.1.",
        "body": "  In the situation above we have \\begin{enumerate} \\item There is a canonical element $\\xi \\in \\mathop{\\mathrm{Ext}}\\nolimits^2_B(L_{B/A}, N)$ whose vanishing is a sufficient and necessary condition for the existence of a solution to (\\ref{equation-to-solve}). \\item If there exists a solution, then the set of isomorphism classes of solutions is principal homogeneous under $\\mathop{\\mathrm{Ext}}\\nolimits^1_B(L_{B/A}, N)$. \\item Given a solution $B'$, the set of automorphisms of $B'$ fitting into (\\ref{equation-to-solve}) is canonically isomorphic to $\\mathop{\\mathrm{Ext}}\\nolimits^0_B(L_{B/A}, N)$. \\end{enumerate} ",
        "label": "lemma-find-obstruction",
        "tag": "08SP",
        "url": "https://stacks.math.columbia.edu/tag/08SP",
        "source_filename": "cotangent.tex"
    },
    {
        "theorem": "Definition 92.17.1.",
        "body": "  Let $A \\to B$ be a ring map. Let $M$ be a $B$-module. The map $M \\to L_{B/A} \\otimes_B^\\mathbf{L} M[1]$ in (\\ref{equation-atiyah}) is called the {\\it Atiyah class} of $M$. ",
        "label": "definition-atiyah-class",
        "tag": "09DE",
        "url": "https://stacks.math.columbia.edu/tag/09DE",
        "source_filename": "cotangent.tex"
    },
    {
        "theorem": "Definition 92.18.1.",
        "body": "  Let $\\mathcal{C}$ be a site. Let $\\mathcal{A} \\to \\mathcal{B}$ be a homomorphism of sheaves of rings on $\\mathcal{C}$. The {\\it standard resolution of $\\mathcal{B}$ over $\\mathcal{A}$} is the augmentation $\\epsilon : \\mathcal{P}_\\bullet \\to \\mathcal{B}$ with terms $$ \\mathcal{P}_0 = \\mathcal{A}[\\mathcal{B}],\\quad \\mathcal{P}_1 = \\mathcal{A}[\\mathcal{A}[\\mathcal{B}]],\\quad \\ldots $$ and maps as constructed above. ",
        "label": "definition-standard-resolution-sheaves-rings",
        "tag": "08SR",
        "url": "https://stacks.math.columbia.edu/tag/08SR",
        "source_filename": "cotangent.tex"
    },
    {
        "theorem": "Definition 92.18.2.",
        "body": "  Let $\\mathcal{C}$ be a site. Let $\\mathcal{A} \\to \\mathcal{B}$ be a homomorphism of sheaves of rings on $\\mathcal{C}$. The {\\it cotangent complex} $L_{\\mathcal{B}/\\mathcal{A}}$ is the complex of $\\mathcal{B}$-modules associated to the simplicial module $$ \\Omega_{\\mathcal{P}_\\bullet/\\mathcal{A}} \\otimes_{\\mathcal{P}_\\bullet, \\epsilon} \\mathcal{B} $$ where $\\epsilon : \\mathcal{P}_\\bullet \\to \\mathcal{B}$ is the standard resolution of $\\mathcal{B}$ over $\\mathcal{A}$. We usually think of $L_{\\mathcal{B}/\\mathcal{A}}$ as an object of $D(\\mathcal{B})$. ",
        "label": "definition-cotangent-complex-morphism-sheaves-rings",
        "tag": "08SS",
        "url": "https://stacks.math.columbia.edu/tag/08SS",
        "source_filename": "cotangent.tex"
    },
    {
        "theorem": "Lemma 92.18.3.",
        "body": "  Let $f : \\mathop{\\mathit{Sh}}\\nolimits(\\mathcal{D}) \\to \\mathop{\\mathit{Sh}}\\nolimits(\\mathcal{C})$ be a morphism of topoi. Let $\\mathcal{A} \\to \\mathcal{B}$ be a homomorphism of sheaves of rings on $\\mathcal{C}$. Then $f^{-1}L_{\\mathcal{B}/\\mathcal{A}} = L_{f^{-1}\\mathcal{B}/f^{-1}\\mathcal{A}}$. ",
        "label": "lemma-pullback-cotangent-morphism-topoi",
        "tag": "08SV",
        "url": "https://stacks.math.columbia.edu/tag/08SV",
        "source_filename": "cotangent.tex"
    },
    {
        "theorem": "Lemma 92.18.4.",
        "body": "  Let $\\mathcal{C}$ be a site. Let $\\mathcal{A} \\to \\mathcal{B}$ be a homomorphism of sheaves of rings on $\\mathcal{C}$. Then $H^i(L_{\\mathcal{B}/\\mathcal{A}})$ is the sheaf associated to the presheaf $U \\mapsto H^i(L_{\\mathcal{B}(U)/\\mathcal{A}(U)})$. ",
        "label": "lemma-compute-L-morphism-sheaves-rings",
        "tag": "08SW",
        "url": "https://stacks.math.columbia.edu/tag/08SW",
        "source_filename": "cotangent.tex"
    },
    {
        "theorem": "Remark 92.18.5.",
        "body": "  It is clear from the proof of Lemma \\ref{lemma-compute-L-morphism-sheaves-rings} that for any $U \\in \\mathop{\\mathrm{Ob}}\\nolimits(\\mathcal{C})$ there is a canonical map $L_{\\mathcal{B}(U)/\\mathcal{A}(U)} \\to L_{\\mathcal{B}/\\mathcal{A}}(U)$ of complexes of $\\mathcal{B}(U)$-modules. Moreover, these maps are compatible with restriction maps and the complex $L_{\\mathcal{B}/\\mathcal{A}}$ is the sheafification of the rule $U \\mapsto L_{\\mathcal{B}(U)/\\mathcal{A}(U)}$. ",
        "label": "remark-map-sections-over-U",
        "tag": "08SX",
        "url": "https://stacks.math.columbia.edu/tag/08SX",
        "source_filename": "cotangent.tex"
    },
    {
        "theorem": "Lemma 92.18.6.",
        "body": "  Let $\\mathcal{C}$ be a site. Let $\\mathcal{A} \\to \\mathcal{B}$ be a homomorphism of sheaves of rings on $\\mathcal{C}$. Then $H^0(L_{\\mathcal{B}/\\mathcal{A}}) = \\Omega_{\\mathcal{B}/\\mathcal{A}}$. ",
        "label": "lemma-H0-L-morphism-sheaves-rings",
        "tag": "08UR",
        "url": "https://stacks.math.columbia.edu/tag/08UR",
        "source_filename": "cotangent.tex"
    },
    {
        "theorem": "Lemma 92.18.7.",
        "body": "  Let $\\mathcal{C}$ be a site. Let $\\mathcal{A} \\to \\mathcal{B}$ and $\\mathcal{A} \\to \\mathcal{B}'$ be homomorphisms of sheaves of rings on $\\mathcal{C}$. Then $$ L_{\\mathcal{B} \\times \\mathcal{B}'/\\mathcal{A}} \\longrightarrow L_{\\mathcal{B}/\\mathcal{A}} \\oplus L_{\\mathcal{B}'/\\mathcal{A}} $$ is an isomorphism in $D(\\mathcal{B} \\times \\mathcal{B}')$. ",
        "label": "lemma-compute-L-product-sheaves-rings",
        "tag": "08SY",
        "url": "https://stacks.math.columbia.edu/tag/08SY",
        "source_filename": "cotangent.tex"
    },
    {
        "theorem": "Lemma 92.18.8.",
        "body": "  Let $\\mathcal{D}$ be a site. Let $\\mathcal{A} \\to \\mathcal{B} \\to \\mathcal{C}$ be homomorphisms of sheaves of rings on $\\mathcal{D}$. There is a canonical distinguished triangle $$ L_{\\mathcal{B}/\\mathcal{A}} \\otimes_\\mathcal{B}^\\mathbf{L} \\mathcal{C} \\to L_{\\mathcal{C}/\\mathcal{A}} \\to L_{\\mathcal{C}/\\mathcal{B}} \\to L_{\\mathcal{B}/\\mathcal{A}} \\otimes_\\mathcal{B}^\\mathbf{L} \\mathcal{C}[1] $$ in $D(\\mathcal{C})$. ",
        "label": "lemma-triangle-sheaves-rings",
        "tag": "08SZ",
        "url": "https://stacks.math.columbia.edu/tag/08SZ",
        "source_filename": "cotangent.tex"
    },
    {
        "theorem": "Lemma 92.18.9.",
        "body": "  Let $\\mathcal{C}$ be a site. Let $\\mathcal{A} \\to \\mathcal{B}$ be a homomorphism of sheaves of rings on $\\mathcal{C}$. If $p$ is a point of $\\mathcal{C}$, then $(L_{\\mathcal{B}/\\mathcal{A}})_p = L_{\\mathcal{B}_p/\\mathcal{A}_p}$. ",
        "label": "lemma-stalk-cotangent-complex",
        "tag": "08T0",
        "url": "https://stacks.math.columbia.edu/tag/08T0",
        "source_filename": "cotangent.tex"
    },
    {
        "theorem": "Lemma 92.18.10.",
        "body": "  Let $\\mathcal{C}$ be a site. Let $\\mathcal{A} \\to \\mathcal{B}$ be a homomorphism of sheaves of rings on $\\mathcal{C}$. There is a canonical map $L_{\\mathcal{B}/\\mathcal{A}} \\to \\mathop{N\\!L}\\nolimits_{\\mathcal{B}/\\mathcal{A}}$ which identifies the naive cotangent complex with the truncation $\\tau_{\\geq -1}L_{\\mathcal{B}/\\mathcal{A}}$. ",
        "label": "lemma-compare-cotangent-complex-with-naive",
        "tag": "08US",
        "url": "https://stacks.math.columbia.edu/tag/08US",
        "source_filename": "cotangent.tex"
    },
    {
        "theorem": "Definition 92.19.1.",
        "body": "  Let $\\mathcal{C}$ be a site. Let $\\mathcal{A} \\to \\mathcal{B}$ be a homomorphism of sheaves of rings. Let $\\mathcal{F}$ be a sheaf of $\\mathcal{B}$-modules. The map $\\mathcal{F} \\to L_{\\mathcal{B}/\\mathcal{A}} \\otimes_\\mathcal{B}^\\mathbf{L} \\mathcal{F}[1]$ in (\\ref{equation-atiyah-general}) is called the {\\it Atiyah class} of $\\mathcal{F}$. ",
        "label": "definition-atiyah-class-general",
        "tag": "09DI",
        "url": "https://stacks.math.columbia.edu/tag/09DI",
        "source_filename": "cotangent.tex"
    },
    {
        "theorem": "Definition 92.20.1.",
        "body": "  Let $f : (X, \\mathcal{O}_X) \\to (S, \\mathcal{O}_S)$ be a morphism of ringed spaces. The {\\it cotangent complex} $L_f$ of $f$ is $L_f = L_{\\mathcal{O}_X/f^{-1}\\mathcal{O}_S}$. We will also use the notation $L_f = L_{X/S} = L_{\\mathcal{O}_X/\\mathcal{O}_S}$. ",
        "label": "definition-cotangent-complex-morphism-ringed-spaces",
        "tag": "08UU",
        "url": "https://stacks.math.columbia.edu/tag/08UU",
        "source_filename": "cotangent.tex"
    },
    {
        "theorem": "Lemma 92.20.2.",
        "body": "  Let $f : (X, \\mathcal{O}_X) \\to (S, \\mathcal{O}_S)$ be a morphism of ringed spaces. Then $H^0(L_{X/S}) = \\Omega_{X/S}$. ",
        "label": "lemma-H0-L-morphism-ringed-spaces",
        "tag": "08UV",
        "url": "https://stacks.math.columbia.edu/tag/08UV",
        "source_filename": "cotangent.tex"
    },
    {
        "theorem": "Lemma 92.20.3.",
        "body": "  Let $f : X \\to Y$ and $g : Y \\to Z$ be morphisms of ringed spaces. Then there is a canonical distinguished triangle $$ Lf^* L_{Y/Z} \\to L_{X/Z} \\to L_{X/Y} \\to Lf^*L_{Y/Z}[1] $$ in $D(\\mathcal{O}_X)$. ",
        "label": "lemma-triangle-ringed-spaces",
        "tag": "08T4",
        "url": "https://stacks.math.columbia.edu/tag/08T4",
        "source_filename": "cotangent.tex"
    },
    {
        "theorem": "Lemma 92.20.4.",
        "body": "  Let $f : (X, \\mathcal{O}_X) \\to (Y, \\mathcal{O}_Y)$ be a morphism of ringed spaces. There is a canonical map $L_{X/Y} \\to \\mathop{N\\!L}\\nolimits_{X/Y}$ which identifies the naive cotangent complex with the truncation $\\tau_{\\geq -1}L_{X/Y}$. ",
        "label": "lemma-compare-cotangent-complex-with-naive-ringed-spaces",
        "tag": "08UW",
        "url": "https://stacks.math.columbia.edu/tag/08UW",
        "source_filename": "cotangent.tex"
    },
    {
        "theorem": "Lemma 92.21.1.",
        "body": "  In the situation above we have \\begin{enumerate} \\item There is a canonical element $\\xi \\in \\mathop{\\mathrm{Ext}}\\nolimits^2_{\\mathcal{O}_X}(L_{X/S}, \\mathcal{G})$ whose vanishing is a sufficient and necessary condition for the existence of a solution to (\\ref{equation-to-solve-ringed-spaces}). \\item If there exists a solution, then the set of isomorphism classes of solutions is principal homogeneous under $\\mathop{\\mathrm{Ext}}\\nolimits^1_{\\mathcal{O}_X}(L_{X/S}, \\mathcal{G})$. \\item Given a solution $X'$, the set of automorphisms of $X'$ fitting into (\\ref{equation-to-solve-ringed-spaces}) is canonically isomorphic to $\\mathop{\\mathrm{Ext}}\\nolimits^0_{\\mathcal{O}_X}(L_{X/S}, \\mathcal{G})$. \\end{enumerate} ",
        "label": "lemma-find-obstruction-ringed-spaces",
        "tag": "08UZ",
        "url": "https://stacks.math.columbia.edu/tag/08UZ",
        "source_filename": "cotangent.tex"
    },
    {
        "theorem": "Definition 92.22.1.",
        "body": "  Let $(f, f^\\sharp) : (\\mathop{\\mathit{Sh}}\\nolimits(\\mathcal{C}), \\mathcal{O}_\\mathcal{C}) \\to (\\mathop{\\mathit{Sh}}\\nolimits(\\mathcal{D}), \\mathcal{O}_\\mathcal{D})$ be a morphism of ringed topoi. The {\\it cotangent complex} $L_f$ of $f$ is $L_f = L_{\\mathcal{O}_\\mathcal{C}/f^{-1}\\mathcal{O}_\\mathcal{D}}$. We sometimes write $L_f = L_{\\mathcal{O}_\\mathcal{C}/\\mathcal{O}_\\mathcal{D}}$. ",
        "label": "definition-cotangent-complex-morphism-ringed-topoi",
        "tag": "08SU",
        "url": "https://stacks.math.columbia.edu/tag/08SU",
        "source_filename": "cotangent.tex"
    },
    {
        "theorem": "Lemma 92.22.2.",
        "body": "  Let $f : (\\mathop{\\mathit{Sh}}\\nolimits(\\mathcal{C}), \\mathcal{O}) \\to (\\mathop{\\mathit{Sh}}\\nolimits(\\mathcal{B}), \\mathcal{O}_\\mathcal{B})$ be a morphism of ringed topoi. Then $H^0(L_f) = \\Omega_f$. ",
        "label": "lemma-H0-L-morphism-ringed-topoi",
        "tag": "08V0",
        "url": "https://stacks.math.columbia.edu/tag/08V0",
        "source_filename": "cotangent.tex"
    },
    {
        "theorem": "Lemma 92.22.3.",
        "body": "  Let $f : (\\mathop{\\mathit{Sh}}\\nolimits(\\mathcal{C}_1), \\mathcal{O}_1) \\to (\\mathop{\\mathit{Sh}}\\nolimits(\\mathcal{C}_2), \\mathcal{O}_2)$ and $g : (\\mathop{\\mathit{Sh}}\\nolimits(\\mathcal{C}_2), \\mathcal{O}_2) \\to (\\mathop{\\mathit{Sh}}\\nolimits(\\mathcal{C}_3), \\mathcal{O}_3)$ be morphisms of ringed topoi. Then there is a canonical distinguished triangle $$ Lf^* L_g \\to L_{g \\circ f} \\to L_f \\to Lf^*L_g[1] $$ in $D(\\mathcal{O}_1)$. ",
        "label": "lemma-triangle-ringed-topoi",
        "tag": "08V1",
        "url": "https://stacks.math.columbia.edu/tag/08V1",
        "source_filename": "cotangent.tex"
    },
    {
        "theorem": "Lemma 92.22.4.",
        "body": "  Let $f : (\\mathop{\\mathit{Sh}}\\nolimits(\\mathcal{C}), \\mathcal{O}) \\to (\\mathop{\\mathit{Sh}}\\nolimits(\\mathcal{B}), \\mathcal{O}_\\mathcal{B})$ be a morphism of ringed topoi. There is a canonical map $L_f \\to \\mathop{N\\!L}\\nolimits_f$ which identifies the naive cotangent complex with the truncation $\\tau_{\\geq -1}L_f$. ",
        "label": "lemma-compare-cotangent-complex-with-naive-ringed-topoi",
        "tag": "08V2",
        "url": "https://stacks.math.columbia.edu/tag/08V2",
        "source_filename": "cotangent.tex"
    },
    {
        "theorem": "Lemma 92.23.1.",
        "body": "  In the situation above we have \\begin{enumerate} \\item There is a canonical element $\\xi \\in \\mathop{\\mathrm{Ext}}\\nolimits^2_\\mathcal{O}(L_f, \\mathcal{G})$ whose vanishing is a sufficient and necessary condition for the existence of a solution to (\\ref{equation-to-solve-ringed-topoi}). \\item If there exists a solution, then the set of isomorphism classes of solutions is principal homogeneous under $\\mathop{\\mathrm{Ext}}\\nolimits^1_\\mathcal{O}(L_f, \\mathcal{G})$. \\item Given a solution $X'$, the set of automorphisms of $X'$ fitting into (\\ref{equation-to-solve-ringed-topoi}) is canonically isomorphic to $\\mathop{\\mathrm{Ext}}\\nolimits^0_\\mathcal{O}(L_f, \\mathcal{G})$. \\end{enumerate} ",
        "label": "lemma-find-obstruction-ringed-topoi",
        "tag": "08V5",
        "url": "https://stacks.math.columbia.edu/tag/08V5",
        "source_filename": "cotangent.tex"
    },
    {
        "theorem": "Definition 92.24.1.",
        "body": "  Let $f : X \\to Y$ be a morphism of schemes. The {\\it cotangent complex $L_{X/Y}$ of $X$ over $Y$} is the cotangent complex of $f$ as a morphism of ringed spaces (Definition \\ref{definition-cotangent-complex-morphism-ringed-spaces}). ",
        "label": "definition-cotangent-morphism-schemes",
        "tag": "08T2",
        "url": "https://stacks.math.columbia.edu/tag/08T2",
        "source_filename": "cotangent.tex"
    },
    {
        "theorem": "Lemma 92.24.2.",
        "body": "  Let $f : X \\to Y$ be a morphism of schemes. Let $U = \\mathop{\\mathrm{Spec}}(B) \\subset X$ and $V = \\mathop{\\mathrm{Spec}}(A) \\subset Y$ be affine opens such that $f(U) \\subset V$. There is a canonical map $$ \\widetilde{L_{B/A}} \\longrightarrow L_{X/Y}|_U $$ of complexes which is an isomorphism in $D(\\mathcal{O}_U)$. This map is compatible with restricting to smaller affine opens of $X$ and $Y$. ",
        "label": "lemma-morphism-affine-schemes",
        "tag": "08T3",
        "url": "https://stacks.math.columbia.edu/tag/08T3",
        "source_filename": "cotangent.tex"
    },
    {
        "theorem": "Lemma 92.24.3.",
        "body": "  Let $\\Lambda$ be a ring. Let $X$ be a scheme over $\\Lambda$. Then $$ L_{X/\\mathop{\\mathrm{Spec}}(\\Lambda)} = L_{\\mathcal{O}_X/\\underline{\\Lambda}} $$ where $\\underline{\\Lambda}$ is the constant sheaf with value $\\Lambda$ on $X$. ",
        "label": "lemma-scheme-over-ring",
        "tag": "08V6",
        "url": "https://stacks.math.columbia.edu/tag/08V6",
        "source_filename": "cotangent.tex"
    },
    {
        "theorem": "Lemma 92.25.1.",
        "body": "  In the situation above the category $\\mathcal{C}_{X/\\Lambda}$ is fibred over $X_{Zar}$. ",
        "label": "lemma-category-fibred",
        "tag": "08V9",
        "url": "https://stacks.math.columbia.edu/tag/08V9",
        "source_filename": "cotangent.tex"
    },
    {
        "theorem": "Remark 92.25.2.",
        "body": "  In the situation above, for every $U \\subset X$ open let $P_{\\bullet, U}$ be the standard resolution of $\\mathcal{O}_X(U)$ over $\\Lambda$. Set $\\mathbf{A}_{n, U} = \\mathop{\\mathrm{Spec}}(P_{n, U})$. Then $\\mathbf{A}_{\\bullet, U}$ is a cosimplicial object of the fibre category $\\mathcal{C}_{\\mathcal{O}_X(U)/\\Lambda}$ of $\\mathcal{C}_{X/\\Lambda}$ over $U$. Moreover, as discussed in Remark \\ref{remark-resolution} we have that $\\mathbf{A}_{\\bullet, U}$ is a cosimplicial object of $\\mathcal{C}_{\\mathcal{O}_X(U)/\\Lambda}$ as in Cohomology on Sites, Lemma \\ref{sites-cohomology-lemma-compute-by-cosimplicial-resolution}. Since the construction $U \\mapsto \\mathbf{A}_{\\bullet, U}$ is functorial in $U$, given any (abelian) sheaf $\\mathcal{F}$ on $\\mathcal{C}_{X/\\Lambda}$ we obtain a complex of presheaves $$ U \\longmapsto \\mathcal{F}(\\mathbf{A}_{\\bullet, U}) $$ whose cohomology groups compute the homology of $\\mathcal{F}$ on the fibre category. We conclude by Cohomology on Sites, Lemma \\ref{sites-cohomology-lemma-compute-left-derived-pi-shriek} that the sheafification computes $L_n\\pi_!(\\mathcal{F})$. In other words, the complex of sheaves whose term in degree $-n$ is the sheafification of $U \\mapsto \\mathcal{F}(\\mathbf{A}_{n, U})$ computes $L\\pi_!(\\mathcal{F})$. ",
        "label": "remark-compute-L-pi-shriek",
        "tag": "08VB",
        "url": "https://stacks.math.columbia.edu/tag/08VB",
        "source_filename": "cotangent.tex"
    },
    {
        "theorem": "Lemma 92.25.3.",
        "body": "  In the situation above there is a canonical isomorphism $$ L_{X/\\Lambda} = L\\pi_!(Li^*\\Omega_{\\mathcal{O}/\\underline{\\Lambda}}) = L\\pi_!(i^*\\Omega_{\\mathcal{O}/\\underline{\\Lambda}}) = L\\pi_!(\\Omega_{\\mathcal{O}/\\underline{\\Lambda}} \\otimes_\\mathcal{O} \\underline{\\mathcal{O}}_X) $$ in $D(\\mathcal{O}_X)$. ",
        "label": "lemma-cotangent-morphism-schemes",
        "tag": "08T9",
        "url": "https://stacks.math.columbia.edu/tag/08T9",
        "source_filename": "cotangent.tex"
    },
    {
        "theorem": "Definition 92.26.1.",
        "body": "  Let $S$ be a scheme. Let $f : X \\to Y$ be a morphism of algebraic spaces over $S$. The {\\it cotangent complex $L_{X/Y}$ of $X$ over $Y$} is the cotangent complex of the morphism of ringed topoi $f_{small}$ between the small \\'etale sites of $X$ and $Y$ (see Properties of Spaces, Lemma \\ref{spaces-properties-lemma-morphism-ringed-topoi} and Definition \\ref{definition-cotangent-complex-morphism-ringed-topoi}). ",
        "label": "definition-cotangent-morphism-spaces",
        "tag": "08VD",
        "url": "https://stacks.math.columbia.edu/tag/08VD",
        "source_filename": "cotangent.tex"
    },
    {
        "theorem": "Lemma 92.26.2.",
        "body": "  Let $S$ be a scheme. Consider a commutative diagram $$ \\xymatrix{ U \\ar[d]_p \\ar[r]_g & V \\ar[d]^q \\\\ X \\ar[r]^f & Y } $$ of algebraic spaces over $S$ with $p$ and $q$ \\'etale. Then there is a canonical identification $L_{X/Y}|_{U_{\\acute{e}tale}} = L_{U/V}$ in $D(\\mathcal{O}_U)$. ",
        "label": "lemma-etale-localization",
        "tag": "08VE",
        "url": "https://stacks.math.columbia.edu/tag/08VE",
        "source_filename": "cotangent.tex"
    },
    {
        "theorem": "Lemma 92.26.3.",
        "body": "  Let $S$ be a scheme. Let $f : X \\to Y$ be a morphism of algebraic spaces over $S$. Assume $X$ and $Y$ representable by schemes $X_0$ and $Y_0$. Then there is a canonical identification $L_{X/Y} = \\epsilon^*L_{X_0/Y_0}$ in $D(\\mathcal{O}_X)$ where $\\epsilon$ is as in Derived Categories of Spaces, Section \\ref{spaces-perfect-section-derived-quasi-coherent-etale} and $L_{X_0/Y_0}$ is as in Definition \\ref{definition-cotangent-morphism-schemes}. ",
        "label": "lemma-compare-spaces-schemes",
        "tag": "08VF",
        "url": "https://stacks.math.columbia.edu/tag/08VF",
        "source_filename": "cotangent.tex"
    },
    {
        "theorem": "Lemma 92.26.4.",
        "body": "  Let $\\Lambda$ be a ring. Let $X$ be an algebraic space over $\\Lambda$. Then $$ L_{X/\\mathop{\\mathrm{Spec}}(\\Lambda)} = L_{\\mathcal{O}_X/\\underline{\\Lambda}} $$ where $\\underline{\\Lambda}$ is the constant sheaf with value $\\Lambda$ on $X_{\\acute{e}tale}$. ",
        "label": "lemma-space-over-ring",
        "tag": "08VG",
        "url": "https://stacks.math.columbia.edu/tag/08VG",
        "source_filename": "cotangent.tex"
    },
    {
        "theorem": "Lemma 92.27.1.",
        "body": "  In the situation above the category $\\mathcal{C}_{X/\\Lambda}$ is fibred over $X_{\\acute{e}tale}$. ",
        "label": "lemma-category-fibred-space",
        "tag": "08VJ",
        "url": "https://stacks.math.columbia.edu/tag/08VJ",
        "source_filename": "cotangent.tex"
    },
    {
        "theorem": "Remark 92.27.2.",
        "body": "  In the situation above, for every object $U \\to X$ of $X_{\\acute{e}tale}$ let $P_{\\bullet, U}$ be the standard resolution of $\\mathcal{O}_X(U)$ over $\\Lambda$. Set $\\mathbf{A}_{n, U} = \\mathop{\\mathrm{Spec}}(P_{n, U})$. Then $\\mathbf{A}_{\\bullet, U}$ is a cosimplicial object of the fibre category $\\mathcal{C}_{\\mathcal{O}_X(U)/\\Lambda}$ of $\\mathcal{C}_{X/\\Lambda}$ over $U$. Moreover, as discussed in Remark \\ref{remark-resolution} we have that $\\mathbf{A}_{\\bullet, U}$ is a cosimplicial object of $\\mathcal{C}_{\\mathcal{O}_X(U)/\\Lambda}$ as in Cohomology on Sites, Lemma \\ref{sites-cohomology-lemma-compute-by-cosimplicial-resolution}. Since the construction $U \\mapsto \\mathbf{A}_{\\bullet, U}$ is functorial in $U$, given any (abelian) sheaf $\\mathcal{F}$ on $\\mathcal{C}_{X/\\Lambda}$ we obtain a complex of presheaves $$ U \\longmapsto \\mathcal{F}(\\mathbf{A}_{\\bullet, U}) $$ whose cohomology groups compute the homology of $\\mathcal{F}$ on the fibre category. We conclude by Cohomology on Sites, Lemma \\ref{sites-cohomology-lemma-compute-left-derived-pi-shriek} that the sheafification computes $L_n\\pi_!(\\mathcal{F})$. In other words, the complex of sheaves whose term in degree $-n$ is the sheafification of $U \\mapsto \\mathcal{F}(\\mathbf{A}_{n, U})$ computes $L\\pi_!(\\mathcal{F})$. ",
        "label": "remark-compute-L-pi-shriek-spaces",
        "tag": "08VL",
        "url": "https://stacks.math.columbia.edu/tag/08VL",
        "source_filename": "cotangent.tex"
    },
    {
        "theorem": "Lemma 92.27.3.",
        "body": "  In the situation above there is a canonical isomorphism $$ L_{X/\\Lambda} = L\\pi_!(Li^*\\Omega_{\\mathcal{O}/\\underline{\\Lambda}}) = L\\pi_!(i^*\\Omega_{\\mathcal{O}/\\underline{\\Lambda}}) = L\\pi_!(\\Omega_{\\mathcal{O}/\\underline{\\Lambda}} \\otimes_\\mathcal{O} \\underline{\\mathcal{O}}_X) $$ in $D(\\mathcal{O}_X)$. ",
        "label": "lemma-cotangent-morphism-spaces",
        "tag": "08VM",
        "url": "https://stacks.math.columbia.edu/tag/08VM",
        "source_filename": "cotangent.tex"
    },
    {
        "theorem": "Lemma 92.28.1.",
        "body": "  In the situation above, if $X$ and $Y$ are Tor independent over $B$, then the object $E$ in (\\ref{equation-fibre-product}) is zero. In this case we have $$ L_{X \\times_B Y/B} = Lp^*L_{X/B} \\oplus Lq^*L_{Y/B} $$ ",
        "label": "lemma-fibre-product-tor-independent",
        "tag": "09DL",
        "url": "https://stacks.math.columbia.edu/tag/09DL",
        "source_filename": "cotangent.tex"
    },
    {
        "theorem": "Lemma 92.28.2.",
        "body": "  Let $S$ be a scheme. Let $X \\to B$ and $Y \\to B$ be morphisms of algebraic spaces over $S$. The object $E$ in (\\ref{equation-fibre-product}) satisfies $H^i(E) = 0$ for $i = 0, -1$ and for a geometric point $(\\overline{x}, \\overline{y}) : \\mathop{\\mathrm{Spec}}(k) \\to X \\times_B Y$ we have $$ H^{-2}(E)_{(\\overline{x}, \\overline{y})} = \\text{Tor}_1^R(A, B) \\otimes_{A \\otimes_R B} C $$ where $R = \\mathcal{O}_{B, \\overline{b}}$, $A = \\mathcal{O}_{X, \\overline{x}}$, $B = \\mathcal{O}_{Y, \\overline{y}}$, and $C = \\mathcal{O}_{X \\times_B Y, (\\overline{x}, \\overline{y})}$. ",
        "label": "lemma-fibre-product",
        "tag": "09DM",
        "url": "https://stacks.math.columbia.edu/tag/09DM",
        "source_filename": "cotangent.tex"
    }
]