[
    {
        "theorem": "Lemma 50.2.1.",
        "body": "  Let $$ \\xymatrix{ X' \\ar[r]_f \\ar[d] & X \\ar[d] \\\\ S' \\ar[r] & S } $$ be a cartesian diagram of schemes. Then the maps discussed above induce isomorphisms $f^*\\Omega^p_{X/S} \\to \\Omega^p_{X'/S'}$. ",
        "label": "lemma-base-change-de-rham",
        "tag": "0FL5",
        "url": "https://stacks.math.columbia.edu/tag/0FL5",
        "source_filename": "derham.tex"
    },
    {
        "theorem": "Lemma 50.2.2.",
        "body": "  Consider a commutative diagram of schemes $$ \\xymatrix{ X' \\ar[r]_f \\ar[d] & X \\ar[d] \\\\ S' \\ar[r] & S } $$ If $X' \\to X$ and $S' \\to S$ are \\'etale, then the maps discussed above induce isomorphisms $f^*\\Omega^p_{X/S} \\to \\Omega^p_{X'/S'}$. ",
        "label": "lemma-etale",
        "tag": "0FLV",
        "url": "https://stacks.math.columbia.edu/tag/0FLV",
        "source_filename": "derham.tex"
    },
    {
        "theorem": "Lemma 50.3.1.",
        "body": "  Let $X \\to S$ be a morphism of affine schemes given by the ring map $R \\to A$. Then $R\\Gamma(X, \\Omega^\\bullet_{X/S}) = \\Omega^\\bullet_{A/R}$ in $D(R)$ and $H^i_{dR}(X/S) = H^i(\\Omega^\\bullet_{A/R})$. ",
        "label": "lemma-de-rham-affine",
        "tag": "0FLW",
        "url": "https://stacks.math.columbia.edu/tag/0FLW",
        "source_filename": "derham.tex"
    },
    {
        "theorem": "Lemma 50.3.2.",
        "body": "  Let $p : X \\to S$ be a morphism of schemes. If $p$ is quasi-compact and quasi-separated, then $Rp_*\\Omega^\\bullet_{X/S}$ is an object of $D_\\mathit{QCoh}(\\mathcal{O}_S)$. ",
        "label": "lemma-quasi-coherence-relative",
        "tag": "0FLX",
        "url": "https://stacks.math.columbia.edu/tag/0FLX",
        "source_filename": "derham.tex"
    },
    {
        "theorem": "Lemma 50.3.3.",
        "body": "  Let $p : X \\to S$ be a proper morphism of schemes with $S$ locally Noetherian. Then $Rp_*\\Omega^\\bullet_{X/S}$ is an object of $D_{\\textit{Coh}}(\\mathcal{O}_S)$. ",
        "label": "lemma-coherence-relative",
        "tag": "0FLY",
        "url": "https://stacks.math.columbia.edu/tag/0FLY",
        "source_filename": "derham.tex"
    },
    {
        "theorem": "Lemma 50.3.4.",
        "body": "  Let $A$ be a Noetherian ring. Let $X$ be a proper scheme over $S = \\mathop{\\mathrm{Spec}}(A)$. Then $H^i_{dR}(X/S)$ is a finite $A$-module for all $i$. ",
        "label": "lemma-finite-de-Rham",
        "tag": "0FLZ",
        "url": "https://stacks.math.columbia.edu/tag/0FLZ",
        "source_filename": "derham.tex"
    },
    {
        "theorem": "Lemma 50.3.5.",
        "body": "  Let $f : X \\to S$ be a proper smooth morphism of schemes. Then $Rf_*\\Omega^p_{X/S}$, $p \\geq 0$ and $Rf_*\\Omega^\\bullet_{X/S}$ are perfect objects of $D(\\mathcal{O}_S)$ whose formation commutes with arbitrary change of base. ",
        "label": "lemma-proper-smooth-de-Rham",
        "tag": "0FM0",
        "url": "https://stacks.math.columbia.edu/tag/0FM0",
        "source_filename": "derham.tex"
    },
    {
        "theorem": "Lemma 50.4.1.",
        "body": "  Let $p : X \\to S$ be a morphism of schemes. The cup product on $H^*_{dR}(X/S)$ is associative and graded commutative. ",
        "label": "lemma-cup-product-graded-commutative",
        "tag": "0FM3",
        "url": "https://stacks.math.columbia.edu/tag/0FM3",
        "source_filename": "derham.tex"
    },
    {
        "theorem": "Remark 50.4.2.",
        "body": "  Let $p : X \\to S$ be a morphism of schemes. Then we can think of $\\Omega^\\bullet_{X/S}$ as a sheaf of differential graded $p^{-1}\\mathcal{O}_S$-algebras, see Differential Graded Sheaves, Definition \\ref{sdga-definition-dga}. In particular, the discussion in Differential Graded Sheaves, Section \\ref{sdga-section-misc} applies. For example, this means that for any commutative diagram $$ \\xymatrix{ X \\ar[d]_p \\ar[r]_f & Y \\ar[d]^q \\\\ S \\ar[r]^h & T } $$ of schemes there is a canonical relative cup product $$ \\mu : Rf_*\\Omega^\\bullet_{X/S} \\otimes_{q^{-1}\\mathcal{O}_T}^\\mathbf{L} Rf_*\\Omega^\\bullet_{X/S} \\longrightarrow Rf_*\\Omega^\\bullet_{X/S} $$ in $D(Y, q^{-1}\\mathcal{O}_T)$ which is associative and which on cohomology reproduces the cup product discussed above. ",
        "label": "remark-relative-cup-product",
        "tag": "0FU6",
        "url": "https://stacks.math.columbia.edu/tag/0FU6",
        "source_filename": "derham.tex"
    },
    {
        "theorem": "Remark 50.4.3.",
        "body": "  Let $f : X \\to S$ be a morphism of schemes. Let $\\xi \\in H_{dR}^n(X/S)$. According to the discussion Differential Graded Sheaves, Section \\ref{sdga-section-misc} there exists a canonical morphism $$ \\xi' : \\Omega^\\bullet_{X/S} \\to \\Omega^\\bullet_{X/S}[n] $$ in $D(f^{-1}\\mathcal{O}_S)$ uniquely characterized by (1) and (2) of the following list of properties: \\begin{enumerate} \\item $\\xi'$ can be lifted to a map in the derived category of right differential graded $\\Omega^\\bullet_{X/S}$-modules, and \\item $\\xi'(1) = \\xi$ in $H^0(X, \\Omega^\\bullet_{X/S}[n]) = H^n_{dR}(X/S)$, \\item the map $\\xi'$ sends $\\eta \\in H^m_{dR}(X/S)$ to $\\xi \\cup \\eta$ in $H^{n + m}_{dR}(X/S)$, \\item the construction of $\\xi'$ commutes with restrictions to opens: for $U \\subset X$ open the restriction $\\xi'|_U$ is the map corresponding to the image $\\xi|_U \\in H^n_{dR}(U/S)$, \\item for any diagram as in Remark \\ref{remark-relative-cup-product} we obtain a commutative diagram $$ \\xymatrix{ Rf_*\\Omega^\\bullet_{X/S} \\otimes_{q^{-1}\\mathcal{O}_T}^\\mathbf{L} Rf_*\\Omega^\\bullet_{X/S} \\ar[d]_{\\xi' \\otimes \\text{id}} \\ar[r]_-\\mu & Rf_*\\Omega^\\bullet_{X/S} \\ar[d]^{\\xi'} \\\\ Rf_*\\Omega^\\bullet_{X/S}[n] \\otimes_{q^{-1}\\mathcal{O}_T}^\\mathbf{L} Rf_*\\Omega^\\bullet_{X/S} \\ar[r]^-\\mu & Rf_*\\Omega^\\bullet_{X/S}[n] } $$ in $D(Y, q^{-1}\\mathcal{O}_T)$. \\end{enumerate} ",
        "label": "remark-cup-product-as-a-map",
        "tag": "0FU7",
        "url": "https://stacks.math.columbia.edu/tag/0FU7",
        "source_filename": "derham.tex"
    },
    {
        "theorem": "Lemma 50.5.1.",
        "body": "  Let $p : X \\to S$ be a morphism of schemes. The cup product on $H^*_{Hodge}(X/S)$ is associative and graded commutative. ",
        "label": "lemma-cup-product-hodge-graded-commutative",
        "tag": "0FM5",
        "url": "https://stacks.math.columbia.edu/tag/0FM5",
        "source_filename": "derham.tex"
    },
    {
        "theorem": "Definition 50.7.1.",
        "body": "  Let $X \\to S$ be a morphism of schemes. The {\\it Hodge filtration} on $H^n_{dR}(X/S)$ is the filtration with terms $$ F^pH^n_{dR}(X/S) = \\mathop{\\mathrm{Im}}\\left(H^n(X, \\sigma_{\\geq p}\\Omega^\\bullet_{X/S}) \\longrightarrow H^n_{dR}(X/S)\\right) $$ where $\\sigma_{\\geq p}\\Omega^\\bullet_{X/S}$ is as in Homology, Section \\ref{homology-section-truncations}. ",
        "label": "definition-hodge-filtration",
        "tag": "0FM8",
        "url": "https://stacks.math.columbia.edu/tag/0FM8",
        "source_filename": "derham.tex"
    },
    {
        "theorem": "Lemma 50.8.1.",
        "body": "  In the situation above there is a canonical isomorphism $$ \\text{Tot}(\\Omega^\\bullet_{X/S} \\boxtimes \\Omega^\\bullet_{Y/S}) \\longrightarrow \\Omega^\\bullet_{X \\times_S Y/S} $$ of complexes of $f^{-1}\\mathcal{O}_S$-modules. ",
        "label": "lemma-de-rham-complex-product",
        "tag": "0FMA",
        "url": "https://stacks.math.columbia.edu/tag/0FMA",
        "source_filename": "derham.tex"
    },
    {
        "theorem": "Lemma 50.8.2.",
        "body": "  Assume $X$ and $Y$ are smooth, quasi-compact, with affine diagonal over $S = \\mathop{\\mathrm{Spec}}(A)$. Then the map $$ R\\Gamma(X, \\Omega^\\bullet_{X/S}) \\otimes_A^\\mathbf{L} R\\Gamma(Y, \\Omega^\\bullet_{Y/S}) \\longrightarrow R\\Gamma(X \\times_S Y, \\Omega^\\bullet_{X \\times_S Y/S}) $$ is an isomorphism in $D(A)$. ",
        "label": "lemma-kunneth-de-rham",
        "tag": "0FMB",
        "url": "https://stacks.math.columbia.edu/tag/0FMB",
        "source_filename": "derham.tex"
    },
    {
        "theorem": "Lemma 50.8.3.",
        "body": "  Assume $X \\to S$ and $Y \\to S$ are smooth and quasi-compact and the morphisms $X \\to X \\times_S X$ and $Y \\to Y \\times_S Y$ are affine. Then the relative cup product $$ Ra_*\\Omega^\\bullet_{X/S} \\otimes_{\\mathcal{O}_S}^\\mathbf{L} Rb_*\\Omega^\\bullet_{Y/S} \\longrightarrow Rf_*\\Omega^\\bullet_{X \\times_S Y/S} $$ is an isomorphism in $D(\\mathcal{O}_S)$. ",
        "label": "lemma-kunneth-de-rham-relative",
        "tag": "0FMC",
        "url": "https://stacks.math.columbia.edu/tag/0FMC",
        "source_filename": "derham.tex"
    },
    {
        "theorem": "Lemma 50.9.1.",
        "body": "  Given a commutative diagram $$ \\xymatrix{ X' \\ar[r]_f \\ar[d] & X \\ar[d] \\\\ S' \\ar[r] & S } $$ of schemes the diagrams $$ \\xymatrix{ \\mathop{\\mathrm{Pic}}\\nolimits(X') \\ar[d]_{c_1^{dR}} & \\mathop{\\mathrm{Pic}}\\nolimits(X) \\ar[d]^{c_1^{dR}} \\ar[l]^{f^*} \\\\ H^2_{dR}(X'/S') & H^2_{dR}(X/S) \\ar[l]_{f^*} } \\quad \\xymatrix{ \\mathop{\\mathrm{Pic}}\\nolimits(X') \\ar[d]_{c_1^{Hodge}} & \\mathop{\\mathrm{Pic}}\\nolimits(X) \\ar[d]^{c_1^{Hodge}} \\ar[l]^{f^*} \\\\ H^1(X', \\Omega^1_{X'/S'}) & H^1(X, \\Omega^1_{X/S}) \\ar[l]_{f^*} } $$ commute. ",
        "label": "lemma-pullback-c1",
        "tag": "0FMD",
        "url": "https://stacks.math.columbia.edu/tag/0FMD",
        "source_filename": "derham.tex"
    },
    {
        "theorem": "Remark 50.9.2.",
        "body": "  Here is a reformulation of the calculations above in more abstract terms. Let $p : X \\to S$ be a morphism of schemes. Let $\\mathcal{L}$ be an invertible $\\mathcal{O}_X$-module. If we view $\\text{d}\\log$ as a map $$ \\mathcal{O}_X^*[-1] \\to \\sigma_{\\geq 1}\\Omega^\\bullet_{X/S} $$ then using $\\mathop{\\mathrm{Pic}}\\nolimits(X) = H^1(X, \\mathcal{O}_X^*)$ as above we find a cohomology class $$ \\gamma_1(\\mathcal{L}) \\in H^2(X, \\sigma_{\\geq 1}\\Omega^\\bullet_{X/S}) $$ The image of $\\gamma_1(\\mathcal{L})$ under the map $\\sigma_{\\geq 1}\\Omega^\\bullet_{X/S} \\to \\Omega^\\bullet_{X/S}$ recovers $c_1^{dR}(\\mathcal{L})$. In particular we see that $c_1^{dR}(\\mathcal{L}) \\in F^1H^2_{dR}(X/S)$, see Section \\ref{section-hodge-filtration}. The image of $\\gamma_1(\\mathcal{L})$ under the map $\\sigma_{\\geq 1}\\Omega^\\bullet_{X/S} \\to \\Omega^1_{X/S}[-1]$ recovers $c_1^{Hodge}(\\mathcal{L})$. Taking the cup product (see Section \\ref{section-hodge-filtration}) we obtain $$ \\xi = \\gamma_1(\\mathcal{L}_1) \\cup \\ldots \\cup \\gamma_1(\\mathcal{L}_a) \\in H^{2a}(X, \\sigma_{\\geq a}\\Omega^\\bullet_{X/S}) $$ The commutative diagrams in Section \\ref{section-hodge-filtration} show that $\\xi$ is mapped to $c_1^{dR}(\\mathcal{L}_1) \\cup \\ldots \\cup c_1^{dR}(\\mathcal{L}_a)$ in $H^{2a}_{dR}(X/S)$ by the map $\\sigma_{\\geq a}\\Omega^\\bullet_{X/S} \\to \\Omega^\\bullet_{X/S}$. Also, it follows $c_1^{dR}(\\mathcal{L}_1) \\cup \\ldots \\cup c_1^{dR}(\\mathcal{L}_a)$ is contained in $F^a H^{2a}_{dR}(X/S)$. Similarly, the map $\\sigma_{\\geq a}\\Omega^\\bullet_{X/S} \\to \\Omega^a_{X/S}[-a]$ sends $\\xi$ to $c_1^{Hodge}(\\mathcal{L}_1) \\cup \\ldots \\cup c_1^{Hodge}(\\mathcal{L}_a)$ in $H^a(X, \\Omega^a_{X/S})$. ",
        "label": "remark-truncations",
        "tag": "0FME",
        "url": "https://stacks.math.columbia.edu/tag/0FME",
        "source_filename": "derham.tex"
    },
    {
        "theorem": "Remark 50.9.3.",
        "body": "  Let $p : X \\to S$ be a morphism of schemes. For $i > 0$ denote $\\Omega^i_{X/S, log} \\subset \\Omega^i_{X/S}$ the abelian subsheaf generated by local sections of the form $$ \\text{d}\\log(u_1) \\wedge \\ldots \\wedge \\text{d}\\log(u_i) $$ where $u_1, \\ldots, u_n$ are invertible local sections of $\\mathcal{O}_X$. For $i = 0$ the subsheaf $\\Omega^0_{X/S, log} \\subset \\mathcal{O}_X$ is the image of $\\mathbf{Z} \\to \\mathcal{O}_X$. For every $i \\geq 0$ we have a map of complexes $$ \\Omega^i_{X/S, log}[-i] \\longrightarrow \\Omega^\\bullet_{X/S} $$ because the derivative of a logarithmic form is zero. Moreover, wedging logarithmic forms gives another, hence we find bilinear maps $$ \\wedge :  \\Omega^i_{X/S, log} \\times \\Omega^j_{X/S, log} \\longrightarrow \\Omega^{i + j}_{X/S, log} $$ compatible with (\\ref{equation-wedge}) and the maps above. Let $\\mathcal{L}$ be an invertible $\\mathcal{O}_X$-module. Using the map of abelian sheaves $\\text{d}\\log : \\mathcal{O}_X^* \\to \\Omega^1_{X/S, log}$ and the identification $\\mathop{\\mathrm{Pic}}\\nolimits(X) = H^1(X, \\mathcal{O}_X^*)$ we find a canonical cohomology class $$ \\tilde \\gamma_1(\\mathcal{L}) \\in H^1(X, \\Omega^1_{X/S, log}) $$ These classes have the following properties \\begin{enumerate} \\item the image of $\\tilde \\gamma_1(\\mathcal{L})$ under the canonical map $\\Omega^1_{X/S, log}[-1] \\to \\sigma_{\\geq 1}\\Omega^\\bullet_{X/S}$ sends $\\tilde \\gamma_1(\\mathcal{L})$ to the class $\\gamma_1(\\mathcal{L}) \\in H^2(X, \\sigma_{\\geq 1}\\Omega^\\bullet_{X/S})$ of Remark \\ref{remark-truncations}, \\item the image of $\\tilde \\gamma_1(\\mathcal{L})$ under the canonical map $\\Omega^1_{X/S, log}[-1] \\to \\Omega^\\bullet_{X/S}$ sends $\\tilde \\gamma_1(\\mathcal{L})$ to $c_1^{dR}(\\mathcal{L})$ in $H^2_{dR}(X/S)$, \\item the image of $\\tilde \\gamma_1(\\mathcal{L})$ under the canonical map $\\Omega^1_{X/S, log} \\to \\Omega^1_{X/S}$ sends $\\tilde \\gamma_1(\\mathcal{L})$ to $c_1^{Hodge}(\\mathcal{L})$ in $H^1(X, \\Omega^1_{X/S})$, \\item the construction of these classes is compatible with pullbacks, \\item add more here. \\end{enumerate} ",
        "label": "remark-log-forms",
        "tag": "0FMF",
        "url": "https://stacks.math.columbia.edu/tag/0FMF",
        "source_filename": "derham.tex"
    },
    {
        "theorem": "Remark 50.10.1.",
        "body": "[de Rham complex of a graded ring]  Let $G$ be an abelian monoid written additively with neutral element $0$. Let $R \\to A$ be a ring map and assume $A$ comes with a grading $A = \\bigoplus_{g \\in G} A_g$ by $R$-modules such that $R$ maps into $A_0$ and $A_g \\cdot A_{g'} \\subset A_{g + g'}$. Then the module of differentials comes with a grading $$ \\Omega_{A/R} = \\bigoplus\\nolimits_{g \\in G} \\Omega_{A/R, g} $$ where $\\Omega_{A/R, g}$ is the $R$-submodule of $\\Omega_{A/R}$ generated by $a_0 \\text{d}a_1$ with $a_i \\in A_{g_i}$ such that $g = g_0 + g_1$. Similarly, we obtain $$ \\Omega^p_{A/R} = \\bigoplus\\nolimits_{g \\in G} \\Omega^p_{A/R, g} $$ where $\\Omega^p_{A/R, g}$ is the $R$-submodule of $\\Omega^p_{A/R}$ generated by $a_0 \\text{d}a_1 \\wedge \\ldots \\wedge \\text{d}a_p$ with $a_i \\in A_{g_i}$ such that $g = g_0 + g_1 + \\ldots + g_p$. Of course the differentials preserve the grading and the wedge product is compatible with the gradings in the obvious manner. ",
        "label": "remark-de-rham-complex-graded",
        "tag": "0FU9",
        "url": "https://stacks.math.columbia.edu/tag/0FU9",
        "source_filename": "derham.tex"
    },
    {
        "theorem": "Lemma 50.10.2.",
        "body": "  With notation as above, there is a short exact sequence of complexes $$ 0 \\to \\Omega^\\bullet_{X/S} \\to \\Omega^\\bullet_{L^\\star/S, 0} \\to \\Omega^\\bullet_{X/S}[-1] \\to 0 $$ ",
        "label": "lemma-the-complex-for-L-star",
        "tag": "0FUF",
        "url": "https://stacks.math.columbia.edu/tag/0FUF",
        "source_filename": "derham.tex"
    },
    {
        "theorem": "Lemma 50.10.3.",
        "body": "  The ``boundary'' map $\\delta : \\Omega^\\bullet_{X/S} \\to \\Omega^\\bullet_{X/S}[2]$ in $D(X, f^{-1}\\mathcal{O}_S)$ coming from the short exact sequence in Lemma \\ref{lemma-the-complex-for-L-star} is the map of Remark \\ref{remark-cup-product-as-a-map} for $\\xi = c_1^{dR}(\\mathcal{L})$. ",
        "label": "lemma-the-complex-for-L-star-gives-chern-class",
        "tag": "0FUG",
        "url": "https://stacks.math.columbia.edu/tag/0FUG",
        "source_filename": "derham.tex"
    },
    {
        "theorem": "Lemma 50.10.4.",
        "body": "  With notation as above we have \\begin{enumerate} \\item $\\Omega^p_{L^\\star/S, n} = \\Omega^p_{L^\\star/S, 0} \\otimes_{\\mathcal{O}_X} \\mathcal{L}^{\\otimes n}$ for all $n \\in \\mathbf{Z}$ as quasi-coherent $\\mathcal{O}_X$-modules, \\item $\\Omega^\\bullet_{X/S} = \\Omega^\\bullet_{L/X, 0}$ as complexes, and \\item for $n > 0$ and $p \\geq 0$ we have $\\Omega^p_{L/X, n} = \\Omega^p_{L^\\star/S, n}$. \\end{enumerate} ",
        "label": "lemma-push-omega-a",
        "tag": "0FUH",
        "url": "https://stacks.math.columbia.edu/tag/0FUH",
        "source_filename": "derham.tex"
    },
    {
        "theorem": "Lemma 50.10.5.",
        "body": "  In the situation above, assume there is a morphism $S \\to \\mathop{\\mathrm{Spec}}(\\mathbf{Q})$. Then $\\Omega^\\bullet_{X/S} \\to \\pi_*\\Omega^\\bullet_{L/S}$ is a quasi-isomorphism and $H_{dR}^*(X/S) = H_{dR}^*(L/S)$. ",
        "label": "lemma-line-bundle-characteristic-zero",
        "tag": "0FUI",
        "url": "https://stacks.math.columbia.edu/tag/0FUI",
        "source_filename": "derham.tex"
    },
    {
        "theorem": "Example 50.10.6.",
        "body": "  Lemma \\ref{lemma-line-bundle-characteristic-zero} is false in positive characteristic. The de Rham complex of $\\mathbf{A}^1_k = \\mathop{\\mathrm{Spec}}(k[x])$ over a field $k$ looks like a direct sum $$ k \\oplus \\bigoplus\\nolimits_{n \\geq 1} (k \\cdot t^n \\xrightarrow{n} k \\cdot t^{n - 1} \\text{d}t) $$ Hence if the characteristic of $k$ is $p > 0$, then we see that both $H^0_{dR}(\\mathbf{A}^1_k/k)$ and $H^1_{dR}(\\mathbf{A}^1_k/k)$ are infinite dimensional over $k$. ",
        "label": "example-affine-line",
        "tag": "0FUJ",
        "url": "https://stacks.math.columbia.edu/tag/0FUJ",
        "source_filename": "derham.tex"
    },
    {
        "theorem": "Lemma 50.11.1.",
        "body": "  There exists a short exact sequence $$ 0 \\to \\Omega \\to \\mathcal{O}(-1)^{\\oplus n + 1} \\to \\mathcal{O} \\to 0 $$ ",
        "label": "lemma-euler-sequence",
        "tag": "0FMH",
        "url": "https://stacks.math.columbia.edu/tag/0FMH",
        "source_filename": "derham.tex"
    },
    {
        "theorem": "Lemma 50.11.2.",
        "body": "  In the situation above we have the following cohomology groups \\begin{enumerate} \\item $H^q(\\mathbf{P}^n_A, \\Omega^p) = 0$ unless $0 \\leq p = q \\leq n$, \\item for $0 \\leq p \\leq n$ the $A$-module $H^p(\\mathbf{P}^n_A, \\Omega^p)$ free of rank $1$. \\item for $q > 0$, $k > 0$, and $p$ arbitrary we have $H^q(\\mathbf{P}^n_A, \\Omega^p(k)) = 0$, and \\item add more here. \\end{enumerate} ",
        "label": "lemma-twisted-hodge-cohomology-projective-space",
        "tag": "0FUK",
        "url": "https://stacks.math.columbia.edu/tag/0FUK",
        "source_filename": "derham.tex"
    },
    {
        "theorem": "Lemma 50.11.3.",
        "body": "  We have $H^q(\\mathbf{P}^n_A, \\Omega^p) = 0$ unless $0 \\leq p = q \\leq n$. For $0 \\leq p \\leq n$ the $A$-module $H^p(\\mathbf{P}^n_A, \\Omega^p)$ free of rank $1$ with basis element $c_1^{Hodge}(\\mathcal{O}(1))^p$. ",
        "label": "lemma-hodge-cohomology-projective-space",
        "tag": "0FMI",
        "url": "https://stacks.math.columbia.edu/tag/0FMI",
        "source_filename": "derham.tex"
    },
    {
        "theorem": "Lemma 50.11.4.",
        "body": "  For $0 \\leq i \\leq n$ the de Rham cohomology $H^{2i}_{dR}(\\mathbf{P}^n_A/A)$ is a free $A$-module of rank $1$ with basis element $c_1^{dR}(\\mathcal{O}(1))^i$. In all other degrees the de Rham cohomology of $\\mathbf{P}^n_A$ over $A$ is zero. ",
        "label": "lemma-de-rham-cohomology-projective-space",
        "tag": "0FMJ",
        "url": "https://stacks.math.columbia.edu/tag/0FMJ",
        "source_filename": "derham.tex"
    },
    {
        "theorem": "Lemma 50.12.1.",
        "body": "  Let $f : X \\to Y$ be a quasi-compact, quasi-separated, and smooth morphism of schemes over a base scheme $S$. There is a bounded spectral sequence with first page $$ E_1^{p, q} = H^q(\\Omega^p_{Y/S} \\otimes_{\\mathcal{O}_Y}^\\mathbf{L} Rf_*\\Omega^\\bullet_{X/Y}) $$ converging to $R^{p + q}f_*\\Omega^\\bullet_{X/S}$. ",
        "label": "lemma-spectral-sequence-smooth",
        "tag": "0FMM",
        "url": "https://stacks.math.columbia.edu/tag/0FMM",
        "source_filename": "derham.tex"
    },
    {
        "theorem": "Remark 50.12.2.",
        "body": "  In Lemma \\ref{lemma-spectral-sequence-smooth} consider the cohomology sheaves $$ \\mathcal{H}^q_{dR}(X/Y) = H^q(Rf_*\\Omega^\\bullet_{X/Y}) $$ If $f$ is proper in addition to being smooth and $S$ is a scheme over $\\mathbf{Q}$ then $\\mathcal{H}^q_{dR}(X/Y)$ is finite locally free (insert future reference here). If we only assume $\\mathcal{H}^q_{dR}(X/Y)$ are flat $\\mathcal{O}_Y$-modules, then we obtain (tiny argument omitted) $$ E_1^{p, q} = \\Omega^p_{Y/S} \\otimes_{\\mathcal{O}_Y} \\mathcal{H}^q_{dR}(X/Y) $$ and the differentials in the spectral sequence are maps $$ d_1^{p, q} : \\Omega^p_{Y/S} \\otimes_{\\mathcal{O}_Y} \\mathcal{H}^q_{dR}(X/Y) \\longrightarrow \\Omega^{p + 1}_{Y/S} \\otimes_{\\mathcal{O}_Y} \\mathcal{H}^q_{dR}(X/Y) $$ In particular, for $p = 0$ we obtain a map $d_1^{0, q} : \\mathcal{H}^q_{dR}(X/Y) \\to \\Omega^1_{Y/S} \\otimes_{\\mathcal{O}_Y} \\mathcal{H}^q_{dR}(X/Y)$ which turns out to be an integrable connection $\\nabla$ (insert future reference here) and the complex $$ \\mathcal{H}^q_{dR}(X/Y) \\to \\Omega^1_{Y/S} \\otimes_{\\mathcal{O}_Y} \\mathcal{H}^q_{dR}(X/Y) \\to \\Omega^2_{Y/S} \\otimes_{\\mathcal{O}_Y} \\mathcal{H}^q_{dR}(X/Y) \\to \\ldots $$ with differentials given by $d_1^{\\bullet, q}$ is the de Rham complex of $\\nabla$. The connection $\\nabla$ is known as the {\\it Gauss-Manin connection}. ",
        "label": "remark-gauss-manin",
        "tag": "0FMN",
        "url": "https://stacks.math.columbia.edu/tag/0FMN",
        "source_filename": "derham.tex"
    },
    {
        "theorem": "Lemma 50.13.1.",
        "body": "  Let $f : X \\to Y$ be a smooth proper morphism of schemes. Let $N$ and $n_1, \\ldots, n_N \\geq 0$ be integers and let $\\xi_i \\in H^{n_i}_{dR}(X/Y)$, $1 \\leq i \\leq N$. Assume for all points $y \\in Y$ the images of $\\xi_1, \\ldots, \\xi_N$ in $H^*_{dR}(X_y/y)$ form a basis over $\\kappa(y)$. Then the map $$ \\bigoplus\\nolimits_{i = 1}^N \\mathcal{O}_Y[-n_i] \\longrightarrow Rf_*\\Omega^\\bullet_{X/Y} $$ associated to $\\xi_1, \\ldots, \\xi_N$ is an isomorphism. ",
        "label": "lemma-relative-global-generation-on-fibres",
        "tag": "0FMP",
        "url": "https://stacks.math.columbia.edu/tag/0FMP",
        "source_filename": "derham.tex"
    },
    {
        "theorem": "Lemma 50.13.2.",
        "body": "  Let $f : X \\to Y$ be a smooth proper morphism of schemes over a base $S$. Assume \\begin{enumerate} \\item $Y$ and $S$ are affine, and \\item there exist integers $N$ and $n_1, \\ldots, n_N \\geq 0$ and $\\xi_i \\in H^{n_i}_{dR}(X/S)$, $1 \\leq i \\leq N$ such that for all points $y \\in Y$ the images of $\\xi_1, \\ldots, \\xi_N$ in $H^*_{dR}(X_y/y)$ form a basis over $\\kappa(y)$. \\end{enumerate} Then the map $$ \\bigoplus\\nolimits_{i = 1}^N H^*_{dR}(Y/S) \\longrightarrow H^*_{dR}(X/S), \\quad (a_1, \\ldots, a_N) \\longmapsto  \\sum \\xi_i \\cup f^*a_i $$ is an isomorphism. ",
        "label": "lemma-global-generation-on-fibres",
        "tag": "0FUM",
        "url": "https://stacks.math.columbia.edu/tag/0FUM",
        "source_filename": "derham.tex"
    },
    {
        "theorem": "Proposition 50.13.3.",
        "body": "  Let $f : X \\to Y$ be a smooth proper morphism of schemes over a base $S$. Let $N$ and $n_1, \\ldots, n_N \\geq 0$ be integers and let $\\xi_i \\in H^{n_i}_{dR}(X/S)$, $1 \\leq i \\leq N$. Assume for all points $y \\in Y$ the images of $\\xi_1, \\ldots, \\xi_N$ in $H^*_{dR}(X_y/y)$ form a basis over $\\kappa(y)$. The map $$ \\tilde \\xi = \\bigoplus \\tilde \\xi_i[-n_i] : \\bigoplus \\Omega^\\bullet_{Y/S}[-n_i] \\longrightarrow Rf_*\\Omega^\\bullet_{X/S} $$ (see proof) is an isomorphism in $D(Y, (Y \\to S)^{-1}\\mathcal{O}_S)$ and correspondingly the map $$ \\bigoplus\\nolimits_{i = 1}^N H^*_{dR}(Y/S) \\longrightarrow H^*_{dR}(X/S), \\quad (a_1, \\ldots, a_N) \\longmapsto  \\sum \\xi_i \\cup f^*a_i $$ is an isomorphism. ",
        "label": "proposition-global-generation-on-fibres",
        "tag": "0FMR",
        "url": "https://stacks.math.columbia.edu/tag/0FMR",
        "source_filename": "derham.tex"
    },
    {
        "theorem": "Proposition 50.14.1.",
        "body": "  Let $X \\to S$ be a morphism of schemes. Let $\\mathcal{E}$ be a locally free $\\mathcal{O}_X$-module of constant rank $r$. Consider the morphism $p : P = \\mathbf{P}(\\mathcal{E}) \\to X$. Then the map $$ \\bigoplus\\nolimits_{i = 0, \\ldots, r - 1} H^*_{dR}(X/S) \\longrightarrow H^*_{dR}(P/S) $$ given by the rule $$ (a_0, \\ldots, a_{r - 1}) \\longmapsto \\sum\\nolimits_{i = 0, \\ldots, r - 1} c_1^{dR}(\\mathcal{O}_P(1))^i \\cup p^*(a_i) $$ is an isomorphism. ",
        "label": "proposition-projective-space-bundle-formula",
        "tag": "0FMT",
        "url": "https://stacks.math.columbia.edu/tag/0FMT",
        "source_filename": "derham.tex"
    },
    {
        "theorem": "Remark 50.14.2.",
        "body": "  In the situation of Proposition \\ref{proposition-projective-space-bundle-formula} we get moreover that the map $$ \\tilde \\xi : \\bigoplus\\nolimits_{t = 0, \\ldots, r - 1} \\Omega^\\bullet_{X/S}[-2t] \\longrightarrow Rp_*\\Omega^\\bullet_{P/S} $$ is an isomorphism in $D(X, (X \\to S)^{-1}\\mathcal{O}_X)$ as follows immediately from the application of Proposition \\ref{proposition-global-generation-on-fibres}. Note that the arrow for $t = 0$ is simply the canonical map $c_{P/X} : \\Omega^\\bullet_{X/S} \\to Rp_*\\Omega^\\bullet_{P/S}$ of Section \\ref{section-de-rham-complex}. In fact, we can pin down this map further in this particular case. Namely, consider the canonical map $$ \\xi' : \\Omega^\\bullet_{P/S} \\to \\Omega^\\bullet_{P/S}[2] $$ of Remark \\ref{remark-cup-product-as-a-map} corresponding to $c_1^{dR}(\\mathcal{O}_P(1))$. Then $$ \\xi'[2(t - 1)] \\circ \\ldots \\circ \\xi'[2] \\circ \\xi' : \\Omega^\\bullet_{P/S} \\to \\Omega^\\bullet_{P/S}[2t] $$ is the map of Remark \\ref{remark-cup-product-as-a-map} corresponding to $c_1^{dR}(\\mathcal{O}_P(1))^t$. Tracing through the choices made in the proof of Proposition \\ref{proposition-global-generation-on-fibres} we find the value $$ \\tilde \\xi|_{\\Omega^\\bullet_{X/S}[-2t]} = Rp_*\\xi'[-2] \\circ \\ldots \\circ Rp_*\\xi'[-2(t - 1)] \\circ Rp_*\\xi'[-2t] \\circ c_{P/X}[-2t] $$ for the restriction of our isomorphism to the summand $\\Omega^\\bullet_{X/S}[-2t]$. This has the following simple consequence we will use below: let $$ M = \\bigoplus\\nolimits_{t = 1, \\ldots, r - 1} \\Omega^\\bullet_{X/S}[-2t] \\quad\\text{and}\\quad K = \\bigoplus\\nolimits_{t = 0, \\ldots, r - 2} \\Omega^\\bullet_{X/S}[-2t] $$ viewed as subcomplexes of the source of the arrow $\\tilde \\xi$. It follows formally from the discussion above that $$ c_{P/X} \\oplus \\tilde \\xi|_M : \\Omega^\\bullet_{X/S} \\oplus M \\longrightarrow Rp_*\\Omega^\\bullet_{P/S} $$ is an isomorphism and that the diagram $$ \\xymatrix{ K \\ar[d]_{\\tilde \\xi|_K} \\ar[r]_{\\text{id}} & M[2] \\ar[d]^{(\\tilde \\xi|_M)[2]} \\\\ Rp_*\\Omega^\\bullet_{P/S} \\ar[r]^{Rp_*\\xi'} & Rp_*\\Omega^\\bullet_{P/S}[2] } $$ commutes where $\\text{id} : K \\to M[2]$ identifies the summand corresponding to $t$ in the deomposition of $K$ to the summand corresponding to $t + 1$ in the decomposition of $M$. ",
        "label": "remark-projective-space-bundle-formula",
        "tag": "0FUN",
        "url": "https://stacks.math.columbia.edu/tag/0FUN",
        "source_filename": "derham.tex"
    },
    {
        "theorem": "Definition 50.15.1.",
        "body": "  Let $X \\to S$ be a morphism of schemes. Let $Y \\subset X$ be an effective Cartier divisor. We say the {\\it de Rham complex of log poles is defined for $Y \\subset X$ over $S$} if for all $y \\in Y$ and local equation $f \\in \\mathcal{O}_{X, y}$ of $Y$ we have \\begin{enumerate} \\item $\\mathcal{O}_{X, y} \\to \\Omega_{X/S, y}$, $g \\mapsto g \\text{d}f$ is a split injection, and \\item $\\Omega^p_{X/S, y}$ is $f$-torsion free for all $p$. \\end{enumerate} ",
        "label": "definition-local-product",
        "tag": "0FMV",
        "url": "https://stacks.math.columbia.edu/tag/0FMV",
        "source_filename": "derham.tex"
    },
    {
        "theorem": "Lemma 50.15.2.",
        "body": "  Let $X \\to S$ be a morphism of schemes. Let $Y \\subset X$ be an effective Cartier divisor. Assume the de Rham complex of log poles is defined for $Y \\subset X$ over $S$. There is a canonical short exact sequence of complexes $$ 0 \\to \\Omega^\\bullet_{X/S} \\to \\Omega^\\bullet_{X/S}(\\log Y) \\to \\Omega^\\bullet_{Y/S}[-1] \\to 0 $$ ",
        "label": "lemma-log-complex",
        "tag": "0FMW",
        "url": "https://stacks.math.columbia.edu/tag/0FMW",
        "source_filename": "derham.tex"
    },
    {
        "theorem": "Definition 50.15.3.",
        "body": "  Let $X \\to S$ be a morphism of schemes. Let $Y \\subset X$ be an effective Cartier divisor. Assume the de Rham complex of log poles is defined for $Y \\subset X$ over $S$. Then the complex $$ \\Omega^\\bullet_{X/S}(\\log Y) $$ constructed in Lemma \\ref{lemma-log-complex} is the {\\it de Rham complex of log poles for $Y \\subset X$ over $S$}. ",
        "label": "definition-log-complex",
        "tag": "0FUA",
        "url": "https://stacks.math.columbia.edu/tag/0FUA",
        "source_filename": "derham.tex"
    },
    {
        "theorem": "Lemma 50.15.4.",
        "body": "  Let $p : X \\to S$ be a morphism of schemes. Let $Y \\subset X$ be an effective Cartier divisor. Assume the de Rham complex of log poles is defined for $Y \\subset X$ over $S$. \\begin{enumerate} \\item The maps $\\wedge : \\Omega^p_{X/S} \\times \\Omega^q_{X/S} \\to \\Omega^{p + q}_{X/S}$ extend uniquely to $\\mathcal{O}_X$-bilinear maps $$ \\wedge : \\Omega^p_{X/S}(\\log Y) \\times \\Omega^q_{X/S}(\\log Y) \\to \\Omega^{p + q}_{X/S}(\\log Y) $$ satisfying the Leibniz rule $ \\text{d}(\\omega \\wedge \\eta) = \\text{d}(\\omega) \\wedge \\eta + (-1)^{\\deg(\\omega)} \\omega \\wedge \\text{d}(\\eta)$, \\item with multiplication as in (1) the map $\\Omega^\\bullet_{X/S} \\to \\Omega^\\bullet_{X/S}(\\log(Y)$ is a homomorphism of differential graded $\\mathcal{O}_S$-algebras, \\item via the maps in (1) we have $\\Omega^p_{X/S}(\\log Y) = \\wedge^p(\\Omega^1_{X/S}(\\log Y))$, and \\item the map $\\text{Res} : \\Omega^\\bullet_{X/S}(\\log Y) \\to \\Omega^\\bullet_{Y/S}[-1]$ satisfies $$ \\text{Res}(\\omega \\wedge \\eta) = \\text{Res}(\\omega) \\wedge \\eta|_Y $$ for $\\omega$ a local section of $\\Omega^p_{X/S}(\\log Y)$ and $\\eta$ a local section of $\\Omega^q_{X/S}$. \\end{enumerate} ",
        "label": "lemma-multiplication-log",
        "tag": "0FUP",
        "url": "https://stacks.math.columbia.edu/tag/0FUP",
        "source_filename": "derham.tex"
    },
    {
        "theorem": "Lemma 50.15.5.",
        "body": "  Let $f : X \\to S$ be a morphism of schemes. Let $Y \\subset X$ be an effective Cartier divisor. Assume the de Rham complex of log poles is defined for $Y \\subset X$ over $S$. Denote $$ \\delta : \\Omega^\\bullet_{Y/S} \\to \\Omega^\\bullet_{X/S}[2] $$ in $D(X, f^{-1}\\mathcal{O}_S)$ the ``boundary'' map coming from the short exact sequence in Lemma \\ref{lemma-log-complex}. Denote $$ \\xi' : \\Omega^\\bullet_{X/S} \\to \\Omega^\\bullet_{X/S}[2] $$ in $D(X, f^{-1}\\mathcal{O}_S)$ the map of Remark \\ref{remark-cup-product-as-a-map} corresponding to $\\xi = c_1^{dR}(\\mathcal{O}_X(-Y))$. Denote $$ \\zeta' : \\Omega^\\bullet_{Y/S} \\to \\Omega^\\bullet_{Y/S}[2] $$ in $D(Y, f|_Y^{-1}\\mathcal{O}_S)$ the map of Remark \\ref{remark-cup-product-as-a-map} corresponding to $\\zeta = c_1^{dR}(\\mathcal{O}_X(-Y)|_Y)$. Then the diagram $$ \\xymatrix{ \\Omega^\\bullet_{X/S} \\ar[d]_{\\xi'} \\ar[r] & \\Omega^\\bullet_{Y/S} \\ar[d]^{\\zeta'} \\ar[ld]_\\delta \\\\ \\Omega^\\bullet_{X/S}[2] \\ar[r] & \\Omega^\\bullet_{Y/S}[2] } $$ is commutative in $D(X, f^{-1}\\mathcal{O}_S)$. ",
        "label": "lemma-gysin-via-log-complex",
        "tag": "0FUQ",
        "url": "https://stacks.math.columbia.edu/tag/0FUQ",
        "source_filename": "derham.tex"
    },
    {
        "theorem": "Lemma 50.15.6.",
        "body": "  Let $X \\to S$ be a morphism of schemes. Let $Y \\subset X$ be an effective Cartier divisor. Assume the de Rham complex of log poles is defined for $Y \\subset X$ over $S$. Let $b \\in H^m_{dR}(X/S)$ be a de Rham cohomology class whose restriction to $Y$ is zero. Then $c_1^{dR}(\\mathcal{O}_X(Y)) \\cup b = 0$ in $H^{m + 2}_{dR}(X/S)$. ",
        "label": "lemma-log-complex-consequence",
        "tag": "0FMX",
        "url": "https://stacks.math.columbia.edu/tag/0FMX",
        "source_filename": "derham.tex"
    },
    {
        "theorem": "Lemma 50.15.7.",
        "body": "  Let $X \\to T \\to S$ be morphisms of schemes. Let $Y \\subset X$ be an effective Cartier divisor. If both $X \\to T$ and $Y \\to T$ are smooth, then the de Rham complex of log poles is defined for $Y \\subset X$ over $S$. ",
        "label": "lemma-check-log-smooth",
        "tag": "0FMY",
        "url": "https://stacks.math.columbia.edu/tag/0FMY",
        "source_filename": "derham.tex"
    },
    {
        "theorem": "Remark 50.15.8.",
        "body": "  Let $S$ be a locally Noetherian scheme. Let $X$ be locally of finite type over $S$. Let $Y \\subset X$ be an effective Cartier divisor. If the map $$ \\mathcal{O}_{X, y}^\\wedge \\longrightarrow \\mathcal{O}_{Y, y}^\\wedge $$ has a section for all $y \\in Y$, then the de Rham complex of log poles is defined for $Y \\subset X$ over $S$. If we ever need this result we will formulate a precise statement and add a proof here. ",
        "label": "remark-check-log-completion-1",
        "tag": "0FMZ",
        "url": "https://stacks.math.columbia.edu/tag/0FMZ",
        "source_filename": "derham.tex"
    },
    {
        "theorem": "Remark 50.15.9.",
        "body": "  Let $S$ be a locally Noetherian scheme. Let $X$ be locally of finite type over $S$. Let $Y \\subset X$ be an effective Cartier divisor. If for every $y \\in Y$ we can find a diagram of schemes over $S$ $$ X \\xleftarrow{\\varphi} U \\xrightarrow{\\psi} V $$ with $\\varphi$ \\'etale and $\\psi|_{\\varphi^{-1}(Y)} : \\varphi^{-1}(Y) \\to V$ \\'etale, then the de Rham complex of log poles is defined for $Y \\subset X$ over $S$. A special case is when the pair $(X, Y)$ \\'etale locally looks like $(V \\times \\mathbf{A}^1, V \\times \\{0\\})$. If we ever need this result we will formulate a precise statement and add a proof here. ",
        "label": "remark-check-log-completion-2",
        "tag": "0FN0",
        "url": "https://stacks.math.columbia.edu/tag/0FN0",
        "source_filename": "derham.tex"
    },
    {
        "theorem": "Lemma 50.16.1.",
        "body": "  For $a \\geq 0$ we have \\begin{enumerate} \\item the map $\\Omega^a_{X/S} \\to b_*\\Omega^a_{L/S}$ is an isomorphism, \\item the map $\\Omega^a_{Z/S} \\to p_*\\Omega^a_{P/S}$ is an isomorphism, and \\item the map $Rb_*\\Omega^a_{L/S} \\to i_*Rp_*\\Omega^a_{P/S}$ is an isomorphism on cohomology sheaves in degree $\\geq 1$. \\end{enumerate} ",
        "label": "lemma-comparison",
        "tag": "0FUR",
        "url": "https://stacks.math.columbia.edu/tag/0FUR",
        "source_filename": "derham.tex"
    },
    {
        "theorem": "Lemma 50.16.2.",
        "body": "  For $a \\geq 0$ there are canonical maps $$ b^*\\Omega^a_{X/S} \\longrightarrow \\Omega^a_{L/S} \\longrightarrow b^*\\Omega^a_{X/S} \\otimes_{\\mathcal{O}_L} \\mathcal{O}_L((n - 1)E) $$ whose composition is induced by the inclusion $\\mathcal{O}_L \\subset \\mathcal{O}_L((n - 1)E)$. ",
        "label": "lemma-comparison-bis",
        "tag": "0G5G",
        "url": "https://stacks.math.columbia.edu/tag/0G5G",
        "source_filename": "derham.tex"
    },
    {
        "theorem": "Lemma 50.16.3.",
        "body": "  Let $E = 0(P)$ be the exceptional divisor of the blowing up $b$. For any locally free $\\mathcal{O}_X$-module $\\mathcal{E}$ and $0 \\leq i \\leq n - 1$ the map $$ \\mathcal{E} \\longrightarrow Rb_*(b^*\\mathcal{E} \\otimes_{\\mathcal{O}_L} \\mathcal{O}_L(iE)) $$ is an isomorphism in $D(\\mathcal{O}_X)$. ",
        "label": "lemma-blowup-twist-same-cohomology",
        "tag": "0G5H",
        "url": "https://stacks.math.columbia.edu/tag/0G5H",
        "source_filename": "derham.tex"
    },
    {
        "theorem": "Lemma 50.17.1.",
        "body": "  With notation as in More on Morphisms, Lemma \\ref{more-morphisms-lemma-blowup} for $a \\geq 0$ we have \\begin{enumerate} \\item the map $\\Omega^a_{X/S} \\to b_*\\Omega^a_{X'/S}$ is an isomorphism, \\item the map $\\Omega^a_{Z/S} \\to p_*\\Omega^a_{E/S}$ is an isomorphism, \\item the map $Rb_*\\Omega^a_{X'/S} \\to i_*Rp_*\\Omega^a_{E/S}$ is an isomorphism on cohomology sheaves in degree $\\geq 1$. \\end{enumerate} ",
        "label": "lemma-comparison-general",
        "tag": "0FUU",
        "url": "https://stacks.math.columbia.edu/tag/0FUU",
        "source_filename": "derham.tex"
    },
    {
        "theorem": "Lemma 50.17.2.",
        "body": "  With notation as in More on Morphisms, Lemma \\ref{more-morphisms-lemma-blowup} and denoting $f : X \\to S$ the structure morphism there is a canonical distinguished triangle $$ \\Omega^\\bullet_{X/S} \\to Rb_*(\\Omega^\\bullet_{X'/S}) \\oplus i_*\\Omega^\\bullet_{Z/S} \\to i_*Rp_*(\\Omega^\\bullet_{E/S}) \\to \\Omega^\\bullet_{X/S}[1] $$ in $D(X, f^{-1}\\mathcal{O}_S)$ where the four maps $$ \\begin{matrix} \\Omega^\\bullet_{X/S} & \\to & Rb_*(\\Omega^\\bullet_{X'/S}), \\\\ \\Omega^\\bullet_{X/S} & \\to & i_*\\Omega^\\bullet_{Z/S}, \\\\ Rb_*(\\Omega^\\bullet_{X'/S}) & \\to & i_*Rp_*(\\Omega^\\bullet_{E/S}), \\\\ i_*\\Omega^\\bullet_{Z/S} & \\to & i_*Rp_*(\\Omega^\\bullet_{E/S}) \\end{matrix} $$ are the canonical ones (Section \\ref{section-de-rham-complex}), except with sign reversed for one of them. ",
        "label": "lemma-distinguished-triangle-blowup",
        "tag": "0FUV",
        "url": "https://stacks.math.columbia.edu/tag/0FUV",
        "source_filename": "derham.tex"
    },
    {
        "theorem": "Proposition 50.17.3.",
        "body": "  With notation as in More on Morphisms, Lemma \\ref{more-morphisms-lemma-blowup} the map $\\Omega^\\bullet_{X/S} \\to Rb_*\\Omega^\\bullet_{X'/S}$ has a splitting in $D(X, (X \\to S)^{-1}\\mathcal{O}_S)$. ",
        "label": "proposition-blowup-split",
        "tag": "0FUW",
        "url": "https://stacks.math.columbia.edu/tag/0FUW",
        "source_filename": "derham.tex"
    },
    {
        "theorem": "Lemma 50.17.4.",
        "body": "  Let $i : Z \\to X$ be a closed immersion of schemes which is regular of codimension $c$. Then $\\mathop{\\mathrm{Ext}}\\nolimits^q_{\\mathcal{O}_X}(i_*\\mathcal{F}, \\mathcal{E}) = 0$ for $q < c$ for $\\mathcal{E}$ locally free on $X$ and $\\mathcal{F}$ any $\\mathcal{O}_Z$-module. ",
        "label": "lemma-ext-zero",
        "tag": "0G5I",
        "url": "https://stacks.math.columbia.edu/tag/0G5I",
        "source_filename": "derham.tex"
    },
    {
        "theorem": "Lemma 50.17.5.",
        "body": "  With notation as in More on Morphisms, Lemma \\ref{more-morphisms-lemma-blowup} for $a \\geq 0$ there is a unique arrow $Rb_*\\Omega^a_{X'/S} \\to \\Omega^a_{X/S}$ in $D(\\mathcal{O}_X)$ whose composition with $\\Omega^a_{X/S} \\to Rb_*\\Omega^a_{X'/S}$ is the identity on $\\Omega^a_{X/S}$. ",
        "label": "lemma-splitting-on-omega-a",
        "tag": "0G5J",
        "url": "https://stacks.math.columbia.edu/tag/0G5J",
        "source_filename": "derham.tex"
    },
    {
        "theorem": "Lemma 50.18.1.",
        "body": "  Let $R$ be a ring and consider a commutative diagram $$ \\xymatrix{ 0 \\ar[r] & K^0 \\ar[r] & L^0 \\ar[r] & M^0 \\ar[r] & 0 \\\\ & & L^{-1} \\ar[u]_\\partial \\ar@{=}[r] & M^{-1} \\ar[u] } $$ of $R$-modules with exact top row and $M^0$ and $M^{-1}$ finite free of the same rank. For $p \\geq 0$ there are canonical maps $$ c^p : \\wedge^p(H^0(L^\\bullet)) \\longrightarrow \\wedge^p(K^0) \\otimes_R \\det(M^\\bullet) $$ with the following properties: \\begin{enumerate} \\item $c^0(1) = \\delta(M^\\bullet)$, and \\item $c^{q + p}(\\omega \\wedge \\eta) = \\omega \\wedge c^p(\\eta)$ for $\\omega \\in \\wedge^q(K^0)$ and $\\eta \\in \\wedge^p(H^0(L^\\bullet))$. \\end{enumerate} In particular, the composition of $c^p$ with the map $\\wedge^p(K^0) \\to \\wedge^p(H^0(L^\\bullet))$ is multiplication with $\\delta(M^\\bullet)$. ",
        "label": "lemma-funny-map",
        "tag": "0FL8",
        "url": "https://stacks.math.columbia.edu/tag/0FL8",
        "source_filename": "derham.tex"
    },
    {
        "theorem": "Lemma 50.18.2.",
        "body": "  Let $R_1 \\to R_2$ be a ring homomorphism. For $i = 1, 2$ consider commutative diagrams $$ \\xymatrix{ 0 \\ar[r] & K_i^0 \\ar[r] & L_i^0 \\ar[r] & M_i^0 \\ar[r] & 0 \\\\ & & L_i^{-1} \\ar[u]_{\\partial_i} \\ar@{=}[r] & M_i^{-1} \\ar[u] } $$ of $R_i$-modules as in Lemma \\ref{lemma-funny-map}. Assume we have maps $K_1^0 \\to K_2^0$, $L_1^j \\to L_2^j$, $M_1^j \\to M_2^j$ compatible with the given ring map $R_1 \\to R_2$ and compatible with the maps in the displayed diagrams. If the maps $M_1^j \\otimes_{R_1} R_2 \\to M_2^j$ are isomorphisms, then the diagrams $$ \\xymatrix{ \\wedge^p(H^0(L_1^\\bullet)) \\ar[d] \\ar[r]_-{c^p} & \\wedge^p(K_1^0) \\otimes_{R_1} \\det(M_1^\\bullet) \\ar[d] \\\\ \\wedge^p(H^0(L_2^\\bullet)) \\ar[r]^-{c^p} & \\wedge^p(K_2^0) \\otimes_{R_2} \\det(M_2^\\bullet) } $$ commute. ",
        "label": "lemma-funny-map-functorial",
        "tag": "0H9F",
        "url": "https://stacks.math.columbia.edu/tag/0H9F",
        "source_filename": "derham.tex"
    },
    {
        "theorem": "Remark 50.18.3.",
        "body": "  Let $A$ be a ring. Let $P = A[x_1, \\ldots, x_n]$. Let $f_1, \\ldots, f_n \\in P$ and set $B = P/(f_1, \\ldots, f_n)$. Assume $A \\to B$ is quasi-finite. Then $B$ is a relative global complete intersection over $A$ (Algebra, Definition \\ref{algebra-definition-relative-global-complete-intersection}) and $(f_1, \\ldots, f_n)/(f_1, \\ldots, f_n)^2$ is free with generators the classes $\\overline{f}_i$ by Algebra, Lemma \\ref{algebra-lemma-relative-global-complete-intersection-conormal}. Consider the following diagram $$ \\xymatrix{ \\Omega_{A/\\mathbf{Z}} \\otimes_A B \\ar[r] & \\Omega_{P/\\mathbf{Z}} \\otimes_P B \\ar[r] & \\Omega_{P/A} \\otimes_P B \\\\ & (f_1, \\ldots, f_n)/(f_1, \\ldots, f_n)^2 \\ar[u] \\ar@{=}[r] & (f_1, \\ldots, f_n)/(f_1, \\ldots, f_n)^2 \\ar[u] } $$ The right column represents $\\mathop{N\\!L}\\nolimits_{B/A}$ in $D(B)$ hence has cohomology $\\Omega_{B/A}$ in degree $0$. The top row is the split short exact sequence $0 \\to \\Omega_{A/\\mathbf{Z}} \\otimes_A B \\to \\Omega_{P/\\mathbf{Z}} \\otimes_P B \\to \\Omega_{P/A} \\otimes_P B \\to 0$. The middle column has cohomology $\\Omega_{B/\\mathbf{Z}}$ in degree $0$ by Algebra, Lemma \\ref{algebra-lemma-differential-seq}. Thus by Lemma \\ref{lemma-funny-map} we obtain canonical $B$-module maps $$ \\Omega^p_{B/\\mathbf{Z}} \\longrightarrow \\Omega^p_{A/\\mathbf{Z}} \\otimes_A \\det(\\mathop{N\\!L}\\nolimits_{B/A}) $$ for $p \\geq 0$ satisfying properties (1) and (2) and in particular satisfy the property that the composition with $\\Omega^p_{A/\\mathbf{Z}} \\to \\Omega^p_{B/\\mathbf{Z}}$ is multiplication by $\\delta(\\mathop{N\\!L}\\nolimits_{B/A})$. ",
        "label": "remark-local-description",
        "tag": "0FL9",
        "url": "https://stacks.math.columbia.edu/tag/0FL9",
        "source_filename": "derham.tex"
    },
    {
        "theorem": "Lemma 50.18.4.",
        "body": "  Consider a commutative diagram $$ \\xymatrix{ Y' \\ar[d]_{f'} \\ar[r]_b & Y \\ar[d]^f \\\\ X' \\ar[r]^a & X } $$ of schemes which induces an isomorphism of $Y'$ with an open subscheme of $X' \\times_X Y$. Assume $f$ is locally quasi-finite and syntomic and assume given maps $c^p_{Y/X} : \\Omega^p_{Y/\\mathbf{Z}} \\to f^*\\Omega^p_{X/\\mathbf{Z}} \\otimes_{\\mathcal{O}_Y} \\det(\\mathop{N\\!L}\\nolimits_{Y/X})$ for $p \\geq 0$ satisfying (\\ref{item-degree-zero}) and (\\ref{item-multiplicative}). Then there is at most one collection of maps $c^p_{Y'/X'} : \\Omega^p_{Y'/\\mathbf{Z}} \\to (f')^*\\Omega^p_{X'/\\mathbf{Z}} \\otimes_{\\mathcal{O}_{Y'}} \\det(\\mathop{N\\!L}\\nolimits_{Y'/X'})$ for $p \\geq 0$ satisfying (\\ref{item-degree-zero}) and (\\ref{item-multiplicative}) such that the diagrams $$ \\xymatrix{ b^*\\Omega^p_{Y/\\mathbf{Z}} \\ar[rr]_-{b^*c^p_{Y/X}} \\ar[d] & & b^*(f^*\\Omega^p_{X/\\mathbf{Z}} \\otimes_{\\mathcal{O}_Y} \\det(\\mathop{N\\!L}\\nolimits_{Y/X})) \\ar@{=}[r] & (f')^*a^*\\Omega^p_{X/\\mathbf{Z}} \\otimes_{\\mathcal{O}_Y} b^*\\det(\\mathop{N\\!L}\\nolimits_{Y/X})) \\ar[d] \\\\ \\Omega^p_{Y'/\\mathbf{Z}} \\ar[rrr]^-{c^p_{Y'/X'}} & & & (f')^*\\Omega^p_{X'/\\mathbf{Z}} \\otimes_{\\mathcal{O}_{Y'}} \\det(\\mathop{N\\!L}\\nolimits_{Y'/X'}) } $$ commute for all $p \\geq 0$. Here the vertical arrows use the maps $b^*\\Omega^p_{Y/\\mathbf{Z}} \\to \\Omega^p_{Y'/\\mathbf{Z}}$ and $a^*\\Omega^p_{X/\\mathbf{Z}} \\to \\Omega^p_{X'/\\mathbf{Z}}$ of Section \\ref{section-de-rham-complex} as well as the identification $b^*\\det(\\mathop{N\\!L}\\nolimits_{Y/X}) = \\det(\\mathop{N\\!L}\\nolimits_{Y'/X'})$ of Discriminants, Section \\ref{discriminant-section-tate-map}. ",
        "label": "lemma-base-change-Garel-upstairs",
        "tag": "0H9G",
        "url": "https://stacks.math.columbia.edu/tag/0H9G",
        "source_filename": "derham.tex"
    },
    {
        "theorem": "Lemma 50.18.5.",
        "body": "  Consider a commutative diagram $$ \\xymatrix{ Y' \\ar[d]_{f'} \\ar[r]_b & Y \\ar[d]^f \\\\ X' \\ar[r]^a & X } $$ of schemes which induces an isomorphism of $Y'$ with an open subscheme of $X' \\times_X Y$. Assume $f$ is locally quasi-finite and syntomic. Then for every $y' \\in Y'$ we can find opens $V' \\subset Y'$, $V \\subset Y$, $U' \\subset X$, $U \\subset X$ with $y' \\in V'$, with $f'(V') \\subset U'$, $b(V') \\subset V$, $a(U') \\subset U$, $f(V) \\subset U$, and such that for $p \\geq 0$ there are maps $c^p_{V/U}$ and $c^p_{V'/U'}$ satisfying (\\ref{item-degree-zero}) and (\\ref{item-multiplicative}) which are compatible with the diagram $$ \\xymatrix{ V' \\ar[d] \\ar[r]_b & V \\ar[d] \\\\ U' \\ar[r] & U } $$ in the sense explained in Lemma \\ref{lemma-base-change-Garel-upstairs}. ",
        "label": "lemma-existence-base-change-Garel-upstairs",
        "tag": "0H9H",
        "url": "https://stacks.math.columbia.edu/tag/0H9H",
        "source_filename": "derham.tex"
    },
    {
        "theorem": "Lemma 50.18.6.",
        "body": "  There exists a unique rule that to every locally quasi-finite syntomic morphism of schemes $f : Y \\to X$ assigns $\\mathcal{O}_Y$-module maps $$ c^p_{Y/X} : \\Omega^p_{Y/\\mathbf{Z}} \\longrightarrow f^*\\Omega^p_{X/\\mathbf{Z}} \\otimes_{\\mathcal{O}_Y} \\det(\\mathop{N\\!L}\\nolimits_{Y/X}) $$ for $p \\geq 0$ satisfying (\\ref{item-degree-zero}), (\\ref{item-multiplicative}), and (\\ref{item-base-change}). In particular, the composition of $c^p_{Y/X}$ with $f^*\\Omega^p_{X/\\mathbf{Z}} \\to \\Omega^p_{Y/\\mathbf{Z}}$ is multiplication by $\\delta(\\mathop{N\\!L}\\nolimits_{Y/X})$. ",
        "label": "lemma-Garel-upstairs",
        "tag": "0FLA",
        "url": "https://stacks.math.columbia.edu/tag/0FLA",
        "source_filename": "derham.tex"
    },
    {
        "theorem": "Example 50.19.1.",
        "body": "  Here is an example where we do not have a trace map on de Rham complexes. For example, consider the $\\mathbf{C}$-algebra $B = \\mathbf{C}[x, y]$ with action of $G = \\{\\pm 1\\}$ given by $x \\mapsto -x$ and $y \\mapsto -y$. The invariants $A = B^G$ form a normal domain of finite type over $\\mathbf{C}$ generated by $x^2, xy, y^2$. We claim that for the inclusion $A \\subset B$ there is no reasonable trace map $\\Omega_{B/\\mathbf{C}} \\to \\Omega_{A/\\mathbf{C}}$ on $1$-forms. Namely, consider the element $\\omega = x \\text{d} y \\in \\Omega_{B/\\mathbf{C}}$. Since $\\omega$ is invariant under the action of $G$ if a ``reasonable'' trace map exists, then $2\\omega$ should be in the image of $\\Omega_{A/\\mathbf{C}} \\to \\Omega_{B/\\mathbf{C}}$. This is not the case: there is no way to write $2\\omega$ as a linear combination of $\\text{d}(x^2)$, $\\text{d}(xy)$, and $\\text{d}(y^2)$ even with coefficients in $B$. This example contradicts the main theorem in \\cite{Zannier}. ",
        "label": "example-no-trace",
        "tag": "0FK7",
        "url": "https://stacks.math.columbia.edu/tag/0FK7",
        "source_filename": "derham.tex"
    },
    {
        "theorem": "Lemma 50.19.2.",
        "body": "  There exists a unique rule that to every finite syntomic morphism of schemes $f : Y \\to X$ assigns $\\mathcal{O}_X$-module maps $$ \\Theta^p_{Y/X} : f_*\\Omega^p_{Y/\\mathbf{Z}} \\longrightarrow \\Omega^p_{X/\\mathbf{Z}} $$ satisfying the following properties \\begin{enumerate} \\item the composition with $\\Omega^p_{X/\\mathbf{Z}} \\otimes_{\\mathcal{O}_X} f_*\\mathcal{O}_Y \\to f_*\\Omega^p_{Y/\\mathbf{Z}}$ is equal to $\\text{id} \\otimes \\text{Trace}_f$ where $\\text{Trace}_f : f_*\\mathcal{O}_Y \\to \\mathcal{O}_X$ is the map from Discriminants, Section \\ref{discriminant-section-discriminant}, \\item the rule is compatible with base change. \\end{enumerate} ",
        "label": "lemma-Garel",
        "tag": "0FLB",
        "url": "https://stacks.math.columbia.edu/tag/0FLB",
        "source_filename": "derham.tex"
    },
    {
        "theorem": "Proposition 50.19.3.",
        "body": "  \\begin{reference} \\cite{Garel} \\end{reference} Let $f : Y \\to X$ be a finite syntomic morphism of schemes. The maps $\\Theta^p_{Y/X}$ of Lemma \\ref{lemma-Garel} define a map of complexes $$ \\Theta_{Y/X} : f_*\\Omega^\\bullet_{Y/\\mathbf{Z}} \\longrightarrow \\Omega^\\bullet_{X/\\mathbf{Z}} $$ with the following properties \\begin{enumerate} \\item in degree $0$ we get $\\text{Trace}_f : f_*\\mathcal{O}_Y \\to \\mathcal{O}_X$, see Discriminants, Section \\ref{discriminant-section-discriminant}, \\item we have $\\Theta_{Y/X}(\\omega \\wedge \\eta) = \\omega \\wedge \\Theta_{Y/X}(\\eta)$ for $\\omega$ in $\\Omega^\\bullet_{X/\\mathbf{Z}}$ and $\\eta$ in $f_*\\Omega^\\bullet_{Y/\\mathbf{Z}}$, \\item if $f$ is a morphism over a base scheme $S$, then $\\Theta_{Y/X}$ induces a map of complexes $f_*\\Omega^\\bullet_{Y/S} \\to \\Omega^\\bullet_{X/S}$. \\end{enumerate} ",
        "label": "proposition-Garel",
        "tag": "0FLC",
        "url": "https://stacks.math.columbia.edu/tag/0FLC",
        "source_filename": "derham.tex"
    },
    {
        "theorem": "Example 50.19.4.",
        "body": "  Let $A$ be a ring. Let $f = x^d + \\sum_{0 \\leq i < d} a_{d - i} x^i \\in A[x]$. Let $B = A[x]/(f)$. By Proposition \\ref{proposition-Garel} we have a morphism of complexes $$ \\Theta_{B/A} : \\Omega^\\bullet_B \\longrightarrow \\Omega^\\bullet_A $$ In particular, if $t \\in B$ denotes the image of $x \\in A[x]$ we can consider the elements $$ \\Theta_{B/A}(t^i\\text{d}t) \\in \\Omega^1_A,\\quad i = 0, \\ldots, d - 1 $$ What are these elements? By the same principle as used in the proof of Proposition \\ref{proposition-Garel} it suffices to compute this in the universal case, i.e., when $A = \\mathbf{Z}[a_1, \\ldots, a_d]$ or even when $A$ is replaced by the fraction field $\\mathbf{Q}(a_1, \\ldots, a_d)$. Writing symbolically $$ f = \\prod\\nolimits_{i = 1, \\ldots, d} (x - \\alpha_i) $$ we see that over $\\mathbf{Q}(\\alpha_1, \\ldots, \\alpha_d)$ the algebra $B$ becomes split: $$ \\mathbf{Q}(a_0, \\ldots, a_{d - 1})[x]/(f) \\longrightarrow \\prod\\nolimits_{i = 1, \\ldots, d} \\mathbf{Q}(\\alpha_1, \\ldots, \\alpha_d), \\quad t \\longmapsto (\\alpha_1, \\ldots, \\alpha_d) $$ Thus for example $$ \\Theta(\\text{d}t) = \\sum \\text{d} \\alpha_i = - \\text{d}a_1 $$ Next, we have $$ \\Theta(t\\text{d}t) = \\sum \\alpha_i \\text{d}\\alpha_i = a_1 \\text{d} a_1 - \\text{d}a_2 $$ Next, we have $$ \\Theta(t^2\\text{d}t) = \\sum \\alpha_i^2 \\text{d}\\alpha_i = - a_1^2 \\text{d} a_1 + a_1 \\text{d}a_2 + a_2 \\text{d}a_1 - \\text{d}a_3 $$ (modulo calculation error), and so on. This suggests that if $f(x) = x^d - a$ then $$ \\Theta_{B/A}(t^i\\text{d}t) = \\left\\{ \\begin{matrix} 0 & \\text{if} & i = 0, \\ldots, d - 2 \\\\ \\text{d}a & \\text{if} & i = d - 1 \\end{matrix} \\right. $$ in $\\Omega_A$. This is true for in this particular case one can do the calculation for the extension $\\mathbf{Q}(a)[x]/(x^d - a)$ to verify this directly. ",
        "label": "example-Garel",
        "tag": "0FLD",
        "url": "https://stacks.math.columbia.edu/tag/0FLD",
        "source_filename": "derham.tex"
    },
    {
        "theorem": "Lemma 50.19.5.",
        "body": "  Let $p$ be a prime number. Let $X \\to S$ be a smooth morphism of relative dimension $d$ of schemes in characteristic $p$. The relative Frobenius $F_{X/S} : X \\to X^{(p)}$ of $X/S$ (Varieties, Definition \\ref{varieties-definition-relative-frobenius}) is finite syntomic and the corresponding map $$ \\Theta_{X/X^{(p)}} : F_{X/S, *}\\Omega^\\bullet_{X/S} \\to \\Omega^\\bullet_{X^{(p)}/S} $$ is zero in all degrees except in degree $d$ where it defines a surjection. ",
        "label": "lemma-Garel-map-frobenius-smooth-char-p",
        "tag": "0FW2",
        "url": "https://stacks.math.columbia.edu/tag/0FW2",
        "source_filename": "derham.tex"
    },
    {
        "theorem": "Lemma 50.20.1.",
        "body": "  Let $k$ be a field. Let $X$ be a nonempty smooth proper scheme over $k$ equidimensional of dimension $d$. There exists a $k$-linear map $$ t : H^d(X, \\Omega^d_{X/k}) \\longrightarrow k $$ unique up to precomposing by multiplication by a unit of $H^0(X, \\mathcal{O}_X)$ with the following property: for all $p, q$ the pairing $$ H^q(X, \\Omega^p_{X/k}) \\times H^{d - q}(X, \\Omega^{d - p}_{X/k}) \\longrightarrow k, \\quad (\\xi, \\xi') \\longmapsto t(\\xi \\cup \\xi') $$ is perfect. ",
        "label": "lemma-duality-hodge",
        "tag": "0FW4",
        "url": "https://stacks.math.columbia.edu/tag/0FW4",
        "source_filename": "derham.tex"
    },
    {
        "theorem": "Lemma 50.20.2.",
        "body": "  Let $k$ be a field. Let $X$ be a smooth proper scheme over $k$. The map $$ \\text{d} : H^0(X, \\mathcal{O}_X) \\to H^0(X, \\Omega^1_{X/k}) $$ is zero. ",
        "label": "lemma-bottom-part-degenerates",
        "tag": "0FW5",
        "url": "https://stacks.math.columbia.edu/tag/0FW5",
        "source_filename": "derham.tex"
    },
    {
        "theorem": "Lemma 50.20.3.",
        "body": "  Let $k$ be a field. Let $X$ be a smooth proper scheme over $k$ equidimensional of dimension $d$. The map $$ \\text{d} : H^d(X, \\Omega^{d - 1}_{X/k}) \\to H^d(X, \\Omega^d_{X/k}) $$ is zero. ",
        "label": "lemma-top-part-degenerates",
        "tag": "0FW6",
        "url": "https://stacks.math.columbia.edu/tag/0FW6",
        "source_filename": "derham.tex"
    },
    {
        "theorem": "Proposition 50.20.4.",
        "body": "  Let $k$ be a field. Let $X$ be a nonempty smooth proper scheme over $k$ equidimensional of dimension $d$. There exists a $k$-linear map $$ t : H^{2d}_{dR}(X/k) \\longrightarrow k $$ unique up to precomposing by multiplication by a unit of $H^0(X, \\mathcal{O}_X)$ with the following property: for all $i$ the pairing $$ H^i_{dR}(X/k) \\times H_{dR}^{2d - i}(X/k) \\longrightarrow k, \\quad (\\xi, \\xi') \\longmapsto t(\\xi \\cup \\xi') $$ is perfect. ",
        "label": "proposition-poincare-duality",
        "tag": "0FW7",
        "url": "https://stacks.math.columbia.edu/tag/0FW7",
        "source_filename": "derham.tex"
    },
    {
        "theorem": "Lemma 50.21.1.",
        "body": "  There is a unique rule which assigns to every quasi-compact and quasi-separated scheme $X$ a total Chern class $$ c^{dR} : K_0(\\textit{Vect}(X)) \\longrightarrow \\prod\\nolimits_{i \\geq 0} H^{2i}_{dR}(X/\\mathbf{Z}) $$ with the following properties \\begin{enumerate} \\item we have $c^{dR}(\\alpha + \\beta) = c^{dR}(\\alpha) c^{dR}(\\beta)$ for $\\alpha, \\beta \\in K_0(\\textit{Vect}(X))$, \\item if $f : X \\to X'$ is a morphism of quasi-compact and quasi-separated schemes, then $c^{dR}(f^*\\alpha) = f^*c^{dR}(\\alpha)$, \\item given $\\mathcal{L} \\in \\mathop{\\mathrm{Pic}}\\nolimits(X)$ we have $c^{dR}([\\mathcal{L}]) = 1 + c_1^{dR}(\\mathcal{L})$ \\end{enumerate} ",
        "label": "lemma-chern-classes",
        "tag": "0FW9",
        "url": "https://stacks.math.columbia.edu/tag/0FW9",
        "source_filename": "derham.tex"
    },
    {
        "theorem": "Remark 50.21.2.",
        "body": "  The analogues of Weil Cohomology Theories, Lemmas \\ref{weil-lemma-splitting-principle} (splitting principle) and \\ref{weil-lemma-chern-classes-E-tensor-L} (chern classes of tensor products) hold for de Rham Chern classes on quasi-compact and quasi-separated schemes. This is clear as we've shown in the proof of Lemma \\ref{lemma-chern-classes} that all the axioms of Weil Cohomology Theories, Section \\ref{weil-section-chern} are satisfied. ",
        "label": "remark-splitting-principle",
        "tag": "0FWA",
        "url": "https://stacks.math.columbia.edu/tag/0FWA",
        "source_filename": "derham.tex"
    },
    {
        "theorem": "Lemma 50.21.3.",
        "body": "  There is a unique rule which assigns to every quasi-compact and quasi-separated scheme $X$ over $\\mathbf{Q}$ a ``chern character'' $$ ch^{dR} : K_0(\\textit{Vect}(X)) \\longrightarrow \\prod\\nolimits_{i \\geq 0} H_{dR}^{2i}(X/\\mathbf{Q}) $$ with the following properties \\begin{enumerate} \\item $ch^{dR}$ is a ring map for all $X$, \\item if $f : X' \\to X$ is a morphism of quasi-compact and quasi-separated schemes over $\\mathbf{Q}$, then $f^* \\circ ch^{dR} =  ch^{dR} \\circ f^*$, and \\item given $\\mathcal{L} \\in \\mathop{\\mathrm{Pic}}\\nolimits(X)$ we have $ch^{dR}([\\mathcal{L}]) = \\exp(c_1^{dR}(\\mathcal{L}))$. \\end{enumerate} ",
        "label": "lemma-chern-character",
        "tag": "0FWB",
        "url": "https://stacks.math.columbia.edu/tag/0FWB",
        "source_filename": "derham.tex"
    },
    {
        "theorem": "Proposition 50.22.1.",
        "body": "  Let $k$ be a field of characteristic zero. The functor that sends a smooth projective scheme $X$ over $k$ to $H_{dR}^*(X/k)$ is a Weil cohomology theory in the sense of Weil Cohomology Theories, Definition \\ref{weil-definition-weil-cohomology-theory}. ",
        "label": "proposition-de-rham-is-weil",
        "tag": "0FWD",
        "url": "https://stacks.math.columbia.edu/tag/0FWD",
        "source_filename": "derham.tex"
    },
    {
        "theorem": "Remark 50.22.2.",
        "body": "  In exactly the same manner as above one can show that Hodge cohomology $X \\mapsto H_{Hodge}^*(X/k)$ equipped with $c_1^{Hodge}$ determines a Weil cohomology theory. If we ever need this, we will precisely formulate and prove this here. This leads to the following amusing consequence: If the betti numbers of a Weil cohomology theory are independent of the chosen Weil cohomology theory (over our field $k$ of characteristic $0$), then the Hodge-to-de Rham spectral sequence degenerates at $E_1$! Of course, the degeneration of the Hodge-to-de Rham spectral sequence is known (see for example \\cite{Deligne-Illusie} for a marvelous algebraic proof), but it is by no means an easy result! This suggests that proving the independence of betti numbers is a hard problem as well and as far as we know is still an open problem. See Weil Cohomology Theories, Remark \\ref{weil-remark-betti-numbers-in-some-sense} for a related question. ",
        "label": "remark-hodge-cohomology-is-weil",
        "tag": "0FWE",
        "url": "https://stacks.math.columbia.edu/tag/0FWE",
        "source_filename": "derham.tex"
    },
    {
        "theorem": "Remark 50.23.1.",
        "body": "  Let $X \\to S$ be a morphism of schemes. Let $f_1, \\ldots, f_c \\in \\Gamma(X, \\mathcal{O}_X)$. Let $Z \\subset X$ be the closed subscheme cut out by $f_1, \\ldots, f_c$. Below we will study the {\\it Gysin map} \\begin{equation} \\label{equation-gysin} \\gamma^p_{f_1, \\ldots, f_c} : \\Omega^p_{Z/S} \\longrightarrow \\mathcal{H}_Z^c(\\Omega^{p + c}_{X/S}) \\end{equation} defined as follows. Given a local section $\\omega$ of $\\Omega^p_{Z/S}$ which is the restriction of a section $\\tilde \\omega$ of $\\Omega^p_{X/S}$ we set $$ \\gamma^p_{f_1, \\ldots, f_c}(\\omega) = c_{f_1, \\ldots, f_c}(\\tilde \\omega|_Z) \\wedge \\text{d}f_1 \\wedge \\ldots \\wedge \\text{d}f_c $$ where $c_{f_1, \\ldots, f_c} : \\Omega^p_{X/S} \\otimes \\mathcal{O}_Z \\to \\mathcal{H}_Z^c(\\Omega^p_{X/S})$ is the map constructed in Derived Categories of Schemes, Remark \\ref{perfect-remark-supported-map-c-equations}. This is well defined: given $\\omega$ we can change our choice of $\\tilde \\omega$ by elements of the form $\\sum f_i \\omega'_i + \\sum \\text{d}(f_i) \\wedge \\omega''_i$ which are mapped to zero by the construction. ",
        "label": "remark-gysin-equations",
        "tag": "0G83",
        "url": "https://stacks.math.columbia.edu/tag/0G83",
        "source_filename": "derham.tex"
    },
    {
        "theorem": "Lemma 50.23.2.",
        "body": "  The Gysin map (\\ref{equation-gysin}) is compatible with the de Rham differentials on $\\Omega^\\bullet_{X/S}$ and $\\Omega^\\bullet_{Z/S}$. ",
        "label": "lemma-gysin-differential",
        "tag": "0G85",
        "url": "https://stacks.math.columbia.edu/tag/0G85",
        "source_filename": "derham.tex"
    },
    {
        "theorem": "Lemma 50.23.3.",
        "body": "  Let $X \\to S$ be a morphism of schemes. Let $Z \\to X$ be a closed immersion of finite presentation whose conormal sheaf $\\mathcal{C}_{Z/X}$ is locally free of rank $c$. Then there is a canonical map $$ \\gamma^p : \\Omega^p_{Z/S} \\to \\mathcal{H}^c_Z(\\Omega^{p + c}_{X/S}) $$ which is locally given by the maps $\\gamma^p_{f_1, \\ldots, f_c}$ of Remark \\ref{remark-gysin-equations}. ",
        "label": "lemma-gysin-global",
        "tag": "0G86",
        "url": "https://stacks.math.columbia.edu/tag/0G86",
        "source_filename": "derham.tex"
    },
    {
        "theorem": "Lemma 50.23.4.",
        "body": "  Let $X \\to S$ and $i : Z \\to X$ be as in Lemma \\ref{lemma-gysin-global}. The Gysin map $\\gamma^p$ is compatible with the de Rham differentials on $\\Omega^\\bullet_{X/S}$ and $\\Omega^\\bullet_{Z/S}$. ",
        "label": "lemma-gysin-differential-global",
        "tag": "0G87",
        "url": "https://stacks.math.columbia.edu/tag/0G87",
        "source_filename": "derham.tex"
    },
    {
        "theorem": "Lemma 50.23.5.",
        "body": "  Let $X \\to S$ and $i : Z \\to X$ be as in Lemma \\ref{lemma-gysin-global}. Given $\\alpha \\in H^q(X, \\Omega^p_{X/S})$ we have $\\gamma^p(\\alpha|_Z) = i^{-1}\\alpha \\wedge \\gamma^0(1)$ in $H^q(Z, \\mathcal{H}^c_Z(\\Omega^{p + c}_{X/S}))$. Please see proof for notation. ",
        "label": "lemma-gysin-projection",
        "tag": "0G88",
        "url": "https://stacks.math.columbia.edu/tag/0G88",
        "source_filename": "derham.tex"
    },
    {
        "theorem": "Lemma 50.23.6.",
        "body": "  Let $c \\geq 0$ be an integer. Let $$ \\xymatrix{ Z' \\ar[d]_h \\ar[r] & X' \\ar[d]_g \\ar[r] & S' \\ar[d] \\\\ Z \\ar[r] & X \\ar[r] & S } $$ be a commutative diagram of schemes. Assume \\begin{enumerate} \\item $Z \\to X$ and $Z' \\to X'$ satisfy the assumptions of Lemma \\ref{lemma-gysin-global}, \\item the left square in the diagram is cartesian, and \\item $h^*\\mathcal{C}_{Z/X} \\to \\mathcal{C}_{Z'/X'}$ (Morphisms, Lemma \\ref{morphisms-lemma-conormal-functorial}) is an isomorphism. \\end{enumerate} Then the diagram $$ \\xymatrix{ h^*\\Omega^p_{Z/S} \\ar[rr]_-{h^{-1}\\gamma^p} \\ar[d] & & \\mathcal{O}_{X'}|_{Z'} \\otimes_{h^{-1}\\mathcal{O}_X|_Z} h^{-1}\\mathcal{H}^c_Z(\\Omega^{p + c}_{X/S}) \\ar[d] \\\\ \\Omega^p_{Z'/S'} \\ar[rr]^{\\gamma^p} & & \\mathcal{H}^c_{Z'}(\\Omega^{p + c}_{X'/S'}) } $$ is commutative. The left vertical arrow is functoriality of modules of differentials and the right vertical arrow uses Cohomology, Remark \\ref{cohomology-remark-support-functorial}. ",
        "label": "lemma-gysin-transverse",
        "tag": "0G89",
        "url": "https://stacks.math.columbia.edu/tag/0G89",
        "source_filename": "derham.tex"
    },
    {
        "theorem": "Remark 50.23.7.",
        "body": "  Let $X \\to S$, $i : Z \\to X$, and $c \\geq 0$ be as in Lemma \\ref{lemma-gysin-global}. Let $p \\geq 0$ and assume that $\\mathcal{H}^i_Z(\\Omega^{p + c}_{X/S}) = 0$ for $i = 0, \\ldots, c - 1$. This vanishing holds if $X \\to S$ is smooth and $Z \\to X$ is a Koszul regular immersion, see Derived Categories of Schemes, Lemma \\ref{perfect-lemma-supported-vanishing}. Then we obtain a map $$ \\gamma^{p, q} : H^q(Z, \\Omega^p_{Z/S}) \\longrightarrow H^{q + c}(X, \\Omega^{p + c}_{X/S}) $$ by first using $\\gamma^p : \\Omega^p_{Z/S} \\to \\mathcal{H}^c_Z(\\Omega^{p + c}_{X/S})$ to map into $$ H^q(Z, \\mathcal{H}^c_Z(\\Omega^{p + c}_{X/S})) = H^q(Z, R\\mathcal{H}_Z(\\Omega^{p + c}_{X/S})[c]) = H^q(X, i_*R\\mathcal{H}_Z(\\Omega^{p + c}_{X/S})[c]) $$ and then using the adjunction map $i_*R\\mathcal{H}_Z(\\Omega^{p + c}_{X/S}) \\to \\Omega^{p + c}_{X/S}$ to continue on to the desired Hodge cohomology module. ",
        "label": "remark-how-to-use",
        "tag": "0G8A",
        "url": "https://stacks.math.columbia.edu/tag/0G8A",
        "source_filename": "derham.tex"
    },
    {
        "theorem": "Lemma 50.23.8.",
        "body": "  Let $X \\to S$ and $i : Z \\to X$ be as in Lemma \\ref{lemma-gysin-global}. Assume $X \\to S$ is smooth and $Z \\to X$ Koszul regular. The Gysin maps $\\gamma^{p, q}$ are compatible with the de Rham differentials on $\\Omega^\\bullet_{X/S}$ and $\\Omega^\\bullet_{Z/S}$. ",
        "label": "lemma-gysin-differential-hodge",
        "tag": "0G8B",
        "url": "https://stacks.math.columbia.edu/tag/0G8B",
        "source_filename": "derham.tex"
    },
    {
        "theorem": "Lemma 50.23.9.",
        "body": "  Let $X \\to S$, $i : Z \\to X$, and $c \\geq 0$ be as in Lemma \\ref{lemma-gysin-global}. Assume $X \\to S$ smooth and $Z \\to X$ Koszul regular. Given $\\alpha \\in H^q(X, \\Omega^p_{X/S})$ we have $\\gamma^{p, q}(\\alpha|_Z) = \\alpha \\cup \\gamma^{0, 0}(1)$ in $H^{q + c}(X, \\Omega^{p + c}_{X/S})$ with $\\gamma^{a, b}$ as in Remark \\ref{remark-how-to-use}. ",
        "label": "lemma-gysin-projection-global",
        "tag": "0G8C",
        "url": "https://stacks.math.columbia.edu/tag/0G8C",
        "source_filename": "derham.tex"
    },
    {
        "theorem": "Lemma 50.23.10.",
        "body": "  Let $c \\geq 0$ and $$ \\xymatrix{ Z' \\ar[d]_h \\ar[r] & X' \\ar[d]_g \\ar[r] & S' \\ar[d] \\\\ Z \\ar[r] & X \\ar[r] & S } $$ satisfy the assumptions of Lemma \\ref{lemma-gysin-transverse} and assume in addition that $X \\to S$ and $X' \\to S'$ are smooth and that $Z \\to X$ and $Z' \\to X'$ are Koszul regular immersions. Then the diagram $$ \\xymatrix{ H^q(Z, \\Omega^p_{Z/S}) \\ar[rr]_-{\\gamma^{p, q}} \\ar[d] & & H^{q + c}(X, \\Omega^{p + c}_{X/S}) \\ar[d] \\\\ H^q(Z', \\Omega^p_{Z'/S'}) \\ar[rr]^{\\gamma^{p, q}} & & H^{q + c}(X', \\Omega^{p + c}_{X'/S'}) } $$ is commutative where $\\gamma^{p, q}$ is as in Remark \\ref{remark-how-to-use}. ",
        "label": "lemma-gysin-transverse-global",
        "tag": "0G8D",
        "url": "https://stacks.math.columbia.edu/tag/0G8D",
        "source_filename": "derham.tex"
    },
    {
        "theorem": "Lemma 50.23.11.",
        "body": "  Let $k$ be a field. Let $X$ be an irreducible smooth proper scheme over $k$ of dimension $d$. Let $Z \\subset X$ be the reduced closed subscheme consisting of a single $k$-rational point $x$. Then the image of $1 \\in k = H^0(Z, \\mathcal{O}_Z) = H^0(Z, \\Omega^0_{Z/k})$ by the map $H^0(Z, \\Omega^0_{Z/k}) \\to H^d(X, \\Omega^d_{X/k})$ of Remark \\ref{remark-how-to-use} is nonzero. ",
        "label": "lemma-class-of-a-point",
        "tag": "0G8E",
        "url": "https://stacks.math.columbia.edu/tag/0G8E",
        "source_filename": "derham.tex"
    },
    {
        "theorem": "Situation 50.24.1.",
        "body": "  Here $S$ is a quasi-compact and quasi-separated scheme and $f : X \\to S$ is a proper smooth morphism of schemes all of whose fibres are nonempty and equidimensional of dimension $n$. ",
        "label": "situation-relative-duality",
        "tag": "0G8G",
        "url": "https://stacks.math.columbia.edu/tag/0G8G",
        "source_filename": "derham.tex"
    },
    {
        "theorem": "Lemma 50.24.2.",
        "body": "  In Situation \\ref{situation-relative-duality} the pushforward $f_*\\mathcal{O}_X$ is a finite \\'etale $\\mathcal{O}_S$-algebra and locally on $S$ we have $Rf_*\\mathcal{O}_X = f_*\\mathcal{O}_X \\oplus P$ in $D(\\mathcal{O}_S)$ with $P$ perfect of tor amplitude in $[1, \\infty)$. The map $\\text{d} : f_*\\mathcal{O}_X \\to f_*\\Omega_{X/S}$ is zero. ",
        "label": "lemma-relative-bottom-part-degenerates",
        "tag": "0G8H",
        "url": "https://stacks.math.columbia.edu/tag/0G8H",
        "source_filename": "derham.tex"
    },
    {
        "theorem": "Lemma 50.24.3.",
        "body": "  In Situation \\ref{situation-relative-duality} there exists an $\\mathcal{O}_S$-module map $$ t : Rf_*\\Omega^n_{X/S}[n] \\longrightarrow \\mathcal{O}_S $$ unique up to precomposing by multiplication by a unit of $H^0(X, \\mathcal{O}_X)$ with the following property: for all $p$ the pairing $$ Rf_*\\Omega^p_{X/S} \\otimes_{\\mathcal{O}_S}^\\mathbf{L} Rf_*\\Omega^{n - p}_{X/S}[n] \\longrightarrow \\mathcal{O}_S $$ given by the relative cup product composed with $t$ is a perfect pairing of perfect complexes on $S$. ",
        "label": "lemma-relative-duality-hodge",
        "tag": "0G8I",
        "url": "https://stacks.math.columbia.edu/tag/0G8I",
        "source_filename": "derham.tex"
    },
    {
        "theorem": "Lemma 50.24.4.",
        "body": "  In Situation \\ref{situation-relative-duality} the map $\\text{d} : R^nf_*\\Omega^{n - 1}_{X/S} \\to R^nf_*\\Omega^n_{X/S}$ is zero. ",
        "label": "lemma-relative-top-part-degenerates",
        "tag": "0G8J",
        "url": "https://stacks.math.columbia.edu/tag/0G8J",
        "source_filename": "derham.tex"
    },
    {
        "theorem": "Proposition 50.24.5.",
        "body": "  Let $S$ be a quasi-compact and quasi-separated scheme. Let $f : X \\to S$ be a proper smooth morphism of schemes all of whose fibres are nonempty and equidimensional of dimension $n$. There exists an $\\mathcal{O}_S$-module map $$ t : R^{2n}f_*\\Omega^\\bullet_{X/S} \\longrightarrow \\mathcal{O}_S $$ unique up to precomposing by multiplication by a unit of $H^0(X, \\mathcal{O}_X)$ with the following property: the pairing $$ Rf_*\\Omega^\\bullet_{X/S} \\otimes_{\\mathcal{O}_S}^\\mathbf{L} Rf_*\\Omega^\\bullet_{X/S}[2n] \\longrightarrow \\mathcal{O}_S, \\quad (\\xi, \\xi') \\longmapsto t(\\xi \\cup \\xi') $$ is a perfect pairing of perfect complexes on $S$. ",
        "label": "proposition-relative-poincare-duality",
        "tag": "0G8K",
        "url": "https://stacks.math.columbia.edu/tag/0G8K",
        "source_filename": "derham.tex"
    }
]