[
    {
        "theorem": "Lemma 95.4.1.",
        "body": "  A morphism $(f, \\varphi) : (Y, \\mathcal{G}) \\to (X, \\mathcal{F})$ of $\\mathcal{QC}\\!\\mathit{oh}$ is strongly cartesian if and only if the map $\\varphi$ induces an isomorphism $f^*\\mathcal{F} \\to \\mathcal{G}$. ",
        "label": "lemma-quasi-coherent-strongly-cartesian",
        "tag": "04U3",
        "url": "https://stacks.math.columbia.edu/tag/04U3",
        "source_filename": "examples-stacks.tex"
    },
    {
        "theorem": "Lemma 95.4.2.",
        "body": "  The functor $p : \\mathcal{QC}\\!\\mathit{oh} \\to (\\mathit{Sch}/S)_{fppf}$ satisfies conditions (1), (2) and (3) of Stacks, Definition \\ref{stacks-definition-stack}. ",
        "label": "lemma-stack-of-quasi-coherent-sheaves",
        "tag": "03YM",
        "url": "https://stacks.math.columbia.edu/tag/03YM",
        "source_filename": "examples-stacks.tex"
    },
    {
        "theorem": "Lemma 95.5.1.",
        "body": "  The functor $p_{fg} : \\mathcal{QC}\\!\\mathit{oh}_{fg} \\to (\\mathit{Sch}/S)_{fppf}$ satisfies conditions (1), (2) and (3) of Stacks, Definition \\ref{stacks-definition-stack}. ",
        "label": "lemma-stack-of-finite-type-quasi-coherent-sheaves",
        "tag": "04U4",
        "url": "https://stacks.math.columbia.edu/tag/04U4",
        "source_filename": "examples-stacks.tex"
    },
    {
        "theorem": "Lemma 95.5.2.",
        "body": "  Let $(X, \\mathcal{O}_X)$ be a ringed space. \\begin{enumerate} \\item The category of finite type $\\mathcal{O}_X$-modules has a set of isomorphism classes. \\item The category of finite type quasi-coherent $\\mathcal{O}_X$-modules has a set of isomorphism classes. \\end{enumerate} ",
        "label": "lemma-finite-type",
        "tag": "04U5",
        "url": "https://stacks.math.columbia.edu/tag/04U5",
        "source_filename": "examples-stacks.tex"
    },
    {
        "theorem": "Lemma 95.5.3.",
        "body": "  There exists a subcategory $\\mathcal{QC}\\!\\mathit{oh}_{fg, small} \\subset \\mathcal{QC}\\!\\mathit{oh}_{fg}$ with the following properties: \\begin{enumerate} \\item the inclusion functor $\\mathcal{QC}\\!\\mathit{oh}_{fg, small} \\to \\mathcal{QC}\\!\\mathit{oh}_{fg}$ is fully faithful and essentially surjective, and \\item the functor $p_{fg, small} : \\mathcal{QC}\\!\\mathit{oh}_{fg, small} \\to (\\mathit{Sch}/S)_{fppf}$ turns $\\mathcal{QC}\\!\\mathit{oh}_{fg, small}$ into a stack over $(\\mathit{Sch}/S)_{fppf}$. \\end{enumerate} ",
        "label": "lemma-stack-fg-quasi-coherent",
        "tag": "04U6",
        "url": "https://stacks.math.columbia.edu/tag/04U6",
        "source_filename": "examples-stacks.tex"
    },
    {
        "theorem": "Remark 95.5.4.",
        "body": "  Note that the whole discussion in this section works if we want to consider those quasi-coherent sheaves which are locally generated by at most $\\kappa$ sections, for some infinite cardinal $\\kappa$, e.g., $\\kappa = \\aleph_0$. ",
        "label": "remark-higher-rank",
        "tag": "04U7",
        "url": "https://stacks.math.columbia.edu/tag/04U7",
        "source_filename": "examples-stacks.tex"
    },
    {
        "theorem": "Lemma 95.6.1.",
        "body": "  The functor $$ p : \\textit{F\\'Et} \\longrightarrow (\\mathit{Sch}/S)_{fppf} $$ defines a stack over $(\\mathit{Sch}/S)_{fppf}$. ",
        "label": "lemma-finite-etale-stack",
        "tag": "0BLZ",
        "url": "https://stacks.math.columbia.edu/tag/0BLZ",
        "source_filename": "examples-stacks.tex"
    },
    {
        "theorem": "Lemma 95.7.1.",
        "body": "  A morphism $(f, g) : X/U \\to Y/V$ of $\\mathcal{S}\\!\\mathit{paces}$ is strongly cartesian if and only if the map $f$ induces an isomorphism $X \\to U \\times_{g, V} Y$. ",
        "label": "lemma-spaces-strongly-cartesian",
        "tag": "04U9",
        "url": "https://stacks.math.columbia.edu/tag/04U9",
        "source_filename": "examples-stacks.tex"
    },
    {
        "theorem": "Lemma 95.7.2.",
        "body": "  The functor $p : \\mathcal{S}\\!\\mathit{paces} \\to (\\mathit{Sch}/S)_{fppf}$ satisfies conditions (1) and (2) of Stacks, Definition \\ref{stacks-definition-stack}. ",
        "label": "lemma-pre-stack-of-spaces",
        "tag": "04UA",
        "url": "https://stacks.math.columbia.edu/tag/04UA",
        "source_filename": "examples-stacks.tex"
    },
    {
        "theorem": "Remark 95.7.3.",
        "body": "  Ignoring set theoretical difficulties\\footnote{The difficulty is not that $\\mathcal{S}\\!\\mathit{paces}$ is a proper class, since by our definition of an algebraic space over $S$ there is only a set worth of isomorphism classes of algebraic spaces over $S$. It is rather that arbitrary disjoint unions of algebraic spaces may end up being too large, hence lie outside of our chosen ``partial universe'' of sets.} $\\mathcal{S}\\!\\mathit{paces}$ also satisfies descent for objects and hence is a stack. Namely, we have to show that given \\begin{enumerate} \\item an fppf covering $\\{U_i \\to U\\}_{i \\in I}$, \\item for each $i \\in I$ an algebraic space $X_i/U_i$, and \\item for each $i, j \\in I$ an isomorphism $\\varphi_{ij} : X_i \\times_U U_j \\to U_i \\times_U X_j$ of algebraic spaces over $U_i \\times_U U_j$ satisfying the cocycle condition over $U_i \\times_U U_j \\times_U U_k$, \\end{enumerate} there exists an algebraic space $X/U$ and isomorphisms $X_{U_i} \\cong X_i$ over $U_i$ recovering the isomorphisms $\\varphi_{ij}$. First, note that by Sites, Lemma \\ref{sites-lemma-glue-sheaves} there exists a sheaf $X$ on $(\\mathit{Sch}/U)_{fppf}$ recovering the $X_i$ and the $\\varphi_{ij}$. Then by Bootstrap, Lemma \\ref{bootstrap-lemma-locally-algebraic-space} we see that $X$ is an algebraic space (if we ignore the set theoretic condition of that lemma). We will use this argument in the next section to show that if we consider only algebraic spaces of finite type, then we obtain a stack. ",
        "label": "remark-stack-spaces",
        "tag": "04UB",
        "url": "https://stacks.math.columbia.edu/tag/04UB",
        "source_filename": "examples-stacks.tex"
    },
    {
        "theorem": "Lemma 95.8.1.",
        "body": "  The functor $p_{ft} : \\mathcal{S}\\!\\mathit{paces}_{ft} \\to (\\mathit{Sch}/S)_{fppf}$ satisfies the conditions (1), (2) and (3) of Stacks, Definition \\ref{stacks-definition-stack}. ",
        "label": "lemma-stack-of-finite-type-spaces",
        "tag": "04UD",
        "url": "https://stacks.math.columbia.edu/tag/04UD",
        "source_filename": "examples-stacks.tex"
    },
    {
        "theorem": "Lemma 95.8.2.",
        "body": "  There exists a subcategory $\\mathcal{S}\\!\\mathit{paces}_{ft, small} \\subset \\mathcal{S}\\!\\mathit{paces}_{ft}$ with the following properties: \\begin{enumerate} \\item the inclusion functor $\\mathcal{S}\\!\\mathit{paces}_{ft, small} \\to \\mathcal{S}\\!\\mathit{paces}_{ft}$ is fully faithful and essentially surjective, and \\item the functor $p_{ft, small} : \\mathcal{S}\\!\\mathit{paces}_{ft, small} \\to (\\mathit{Sch}/S)_{fppf}$ turns $\\mathcal{S}\\!\\mathit{paces}_{ft, small}$ into a stack over $(\\mathit{Sch}/S)_{fppf}$. \\end{enumerate} ",
        "label": "lemma-stack-ft-spaces",
        "tag": "04UE",
        "url": "https://stacks.math.columbia.edu/tag/04UE",
        "source_filename": "examples-stacks.tex"
    },
    {
        "theorem": "Remark 95.8.3.",
        "body": "  Note that the whole discussion in this section works if we want to consider those algebraic spaces $X/U$ which are locally of finite type such that the inverse image in $X$ of an affine open of $U$ can be covered by countably many affines. If needed we can also introduce the notion of a morphism of $\\kappa$-type (meaning some bound on the number of generators of ring extensions and some bound on the cardinality of the affines over a given affine in the base) where $\\kappa$ is a cardinal, and then we can produce a stack $$ \\mathcal{S}\\!\\mathit{paces}_\\kappa \\longrightarrow (\\mathit{Sch}/S)_{fppf} $$ in exactly the same manner as above (provided we make sure that $\\mathit{Sch}$ is large enough depending on $\\kappa$). ",
        "label": "remark-higher-cardinality-spaces",
        "tag": "04UF",
        "url": "https://stacks.math.columbia.edu/tag/04UF",
        "source_filename": "examples-stacks.tex"
    },
    {
        "theorem": "Lemma 95.14.1.",
        "body": "  Up to a replacement as in Stacks, Remark \\ref{stacks-remark-stack-make-small} the functor $$ p : \\mathcal{G}\\textit{-Torsors} \\longrightarrow (\\mathit{Sch}/S)_{fppf} $$ defines a stack in groupoids over $(\\mathit{Sch}/S)_{fppf}$. ",
        "label": "lemma-torsors-sheaf-stack-in-groupoids",
        "tag": "04UK",
        "url": "https://stacks.math.columbia.edu/tag/04UK",
        "source_filename": "examples-stacks.tex"
    },
    {
        "theorem": "Lemma 95.14.2.",
        "body": "  Up to a replacement as in Stacks, Remark \\ref{stacks-remark-stack-make-small} the functor $$ p : \\mathcal{G}/\\mathcal{B}\\textit{-Torsors} \\longrightarrow (\\mathit{Sch}/S)_{fppf} $$ defines a stack in groupoids over $(\\mathit{Sch}/S)_{fppf}$. ",
        "label": "lemma-variant-torsors-sheaf-stack-in-groupoids",
        "tag": "04UM",
        "url": "https://stacks.math.columbia.edu/tag/04UM",
        "source_filename": "examples-stacks.tex"
    },
    {
        "theorem": "Remark 95.14.3.",
        "body": "  We conjecture that up to a replacement as in Stacks, Remark \\ref{stacks-remark-stack-make-small} the functor $$ p : G\\textit{-Principal} \\longrightarrow (\\mathit{Sch}/S)_{fppf} $$ defines a stack in groupoids over $(\\mathit{Sch}/S)_{fppf}$. This would follow if one could show that given \\begin{enumerate} \\item a covering $\\{U_i \\to U\\}_{i \\in I}$ of $(\\mathit{Sch}/S)_{fppf}$, \\item an group algebraic space $H$ over $U$, \\item for every $i$ a principal homogeneous $H_{U_i}$-space $X_i$ over $U_i$, and \\item $H$-equivariant isomorphisms $\\varphi_{ij} : X_{i, U_i \\times_U U_j} \\to X_{j, U_i \\times_U U_j}$ satisfying the cocycle condition, \\end{enumerate} there exists a principal homogeneous $H$-space $X$ over $U$ which recovers $(X_i, \\varphi_{ij})$. The technique of the proof of Bootstrap, Lemma \\ref{bootstrap-lemma-descent-torsor} reduces this to a set theoretical question, so the reader who ignores set theoretical questions will ``know'' that the result is true. In \\url{https://math.columbia.edu/~dejong/wordpress/?p=591} there is a suggestion as to how to approach this problem. ",
        "label": "remark-principal-stack-in-groupoids",
        "tag": "04UP",
        "url": "https://stacks.math.columbia.edu/tag/04UP",
        "source_filename": "examples-stacks.tex"
    },
    {
        "theorem": "Lemma 95.14.4.",
        "body": "  Up to a replacement as in Stacks, Remark \\ref{stacks-remark-stack-make-small} the functor $$ p : G\\textit{-Torsors} \\longrightarrow (\\mathit{Sch}/S)_{fppf} $$ defines a stack in groupoids over $(\\mathit{Sch}/S)_{fppf}$. ",
        "label": "lemma-torsors-stack-in-groupoids",
        "tag": "04US",
        "url": "https://stacks.math.columbia.edu/tag/04US",
        "source_filename": "examples-stacks.tex"
    },
    {
        "theorem": "Lemma 95.14.5.",
        "body": "  Let $B$ be an algebraic space over $S$. Let $G$ be a group algebraic space over $B$. Denote $\\mathcal{G}$, resp.\\ $\\mathcal{B}$ the algebraic space $G$, resp.\\ $B$ seen as a sheaf on $(\\mathit{Sch}/S)_{fppf}$. The functor $$ G\\textit{-Torsors} \\longrightarrow \\mathcal{G}/\\mathcal{B}\\textit{-Torsors} $$ which associates to a triple $(U, b, X)$ the triple $(U, b, \\mathcal{X})$ where $\\mathcal{X}$ is $X$ viewed as a sheaf is an equivalence of stacks in groupoids over $(\\mathit{Sch}/S)_{fppf}$. ",
        "label": "lemma-compare-torsors",
        "tag": "04UT",
        "url": "https://stacks.math.columbia.edu/tag/04UT",
        "source_filename": "examples-stacks.tex"
    },
    {
        "theorem": "Situation 95.15.1.",
        "body": "  Here \\begin{enumerate} \\item $S$ is a scheme contained in $\\mathit{Sch}_{fppf}$, \\item $B$ is an algebraic space over $S$, \\item $(G, m)$ is a group algebraic space over $B$, \\item $\\pi : X \\to B$ is an algebraic space over $B$, and \\item $a : G \\times_B X \\to X$ is an action of $G$ on $X$ over $B$. \\end{enumerate} ",
        "label": "situation-quotient-stack",
        "tag": "04WL",
        "url": "https://stacks.math.columbia.edu/tag/04WL",
        "source_filename": "examples-stacks.tex"
    },
    {
        "theorem": "Lemma 95.15.2.",
        "body": "  Up to a replacement as in Stacks, Remark \\ref{stacks-remark-stack-make-small} the functor $$ p : [[X/G]] \\longrightarrow (\\mathit{Sch}/S)_{fppf} $$ defines a stack in groupoids over $(\\mathit{Sch}/S)_{fppf}$. ",
        "label": "lemma-group-quotient-stack-in-groupoids",
        "tag": "0370",
        "url": "https://stacks.math.columbia.edu/tag/0370",
        "source_filename": "examples-stacks.tex"
    },
    {
        "theorem": "Proposition 95.15.3.",
        "body": "  In Situation \\ref{situation-quotient-stack} there exists a canonical equivalence $$ [X/G] \\longrightarrow [[X/G]] $$ of stacks in groupoids over $(\\mathit{Sch}/S)_{fppf}$. ",
        "label": "proposition-equal-quotient-stacks",
        "tag": "04WM",
        "url": "https://stacks.math.columbia.edu/tag/04WM",
        "source_filename": "examples-stacks.tex"
    },
    {
        "theorem": "Lemma 95.15.4.",
        "body": "  \\begin{slogan} The classifying stack of a group scheme or group algebraic space. \\end{slogan} Let $S$ be a scheme. Let $B$ be an algebraic space over $S$. Let $G$ be a group algebraic space over $B$. Then the stacks in groupoids $$ [B/G],\\quad [[B/G]],\\quad G\\textit{-Torsors},\\quad \\mathcal{G}/\\mathcal{B}\\textit{-Torsors} $$ are all canonically equivalent. If $G \\to B$ is flat and locally of finite presentation, then these are also equivalent to $G\\textit{-Principal}$. ",
        "label": "lemma-classifying-stacks",
        "tag": "0CQJ",
        "url": "https://stacks.math.columbia.edu/tag/0CQJ",
        "source_filename": "examples-stacks.tex"
    },
    {
        "theorem": "Remark 95.15.5.",
        "body": "  Let $S$ be a scheme. Let $G$ be an abstract group. Let $X$ be an algebraic space over $S$. Let $G \\to \\text{Aut}_S(X)$ be a group homomorphism. In this setting we can define $[[X/G]]$ similarly to the above as follows: \\begin{enumerate} \\item An object of $[[X/G]]$ consists of a triple $(U, P, \\varphi : P \\to X)$ where \\begin{enumerate} \\item $U$ is an object of $(\\mathit{Sch}/S)_{fppf}$, \\item $P$ is a sheaf on $(\\mathit{Sch}/U)_{fppf}$ which comes with an action of $G$ that turns it into a torsor under the constant sheaf with value $G$, and \\item $\\varphi : P \\to X$ is a $G$-equivariant map of sheaves. \\end{enumerate} \\item A morphism $(f, g) : (U, P, \\varphi) \\to (U', P', \\varphi')$ is given by a morphism of schemes $f : T \\to T'$ and a $G$-equivariant isomorphism $g : P \\to f^{-1}P'$ such that $\\varphi = \\varphi' \\circ g$. \\end{enumerate} In exactly the same manner as above we obtain a functor $$ [[X/G]] \\longrightarrow (\\mathit{Sch}/S)_{fppf} $$ which turns $[[X/G]]$ into a stack in groupoids over $(\\mathit{Sch}/S)_{fppf}$. The constant sheaf $\\underline{G}$ is (provided the cardinality of $G$ is not too large) representable by $G_S$ on $(\\mathit{Sch}/S)_{fppf}$ and this version of $[[X/G]]$ is equivalent to the stack $[[X/G_S]]$ introduced above. ",
        "label": "remark-X-mod-G-group",
        "tag": "0371",
        "url": "https://stacks.math.columbia.edu/tag/0371",
        "source_filename": "examples-stacks.tex"
    },
    {
        "theorem": "Lemma 95.16.1.",
        "body": "  Up to a replacement as in Stacks, Remark \\ref{stacks-remark-stack-make-small} the functor $$ \\mathcal{P}\\!\\mathit{ic}_{X/B} \\longrightarrow (\\mathit{Sch}/S)_{fppf} $$ defines a stack in groupoids over $(\\mathit{Sch}/S)_{fppf}$. ",
        "label": "lemma-picard-stack",
        "tag": "04WN",
        "url": "https://stacks.math.columbia.edu/tag/04WN",
        "source_filename": "examples-stacks.tex"
    },
    {
        "theorem": "Example 95.17.1.",
        "body": "  Let $S$ be a scheme. Let $G$ be a commutative group. Let $X \\to S$ be a scheme over $S$. Let $a : G \\times X \\to X$ be an action of $G$ on $X$. For $g \\in G$ we denote $g : X \\to X$ the corresponding automorphism. In this case the inertia stack of $[X/G]$ (see Remark \\ref{remark-X-mod-G-group}) is given by $$ I_{[X/G]} = \\coprod\\nolimits_{g\\in G} [X^g/G], $$ where, given an element $g$ of $G$, the symbol $X^g$ denotes the scheme $X^g = \\{x \\in X \\mid g(x) = x\\}$. In a formula $X^g$ is really the fibre product $$ X^g =  X \\times_{(1, 1), X \\times_S X, (g, 1)} X. $$ Indeed, for any $S$-scheme $T$, a $T$-point on the inertia stack of $[X/G]$ consists of a triple $(P/T, \\phi, \\alpha)$ consisting of an fppf $G$-torsor $P \\to T$ together with a $G$-equivariant morphism $\\phi : P \\to X$, together with an automorphism $\\alpha$ of $P$ over $T$ such that $\\phi \\circ \\alpha = \\phi$. Since $G$ is a sheaf of \\emph{commutative} groups, $\\alpha$ is, locally in the fppf topology over $T$, given by multiplication by some element $g$ of $G$. The condition that $\\phi \\circ \\alpha = \\phi$ means that $\\phi$ factors through the inclusion of $X^g$ in $X$, i.e., $\\phi$ is obtained by composing that inclusion with a morphism $P \\to X^g$. The above discussion allows us to define a morphism of fibred categories $I_{[X/G]} \\to \\coprod_{g\\in G} [X^g/G]$ given on $T$-points by the discussion above. We omit showing that this is an equivalence. ",
        "label": "example-inertia-stack-of-X-mod-G",
        "tag": "0374",
        "url": "https://stacks.math.columbia.edu/tag/0374",
        "source_filename": "examples-stacks.tex"
    },
    {
        "theorem": "Example 95.17.2.",
        "body": "  Let $f : X \\to S$ be a morphism of schemes. Assume that for any $T \\to S$ the base change $f_T : X_T \\to T$ has the property that the map $\\mathcal{O}_T \\to f_{T, *}\\mathcal{O}_{X_T}$ is an isomorphism. (This implies that $f$ is {\\it cohomologically flat in dimension $0$} (insert future reference here) but is stronger.) Consider the Picard stack $\\mathcal{P}\\!\\mathit{ic}_{X/S}$, see Section \\ref{section-picard-stack}. The points of its inertia stack over an $S$-scheme $T$ consist of pairs $(\\mathcal{L}, \\alpha)$ where $\\mathcal{L}$ is a line bundle on $X_T$ and $\\alpha$ is an automorphism of that line bundle. I.e., we can think of $\\alpha$ as an element of $H^0(X_T, \\mathcal{O}_{X_T})^\\times = H^0(T, \\mathcal{O}_T^*)$ by our condition. Note that $H^0(T, \\mathcal{O}_T^*) = \\mathbf{G}_{m, S}(T)$, see Groupoids, Example \\ref{groupoids-example-multiplicative-group}. Hence the inertia stack of $\\mathcal{P}\\!\\mathit{ic}_{X/S}$ is $$ I_{\\mathcal{P}\\!\\mathit{ic}_{X/S}} = \\mathbf{G}_{m, S} \\times_S \\mathcal{P}\\!\\mathit{ic}_{X/S}. $$ as a stack over $(\\mathit{Sch}/S)_{fppf}$. ",
        "label": "example-inertia-stack-of-picard",
        "tag": "0375",
        "url": "https://stacks.math.columbia.edu/tag/0375",
        "source_filename": "examples-stacks.tex"
    },
    {
        "theorem": "Lemma 95.18.1.",
        "body": "  The category $\\mathcal{H}_d(\\mathcal{X}/\\mathcal{Y})$ endowed with the functor $p$ above defines a stack in groupoids over $(\\mathit{Sch}/S)_{fppf}$. ",
        "label": "lemma-hilbert-d-stack",
        "tag": "05WB",
        "url": "https://stacks.math.columbia.edu/tag/05WB",
        "source_filename": "examples-stacks.tex"
    },
    {
        "theorem": "Definition 95.18.2.",
        "body": "  We will denote $\\mathcal{H}_d(\\mathcal{X}/\\mathcal{Y})$ the {\\it degree $d$ finite Hilbert stack of $\\mathcal{X}$ over $\\mathcal{Y}$} constructed above. If $\\mathcal{Y} = S$ we write $\\mathcal{H}_d(\\mathcal{X}) = \\mathcal{H}_d(\\mathcal{X}/\\mathcal{Y})$. If $\\mathcal{X} = \\mathcal{Y} = S$ we denote it $\\mathcal{H}_d$. ",
        "label": "definition-hilbert-d-stack",
        "tag": "05WC",
        "url": "https://stacks.math.columbia.edu/tag/05WC",
        "source_filename": "examples-stacks.tex"
    },
    {
        "theorem": "Lemma 95.18.3.",
        "body": "  The $1$-morphism $\\mathcal{H}_d(\\mathcal{X}/\\mathcal{Y}) \\to \\mathcal{H}_d(\\mathcal{X})$ is faithful. ",
        "label": "lemma-faithful-hilbert",
        "tag": "05XV",
        "url": "https://stacks.math.columbia.edu/tag/05XV",
        "source_filename": "examples-stacks.tex"
    }
]