[
    {
        "theorem": "Lemma 110.4.1.",
        "body": "  There exists an inverse system of quasi-compact topological spaces over $\\mathbf{N}$ whose limit is not quasi-compact. ",
        "label": "lemma-lim-not-quasi-compact",
        "tag": "09ZK",
        "url": "https://stacks.math.columbia.edu/tag/09ZK",
        "source_filename": "examples.tex"
    },
    {
        "theorem": "Lemma 110.7.1.",
        "body": "  There exists a local ring $R$ and a maximal ideal $\\mathfrak m$ such that the completion $R^\\wedge$ of $R$ with respect to $\\mathfrak m$ has the following properties \\begin{enumerate} \\item $R^\\wedge$ is local, but its maximal ideal is not equal to $\\mathfrak m R^\\wedge$, \\item $R^\\wedge$ is not a complete local ring, and \\item $R^\\wedge$ is not $\\mathfrak m$-adically complete as an $R$-module. \\end{enumerate} ",
        "label": "lemma-noncomplete-completion",
        "tag": "05JC",
        "url": "https://stacks.math.columbia.edu/tag/05JC",
        "source_filename": "examples.tex"
    },
    {
        "theorem": "Lemma 110.8.1.",
        "body": "  There exists a ring $R$ complete with respect to a principal ideal $I$ and a principal ideal $J$ such that $R/J$ is not $I$-adically complete. ",
        "label": "lemma-noncomplete-quotient",
        "tag": "05JE",
        "url": "https://stacks.math.columbia.edu/tag/05JE",
        "source_filename": "examples.tex"
    },
    {
        "theorem": "Lemma 110.9.1.",
        "body": "  \\begin{slogan} Completion is neither left nor right exact in general. \\end{slogan} Completion is not an exact functor in general; it is not even right exact in general. This holds even when $I$ is finitely generated on the category of finitely presented modules. ",
        "label": "lemma-completion-not-exact",
        "tag": "05JG",
        "url": "https://stacks.math.columbia.edu/tag/05JG",
        "source_filename": "examples.tex"
    },
    {
        "theorem": "Lemma 110.10.1.",
        "body": "  Let $R$ be a ring and let $I \\subset R$ be a finitely generated ideal. The category of $I$-adically complete $R$-modules has kernels and cokernels but is not abelian in general. ",
        "label": "lemma-complete-modules-not-abelian",
        "tag": "07JR",
        "url": "https://stacks.math.columbia.edu/tag/07JR",
        "source_filename": "examples.tex"
    },
    {
        "theorem": "Lemma 110.11.1.",
        "body": "  Let $A$ be a ring and let $I \\subset A$ be an ideal. The category $\\mathcal{C}$ of derived complete modules is abelian and the inclusion functor $F : \\mathcal{C} \\to \\text{Mod}_A$ is exact and commutes with arbitrary limits. If $I$ is finitely generated, then $\\mathcal{C}$ has arbitrary direct sums and colimits, but $F$ does not commute with these in general. Finally, filtered colimits are not exact in $\\mathcal{C}$ in general, hence $\\mathcal{C}$ is not a Grothendieck abelian category. ",
        "label": "lemma-derived-complete-modules",
        "tag": "0ARD",
        "url": "https://stacks.math.columbia.edu/tag/0ARD",
        "source_filename": "examples.tex"
    },
    {
        "theorem": "Lemma 110.12.1.",
        "body": "  Let $R$ be a ring. Let $M$ be an $R$-module which is countable. Then $M$ is a finite $R$-module if and only if $M \\otimes_R R^\\mathbf{N} \\to M^\\mathbf{N}$ is surjective. ",
        "label": "lemma-countable-fg-tensor",
        "tag": "0AL9",
        "url": "https://stacks.math.columbia.edu/tag/0AL9",
        "source_filename": "examples.tex"
    },
    {
        "theorem": "Lemma 110.12.2.",
        "body": "  Let $R$ be a countable ring. Let $M$ be a countable $R$-module. Then $M$ is finitely presented if and only if the canonical map $M \\otimes_R R^\\mathbf{N} \\to M^\\mathbf{N}$ is an isomorphism. ",
        "label": "lemma-countable-fp-tensor",
        "tag": "0ALA",
        "url": "https://stacks.math.columbia.edu/tag/0ALA",
        "source_filename": "examples.tex"
    },
    {
        "theorem": "Lemma 110.12.3.",
        "body": "  Let $R$ be a countable ring. Then $R$ is coherent if and only if $R^\\mathbf{N}$ is a flat $R$-module. ",
        "label": "lemma-countable-coherent",
        "tag": "0ALB",
        "url": "https://stacks.math.columbia.edu/tag/0ALB",
        "source_filename": "examples.tex"
    },
    {
        "theorem": "Lemma 110.12.4.",
        "body": "  There exists a ring such that the completion $R[[x]]$ of $R[x]$ at $(x)$ is not flat over $R$ and a fortiori not flat over $R[x]$. ",
        "label": "lemma-completion-polynomial-ring-not-flat",
        "tag": "0ALC",
        "url": "https://stacks.math.columbia.edu/tag/0ALC",
        "source_filename": "examples.tex"
    },
    {
        "theorem": "Lemma 110.12.5.",
        "body": "  Let $R$ be a domain with fraction field $K$. If $R[[x]]$ is flat over $R[x]$, then $R$ is normal if and only if $R$ is completely normal (Algebra, Definition \\ref{algebra-definition-almost-integral}). ",
        "label": "lemma-almost-integral-when-powerseries-flat",
        "tag": "0F1Y",
        "url": "https://stacks.math.columbia.edu/tag/0F1Y",
        "source_filename": "examples.tex"
    },
    {
        "theorem": "Lemma 110.12.6.",
        "body": "  If $R$ is a valuation ring of dimension $> 1$, then $R[[x]]$ is flat over $R$ but not flat over $R[x]$. ",
        "label": "lemma-completion-polynomial-ring-not-flat-bis",
        "tag": "0F1Z",
        "url": "https://stacks.math.columbia.edu/tag/0F1Z",
        "source_filename": "examples.tex"
    },
    {
        "theorem": "Lemma 110.12.7.",
        "body": "  There exists a ring $A$ complete with respect to a principal ideal $I$ and an element $f \\in A$ such that the $I$-adic completion $A_f^\\wedge$ of $A_f$ is not flat over $A$. ",
        "label": "lemma-nonflat-completion-localization",
        "tag": "0ALE",
        "url": "https://stacks.math.columbia.edu/tag/0ALE",
        "source_filename": "examples.tex"
    },
    {
        "theorem": "Lemma 110.13.1.",
        "body": "  The category of quasi-coherent\\footnote{With quasi-coherent modules as defined above. Due to how things are setup in the Stacks project, this is really the correct definition; as seen above our definition agrees with what one would naively have defined to be quasi-coherent modules on $\\text{Spf}(A)$, namely complete $A$-modules.} modules on a formal algebraic space $X$ is not abelian in general, even if $X$ is a Noetherian affine formal algebraic space. ",
        "label": "lemma-quasi-coherent-not-abelian",
        "tag": "0ALG",
        "url": "https://stacks.math.columbia.edu/tag/0ALG",
        "source_filename": "examples.tex"
    },
    {
        "theorem": "Lemma 110.14.1.",
        "body": "  There exists a ring $R$ and a nonsplit sequence of modules which becomes split Zariski locally. ",
        "label": "lemma-nonsplit-locally-split",
        "tag": "0H7G",
        "url": "https://stacks.math.columbia.edu/tag/0H7G",
        "source_filename": "examples.tex"
    },
    {
        "theorem": "Lemma 110.15.1.",
        "body": "  There exists a local ring $R$ and a regular sequence $x, y, z$ (in the maximal ideal) such that there exists a nonzero element $\\delta \\in R/zR$ with $x\\delta = y\\delta = 0$. ",
        "label": "lemma-strange-regular-sequence",
        "tag": "0640",
        "url": "https://stacks.math.columbia.edu/tag/0640",
        "source_filename": "examples.tex"
    },
    {
        "theorem": "Lemma 110.15.2.",
        "body": "  There exists a local homomorphism of local rings $A \\to B$ and a regular sequence $x, y$ in the maximal ideal of $B$ such that $B/(x, y)$ is flat over $A$, but such that the images $\\overline{x}, \\overline{y}$ of $x, y$ in $B/\\mathfrak m_AB$ do not form a regular sequence, nor even a Koszul-regular sequence. ",
        "label": "lemma-base-change-regular-sequence",
        "tag": "0641",
        "url": "https://stacks.math.columbia.edu/tag/0641",
        "source_filename": "examples.tex"
    },
    {
        "theorem": "Lemma 110.18.1.",
        "body": "  There exists a local Noetherian $2$-dimensional domain $(B, \\mathfrak m)$ complete with respect to a principal ideal $I = (b)$ and an element $f \\in \\mathfrak m$, $f \\not \\in I$ such that the $I$-adic completion $C = (B_f)^\\wedge$ of the principal localization $B_f$ is nonreduced and even such that $C_b = C[1/b] = (B_f)^\\wedge[1/b]$ is nonreduced. ",
        "label": "lemma-nonreduced-recompletion",
        "tag": "0GHI",
        "url": "https://stacks.math.columbia.edu/tag/0GHI",
        "source_filename": "examples.tex"
    },
    {
        "theorem": "Lemma 110.21.1.",
        "body": "  There exists a Jacobson, universally catenary, Noetherian domain $B$ with maximal ideals $\\mathfrak m_1, \\mathfrak m_2$ such that $\\dim(B_{\\mathfrak m_1}) = 1$ and $\\dim(B_{\\mathfrak m_2}) = 2$. ",
        "label": "lemma-Noetherian-Jacobson",
        "tag": "0EEI",
        "url": "https://stacks.math.columbia.edu/tag/0EEI",
        "source_filename": "examples.tex"
    },
    {
        "theorem": "Example 110.22.1.",
        "body": "  Let $k$ be a field, and let $A = k[x_1, x_2, x_3, \\dots] / (x_1^2, x_2^2, x_3^2, \\dots)$.  Any prime ideal of $A$ contains the nilpotents $x_1, x_2, x_3, \\dots$, so $\\mathfrak p = (x_1, x_2, x_3, \\dots)$ is the only prime ideal of $A$.  Therefore the underlying topological space of $\\operatorname{Spec} A$ is a single point and in particular is Noetherian.  However $\\mathfrak p$ is clearly not finitely generated. ",
        "label": "example-many-variables",
        "tag": "0G62",
        "url": "https://stacks.math.columbia.edu/tag/0G62",
        "source_filename": "examples.tex"
    },
    {
        "theorem": "Example 110.22.2.",
        "body": "  Let $k$ be a field, and let $A \\subseteq k[x, y]$ be the subring generated by $k$ and the monomials $\\{xy^i\\}_{i \\ge 0}$.  The prime ideals of $A$ that do not contain $x$ are in one-to-one correspondence with the prime ideals of $A_x \\cong k[x, x^{-1}, y]$.  If $\\mathfrak p$ is a prime ideal that does contain $x$, then it contains every $xy^i$, $i \\ge 0$, because $(xy^i)^2 = x(xy^{2i}) \\in \\mathfrak p$ and $\\mathfrak p$ is radical.  Consequently $\\mathfrak p = (\\{xy^i\\}_{i \\ge 0})$.  Therefore the underlying topological space of $\\operatorname{Spec} A$ is Noetherian, since it consists of the points of the Noetherian scheme $\\mathop{\\mathrm{Spec}}(A[x, x^{-1}, y])$ and the prime ideal $\\mathfrak p$. But the ring $A$ is non-Noetherian because $\\mathfrak p$ is not finitely generated.  Note that in this example, $A$ also has the property of being a domain. ",
        "label": "example-many-mononials",
        "tag": "0G63",
        "url": "https://stacks.math.columbia.edu/tag/0G63",
        "source_filename": "examples.tex"
    },
    {
        "theorem": "Lemma 110.23.1.",
        "body": "  Let $k$ be a field. There exists a variety $X$ whose normalization is quasi-affine but which is itself not quasi-affine. ",
        "label": "lemma-quasi-affine-normalization-not-quasi-affine",
        "tag": "0272",
        "url": "https://stacks.math.columbia.edu/tag/0272",
        "source_filename": "examples.tex"
    },
    {
        "theorem": "Lemma 110.25.1.",
        "body": "  There exists a morphism $f : X \\to Y$ of finite presentation between affine schemes and a locally closed subset $T$ of $X$ such that $f(T)$ is not a finite union of locally closed subsets of $Y$. ",
        "label": "lemma-no-chevalley",
        "tag": "0GZM",
        "url": "https://stacks.math.columbia.edu/tag/0GZM",
        "source_filename": "examples.tex"
    },
    {
        "theorem": "Lemma 110.27.1.",
        "body": "  Nonexistence quasi-compact opens of affines: \\begin{enumerate} \\item There exist an affine scheme $S$ and affine open $U \\subset S$ such that there is no quasi-compact open $V \\subset S$ with $U \\cap V = \\emptyset$ and $U \\cup V$ dense in $S$. \\item There exists an affine scheme $S$ and a closed point $s \\in S$ such that $S \\setminus \\{s\\}$ does not contain a quasi-compact dense open. \\end{enumerate} ",
        "label": "lemma-complement-of-affine-does-not-contain-qc-dense-open",
        "tag": "086H",
        "url": "https://stacks.math.columbia.edu/tag/086H",
        "source_filename": "examples.tex"
    },
    {
        "theorem": "Lemma 110.27.2.",
        "body": "  There exists a quasi-compact and quasi-separated scheme $X$ which does not contain a separated quasi-compact dense open. ",
        "label": "lemma-no-dense-separated-quasi-compact-open-in-qcqs",
        "tag": "086I",
        "url": "https://stacks.math.columbia.edu/tag/086I",
        "source_filename": "examples.tex"
    },
    {
        "theorem": "Lemma 110.28.1.",
        "body": "  There exists a quasi-compact and quasi-separated algebraic space which does not contain a quasi-compact dense open subscheme. ",
        "label": "lemma-nonexistence-qc-dense-open-subscheme",
        "tag": "087I",
        "url": "https://stacks.math.columbia.edu/tag/087I",
        "source_filename": "examples.tex"
    },
    {
        "theorem": "Lemma 110.29.1.",
        "body": "  There exists a finite type morphism of algebraic spaces $Y \\to X$ with $Y$ affine and $X$ quasi-separated, such that there does not exist an immersion $Y \\to \\mathbf{A}^n_X$ over $X$. ",
        "label": "lemma-cannot-embed-into-affine",
        "tag": "088W",
        "url": "https://stacks.math.columbia.edu/tag/088W",
        "source_filename": "examples.tex"
    },
    {
        "theorem": "Lemma 110.30.1.",
        "body": "  Schemes, Lemma \\ref{schemes-lemma-push-forward-quasi-coherent} is sharp in the sense that one can neither drop the assumption of quasi-compactness nor the assumption of quasi-separatedness. ",
        "label": "lemma-pushforward-quasi-coherent",
        "tag": "078D",
        "url": "https://stacks.math.columbia.edu/tag/078D",
        "source_filename": "examples.tex"
    },
    {
        "theorem": "Lemma 110.32.1.",
        "body": "  There exists a domain $A$ and a nonzero ideal $I \\subset A$ such that $I_\\mathfrak q \\subset A_\\mathfrak q$ is a principal ideal for all primes $\\mathfrak q \\subset A$ but $I$ is not an invertible $A$-module. ",
        "label": "lemma-locally-principal-not-invertible",
        "tag": "0CC0",
        "url": "https://stacks.math.columbia.edu/tag/0CC0",
        "source_filename": "examples.tex"
    },
    {
        "theorem": "Lemma 110.33.1.",
        "body": "  Strange flat modules. \\begin{enumerate} \\item There exists a ring $R$ and a finite flat $R$-module $M$ which is not projective. \\item There exists a closed immersion which is flat but not open. \\end{enumerate} ",
        "label": "lemma-finite-flat-non-projective",
        "tag": "05FY",
        "url": "https://stacks.math.columbia.edu/tag/05FY",
        "source_filename": "examples.tex"
    },
    {
        "theorem": "Lemma 110.34.1.",
        "body": "  Let $R$ be a ring. Let $I \\subset R$ be an ideal generated by a countable collection of idempotents. Then $I$ is projective as an $R$-module. ",
        "label": "lemma-ideal-generated-by-idempotents-projective",
        "tag": "05WH",
        "url": "https://stacks.math.columbia.edu/tag/05WH",
        "source_filename": "examples.tex"
    },
    {
        "theorem": "Lemma 110.34.2.",
        "body": "  There exists a ring $R$ and an ideal $I$ such that $I$ is projective as an $R$-module but not locally free as an $R$-module. ",
        "label": "lemma-ideal-projective-not-locally-free",
        "tag": "05WJ",
        "url": "https://stacks.math.columbia.edu/tag/05WJ",
        "source_filename": "examples.tex"
    },
    {
        "theorem": "Remark 110.34.3.",
        "body": "  The example above where $R = \\prod_{n \\in \\mathbf{N}} \\mathbf{F}_2$ and $I$ the ideal generated by the idempotents $e_n = (1, 1, \\ldots, 1, 0, \\ldots )$ also gives us an example $M = I$ of a non-finitely generated projective module whose dual is finitely generated and even finite free. Namely, using the strategy in the proof of Lemma \\ref{lemma-ideal-generated-by-idempotents-projective} the reader shows that $\\mathop{\\mathrm{Hom}}\\nolimits_R(I, R) \\cong R$. ",
        "label": "remark-projective-with-dual-finite-not-finite",
        "tag": "0H8D",
        "url": "https://stacks.math.columbia.edu/tag/0H8D",
        "source_filename": "examples.tex"
    },
    {
        "theorem": "Lemma 110.34.4.",
        "body": "  Let $K$ be a field. Let $C_i$, $i = 1, \\ldots, n$ be smooth, projective, geometrically irreducible curves over $K$. Let $P_i \\in C_i(K)$ be a rational point and let $Q_i \\in C_i$ be a point such that $[\\kappa(Q_i) : K] = 2$. Then $[P_1 \\times \\ldots \\times P_n]$ is nonzero in $\\mathop{\\mathrm{CH}}\\nolimits_0(U_1 \\times_K \\ldots \\times_K U_n)$ where $U_i = C_i \\setminus \\{Q_i\\}$. ",
        "label": "lemma-chow-group-product",
        "tag": "05WK",
        "url": "https://stacks.math.columbia.edu/tag/05WK",
        "source_filename": "examples.tex"
    },
    {
        "theorem": "Lemma 110.34.5.",
        "body": "  There exists a countable ring $R$ and a projective module $M$ which is a direct sum of countably many locally free rank $1$ modules such that $M$ is not locally free. ",
        "label": "lemma-projective-not-locally-free",
        "tag": "05WL",
        "url": "https://stacks.math.columbia.edu/tag/05WL",
        "source_filename": "examples.tex"
    },
    {
        "theorem": "Lemma 110.35.1.",
        "body": "  \\begin{slogan} Zero dimensional ring with flat ideal. \\end{slogan} There exists a local ring $R$ with a unique prime ideal and a nonzero ideal $I \\subset R$ which is a flat $R$-module ",
        "label": "lemma-zero-dimensional-flat-ideal",
        "tag": "05G0",
        "url": "https://stacks.math.columbia.edu/tag/05G0",
        "source_filename": "examples.tex"
    },
    {
        "theorem": "Lemma 110.36.1.",
        "body": "  There exists an epimorphism of local rings of dimension $0$ which is not a surjection. ",
        "label": "lemma-epi-not-surjective",
        "tag": "06RI",
        "url": "https://stacks.math.columbia.edu/tag/06RI",
        "source_filename": "examples.tex"
    },
    {
        "theorem": "Lemma 110.37.1.",
        "body": "  There exists a local ring $A$, a finite type ring map $A \\to B$ and a prime $\\mathfrak q$ lying over $\\mathfrak m_A$ such that $B_{\\mathfrak q}$ is flat over $A$, and for any element $g \\in B$, $g \\not \\in \\mathfrak q$ the ring $B_g$ is neither finitely presented over $A$ nor flat over $A$. ",
        "label": "lemma-example-raynaud-gruson",
        "tag": "05G2",
        "url": "https://stacks.math.columbia.edu/tag/05G2",
        "source_filename": "examples.tex"
    },
    {
        "theorem": "Lemma 110.38.1.",
        "body": "  There exist examples of \\begin{enumerate} \\item a flat finite type ring map with geometrically irreducible complete intersection fibre rings which is not of finite presentation, \\item a flat finite type ring map with geometrically connected, geometrically reduced, dimension 1, complete intersection fibre rings which is not of finite presentation, \\item a proper flat morphism of schemes $X \\to S$ each of whose fibres is isomorphic to either $\\mathbf{P}^1_s$ or to the vanishing locus of $X_1X_2$ in $\\mathbf{P}^2_s$ which is not of finite presentation, and \\item a proper flat morphism of schemes $X \\to S$ each of whose fibres is isomorphic to either $\\mathbf{P}^1_s$ or $\\mathbf{P}^2_s$ which is not of finite presentation. \\end{enumerate} ",
        "label": "lemma-finite-type-flat-not-finitely-presented",
        "tag": "05LC",
        "url": "https://stacks.math.columbia.edu/tag/05LC",
        "source_filename": "examples.tex"
    },
    {
        "theorem": "Lemma 110.39.1.",
        "body": "  There exists a local homomorphism $A \\to B$ of local domains which is essentially of finite type and such that $A/\\mathfrak m_A \\to B/\\mathfrak m_B$ is finite such that for every prime $\\mathfrak q \\not = \\mathfrak m_B$ of $B$ the ring map $A \\to B/\\mathfrak q$ is not the localization of a quasi-finite ring map. ",
        "label": "lemma-topology-finite-type",
        "tag": "05JI",
        "url": "https://stacks.math.columbia.edu/tag/05JI",
        "source_filename": "examples.tex"
    },
    {
        "theorem": "Lemma 110.40.1.",
        "body": "  There exists a morphism of affine schemes of finite presentation $X \\to S$ and an $\\mathcal{O}_X$-module $\\mathcal{F}$ of finite presentation such that $\\mathcal{F}$ is pure relative to $S$, but not universally pure relative to $S$. ",
        "label": "lemma-pure-not-universally-pure",
        "tag": "05JK",
        "url": "https://stacks.math.columbia.edu/tag/05JK",
        "source_filename": "examples.tex"
    },
    {
        "theorem": "Lemma 110.41.1.",
        "body": "  There exists a formally smooth ring map which is not flat. ",
        "label": "lemma-formally-smooth-nonflat",
        "tag": "057W",
        "url": "https://stacks.math.columbia.edu/tag/057W",
        "source_filename": "examples.tex"
    },
    {
        "theorem": "Lemma 110.42.1.",
        "body": "  There exist formally \\'etale nonflat ring maps. ",
        "label": "lemma-formally-etale-not-presented",
        "tag": "060I",
        "url": "https://stacks.math.columbia.edu/tag/060I",
        "source_filename": "examples.tex"
    },
    {
        "theorem": "Lemma 110.43.1.",
        "body": "  There exists a formally \\'etale surjective ring map $A \\to B$ with $L_{B/A}$ not equal to zero. ",
        "label": "lemma-formally-etale-nontrivial-cotangent-complex",
        "tag": "06E6",
        "url": "https://stacks.math.columbia.edu/tag/06E6",
        "source_filename": "examples.tex"
    },
    {
        "theorem": "Lemma 110.44.1.",
        "body": "  Let $A = \\mathbb{F}_p[T]$ be the polynomial ring in one variable over $\\mathbb{F}_p$. Let $A_{perf}$  denote the perfect closure of $A$. Then $A \\rightarrow A_{perf}$ is flat and formally unramified, but not formally \\'etale. ",
        "label": "lemma-perfect-closure-polynomial-ring",
        "tag": "0G65",
        "url": "https://stacks.math.columbia.edu/tag/0G65",
        "source_filename": "examples.tex"
    },
    {
        "theorem": "Lemma 110.44.2.",
        "body": "  Let $(A, \\mathfrak m, \\kappa)$ be a Noetherian local ring of prime characteristic $p > 0$ such that $[\\kappa : \\kappa^p] < \\infty$. Then the  canonical map  $A \\to A^\\wedge$ to the completion of $A$ is flat and formally unramified. However, if $A$ is regular but not excellent, then this map is not formally \\'etale. ",
        "label": "lemma-completion-etale",
        "tag": "0G66",
        "url": "https://stacks.math.columbia.edu/tag/0G66",
        "source_filename": "examples.tex"
    },
    {
        "theorem": "Remark 110.44.3.",
        "body": "  Non-excellent regular rings whose residue fields have a finite $p$-basis can be constructed even in the function field of $\\mathbb{P}^2_k$, over a characteristic $p$ field $k = \\overline{k}$. See \\cite[$\\mathsection 4.1$]{DS18}. ",
        "label": "remark-reference-existence-regular-nonexcellent-rings",
        "tag": "0G67",
        "url": "https://stacks.math.columbia.edu/tag/0G67",
        "source_filename": "examples.tex"
    },
    {
        "theorem": "Lemma 110.44.4.",
        "body": "  Let $(A, \\mathfrak m, \\kappa)$ be a regular local ring of characteristic $p > 0$. Suppose $[\\kappa : \\kappa^p] < \\infty$. Then $A$ is excellent if and only if $A \\to A^\\wedge$ is formally \\'etale. ",
        "label": "lemma-excellent-regular-local-rings",
        "tag": "0G68",
        "url": "https://stacks.math.columbia.edu/tag/0G68",
        "source_filename": "examples.tex"
    },
    {
        "theorem": "Lemma 110.45.1.",
        "body": "  There exists an affine scheme $X = \\mathop{\\mathrm{Spec}}(A)$ and a closed subscheme $T \\subset X$ such that $T$ is Zariski locally on $X$ cut out by ideals generated by idempotents, but $T$ is not cut out by an ideal generated by idempotents. ",
        "label": "lemma-not-generated-idempotents",
        "tag": "04QL",
        "url": "https://stacks.math.columbia.edu/tag/04QL",
        "source_filename": "examples.tex"
    },
    {
        "theorem": "Lemma 110.46.1.",
        "body": "  There is a ring map $A \\to B$ which identifies local rings but which is not ind-\\'etale. A fortiori it is not ind-Zariski. ",
        "label": "lemma-not-ind-etale",
        "tag": "09AP",
        "url": "https://stacks.math.columbia.edu/tag/09AP",
        "source_filename": "examples.tex"
    },
    {
        "theorem": "Lemma 110.47.1.",
        "body": "  There exists an affine scheme $X = \\mathop{\\mathrm{Spec}}(A)$ and an injective $A$-module $J$ such that $\\widetilde{J}$ is not a flasque sheaf on $X$. Even the restriction $\\Gamma(X, \\widetilde{J}) \\to \\Gamma(U, \\widetilde{J})$ with $U$ a standard open need not be surjective. ",
        "label": "lemma-nonflasque",
        "tag": "0274",
        "url": "https://stacks.math.columbia.edu/tag/0274",
        "source_filename": "examples.tex"
    },
    {
        "theorem": "Lemma 110.47.2.",
        "body": "  There exists an affine scheme $X = \\mathop{\\mathrm{Spec}}(A)$ whose underlying topological space is Noetherian and an injective $A$-module $I$ such that $\\widetilde{I}$ has nonvanishing $H^1$ on some quasi-compact open $U$ of $X$. ",
        "label": "lemma-nonvanishing",
        "tag": "0CRZ",
        "url": "https://stacks.math.columbia.edu/tag/0CRZ",
        "source_filename": "examples.tex"
    },
    {
        "theorem": "Lemma 110.48.1.",
        "body": "  There exists a flat group scheme of finite type over the affine line which is not separated. ",
        "label": "lemma-non-separated-group-scheme",
        "tag": "06E8",
        "url": "https://stacks.math.columbia.edu/tag/06E8",
        "source_filename": "examples.tex"
    },
    {
        "theorem": "Lemma 110.48.2.",
        "body": "  There exists a flat group scheme of finite type over the infinite dimensional affine space which is not quasi-separated. ",
        "label": "lemma-non-quasi-separated-group-scheme",
        "tag": "08IX",
        "url": "https://stacks.math.columbia.edu/tag/08IX",
        "source_filename": "examples.tex"
    },
    {
        "theorem": "Lemma 110.49.1.",
        "body": "  There exists a group scheme $G$ over a base $S$ whose identity component is flat over $S$ but which is not flat over $S$. ",
        "label": "lemma-non-flat-group-scheme",
        "tag": "06RK",
        "url": "https://stacks.math.columbia.edu/tag/06RK",
        "source_filename": "examples.tex"
    },
    {
        "theorem": "Lemma 110.50.1.",
        "body": "  There exists a group algebraic space of finite type over a field which is not separated (and not even quasi-separated or locally separated). ",
        "label": "lemma-non-separated-group-space",
        "tag": "06EA",
        "url": "https://stacks.math.columbia.edu/tag/06EA",
        "source_filename": "examples.tex"
    },
    {
        "theorem": "Lemma 110.51.1.",
        "body": "  There exists an \\'etale morphism of algebraic spaces $f : X \\to Y$ and a nontrivial specialization of points $x \\leadsto x'$ in $|X|$ with $f(x) = f(x')$ in $|Y|$. ",
        "label": "lemma-specializations-fibre-etale",
        "tag": "06UK",
        "url": "https://stacks.math.columbia.edu/tag/06UK",
        "source_filename": "examples.tex"
    },
    {
        "theorem": "Lemma 110.52.1.",
        "body": "  Let $S$ be a scheme. Let $G$ be a group scheme over $S$. The stack $G\\textit{-Principal}$ classifying principal homogeneous $G$-spaces (see Examples of Stacks, Subsection \\ref{examples-stacks-subsection-principal-homogeneous-spaces}) and the stack $G\\textit{-Torsors}$ classifying fppf $G$-torsors (see Examples of Stacks, Subsection \\ref{examples-stacks-subsection-fppf-torsors}) are not equivalent in general. ",
        "label": "lemma-torsors-principal-spaces-not-equal",
        "tag": "077B",
        "url": "https://stacks.math.columbia.edu/tag/077B",
        "source_filename": "examples.tex"
    },
    {
        "theorem": "Lemma 110.53.1.",
        "body": "  Let $k$ be a field. Let $G$ be an affine group scheme over $k$. If the stack $[\\mathop{\\mathrm{Spec}}(k)/G]$ has a smooth covering by a scheme, then $G$ is of finite type over $k$. ",
        "label": "lemma-BG-algebraic",
        "tag": "04AH",
        "url": "https://stacks.math.columbia.edu/tag/04AH",
        "source_filename": "examples.tex"
    },
    {
        "theorem": "Lemma 110.54.1.",
        "body": "  Let $S$ be a nonempty scheme. There exists a stack in groupoids $p : \\mathcal{X} \\to (\\mathit{Sch}/S)_{fppf}$ such that $p$ is limit preserving on objects, but $\\mathcal{X}$ is not limit preserving. ",
        "label": "lemma-limit-preserving-on-objects-not-limit-preserving",
        "tag": "07Z1",
        "url": "https://stacks.math.columbia.edu/tag/07Z1",
        "source_filename": "examples.tex"
    },
    {
        "theorem": "Lemma 110.56.1.",
        "body": "  There exists a functor $F : \\mathit{Sch}^{opp} \\to \\textit{Sets}$ which satisfies the sheaf condition for the fpqc topology, has representable diagonal $\\Delta : F \\to F \\times F$, and such that there exists a surjective, flat, universally open, quasi-compact morphism $U \\to F$ where $U$ is a scheme, but such that $F$ is not an algebraic space. ",
        "label": "lemma-not-algebraic",
        "tag": "078F",
        "url": "https://stacks.math.columbia.edu/tag/078F",
        "source_filename": "examples.tex"
    },
    {
        "theorem": "Lemma 110.57.1.",
        "body": "  There exists a sheaf of abelian groups $G$ on $\\mathit{Sch}_{\\acute{e}tale}$ with the following properties \\begin{enumerate} \\item $G(X) = 0$ whenever $\\dim(X) < n$, \\item $G(X)$ is not zero if $\\dim(X) \\geq n$, and \\item if $X \\subset X'$ is a thickening, then $G(X) = G(X')$. \\end{enumerate} ",
        "label": "lemma-sheaf-zero-on-low-dimension",
        "tag": "05LE",
        "url": "https://stacks.math.columbia.edu/tag/05LE",
        "source_filename": "examples.tex"
    },
    {
        "theorem": "Remark 110.57.2.",
        "body": "  Here are some remarks: \\begin{enumerate} \\item The presheaves $F$ and $F_n$ are separated presheaves. \\item It turns out that $F$, $F_n$ are not sheaves. \\item One can show that $G$, $G_n$ is actually a sheaf for the fppf topology. \\end{enumerate} We will prove these results if we need them. ",
        "label": "remark-specialization",
        "tag": "05LF",
        "url": "https://stacks.math.columbia.edu/tag/05LF",
        "source_filename": "examples.tex"
    },
    {
        "theorem": "Lemma 110.58.1.",
        "body": "  There exists a sheaf of abelian groups $G$ on $\\mathit{Sch}_{\\acute{e}tale}$ with the following properties \\begin{enumerate} \\item $G(\\mathop{\\mathrm{Spec}}(k)) = 0$ whenever $k$ is a field, \\item $G$ is limit preserving, \\item if $X \\subset X'$ is a thickening, then $G(X) = G(X')$, and \\item $G$ is not zero. \\end{enumerate} ",
        "label": "lemma-weird-sheaf",
        "tag": "05LH",
        "url": "https://stacks.math.columbia.edu/tag/05LH",
        "source_filename": "examples.tex"
    },
    {
        "theorem": "Lemma 110.59.1.",
        "body": "  The lisse-\\'etale site is not functorial, even for morphisms of schemes. ",
        "label": "lemma-lisse-etale-not-functorial",
        "tag": "07BG",
        "url": "https://stacks.math.columbia.edu/tag/07BG",
        "source_filename": "examples.tex"
    },
    {
        "theorem": "Lemma 110.60.1.",
        "body": "  With $S = \\mathop{\\mathrm{Spec}}(\\mathbf{F}_p)$ the inclusion functor $(\\textit{Noetherian}/S)_{fppf} \\to (\\mathit{Sch}/S)_{fppf}$ does not define a morphism of sites. ",
        "label": "lemma-not-a-morphism-of-sites-noetherian-to-all",
        "tag": "0GE9",
        "url": "https://stacks.math.columbia.edu/tag/0GE9",
        "source_filename": "examples.tex"
    },
    {
        "theorem": "Lemma 110.61.1.",
        "body": "  Let $\\mathcal{X}$ be an algebraic stack. Let $K$ be an object of $D(\\mathcal{O}_\\mathcal{X})$ whose cohomology sheaves are locally quasi-coherent (Sheaves on Stacks, Definition \\ref{stacks-sheaves-definition-locally-quasi-coherent}) and satisfy the flat base change property (Cohomology of Stacks, Definition \\ref{stacks-cohomology-definition-flat-base-change}). Then there exists a distinguished triangle $$ K \\to \\prod\\nolimits_{n \\geq 0} \\tau_{\\geq -n} K \\to \\prod\\nolimits_{n \\geq 0} \\tau_{\\geq -n} K \\to K[1] $$ in $D(\\mathcal{O}_\\mathcal{X})$. In other words, $K$ is the derived limit of its canonical truncations. ",
        "label": "lemma-is-limit",
        "tag": "08IY",
        "url": "https://stacks.math.columbia.edu/tag/08IY",
        "source_filename": "examples.tex"
    },
    {
        "theorem": "Lemma 110.61.2.",
        "body": "  Let $\\mathcal{X}$ be an algebraic stack. If $\\mathcal{F}_n$ is a collection of locally quasi-coherent sheaves with the flat base change property on $\\mathcal{X}$, then $\\oplus_n \\mathcal{F}_n[n] \\to \\prod_n \\mathcal{F}_n[n]$ is an isomorphism in $D(\\mathcal{O}_\\mathcal{X})$. ",
        "label": "lemma-sum-is-product",
        "tag": "08IZ",
        "url": "https://stacks.math.columbia.edu/tag/08IZ",
        "source_filename": "examples.tex"
    },
    {
        "theorem": "Lemma 110.61.3.",
        "body": "  A quasi-compact and quasi-separated morphism $f : \\mathcal{X} \\to \\mathcal{Y}$ of algebraic stacks need not induce a functor $Rf_* : D_\\mathit{QCoh}(\\mathcal{O}_\\mathcal{X}) \\to D_\\mathit{QCoh}(\\mathcal{O}_\\mathcal{Y})$. ",
        "label": "lemma-push-not-OK",
        "tag": "07DD",
        "url": "https://stacks.math.columbia.edu/tag/07DD",
        "source_filename": "examples.tex"
    },
    {
        "theorem": "Lemma 110.62.1.",
        "body": "  There exists a ``big'' abelian category $\\mathcal{A}$ whose $\\mathop{\\mathrm{Ext}}\\nolimits$-groups are proper classes. ",
        "label": "lemma-big-abelian-category",
        "tag": "07JT",
        "url": "https://stacks.math.columbia.edu/tag/07JT",
        "source_filename": "examples.tex"
    },
    {
        "theorem": "Lemma 110.63.1.",
        "body": "  There exists a reduced scheme $X$ and a schematically dense open $U \\subset X$ such that some weakly associated point $x \\in X$ is not in $U$. ",
        "label": "lemma-example-schematically-dense-missing-weakly-associated-point",
        "tag": "084K",
        "url": "https://stacks.math.columbia.edu/tag/084K",
        "source_filename": "examples.tex"
    },
    {
        "theorem": "Lemma 110.64.1.",
        "body": "  There exists a ring $R$, a distinguished triangle $(K, L, M, \\alpha, \\beta, \\gamma)$ in the homotopy category $K(R)$, and an endomorphism $(a, b, c)$ of this distinguished triangle, such that $K$, $L$, $M$ are perfect complexes and $\\text{Tr}_K(a) + \\text{Tr}_M(c) \\not = \\text{Tr}_L(b)$. ",
        "label": "lemma-nonadditivity-of-trace",
        "tag": "087L",
        "url": "https://stacks.math.columbia.edu/tag/087L",
        "source_filename": "examples.tex"
    },
    {
        "theorem": "Lemma 110.65.1.",
        "body": "  The properties \\begin{enumerate} \\item[] $\\mathcal{P}(f) =$``$f$ is projective'', and \\item[] $\\mathcal{P}(f) =$``$f$ is quasi-projective'' \\end{enumerate} are not Zariski local on the base. A fortiori, they are not fpqc local on the base. ",
        "label": "lemma-non-descending-property-projective",
        "tag": "08J1",
        "url": "https://stacks.math.columbia.edu/tag/08J1",
        "source_filename": "examples.tex"
    },
    {
        "theorem": "Lemma 110.66.1.",
        "body": "  There is an etale covering $X\\to S$ of schemes and a descent datum $(V/X,\\varphi)$ relative to $X\\to S$ such that $V\\to X$ is projective, but the descent datum is not effective in the category of schemes. ",
        "label": "lemma-non-effective-descent-projective",
        "tag": "08KF",
        "url": "https://stacks.math.columbia.edu/tag/08KF",
        "source_filename": "examples.tex"
    },
    {
        "theorem": "Lemma 110.67.1.",
        "body": "  There exists a field $k$ and a family of curves $X \\to \\mathbf{A}^1_k$ such that $X$ is not a scheme. ",
        "label": "lemma-family-of-curves-not-scheme",
        "tag": "0D5E",
        "url": "https://stacks.math.columbia.edu/tag/0D5E",
        "source_filename": "examples.tex"
    },
    {
        "theorem": "Lemma 110.68.1.",
        "body": "  Let $R \\to R'$ and $R \\to A$ be ring maps. In general there does not exist a functor $T : D(A) \\to D(A \\otimes_R R')$ of triangulated categories such that an $A$-module $M$ gives an object $T(M)$ of $D(A \\otimes_R R')$ which maps to $M \\otimes_R^\\mathbf{L} R'$ under the map $D(A \\otimes_R R') \\to D(R')$. ",
        "label": "lemma-no-derived-base-change",
        "tag": "08J3",
        "url": "https://stacks.math.columbia.edu/tag/08J3",
        "source_filename": "examples.tex"
    },
    {
        "theorem": "Lemma 110.69.1.",
        "body": "  There exists a differential graded algebra $(A, \\text{d})$ and a compact object $E$ of $D(A, \\text{d})$ such that $E$ cannot be represented by a finite and graded projective differential graded $A$-module. ",
        "label": "lemma-no-good-representatif-compact-object",
        "tag": "09R5",
        "url": "https://stacks.math.columbia.edu/tag/09R5",
        "source_filename": "examples.tex"
    },
    {
        "theorem": "Lemma 110.71.1.",
        "body": "  The stack in groupoids $$ p'_{fp, flat, proper} : \\mathcal{S}\\!\\mathit{paces}'_{fp, flat, proper} \\longrightarrow \\mathit{Sch}_{fppf} $$ whose category of sections over a scheme $S$ is the category of flat, proper, finitely presented algebraic spaces over $S$ (see Quot, Section \\ref{quot-section-stack-of-spaces}) is not an algebraic stack. ",
        "label": "lemma-proper-spaces-not-algebraic",
        "tag": "0D1R",
        "url": "https://stacks.math.columbia.edu/tag/0D1R",
        "source_filename": "examples.tex"
    },
    {
        "theorem": "Lemma 110.72.1.",
        "body": "  Let $W$ be a two dimensional regular integral Noetherian scheme with function field $K$. Let $G \\to W$ be an abelian scheme. Then the map $H^1_{fppf}(W, G) \\to H^1_{fppf}(\\mathop{\\mathrm{Spec}}(K), G)$ is injective. ",
        "label": "lemma-torsors-over-two-dimensional-regular",
        "tag": "0AF9",
        "url": "https://stacks.math.columbia.edu/tag/0AF9",
        "source_filename": "examples.tex"
    },
    {
        "theorem": "Remark 110.72.2.",
        "body": "  We can get rid of the $2$-dimensional condition on $W$ in Lemma \\ref{lemma-torsors-over-two-dimensional-regular}. Namely, if $W$ is noetherian, regular and integral, then (1) $P(W)\\to P(K)$ is bijective for every $G$-torsor $P$ and (2) $H^1(W,G)\\to H^1(K,G)$ is injective. A sketch of the proof goes as follows. First (2) clearly follows from (1). For (1), the injectivity is trivial, and surjectivity (as in the current proof) is about proving that the schematic closure of a rational section is a section. This question is fppf-local on $W$, so after \\'etale base change we may assume $P=G$ (note that \\'etale covers preserve regularity). Then observe that $G=\\underline{\\mathrm{Pic}}^0_{G'/W}$ where $G'$ is the dual abelian scheme. The conclusion follows from the fact that $G'$ is a regular scheme, so generically defined invertible sheaves extend. In fact, one can weaken \"$W$ is regular\" to \"smooth $W$-schemes are locally factorial\". Laurent Moret-Bailly learned the Picard trick from Raynaud; there should be a reference somewhere in Raynaud's work. ",
        "label": "remark-torsors-over-regular",
        "tag": "0H8E",
        "url": "https://stacks.math.columbia.edu/tag/0H8E",
        "source_filename": "examples.tex"
    },
    {
        "theorem": "Lemma 110.72.3.",
        "body": "  Let $G$ be a smooth commutative group algebraic space over a field $K$. Then $H^1_{fppf}(\\mathop{\\mathrm{Spec}}(K), G)$ is torsion. ",
        "label": "lemma-torsors-over-field-torsion",
        "tag": "0AFA",
        "url": "https://stacks.math.columbia.edu/tag/0AFA",
        "source_filename": "examples.tex"
    },
    {
        "theorem": "Lemma 110.72.4.",
        "body": "  The canonical map $\\mathcal{X}(S) \\to \\mathop{\\mathrm{lim}}\\nolimits \\mathcal{X}(S_n)$ is not essentially surjective. ",
        "label": "lemma-not-essentially-surjective",
        "tag": "0AFB",
        "url": "https://stacks.math.columbia.edu/tag/0AFB",
        "source_filename": "examples.tex"
    },
    {
        "theorem": "Proposition 110.72.5.",
        "body": "  The stack $\\mathcal{X} = \\underline{\\mathop{\\mathrm{Mor}}\\nolimits}_S(X, [S/A])$ is not algebraic. ",
        "label": "proposition-nonalghomstack",
        "tag": "0AFC",
        "url": "https://stacks.math.columbia.edu/tag/0AFC",
        "source_filename": "examples.tex"
    },
    {
        "theorem": "Remark 110.72.6.",
        "body": "  Proposition \\ref{proposition-nonalghomstack} contradicts \\cite[Theorem 1.1]{AokiHomStacks}. The problem is the non-effectivity of formal objects for $\\underline{\\mathop{\\mathrm{Mor}}\\nolimits}_S(X, [S/A])$. The same problem is mentioned in the Erratum \\cite{AokiHomStacksErr} to \\cite{AokiHomStacks}. Unfortunately, the Erratum goes on to assert that $\\underline{\\mathop{\\mathrm{Mor}}\\nolimits}_S(\\mathcal{Y}, \\mathcal{Z})$ is algebraic if $\\mathcal{Z}$ is separated, which also contradicts Proposition \\ref{proposition-nonalghomstack} as $[S/A]$ is separated. ",
        "label": "remark-contradict-aoki",
        "tag": "0AFD",
        "url": "https://stacks.math.columbia.edu/tag/0AFD",
        "source_filename": "examples.tex"
    },
    {
        "theorem": "Lemma 110.73.1.",
        "body": "  Let $k$ be an algebraically closed field which is not the closure of a finite field. Let $A$ be an abelian variety over $k$. Let $\\mathcal{X} = [\\mathop{\\mathrm{Spec}}(k)/A]$. There exists an inverse system of $k$-algebras $R_n$ with surjective transition maps whose kernels are locally nilpotent and a system $(\\xi_n)$ of $\\mathcal{X}$ lying over the system $(\\mathop{\\mathrm{Spec}}(R_n))$ such that this system is not effective in the sense of Artin's Axioms, Remark \\ref{artin-remark-strong-effectiveness}. ",
        "label": "lemma-non-formal-effectiveness",
        "tag": "0CXX",
        "url": "https://stacks.math.columbia.edu/tag/0CXX",
        "source_filename": "examples.tex"
    },
    {
        "theorem": "Lemma 110.74.1.",
        "body": "  Counter examples to algebraization of coherent sheaves. \\begin{enumerate} \\item Grothendieck's existence theorem as stated in Cohomology of Schemes, Theorem \\ref{coherent-theorem-grothendieck-existence} is false if we drop the assumption that $X \\to \\mathop{\\mathrm{Spec}}(A)$ is separated. \\item The stack of coherent sheaves $\\mathcal{C}\\!\\mathit{oh}_{X/B}$ of Quot, Theorems \\ref{quot-theorem-coherent-algebraic-general} and \\ref{quot-theorem-coherent-algebraic} is in general not algebraic if we drop the assumption that $X \\to S$ is separated \\item The functor $\\mathrm{Quot}_{\\mathcal{F}/X/B}$ of Quot, Proposition \\ref{quot-proposition-quot} is not an algebraic space in general if we drop the assumption that $X \\to B$ is separated. \\end{enumerate} ",
        "label": "lemma-counter-Grothendieck-existence",
        "tag": "0ARF",
        "url": "https://stacks.math.columbia.edu/tag/0ARF",
        "source_filename": "examples.tex"
    },
    {
        "theorem": "Lemma 110.75.1.",
        "body": "  There exists an affine formal algebraic space which is not McQuillan. ",
        "label": "lemma-affine-not-mcquillan",
        "tag": "0CBC",
        "url": "https://stacks.math.columbia.edu/tag/0CBC",
        "source_filename": "examples.tex"
    },
    {
        "theorem": "Lemma 110.75.2.",
        "body": "  There exists an affine formal algebraic space $X$ whose regular functions do not separate points, in the following sense: If we write $X = \\mathop{\\mathrm{colim}}\\nolimits X_\\lambda$ as in Formal Spaces, Definition \\ref{formal-spaces-definition-affine-formal-algebraic-space} then $\\mathop{\\mathrm{lim}}\\nolimits \\Gamma(X_\\lambda, \\mathcal{O}_{X_\\lambda})$ is a field, but $X_{red}$ has infinitely many points. ",
        "label": "lemma-affine-formal-functions-do-not-separate-points",
        "tag": "0CBD",
        "url": "https://stacks.math.columbia.edu/tag/0CBD",
        "source_filename": "examples.tex"
    },
    {
        "theorem": "Lemma 110.75.3.",
        "body": "  There exists a representable morphism $f : X \\to Y$ of affine formal algebraic spaces with $Y$ McQuillan, but $X$ not McQuillan. ",
        "label": "lemma-representable-morphism-affine-formal-not-mcquillan-top",
        "tag": "0CBE",
        "url": "https://stacks.math.columbia.edu/tag/0CBE",
        "source_filename": "examples.tex"
    },
    {
        "theorem": "Lemma 110.76.1.",
        "body": "  There exists a commutative ring $A$ and a flat $A$-algebra $B$ which cannot be written as a filtered colimit of finitely presented flat $A$-algebras. In fact, we may either choose $A$ to be a finite type $\\mathbf{F}_p$-algebra or a $1$-dimensional Noetherian local ring with residue field of characteristic $0$. ",
        "label": "lemma-weird-flat-map",
        "tag": "0ATF",
        "url": "https://stacks.math.columbia.edu/tag/0ATF",
        "source_filename": "examples.tex"
    },
    {
        "theorem": "Proposition 110.77.1.",
        "body": "  Let $A$ be a ring. Let $S$ be a multiplicative subset of $A$. Let $\\text{Mod}_A$ denote the category of $A$-modules and $\\mathcal{T}$ its Serre subcategory of modules for which any element is annihilated by some element of $S$. Then there is a canonical equivalence $\\text{Mod}_A/\\mathcal{T} \\rightarrow \\text{Mod}_{S^{-1}A}$. ",
        "label": "proposition-localization-and-serre-quotients",
        "tag": "0EA5",
        "url": "https://stacks.math.columbia.edu/tag/0EA5",
        "source_filename": "examples.tex"
    },
    {
        "theorem": "Proposition 110.77.2.",
        "body": "  Let $A$ be a ring. Let $Q(A)$ denote its total quotient ring (as in Algebra, Example \\ref{algebra-example-localize-at-prime}). Let $\\text{Mod}_A$ denote the category of $A$-modules and $\\mathcal{T}$ its Serre subcategory of torsion modules. Let $\\text{Mod}_{Q(A)}$ denote the category of $Q(A)$-modules. Then there is a canonical equivalence $\\text{Mod}_A/\\mathcal{T} \\rightarrow \\text{Mod}_{Q(A)}$. ",
        "label": "proposition-quotient-by-torsion-modules",
        "tag": "0B0K",
        "url": "https://stacks.math.columbia.edu/tag/0B0K",
        "source_filename": "examples.tex"
    },
    {
        "theorem": "Proposition 110.77.3.",
        "body": "  Let $A$ be a Noetherian integral domain. Let $K$ denote its field of fractions. Let $\\text{Mod}_A^{fg}$ denote the category of finitely generated $A$-modules and $\\mathcal{T}^{fg}$ its Serre subcategory of finitely generated torsion modules. Then $\\text{Mod}_A^{fg}/\\mathcal{T}^{fg}$ is canonically equivalent to the category of finite dimensional $K$-vector spaces. ",
        "label": "proposition-quotient-by-finitely-generated-torsion-modules",
        "tag": "0B0L",
        "url": "https://stacks.math.columbia.edu/tag/0B0L",
        "source_filename": "examples.tex"
    },
    {
        "theorem": "Proposition 110.77.4.",
        "body": "  The quotient of the category of abelian groups modulo its Serre subcategory of torsion groups is the category of $\\mathbf{Q}$-vector spaces. ",
        "label": "proposition-quotient-abelian-groups-by-torsion-groups",
        "tag": "0B0M",
        "url": "https://stacks.math.columbia.edu/tag/0B0M",
        "source_filename": "examples.tex"
    },
    {
        "theorem": "Lemma 110.78.1.",
        "body": "  There exists a system $G_1 \\to G_2 \\to G_3 \\to \\ldots$ of (abelian) topological groups such that $\\mathop{\\mathrm{colim}}\\nolimits G_n$ taken in the category of topological spaces is different from $\\mathop{\\mathrm{colim}}\\nolimits G_n$ taken in the category of topological groups. ",
        "label": "lemma-colimit-topology",
        "tag": "0B2Z",
        "url": "https://stacks.math.columbia.edu/tag/0B2Z",
        "source_filename": "examples.tex"
    },
    {
        "theorem": "Lemma 110.79.1.",
        "body": "  There exists a morphism $X \\to Y$ of affine schemes which is universally submersive such that $\\{X \\to Y\\}$ is not a V covering. ",
        "label": "lemma-universally-submersive-not-V",
        "tag": "0EU9",
        "url": "https://stacks.math.columbia.edu/tag/0EU9",
        "source_filename": "examples.tex"
    },
    {
        "theorem": "Lemma 110.80.1.",
        "body": "  There exists a ring $A$ and an infinite family of flat ring maps $\\{A \\to A_i\\}_{i \\in I}$ such that for every $A$-module $M$ $$ M = \\text{Equalizer}\\left( \\xymatrix{ \\prod\\nolimits_{i \\in I} M \\otimes_A A_i \\ar@<1ex>[r] \\ar@<-1ex>[r] & \\prod\\nolimits_{i, j \\in I} M \\otimes_A A_i \\otimes_A A_j } \\right) $$ but there is no finite subfamily where the same thing is true. ",
        "label": "lemma-non-fpqc-descent",
        "tag": "0EUF",
        "url": "https://stacks.math.columbia.edu/tag/0EUF",
        "source_filename": "examples.tex"
    },
    {
        "theorem": "Lemma 110.80.2.",
        "body": "  The scheme $\\mathop{\\mathrm{Spec}}(\\mathbf{Z})$ is not quasi-compact in the canonical topology on the category of schemes. ",
        "label": "lemma-Z-not-quasi-compact",
        "tag": "0EUG",
        "url": "https://stacks.math.columbia.edu/tag/0EUG",
        "source_filename": "examples.tex"
    }
]