[
    {
        "theorem": "Definition 9.2.1.",
        "body": "  A {\\it field} is a nonzero ring where every nonzero element is invertible. Given a field a {\\it subfield} is a subring that is itself a field. ",
        "label": "definition-field",
        "tag": "09FD",
        "url": "https://stacks.math.columbia.edu/tag/09FD",
        "source_filename": "fields.tex"
    },
    {
        "theorem": "Definition 9.2.2.",
        "body": "  A {\\it domain} or an {\\it integral domain} is a nonzero ring where $0$ is the only zerodivisor. ",
        "label": "definition-domain",
        "tag": "09FE",
        "url": "https://stacks.math.columbia.edu/tag/09FE",
        "source_filename": "fields.tex"
    },
    {
        "theorem": "Example 9.3.1.",
        "body": "[Rational numbers]  The rational numbers form a field. It is called the {\\it field of rational numbers} and denoted $\\mathbf{Q}$. ",
        "label": "example-rational-numbers",
        "tag": "09FG",
        "url": "https://stacks.math.columbia.edu/tag/09FG",
        "source_filename": "fields.tex"
    },
    {
        "theorem": "Example 9.3.2.",
        "body": "[Prime fields]  If $p$ is a prime number, then $\\mathbf{Z}/(p)$ is a field, denoted $\\mathbf{F}_p$. Indeed, $(p)$ is a maximal ideal in $\\mathbf{Z}$. Thus, fields may be finite: $\\mathbf{F}_p$ contains $p$ elements. ",
        "label": "example-prime-field",
        "tag": "09FH",
        "url": "https://stacks.math.columbia.edu/tag/09FH",
        "source_filename": "fields.tex"
    },
    {
        "theorem": "Example 9.3.3.",
        "body": "  In a principal ideal domain, an ideal generated by an irreducible element is maximal. Now, if $k$ is a field, then the polynomial ring $k[x]$ is a principal ideal domain. It follows that if $P \\in k[x]$ is an irreducible polynomial (that is, a nonconstant polynomial that does not admit a factorization into terms of smaller degrees), then $k[x]/(P)$ is a field. It contains a copy of $k$ in a natural way. This is a very general way of constructing fields. For instance, the complex numbers $\\mathbf{C}$ can be constructed as $\\mathbf{R}[x]/(x^2 + 1)$. ",
        "label": "example-quotient-polymial-ring",
        "tag": "09FI",
        "url": "https://stacks.math.columbia.edu/tag/09FI",
        "source_filename": "fields.tex"
    },
    {
        "theorem": "Example 9.3.4.",
        "body": "[Quotient fields]  Recall that, given a domain $A$, there is an imbedding $A \\to F$ into a field $F$ constructed from $A$ in exactly the same manner that $\\mathbf{Q}$ is constructed from $\\mathbf{Z}$. Formally the elements of $F$ are (equivalence classes of) fractions $a/b$, $a, b \\in A$, $b \\not = 0$. As usual $a/b = a'/b'$ if and only if $ab' = ba'$. The field $F$ is called the {\\it quotient field}, or {\\it field of fractions}, or {\\it fraction field} of $A$. The quotient field has the following universal property: given an injective ring map $\\varphi : A \\to K$ to a field $K$, there is a unique map $\\psi : F \\to K$ making $$ \\xymatrix{ F \\ar[r]_\\psi & K \\\\ A \\ar[u] \\ar[ru]_\\varphi } $$ commute. Indeed, it is clear how to define such a map: we set $\\psi(a/b) = \\varphi(a)\\varphi(b)^{-1}$ where injectivity of $\\varphi$ assures that $\\varphi(b) \\not = 0$ if $ b \\not = 0$. ",
        "label": "example-quotient-field",
        "tag": "09FJ",
        "url": "https://stacks.math.columbia.edu/tag/09FJ",
        "source_filename": "fields.tex"
    },
    {
        "theorem": "Example 9.3.5.",
        "body": "[Field of rational functions]  If $k$ is a field, then we can consider the field $k(x)$ of rational functions over $k$. This is the quotient field of the polynomial ring $k[x]$. In other words, it is the set of quotients $F/G$ for $F, G \\in k[x]$, $G \\not = 0$ with the obvious equivalence relation. ",
        "label": "example-field-of-rational-functions",
        "tag": "09FK",
        "url": "https://stacks.math.columbia.edu/tag/09FK",
        "source_filename": "fields.tex"
    },
    {
        "theorem": "Example 9.3.6.",
        "body": "  Let $X$ be a Riemann surface. Let $\\mathbf{C}(X)$ denote the set of meromorphic functions on $X$. Then $\\mathbf{C}(X)$ is a ring under multiplication and addition of functions. It turns out that in fact $\\mathbf{C}(X)$ is a field. Namely, if a nonzero function $f(z)$ is meromorphic, so is $1/f(z)$. For example, let $S^2$ be the Riemann sphere; then we know from complex analysis that the ring of meromorphic functions $\\mathbf{C}(S^2)$ is the field of rational functions $\\mathbf{C}(z)$. ",
        "label": "example-field-of-meromorphic-functions",
        "tag": "09FL",
        "url": "https://stacks.math.columbia.edu/tag/09FL",
        "source_filename": "fields.tex"
    },
    {
        "theorem": "Lemma 9.4.1.",
        "body": "  If $k$ is a field, then every $k$-module is free. ",
        "label": "lemma-vector-space-is-free",
        "tag": "09FN",
        "url": "https://stacks.math.columbia.edu/tag/09FN",
        "source_filename": "fields.tex"
    },
    {
        "theorem": "Lemma 9.4.2.",
        "body": "  Every exact sequence of modules over a field splits. ",
        "label": "lemma-field-semi-simple",
        "tag": "09FP",
        "url": "https://stacks.math.columbia.edu/tag/09FP",
        "source_filename": "fields.tex"
    },
    {
        "theorem": "Definition 9.5.1.",
        "body": "  The {\\it characteristic} of a field $F$ is $0$ if $\\mathbf{Z} \\subset F$, or is a prime $p$ if $p = 0$ in $F$. The {\\it prime subfield of $F$} is the smallest subfield of $F$ which is either $\\mathbf{Q} \\subset F$ if the characteristic is zero, or $\\mathbf{F}_p \\subset F$ if the characteristic is $p > 0$. ",
        "label": "definition-characteristic",
        "tag": "09FR",
        "url": "https://stacks.math.columbia.edu/tag/09FR",
        "source_filename": "fields.tex"
    },
    {
        "theorem": "Example 9.5.2.",
        "body": "  The characteristic of $\\mathbf{F}_p$ is $p$, and that of $\\mathbf{Q}$ is $0$. ",
        "label": "example-characteristic",
        "tag": "09FS",
        "url": "https://stacks.math.columbia.edu/tag/09FS",
        "source_filename": "fields.tex"
    },
    {
        "theorem": "Lemma 9.6.1.",
        "body": "  If $F$ is a field and $R$ is a nonzero ring, then any ring homomorphism $\\varphi : F \\to R$ is injective. ",
        "label": "lemma-field-maps-injective",
        "tag": "09FU",
        "url": "https://stacks.math.columbia.edu/tag/09FU",
        "source_filename": "fields.tex"
    },
    {
        "theorem": "Definition 9.6.2.",
        "body": "  If $F$ is a field contained in a field $E$, then $E$ is said to be a {\\it field extension} of $F$. We shall write $E/F$ to indicate that $E$ is an extension of $F$. ",
        "label": "definition-extension",
        "tag": "09FV",
        "url": "https://stacks.math.columbia.edu/tag/09FV",
        "source_filename": "fields.tex"
    },
    {
        "theorem": "Definition 9.6.3.",
        "body": "  A {\\it tower} of fields $E_n/E_{n - 1}/\\ldots/E_0$ consists of a sequence of extensions of fields $E_n/E_{n - 1}$, $E_{n - 1}/E_{n - 2}$, $\\ldots$, $E_1/E_0$. ",
        "label": "definition-tower",
        "tag": "09FW",
        "url": "https://stacks.math.columbia.edu/tag/09FW",
        "source_filename": "fields.tex"
    },
    {
        "theorem": "Example 9.6.4.",
        "body": "  Let $k$ be a field, and $P \\in k[x]$ an irreducible polynomial. We have seen that $k[x]/(P)$ is a field (Example \\ref{example-quotient-polymial-ring}). Since it is also a $k$-algebra in the obvious way, it is an extension of $k$. ",
        "label": "example-monogenic-extension",
        "tag": "09FX",
        "url": "https://stacks.math.columbia.edu/tag/09FX",
        "source_filename": "fields.tex"
    },
    {
        "theorem": "Example 9.6.5.",
        "body": "  If $X$ is a Riemann surface, then the field of meromorphic functions $\\mathbf{C}(X)$ (Example \\ref{example-field-of-meromorphic-functions}) is an extension field of $\\mathbf{C}$, because any element of $\\mathbf{C}$ induces a meromorphic --- indeed, holomorphic --- constant function on $X$. ",
        "label": "example-field-of-meromorphic-functions-extension-C",
        "tag": "09FY",
        "url": "https://stacks.math.columbia.edu/tag/09FY",
        "source_filename": "fields.tex"
    },
    {
        "theorem": "Definition 9.6.6.",
        "body": "  Let $k$ be a field. If $F/k$ is an extension of fields and $S \\subset F$, we write $k(S)$ for the smallest subfield of $F$ containing $k$ and $S$. We will say that $S$ {\\it generates the field extension} $k(S)/k$. If $S = \\{\\alpha\\}$ is a singleton, then we write $k(\\alpha)$ instead of $k(\\{\\alpha\\})$. We say $F/k$ is a {\\it finitely generated field extension} if there exists a finite subset $S \\subset F$ with $F = k(S)$. ",
        "label": "definition-generated-by",
        "tag": "09FZ",
        "url": "https://stacks.math.columbia.edu/tag/09FZ",
        "source_filename": "fields.tex"
    },
    {
        "theorem": "Exercise 9.6.7.",
        "body": "  Show that $\\mathbf{C}$ does not have a countable set of generators over $\\mathbf{Q}$. ",
        "label": "exercise-C-not-countably-generated",
        "tag": "09G0",
        "url": "https://stacks.math.columbia.edu/tag/09G0",
        "source_filename": "fields.tex"
    },
    {
        "theorem": "Lemma 9.6.8.",
        "body": "[Classification of simple extensions]  If a field extension $F/k$ is generated by one element, then it is $k$-isomorphic either to the rational function field $k(t)/k$ or to one of the extensions $k[t]/(P)$ for $P \\in k[t]$ irreducible. ",
        "label": "lemma-field-extension-generated-by-one-element",
        "tag": "09G1",
        "url": "https://stacks.math.columbia.edu/tag/09G1",
        "source_filename": "fields.tex"
    },
    {
        "theorem": "Lemma 9.6.9.",
        "body": "  Let $k$ be a field and let $E/k$ and $F/k$ be field extensions. Then there exists a common field extension $M/k$, i.e., an extension field such that there exist maps $E \\to M$ and $F \\to M$ of extensions of $k$. ",
        "label": "lemma-common-extension-field",
        "tag": "0H7K",
        "url": "https://stacks.math.columbia.edu/tag/0H7K",
        "source_filename": "fields.tex"
    },
    {
        "theorem": "Definition 9.7.1.",
        "body": "  Let $F/E$ be an extension of fields. The dimension of $F$ considered as an $E$-vector space is called the {\\it degree} of the extension and is denoted $[F : E]$. If $[F : E] < \\infty$ then $F$ is said to be a {\\it finite} extension of $E$. ",
        "label": "definition-degree",
        "tag": "09G3",
        "url": "https://stacks.math.columbia.edu/tag/09G3",
        "source_filename": "fields.tex"
    },
    {
        "theorem": "Example 9.7.2.",
        "body": "  The field $\\mathbf{C}$ is a two dimensional vector space over $\\mathbf{R}$ with basis $1, i$. Thus $\\mathbf{C}$ is a finite extension of $\\mathbf{R}$ of degree 2. ",
        "label": "example-C-over-R",
        "tag": "09G4",
        "url": "https://stacks.math.columbia.edu/tag/09G4",
        "source_filename": "fields.tex"
    },
    {
        "theorem": "Lemma 9.7.3.",
        "body": "  Let $K/E/F$ be a tower of algebraic field extensions. If $K$ is finite over $F$, then $K$ is finite over $E$. ",
        "label": "lemma-finite-goes-up",
        "tag": "09G5",
        "url": "https://stacks.math.columbia.edu/tag/09G5",
        "source_filename": "fields.tex"
    },
    {
        "theorem": "Example 9.7.4.",
        "body": "[Degree of a rational function field]  If $k$ is any field, then the rational function field $k(t)$ is {\\it not} a finite extension. For example the elements $\\left\\{t^n, n \\in \\mathbf{Z}\\right\\}$ are linearly independent over $k$. \\medskip\\noindent In fact, if $k$ is uncountable, then $k(t)$ is {\\it uncountably} dimensional as a $k$-vector space. To show this, we claim that the family of elements $\\{1/(t- \\alpha), \\alpha \\in k\\} \\subset k(t)$ is linearly independent over $k$. A nontrivial relation between them would lead to a contradiction: for instance, if one works over $\\mathbf{C}$, then this follows because $\\frac{1}{t-\\alpha}$, when considered as a meromorphic function on $\\mathbf{C}$, has a pole at $\\alpha$ and nowhere else. Consequently any sum $\\sum c_i \\frac{1}{t - \\alpha_i}$ for the $c_i \\in k^*$, and $\\alpha_i \\in k$ distinct, would have poles at each of the $\\alpha_i$. In particular, it could not be zero. \\medskip\\noindent Amusingly, this leads to a quick proof of the Hilbert Nullstellensatz over the complex numbers. For a slightly more general result, see Algebra, Theorem \\ref{algebra-theorem-uncountable-nullstellensatz}. ",
        "label": "example-degree-rational-function-field",
        "tag": "09G6",
        "url": "https://stacks.math.columbia.edu/tag/09G6",
        "source_filename": "fields.tex"
    },
    {
        "theorem": "Lemma 9.7.5.",
        "body": "  A finite extension of fields is a finitely generated field extension. The converse is not true. ",
        "label": "lemma-finite-finitely-generated",
        "tag": "0BU1",
        "url": "https://stacks.math.columbia.edu/tag/0BU1",
        "source_filename": "fields.tex"
    },
    {
        "theorem": "Example 9.7.6.",
        "body": "[Degree of a simple algebraic extension]  Consider a monogenic field extension $E/k$ of the form discussed in Example \\ref{example-monogenic-extension}. In other words, $E = k[t]/(P)$ for $P \\in k[t]$ an irreducible polynomial. Then the degree $[E : k]$ is just the degree $d = \\deg(P)$ of the polynomial $P$. Indeed, say \\begin{equation} \\label{equation-P} P = a_d t^d + a_{d - 1} t^{d - 1} + \\ldots + a_0. \\end{equation} with $a_d \\not = 0$. Then the images of $1, t, \\ldots, t^{d - 1}$ in $k[t]/(P)$ are linearly independent over $k$, because any relation involving them would have degree strictly smaller than that of $P$, and $P$ is the element of smallest degree in the ideal $(P)$. \\medskip\\noindent Conversely, the set $S = \\{1, t, \\ldots, t^{d - 1}\\}$ (or more properly their images) spans $k[t]/(P)$ as a vector space. Indeed, we have by (\\ref{equation-P}) that $a_d t^d$ lies in the span of $S$. Since $a_d$ is invertible, we see that $t^d$ is in the span of $S$. Similarly, the relation $t P(t) = 0$ shows that the image of $t^{d + 1}$ lies in the span of $\\{1, t, \\ldots, t^d\\}$ --- by what was just shown, thus in the span of $S$. Working upward inductively, we find that the image of $t^n$ for $n \\geq d$ lies in the span of $S$. ",
        "label": "example-degree-simple-algebraic-extension",
        "tag": "09G7",
        "url": "https://stacks.math.columbia.edu/tag/09G7",
        "source_filename": "fields.tex"
    },
    {
        "theorem": "Lemma 9.7.7.",
        "body": "[Multiplicativity]  Suppose given a tower of fields $F/E/k$. Then $$ [F:k] = [F:E][E:k] $$ ",
        "label": "lemma-multiplicativity-degrees",
        "tag": "09G9",
        "url": "https://stacks.math.columbia.edu/tag/09G9",
        "source_filename": "fields.tex"
    },
    {
        "theorem": "Definition 9.7.8.",
        "body": "  A field $K$ is said to be a {\\it number field} if it has characteristic $0$ and the extension $K/\\mathbf{Q}$ is finite. ",
        "label": "definition-number-field",
        "tag": "09GA",
        "url": "https://stacks.math.columbia.edu/tag/09GA",
        "source_filename": "fields.tex"
    },
    {
        "theorem": "Definition 9.8.1.",
        "body": "  Consider a field extension $F/E$. An element $\\alpha \\in F$ is said to be {\\it algebraic} over $E$ if $\\alpha$ is the root of some nonzero polynomial with coefficients in $E$. If all elements of $F$ are algebraic then $F$ is said to be an {\\it algebraic extension} of $E$. ",
        "label": "definition-algebraic",
        "tag": "09GC",
        "url": "https://stacks.math.columbia.edu/tag/09GC",
        "source_filename": "fields.tex"
    },
    {
        "theorem": "Example 9.8.2.",
        "body": "  The field $\\mathbf{C}$ is algebraic over $\\mathbf{R}$. Namely, if $\\alpha = a + ib$ in $\\mathbf{C}$, then $\\alpha^2 - 2a\\alpha + a^2 + b^2 = 0$ is a polynomial equation for $\\alpha$ over $\\mathbf{R}$. ",
        "label": "example-C-algebraic-over-R",
        "tag": "09GD",
        "url": "https://stacks.math.columbia.edu/tag/09GD",
        "source_filename": "fields.tex"
    },
    {
        "theorem": "Example 9.8.3.",
        "body": "  Let $X$ be a compact Riemann surface, and let $f \\in \\mathbf{C}(X) - \\mathbf{C}$ any nonconstant meromorphic function on $X$ (see Example \\ref{example-field-of-meromorphic-functions}). Then it is known that $\\mathbf{C}(X)$ is algebraic over the subextension $\\mathbf{C}(f)$ generated by $f$. We shall not prove this. ",
        "label": "example-compact-riemann-surface-is-finite-over-P1",
        "tag": "09GE",
        "url": "https://stacks.math.columbia.edu/tag/09GE",
        "source_filename": "fields.tex"
    },
    {
        "theorem": "Lemma 9.8.4.",
        "body": "  Let $K/E/F$ be a tower of field extensions. \\begin{enumerate} \\item If $\\alpha \\in K$ is algebraic over $F$, then $\\alpha$ is algebraic over $E$. \\item If $K$ is algebraic over $F$, then $K$ is algebraic over $E$. \\end{enumerate} ",
        "label": "lemma-algebraic-goes-up",
        "tag": "09GF",
        "url": "https://stacks.math.columbia.edu/tag/09GF",
        "source_filename": "fields.tex"
    },
    {
        "theorem": "Lemma 9.8.5.",
        "body": "  A finite extension is algebraic. In fact, an extension $E/k$ is algebraic if and only if every subextension $k(\\alpha)/k$ generated by some $\\alpha \\in E$ is finite. ",
        "label": "lemma-finite-is-algebraic",
        "tag": "09GG",
        "url": "https://stacks.math.columbia.edu/tag/09GG",
        "source_filename": "fields.tex"
    },
    {
        "theorem": "Lemma 9.8.6.",
        "body": "  \\begin{slogan} A finitely generated algebraic extension is finite. \\end{slogan} Let $k$ be a field, and let $\\alpha_1, \\alpha_2, \\ldots, \\alpha_n$ be elements of some extension field such that each $\\alpha_i$ is algebraic over $k$. Then the extension $k(\\alpha_1, \\ldots, \\alpha_n)/k$ is finite. That is, a finitely generated algebraic extension is finite. ",
        "label": "lemma-algebraic-finitely-generated",
        "tag": "09GH",
        "url": "https://stacks.math.columbia.edu/tag/09GH",
        "source_filename": "fields.tex"
    },
    {
        "theorem": "Lemma 9.8.7.",
        "body": "  Let $E/k$ be a field extension. Then the elements of $E$ algebraic over $k$ form a subextension of $E/k$. ",
        "label": "lemma-algebraic-elements",
        "tag": "09GI",
        "url": "https://stacks.math.columbia.edu/tag/09GI",
        "source_filename": "fields.tex"
    },
    {
        "theorem": "Lemma 9.8.8.",
        "body": "  Let $E/k$ and $F/E$ be algebraic extensions of fields. Then $F/k$ is an algebraic extension of fields. ",
        "label": "lemma-algebraic-permanence",
        "tag": "09GJ",
        "url": "https://stacks.math.columbia.edu/tag/09GJ",
        "source_filename": "fields.tex"
    },
    {
        "theorem": "Lemma 9.8.9.",
        "body": "  Let $E/F$ be an algebraic extension of fields. Then the cardinality $|E|$ of $E$ is at most $\\max(\\aleph_0, |F|)$. ",
        "label": "lemma-size-algebraic-extension",
        "tag": "09GK",
        "url": "https://stacks.math.columbia.edu/tag/09GK",
        "source_filename": "fields.tex"
    },
    {
        "theorem": "Lemma 9.8.10.",
        "body": "  Let $E/F$ be a finite or more generally an algebraic extension of fields. Any subring $F \\subset R \\subset E$ is a field. ",
        "label": "lemma-subalgebra-algebraic-extension-field",
        "tag": "0BID",
        "url": "https://stacks.math.columbia.edu/tag/0BID",
        "source_filename": "fields.tex"
    },
    {
        "theorem": "Lemma 9.8.11.",
        "body": "  Let $E/F$ an algebraic extension of fields. Any $F$-algebra map $f : E \\to E$ is an automorphism. ",
        "label": "lemma-algebraic-extension-self-map",
        "tag": "0BMD",
        "url": "https://stacks.math.columbia.edu/tag/0BMD",
        "source_filename": "fields.tex"
    },
    {
        "theorem": "Definition 9.9.1.",
        "body": "  The polynomial $P$ above is called the {\\it minimal polynomial} of $\\alpha$ over $k$. ",
        "label": "definition-minimal-polynomial",
        "tag": "09GM",
        "url": "https://stacks.math.columbia.edu/tag/09GM",
        "source_filename": "fields.tex"
    },
    {
        "theorem": "Lemma 9.9.2.",
        "body": "  The degree of the minimal polynomial is $[k(\\alpha) : k]$. ",
        "label": "lemma-degree-minimal-polynomial",
        "tag": "09GN",
        "url": "https://stacks.math.columbia.edu/tag/09GN",
        "source_filename": "fields.tex"
    },
    {
        "theorem": "Definition 9.10.1.",
        "body": "  A field $F$ is said to be {\\it algebraically closed} if every algebraic extension $E/F$ is trivial, i.e., $E = F$. ",
        "label": "definition-algebraically-closed",
        "tag": "09GQ",
        "url": "https://stacks.math.columbia.edu/tag/09GQ",
        "source_filename": "fields.tex"
    },
    {
        "theorem": "Lemma 9.10.2.",
        "body": "  Let $F$ be a field. The following are equivalent \\begin{enumerate} \\item $F$ is algebraically closed, \\item every irreducible polynomial over $F$ is linear, \\item every nonconstant polynomial over $F$ has a root, \\item every nonconstant polynomial over $F$ is a product of linear factors. \\end{enumerate} ",
        "label": "lemma-algebraically-closed",
        "tag": "09GR",
        "url": "https://stacks.math.columbia.edu/tag/09GR",
        "source_filename": "fields.tex"
    },
    {
        "theorem": "Definition 9.10.3.",
        "body": "  Let $F$ be a field. An {\\it algebraic closure} of $F$ is a field $\\overline{F}$ containing $F$ such that: \\begin{enumerate} \\item $\\overline{F}$ is algebraic over $F$. \\item $\\overline{F}$ is algebraically closed. \\end{enumerate} ",
        "label": "definition-algebraic-closure",
        "tag": "09GS",
        "url": "https://stacks.math.columbia.edu/tag/09GS",
        "source_filename": "fields.tex"
    },
    {
        "theorem": "Theorem 9.10.4.",
        "body": "  Every field has an algebraic closure. ",
        "label": "theorem-existence-algebraic-closure",
        "tag": "09GT",
        "url": "https://stacks.math.columbia.edu/tag/09GT",
        "source_filename": "fields.tex"
    },
    {
        "theorem": "Lemma 9.10.5.",
        "body": "  Let $F$ be a field. Let $\\overline{F}$ be an algebraic closure of $F$. Let $M/F$ be an algebraic extension. Then there is a morphism of $F$-extensions $M \\to \\overline{F}$. ",
        "label": "lemma-map-into-algebraic-closure",
        "tag": "09GU",
        "url": "https://stacks.math.columbia.edu/tag/09GU",
        "source_filename": "fields.tex"
    },
    {
        "theorem": "Lemma 9.10.6.",
        "body": "  Any two algebraic closures of a field are isomorphic. ",
        "label": "lemma-algebraic-closures-isomorphic",
        "tag": "09GV",
        "url": "https://stacks.math.columbia.edu/tag/09GV",
        "source_filename": "fields.tex"
    },
    {
        "theorem": "Definition 9.11.1.",
        "body": "  If $k$ is any field, we say that two polynomials in $k[x]$ are {\\it relatively prime} if they generate the unit ideal in $k[x]$. ",
        "label": "definition-relatively-prime",
        "tag": "09GX",
        "url": "https://stacks.math.columbia.edu/tag/09GX",
        "source_filename": "fields.tex"
    },
    {
        "theorem": "Lemma 9.11.2.",
        "body": "  Two polynomials in $k[x]$ are relatively prime precisely when they have no common roots in an algebraic closure $\\overline{k}$ of $k$. ",
        "label": "lemma-relatively-prime-polynomials",
        "tag": "09GY",
        "url": "https://stacks.math.columbia.edu/tag/09GY",
        "source_filename": "fields.tex"
    },
    {
        "theorem": "Lemma 9.12.1.",
        "body": "  Let $F$ be a field. Let $P \\in F[x]$ be an irreducible polynomial over $F$. Let $P' = \\text{d}P/\\text{d}x$ be the derivative of $P$ with respect to $x$. Then one of the following two cases happens \\begin{enumerate} \\item $P$ and $P'$ are relatively prime, or \\item $P'$ is the zero polynomial. \\end{enumerate} The second case can only happen if $F$ has characteristic $p > 0$. In this case $P(x) = Q(x^q)$ where $q = p^f$ is a power of $p$ and $Q \\in F[x]$ is an irreducible polynomial such that $Q$ and $Q'$ are relatively prime. ",
        "label": "lemma-irreducible-polynomials",
        "tag": "09H0",
        "url": "https://stacks.math.columbia.edu/tag/09H0",
        "source_filename": "fields.tex"
    },
    {
        "theorem": "Definition 9.12.2.",
        "body": "  Let $F$ be a field. Let $K/F$ be an extension of fields. \\begin{enumerate} \\item We say an irreducible polynomial $P$ over $F$ is {\\it separable} if it is relatively prime to its derivative. \\item Given $\\alpha \\in K$ algebraic over $F$ we say $\\alpha$ is {\\it separable} over $F$ if its minimal polynomial is separable over $F$. \\item If $K$ is an algebraic extension of $F$, we say $K$ is {\\it separable}\\footnote{For nonalgebraic extensions this definition does not make sense and is not the correct one. We refer the reader to Algebra, Sections \\ref{algebra-section-separability} and \\ref{algebra-section-separability-continued}.} over $F$ if every element of $K$ is separable over $F$. \\end{enumerate} ",
        "label": "definition-separable",
        "tag": "09H1",
        "url": "https://stacks.math.columbia.edu/tag/09H1",
        "source_filename": "fields.tex"
    },
    {
        "theorem": "Lemma 9.12.3.",
        "body": "  Let $K/E/F$ be a tower of algebraic field extensions. \\begin{enumerate} \\item If $\\alpha \\in K$ is separable over $F$, then $\\alpha$ is separable over $E$. \\item if $K$ is separable over $F$, then $K$ is separable over $E$. \\end{enumerate} ",
        "label": "lemma-separable-goes-up",
        "tag": "09H2",
        "url": "https://stacks.math.columbia.edu/tag/09H2",
        "source_filename": "fields.tex"
    },
    {
        "theorem": "Lemma 9.12.4.",
        "body": "  Let $F$ be a field. An irreducible polynomial $P$ over $F$ is separable if and only if $P$ has pairwise distinct roots in an algebraic closure of $F$. ",
        "label": "lemma-recognize-separable",
        "tag": "09H3",
        "url": "https://stacks.math.columbia.edu/tag/09H3",
        "source_filename": "fields.tex"
    },
    {
        "theorem": "Lemma 9.12.5.",
        "body": "  Let $F$ be a field and let $\\overline{F}$ be an algebraic closure of $F$. Let $p > 0$ be the characteristic of $F$. Let $P$ be a polynomial over $F$. Then the set of roots of $P$ and $P(x^p)$ in $\\overline{F}$ have the same cardinality (not counting multiplicity). ",
        "label": "lemma-nr-roots-unchanged",
        "tag": "09H4",
        "url": "https://stacks.math.columbia.edu/tag/09H4",
        "source_filename": "fields.tex"
    },
    {
        "theorem": "Definition 9.12.6.",
        "body": "  Let $F$ be a field. Let $P$ be an irreducible polynomial over $F$. The {\\it separable degree} of $P$ is the cardinality of the set of roots of $P$ in any algebraic closure of $F$ (see discussion above). Notation $\\deg_s(P)$. ",
        "label": "definition-separable-degree",
        "tag": "09H5",
        "url": "https://stacks.math.columbia.edu/tag/09H5",
        "source_filename": "fields.tex"
    },
    {
        "theorem": "Situation 9.12.7.",
        "body": "  Here $F$ be a field and $K/F$ is a finite extension generated by elements $\\alpha_1, \\ldots, \\alpha_n \\in K$. We set $K_0 = F$ and $$ K_i = F(\\alpha_1, \\ldots, \\alpha_i) $$ to obtain a tower of finite extensions $K = K_n / K_{n - 1} / \\ldots / K_0 = F$. Denote $P_i$ the minimal polynomial of $\\alpha_i$ over $K_{i - 1}$. Finally, we fix an algebraic closure $\\overline{F}$ of $F$. ",
        "label": "situation-finitely-generated",
        "tag": "09H6",
        "url": "https://stacks.math.columbia.edu/tag/09H6",
        "source_filename": "fields.tex"
    },
    {
        "theorem": "Lemma 9.12.8.",
        "body": "  In Situation \\ref{situation-finitely-generated} the correspondence $$ \\mathop{\\mathrm{Mor}}\\nolimits_F(K, \\overline{F}) \\longrightarrow \\{(\\beta_1, \\ldots, \\beta_n)\\text{ as below}\\}, \\quad \\varphi \\longmapsto (\\varphi(\\alpha_1), \\ldots, \\varphi(\\alpha_n)) $$ is a bijection. Here the right hand side is the set of $n$-tuples $(\\beta_1, \\ldots, \\beta_n)$ of elements of $\\overline{F}$ such that $\\beta_i$ is a root of $P_i^\\varphi$. ",
        "label": "lemma-count-embeddings",
        "tag": "09H7",
        "url": "https://stacks.math.columbia.edu/tag/09H7",
        "source_filename": "fields.tex"
    },
    {
        "theorem": "Lemma 9.12.9.",
        "body": "  In Situation \\ref{situation-finitely-generated} we have $|\\mathop{\\mathrm{Mor}}\\nolimits_F(K, \\overline{F})| = \\prod_{i = 1}^n \\deg_s(P_i)$. ",
        "label": "lemma-count-embeddings-explicitly",
        "tag": "09H8",
        "url": "https://stacks.math.columbia.edu/tag/09H8",
        "source_filename": "fields.tex"
    },
    {
        "theorem": "Lemma 9.12.10.",
        "body": "  Assumptions and notation as in Situation \\ref{situation-finitely-generated}. If each $P_i$ is separable, i.e., each $\\alpha_i$ is separable over $K_{i - 1}$, then $$ |\\mathop{\\mathrm{Mor}}\\nolimits_F(K, \\overline{F})| = [K : F] $$ and the field extension $K/F$ is separable. If one of the $\\alpha_i$ is not separable over $K_{i - 1}$, then $|\\mathop{\\mathrm{Mor}}\\nolimits_F(K, \\overline{F})| < [K : F]$. ",
        "label": "lemma-separably-generated-separable",
        "tag": "09H9",
        "url": "https://stacks.math.columbia.edu/tag/09H9",
        "source_filename": "fields.tex"
    },
    {
        "theorem": "Lemma 9.12.11.",
        "body": "  Let $K/F$ be a finite extension of fields. Let $\\overline{F}$ be an algebraic closure of $F$. Then we have $$ |\\mathop{\\mathrm{Mor}}\\nolimits_F(K, \\overline{F})| \\leq [K : F] $$ with equality if and only if $K$ is separable over $F$. ",
        "label": "lemma-separable-equality",
        "tag": "09HA",
        "url": "https://stacks.math.columbia.edu/tag/09HA",
        "source_filename": "fields.tex"
    },
    {
        "theorem": "Lemma 9.12.12.",
        "body": "  Let $E/k$ and $F/E$ be separable algebraic extensions of fields. Then $F/k$ is a separable extension of fields. ",
        "label": "lemma-separable-permanence",
        "tag": "09HB",
        "url": "https://stacks.math.columbia.edu/tag/09HB",
        "source_filename": "fields.tex"
    },
    {
        "theorem": "Lemma 9.12.13.",
        "body": "  Let $E/k$ be a field extension. Then the elements of $E$ separable over $k$ form a subextension of $E/k$. ",
        "label": "lemma-separable-elements",
        "tag": "09HC",
        "url": "https://stacks.math.columbia.edu/tag/09HC",
        "source_filename": "fields.tex"
    },
    {
        "theorem": "Lemma 9.13.1.",
        "body": "  Let $L$ be a field. Let $G$ be a monoid, for example a group. Let $\\chi_1, \\ldots, \\chi_n : G \\to L$ be pairwise distinct homomorphisms of monoids where $L$ is regarded as a monoid by multiplication. Then $\\chi_1, \\ldots, \\chi_n$ are $L$-linearly independent: if $\\lambda_1, \\ldots, \\lambda_n \\in L$ not all zero, then $\\sum \\lambda_i\\chi_i(g) \\not = 0$ for some $g \\in G$. ",
        "label": "lemma-independence-characters",
        "tag": "0CKL",
        "url": "https://stacks.math.columbia.edu/tag/0CKL",
        "source_filename": "fields.tex"
    },
    {
        "theorem": "Lemma 9.13.2.",
        "body": "  Let $L$ be a field. Let $n \\geq 1$ and $\\alpha_1, \\ldots, \\alpha_n \\in L$ pairwise distinct elements of $L$. Then there exists an $e \\geq 0$ such that $\\sum_{i = 1, \\ldots, n} \\alpha_i^e \\not = 0$. ",
        "label": "lemma-sums-of-powers",
        "tag": "0EM9",
        "url": "https://stacks.math.columbia.edu/tag/0EM9",
        "source_filename": "fields.tex"
    },
    {
        "theorem": "Lemma 9.13.3.",
        "body": "  Let $K/F$ and $L/F$ be field extensions. Let $\\sigma_1, \\ldots, \\sigma_n : K \\to L$ be pairwise distinct morphisms of $F$-extensions. Then $\\sigma_1, \\ldots, \\sigma_n$ are $L$-linearly independent: if $\\lambda_1, \\ldots, \\lambda_n \\in L$ not all zero, then $\\sum \\lambda_i\\sigma_i(\\alpha) \\not = 0$ for some $\\alpha \\in K$. ",
        "label": "lemma-independence-embeddings",
        "tag": "0CKM",
        "url": "https://stacks.math.columbia.edu/tag/0CKM",
        "source_filename": "fields.tex"
    },
    {
        "theorem": "Lemma 9.13.4.",
        "body": "  Let $K/F$ and $L/F$ be field extensions with $K/F$ finite separable and $L$ algebraically closed. Then the map $$ K \\otimes_F L \\longrightarrow \\prod\\nolimits_{\\sigma \\in \\mathop{\\mathrm{Hom}}\\nolimits_F(K, L)} L,\\quad \\alpha \\otimes \\beta \\mapsto (\\sigma(\\alpha)\\beta)_\\sigma $$ is an isomorphism of $L$-algebras. ",
        "label": "lemma-finite-separable-tensor-alg-closed",
        "tag": "0CKN",
        "url": "https://stacks.math.columbia.edu/tag/0CKN",
        "source_filename": "fields.tex"
    },
    {
        "theorem": "Definition 9.14.1.",
        "body": "  Let $F$ be a field of characteristic $p > 0$. Let $K/F$ be an extension. \\begin{enumerate} \\item An element $\\alpha \\in K$ is {\\it purely inseparable} over $F$ if there exists a power $q$ of $p$ such that $\\alpha^q \\in F$. \\item The extension $K/F$ is said to be {\\it purely inseparable} if and only if every element of $K$ is purely inseparable over $F$. \\end{enumerate} If we have a field extension $L/M$ (with no condition on the characteristic of $M$), then we will say the extension is {\\it purely inseparable} if either $L = M$ or the characteristic of $M$ is a prime number $p$ and $L/M$ is purely inseparable in the sense defined above. ",
        "label": "definition-purely-inseparable",
        "tag": "09HE",
        "url": "https://stacks.math.columbia.edu/tag/09HE",
        "source_filename": "fields.tex"
    },
    {
        "theorem": "Lemma 9.14.2.",
        "body": "  Let $p$ be a prime number. Let $F$ be a field of characteristic $p$. Let $t \\in F$ be an element which does not have a $p$th root in $F$. Then the polynomial $x^p - t$ is irreducible over $F$. ",
        "label": "lemma-take-pth-root",
        "tag": "09HF",
        "url": "https://stacks.math.columbia.edu/tag/09HF",
        "source_filename": "fields.tex"
    },
    {
        "theorem": "Lemma 9.14.3.",
        "body": "  Let $E/k$ and $F/E$ be purely inseparable extensions of fields. Then $F/k$ is a purely inseparable extension of fields. ",
        "label": "lemma-purely-inseparable-permanence",
        "tag": "09HG",
        "url": "https://stacks.math.columbia.edu/tag/09HG",
        "source_filename": "fields.tex"
    },
    {
        "theorem": "Lemma 9.14.4.",
        "body": "  Let $E/k$ be a field extension. Then the elements of $E$ purely-inseparable over $k$ form a subextension of $E/k$. ",
        "label": "lemma-purely-inseparable-elements",
        "tag": "09HH",
        "url": "https://stacks.math.columbia.edu/tag/09HH",
        "source_filename": "fields.tex"
    },
    {
        "theorem": "Lemma 9.14.5.",
        "body": "  Let $E/F$ be a finite purely inseparable field extension of characteristic $p > 0$. Then there exists a sequence of elements $\\alpha_1, \\ldots, \\alpha_n \\in E$ such that we obtain a tower of fields $$ E = F(\\alpha_1, \\ldots, \\alpha_n) \\supset F(\\alpha_1, \\ldots, \\alpha_{n - 1}) \\supset \\ldots \\supset F(\\alpha_1) \\supset F $$ such that each intermediate extension is of degree $p$ and comes from adjoining a $p$th root. Namely, $\\alpha_i^p \\in F(\\alpha_1, \\ldots, \\alpha_{i - 1})$ is an element which does not have a $p$th root in $F(\\alpha_1, \\ldots, \\alpha_{i - 1})$ for $i = 1, \\ldots, n$. ",
        "label": "lemma-finite-purely-inseparable",
        "tag": "09HI",
        "url": "https://stacks.math.columbia.edu/tag/09HI",
        "source_filename": "fields.tex"
    },
    {
        "theorem": "Lemma 9.14.6.",
        "body": "  \\begin{slogan} Any algebraic field extension is uniquely a separable field extension followed by a purely inseparable one. \\end{slogan} Let $E/F$ be an algebraic field extension. There exists a unique subextension $E/E_{sep}/F$ such that $E_{sep}/F$ is separable and $E/E_{sep}$ is purely inseparable. ",
        "label": "lemma-separable-first",
        "tag": "030K",
        "url": "https://stacks.math.columbia.edu/tag/030K",
        "source_filename": "fields.tex"
    },
    {
        "theorem": "Definition 9.14.7.",
        "body": "  Let $E/F$ be an algebraic field extension. Let $E_{sep}$ be the subextension found in Lemma \\ref{lemma-separable-first}. \\begin{enumerate} \\item The integer $[E_{sep} : F]$ is called the {\\it separable degree} of the extension. Notation $[E : F]_s$. \\item The integer $[E : E_{sep}]$ is called the {\\it inseparable degree}, or the {\\it degree of inseparability} of the extension. Notation $[E : F]_i$. \\end{enumerate} ",
        "label": "definition-insep-degree",
        "tag": "030L",
        "url": "https://stacks.math.columbia.edu/tag/030L",
        "source_filename": "fields.tex"
    },
    {
        "theorem": "Lemma 9.14.8.",
        "body": "  Let $K/F$ be a finite extension. Let $\\overline{F}$ be an algebraic closure of $F$. Then $[K : F]_s = |\\mathop{\\mathrm{Mor}}\\nolimits_F(K, \\overline{F})|$. ",
        "label": "lemma-separable-degree",
        "tag": "09HJ",
        "url": "https://stacks.math.columbia.edu/tag/09HJ",
        "source_filename": "fields.tex"
    },
    {
        "theorem": "Lemma 9.14.9.",
        "body": "[Multiplicativity]  Suppose given a tower of algebraic field extensions $K/E/F$. Then $$ [K : F]_s = [K : E]_s [E : F]_s \\quad\\text{and}\\quad [K : F]_i = [K : E]_i [E : F]_i $$ ",
        "label": "lemma-multiplicativity-all-degrees",
        "tag": "09HK",
        "url": "https://stacks.math.columbia.edu/tag/09HK",
        "source_filename": "fields.tex"
    },
    {
        "theorem": "Definition 9.15.1.",
        "body": "  Let $E/F$ be an algebraic field extension. We say $E$ is {\\it normal} over $F$ if for all $\\alpha \\in E$ the minimal polynomial $P$ of $\\alpha$ over $F$ splits completely into linear factors over $E$. ",
        "label": "definition-normal",
        "tag": "09HM",
        "url": "https://stacks.math.columbia.edu/tag/09HM",
        "source_filename": "fields.tex"
    },
    {
        "theorem": "Lemma 9.15.2.",
        "body": "  Let $K/E/F$ be a tower of algebraic field extensions. If $K$ is normal over $F$, then $K$ is normal over $E$. ",
        "label": "lemma-normal-goes-up",
        "tag": "09HN",
        "url": "https://stacks.math.columbia.edu/tag/09HN",
        "source_filename": "fields.tex"
    },
    {
        "theorem": "Lemma 9.15.3.",
        "body": "  Let $F$ be a field. Let $M/F$ be an algebraic extension. Let $M/E_i/F$, $i \\in I$ be subextensions with $E_i/F$ normal. Then $\\bigcap E_i$ is normal over $F$. ",
        "label": "lemma-intersect-normal",
        "tag": "09HP",
        "url": "https://stacks.math.columbia.edu/tag/09HP",
        "source_filename": "fields.tex"
    },
    {
        "theorem": "Lemma 9.15.4.",
        "body": "  Let $E/F$ be a normal algebraic field extension. Then the subextension $E/E_{sep}/F$ of Lemma \\ref{lemma-separable-first} is normal. ",
        "label": "lemma-separable-first-normal",
        "tag": "0EXK",
        "url": "https://stacks.math.columbia.edu/tag/0EXK",
        "source_filename": "fields.tex"
    },
    {
        "theorem": "Lemma 9.15.5.",
        "body": "  Let $E/F$ be an algebraic extension of fields. Let $\\overline{F}$ be an algebraic closure of $F$. The following are equivalent \\begin{enumerate} \\item $E$ is normal over $F$, and \\item for every pair $\\sigma, \\sigma' \\in \\mathop{\\mathrm{Mor}}\\nolimits_F(E, \\overline{F})$ we have $\\sigma(E) = \\sigma'(E)$. \\end{enumerate} ",
        "label": "lemma-characterize-normal",
        "tag": "09HQ",
        "url": "https://stacks.math.columbia.edu/tag/09HQ",
        "source_filename": "fields.tex"
    },
    {
        "theorem": "Lemma 9.15.6.",
        "body": "  Let $E/F$ be an algebraic extension of fields. If $E$ is generated by $\\alpha_i \\in E$, $i \\in I$ over $F$ and if for each $i$ the minimal polynomial of $\\alpha_i$ over $F$ splits completely in $E$, then $E/F$ is normal. ",
        "label": "lemma-normally-generated",
        "tag": "0BR3",
        "url": "https://stacks.math.columbia.edu/tag/0BR3",
        "source_filename": "fields.tex"
    },
    {
        "theorem": "Lemma 9.15.7.",
        "body": "  Let $L/M/K$ be a tower of algebraic extensions. \\begin{enumerate} \\item If $M/K$ is normal, then any automorphism $\\tau$ of $L/K$ induces an automorphism $\\tau|_M : M \\to M$. \\item If $L/K$ is normal, then any $K$-algebra map $\\sigma : M \\to L$ extends to an automorphism of $L$. \\end{enumerate} ",
        "label": "lemma-lift-maps",
        "tag": "0BME",
        "url": "https://stacks.math.columbia.edu/tag/0BME",
        "source_filename": "fields.tex"
    },
    {
        "theorem": "Definition 9.15.8.",
        "body": "  Let $E/F$ be an extension of fields. Then $\\text{Aut}(E/F)$ or $\\text{Aut}_F(E)$ denotes the automorphism group of $E$ as an object of the category of $F$-extensions. Elements of $\\text{Aut}(E/F)$ are called {\\it automorphisms of $E$ over $F$} or {\\it automorphisms of $E/F$}. ",
        "label": "definition-automorphisms",
        "tag": "09HR",
        "url": "https://stacks.math.columbia.edu/tag/09HR",
        "source_filename": "fields.tex"
    },
    {
        "theorem": "Lemma 9.15.9.",
        "body": "  Let $E/F$ be a finite extension. We have $$ |\\text{Aut}(E/F)| \\leq [E : F]_s $$ with equality if and only if $E$ is normal over $F$. ",
        "label": "lemma-normal-and-automorphisms",
        "tag": "09HS",
        "url": "https://stacks.math.columbia.edu/tag/09HS",
        "source_filename": "fields.tex"
    },
    {
        "theorem": "Lemma 9.15.10.",
        "body": "  Let $L/K$ be an algebraic normal extension of fields. Let $E/K$ be an extension of fields. Then either there is no $K$-embedding from $L$ to $E$ or there is one $\\tau : L \\to E$ and every other one is of the form $\\tau \\circ \\sigma$ where $\\sigma \\in \\text{Aut}(L/K)$. ",
        "label": "lemma-normal-embeddings-differ-by-aut",
        "tag": "0BR4",
        "url": "https://stacks.math.columbia.edu/tag/0BR4",
        "source_filename": "fields.tex"
    },
    {
        "theorem": "Lemma 9.16.1.",
        "body": "  Let $F$ be a field. Let $P \\in F[x]$ be a nonconstant polynomial. There exists a smallest field extension $E/F$ such that $P$ splits completely over $E$. Moreover, the field extension $E/F$ is normal and unique up to (nonunique) isomorphism. ",
        "label": "lemma-splitting-field",
        "tag": "09HU",
        "url": "https://stacks.math.columbia.edu/tag/09HU",
        "source_filename": "fields.tex"
    },
    {
        "theorem": "Definition 9.16.2.",
        "body": "  Let $F$ be a field. Let $P \\in F[x]$ be a nonconstant polynomial. The field extension $E/F$ constructed in Lemma \\ref{lemma-splitting-field} is called the {\\it splitting field of $P$ over $F$}. ",
        "label": "definition-splitting-field",
        "tag": "09HV",
        "url": "https://stacks.math.columbia.edu/tag/09HV",
        "source_filename": "fields.tex"
    },
    {
        "theorem": "Lemma 9.16.3.",
        "body": "  \\begin{slogan} Existence of normal closure of finite extensions of fields. \\end{slogan} Let $E/F$ be a finite extension of fields. There exists a unique smallest finite extension $K/E$ such that $K$ is normal over $F$. ",
        "label": "lemma-normal-closure",
        "tag": "09DT",
        "url": "https://stacks.math.columbia.edu/tag/09DT",
        "source_filename": "fields.tex"
    },
    {
        "theorem": "Definition 9.16.4.",
        "body": "  Let $E/F$ be a finite extension of fields. The field extension $K/E$ constructed in Lemma \\ref{lemma-normal-closure} is called the {\\it normal closure $E$ over $F$}. ",
        "label": "definition-normal-closure",
        "tag": "0BMF",
        "url": "https://stacks.math.columbia.edu/tag/0BMF",
        "source_filename": "fields.tex"
    },
    {
        "theorem": "Lemma 9.16.5.",
        "body": "  Let $L/K$ be an algebraic normal extension. \\begin{enumerate} \\item If $L/M/K$ is a subextension with $M/K$ finite, then there exists a tower $L/M'/M/K$ with $M'/K$ finite and normal. \\item If $L/M'/M/K$ is a tower with $M/K$ normal and $M'/M$ finite, then there exists a tower $L/M''/M'/M/K$ with $M''/M$ finite and $M''/K$ normal. \\end{enumerate} ",
        "label": "lemma-normal-closure-inside-normal",
        "tag": "0BMG",
        "url": "https://stacks.math.columbia.edu/tag/0BMG",
        "source_filename": "fields.tex"
    },
    {
        "theorem": "Lemma 9.16.6.",
        "body": "  Let $L/K$ be a finite extension. Let $M/L$ be the normal closure of $L$ over $K$. Then there is a surjective map $$ L \\otimes_K L \\otimes_K \\ldots \\otimes_K L \\longrightarrow M $$ of $K$-algebras where the number of tensors can be taken $[L : K]_s \\leq [L : K]$. ",
        "label": "lemma-normal-closure-tensor-product",
        "tag": "0EXL",
        "url": "https://stacks.math.columbia.edu/tag/0EXL",
        "source_filename": "fields.tex"
    },
    {
        "theorem": "Lemma 9.17.1.",
        "body": "  Let $A$ be an abelian group of exponent dividing $n$ such that $\\{x \\in A \\mid dx = 0\\}$ has cardinality at most $d$ for all $d | n$. Then $A$ is cyclic of order dividing $n$. ",
        "label": "lemma-cyclic",
        "tag": "09HX",
        "url": "https://stacks.math.columbia.edu/tag/09HX",
        "source_filename": "fields.tex"
    },
    {
        "theorem": "Lemma 9.19.1.",
        "body": "[Primitive element]  Let $E/F$ be a finite extension of fields. The following are equivalent \\begin{enumerate} \\item there exists a primitive element for $E$ over $F$, and \\item there are finitely many subextensions $E/K/F$. \\end{enumerate} Moreover, (1) and (2) hold if $E/F$ is separable. ",
        "label": "lemma-primitive-element",
        "tag": "030N",
        "url": "https://stacks.math.columbia.edu/tag/030N",
        "source_filename": "fields.tex"
    },
    {
        "theorem": "Definition 9.20.1.",
        "body": "  Let $L/K$ be a finite extension of fields. For $\\alpha \\in L$ we define the {\\it trace} $\\text{Trace}_{L/K}(\\alpha) = \\text{Trace}_K(\\alpha : L \\to L)$ and the {\\it norm} $\\text{Norm}_{L/K}(\\alpha) = \\det_K(\\alpha : L \\to L)$. ",
        "label": "definition-trace-norm",
        "tag": "0BIF",
        "url": "https://stacks.math.columbia.edu/tag/0BIF",
        "source_filename": "fields.tex"
    },
    {
        "theorem": "Lemma 9.20.2.",
        "body": "  Let $L/K$ be a finite extension of fields. Let $\\alpha \\in L$ and let $P$ be the minimal polynomial of $\\alpha$ over $K$. Then the characteristic polynomial of the $K$-linear map $\\alpha : L \\to L$ is equal to $P^e$ with $e \\deg(P) = [L : K]$. ",
        "label": "lemma-characteristic-vs-minimal-polynomial",
        "tag": "0BIG",
        "url": "https://stacks.math.columbia.edu/tag/0BIG",
        "source_filename": "fields.tex"
    },
    {
        "theorem": "Lemma 9.20.3.",
        "body": "  Let $L/K$ be a finite extension of fields. Let $\\alpha \\in L$ and let $P = x^d + a_1 x^{d - 1} + \\ldots + a_d$ be the minimal polynomial of $\\alpha$ over $K$. Then $$ \\text{Norm}_{L/K}(\\alpha) = (-1)^{[L : K]} a_d^e \\quad\\text{and}\\quad \\text{Trace}_{L/K}(\\alpha) = - e a_1 $$ where $e d = [L : K]$. ",
        "label": "lemma-trace-and-norm-from-minimal-polynomial",
        "tag": "0BIH",
        "url": "https://stacks.math.columbia.edu/tag/0BIH",
        "source_filename": "fields.tex"
    },
    {
        "theorem": "Lemma 9.20.4.",
        "body": "  Let $L/K$ be a finite extension of fields. Let $V$ be a finite dimensional vector space over $L$. Let $\\varphi : V \\to V$ be an $L$-linear map. Then $$ \\text{Trace}_K(\\varphi : V \\to V) = \\text{Trace}_{L/K}(\\text{Trace}_L(\\varphi : V \\to V)) $$ and $$ \\det\\nolimits_K(\\varphi : V \\to V) = \\text{Norm}_{L/K}(\\det\\nolimits_L(\\varphi : V \\to V)) $$ ",
        "label": "lemma-trace-and-norm-linear",
        "tag": "0BII",
        "url": "https://stacks.math.columbia.edu/tag/0BII",
        "source_filename": "fields.tex"
    },
    {
        "theorem": "Lemma 9.20.5.",
        "body": "  Let $M/L/K$ be a tower of finite extensions of fields. Then $$ \\text{Trace}_{M/K} = \\text{Trace}_{L/K} \\circ \\text{Trace}_{M/L} \\quad\\text{and}\\quad \\text{Norm}_{M/K} = \\text{Norm}_{L/K} \\circ \\text{Norm}_{M/L} $$ ",
        "label": "lemma-trace-and-norm-tower",
        "tag": "0BIJ",
        "url": "https://stacks.math.columbia.edu/tag/0BIJ",
        "source_filename": "fields.tex"
    },
    {
        "theorem": "Definition 9.20.6.",
        "body": "  Let $L/K$ be a finite extension of fields. The {\\it trace pairing} for $L/K$ is the symmetric $K$-bilinear form $$ Q_{L/K} : L \\times L \\longrightarrow K,\\quad (\\alpha, \\beta) \\longmapsto \\text{Trace}_{L/K}(\\alpha\\beta) $$ ",
        "label": "definition-trace-pairing",
        "tag": "0BIK",
        "url": "https://stacks.math.columbia.edu/tag/0BIK",
        "source_filename": "fields.tex"
    },
    {
        "theorem": "Lemma 9.20.7.",
        "body": "  Let $L/K$ be a finite extension of fields. The following are equivalent: \\begin{enumerate} \\item $L/K$ is separable, \\item $\\text{Trace}_{L/K}$ is not identically zero, and \\item the trace pairing $Q_{L/K}$ is nondegenerate. \\end{enumerate} ",
        "label": "lemma-separable-trace-pairing",
        "tag": "0BIL",
        "url": "https://stacks.math.columbia.edu/tag/0BIL",
        "source_filename": "fields.tex"
    },
    {
        "theorem": "Definition 9.20.8.",
        "body": "  Let $L/K$ be a finite extension of fields. The {\\it discriminant of $L/K$} is the discriminant of the trace pairing $Q_{L/K}$. ",
        "label": "definition-discriminant",
        "tag": "0BIM",
        "url": "https://stacks.math.columbia.edu/tag/0BIM",
        "source_filename": "fields.tex"
    },
    {
        "theorem": "Exercise 9.20.9.",
        "body": "  Let $L/K$ be an extension of degree $2$. Show that exactly one of the following happens \\begin{enumerate} \\item the discriminant is $0$, the characteristic of $K$ is $2$, and $L/K$ is purely inseparable obtained by taking a square root of an element of $K$, \\item the discriminant is $1$, the characteristic of $K$ is $2$, and $L/K$ is separable of degree $2$, \\item the discriminant is not a square, the characteristic of $K$ is not $2$, and $L$ is obtained from $K$ by taking the square root of the discriminant. \\end{enumerate} ",
        "label": "exercise-quadratic-discriminant",
        "tag": "0BIN",
        "url": "https://stacks.math.columbia.edu/tag/0BIN",
        "source_filename": "fields.tex"
    },
    {
        "theorem": "Definition 9.21.1.",
        "body": "  A field extension $E/F$ is called {\\it Galois} if it is algebraic, separable, and normal. ",
        "label": "definition-galois",
        "tag": "09I0",
        "url": "https://stacks.math.columbia.edu/tag/09I0",
        "source_filename": "fields.tex"
    },
    {
        "theorem": "Lemma 9.21.2.",
        "body": "  Let $E/F$ be a finite extension of fields. Then $E$ is Galois over $F$ if and only if $|\\text{Aut}(E/F)| = [E : F]$. ",
        "label": "lemma-finite-Galois",
        "tag": "09I1",
        "url": "https://stacks.math.columbia.edu/tag/09I1",
        "source_filename": "fields.tex"
    },
    {
        "theorem": "Definition 9.21.3.",
        "body": "  If $E/F$ is a Galois extension, then the group $\\text{Aut}(E/F)$ is called the {\\it Galois group} and it is denoted $\\text{Gal}(E/F)$. ",
        "label": "definition-galois-group",
        "tag": "09DV",
        "url": "https://stacks.math.columbia.edu/tag/09DV",
        "source_filename": "fields.tex"
    },
    {
        "theorem": "Lemma 9.21.4.",
        "body": "  Let $K/E/F$ be a tower of algebraic field extensions. If $K$ is Galois over $F$, then $K$ is Galois over $E$. ",
        "label": "lemma-galois-goes-up",
        "tag": "09I2",
        "url": "https://stacks.math.columbia.edu/tag/09I2",
        "source_filename": "fields.tex"
    },
    {
        "theorem": "Lemma 9.21.5.",
        "body": "  Let $L/K$ be a finite separable extension of fields. Let $M$ be the normal closure of $L$ over $K$ (Definition \\ref{definition-normal-closure}). Then $M/K$ is Galois. ",
        "label": "lemma-normal-closure-galois",
        "tag": "0EXM",
        "url": "https://stacks.math.columbia.edu/tag/0EXM",
        "source_filename": "fields.tex"
    },
    {
        "theorem": "Lemma 9.21.6.",
        "body": "  Let $K$ be a field. Let $G$ be a finite group acting faithfully on $K$. Then the extension $K/K^G$ is Galois, we have $[K : K^G] = |G|$, and the Galois group of the extension is $G$. ",
        "label": "lemma-galois-over-fixed-field",
        "tag": "09I3",
        "url": "https://stacks.math.columbia.edu/tag/09I3",
        "source_filename": "fields.tex"
    },
    {
        "theorem": "Theorem 9.21.7.",
        "body": "[Fundamental theorem of Galois theory]  Let $L/K$ be a finite Galois extension with Galois group $G$. Then we have $K = L^G$ and the map $$ \\{\\text{subgroups of }G\\} \\longrightarrow \\{\\text{subextensions }L/M/K\\},\\quad H \\longmapsto L^H $$ is a bijection whose inverse maps $M$ to $\\text{Gal}(L/M)$. The normal subgroups $H$ of $G$ correspond exactly to those subextensions $M$ with $M/K$ Galois. ",
        "label": "theorem-galois-theory",
        "tag": "09DW",
        "url": "https://stacks.math.columbia.edu/tag/09DW",
        "source_filename": "fields.tex"
    },
    {
        "theorem": "Lemma 9.21.8.",
        "body": "  Let $L/M/K$ be a tower of fields. Assume $L/K$ and $M/K$ are finite Galois. Then we obtain a short exact sequence $$ 1 \\to \\text{Gal}(L/M) \\to \\text{Gal}(L/K) \\to \\text{Gal}(M/K) \\to 1 $$ of finite groups. ",
        "label": "lemma-ses-galois",
        "tag": "0BMH",
        "url": "https://stacks.math.columbia.edu/tag/0BMH",
        "source_filename": "fields.tex"
    },
    {
        "theorem": "Lemma 9.22.1.",
        "body": "  Let $E/F$ be a Galois extension. Endow $\\text{Gal}(E/F)$ with the coarsest topology such that $$ \\text{Gal}(E/F) \\times E \\longrightarrow E $$ is continuous when $E$ is given the discrete topology. Then \\begin{enumerate} \\item for any topological space $X$ and map $X \\to \\text{Gal}(E/F)$ such that the action $X \\times E \\to E$ is continuous the induced map $X \\to \\text{Gal}(E/F)$ is continuous, \\item this topology turns $\\text{Gal}(E/F)$ into a profinite topological group. \\end{enumerate} ",
        "label": "lemma-galois-profinite",
        "tag": "0BMJ",
        "url": "https://stacks.math.columbia.edu/tag/0BMJ",
        "source_filename": "fields.tex"
    },
    {
        "theorem": "Lemma 9.22.2.",
        "body": "  Let $L/M/K$ be a tower of fields. Assume both $L/K$ and $M/K$ are Galois. Then there is a canonical surjective continuous homomorphism $c : \\text{Gal}(L/K) \\to \\text{Gal}(M/K)$. ",
        "label": "lemma-galois-infinite",
        "tag": "0BMK",
        "url": "https://stacks.math.columbia.edu/tag/0BMK",
        "source_filename": "fields.tex"
    },
    {
        "theorem": "Lemma 9.22.3.",
        "body": "  Let $L/K$ be a Galois extension with Galois group $G$. Let $\\Lambda$ be the set of finite Galois subextensions, i.e., $\\lambda \\in \\Lambda$ corresponds to $L/L_\\lambda/K$ with $L_\\lambda/K$ finite Galois with Galois group $G_\\lambda$. Define a partial ordering on $\\Lambda$ by the rule $\\lambda \\geq \\lambda'$ if and only if $L_\\lambda \\supset L_{\\lambda'}$. Then \\begin{enumerate} \\item $\\Lambda$ is a directed partially ordered set, \\item $L_\\lambda$ is a system of $K$-extensions over $\\Lambda$ and $L = \\mathop{\\mathrm{colim}}\\nolimits L_\\lambda$, \\item $G_\\lambda$ is an inverse system of finite groups over $\\Lambda$, the transition maps are surjective, and $$ G = \\mathop{\\mathrm{lim}}\\nolimits_{\\lambda \\in \\Lambda} G_\\lambda $$ as a profinite group, and \\item each of the projections $G \\to G_\\lambda$ is continuous and surjective. \\end{enumerate} ",
        "label": "lemma-infinite-galois-limit",
        "tag": "0BU2",
        "url": "https://stacks.math.columbia.edu/tag/0BU2",
        "source_filename": "fields.tex"
    },
    {
        "theorem": "Theorem 9.22.4.",
        "body": "[Fundamental theorem of infinite Galois theory]  Let $L/K$ be a Galois extension. Let $G = \\text{Gal}(L/K)$ be the Galois group viewed as a profinite topological group (Lemma \\ref{lemma-galois-profinite}). Then we have $K = L^G$ and the map $$ \\{\\text{closed subgroups of }G\\} \\longrightarrow \\{\\text{subextensions }L/M/K\\},\\quad H \\longmapsto L^H $$ is a bijection whose inverse maps $M$ to $\\text{Gal}(L/M)$. The finite subextensions $M$ correspond exactly to the open subgroups $H \\subset G$. The normal closed subgroups $H$ of $G$ correspond exactly to subextensions $M$ Galois over $K$. ",
        "label": "theorem-inifinite-galois-theory",
        "tag": "0BML",
        "url": "https://stacks.math.columbia.edu/tag/0BML",
        "source_filename": "fields.tex"
    },
    {
        "theorem": "Lemma 9.22.5.",
        "body": "  Let $L/M/K$ be a tower of fields. Assume $L/K$ and $M/K$ are Galois. Then we obtain a short exact sequence $$ 1 \\to \\text{Gal}(L/M) \\to \\text{Gal}(L/K) \\to \\text{Gal}(M/K) \\to 1 $$ of profinite topological groups. ",
        "label": "lemma-ses-infinite-galois",
        "tag": "0BMM",
        "url": "https://stacks.math.columbia.edu/tag/0BMM",
        "source_filename": "fields.tex"
    },
    {
        "theorem": "Lemma 9.23.1.",
        "body": "[Fundamental theorem of algebra]  The field $\\mathbf{C}$ is algebraically closed. ",
        "label": "lemma-C-algebraically-closed",
        "tag": "09I5",
        "url": "https://stacks.math.columbia.edu/tag/09I5",
        "source_filename": "fields.tex"
    },
    {
        "theorem": "Lemma 9.24.1.",
        "body": "[Kummer extensions]  Let $L/K$ be a Galois extension of fields whose Galois group is $\\mathbf{Z}/n\\mathbf{Z}$. Assume moreover that the characteristic of $K$ is prime to $n$ and that $K$ contains a primitive $n$th root of $1$. Then $L = K[z]$ with $z^n \\in K$. ",
        "label": "lemma-Kummer",
        "tag": "09DX",
        "url": "https://stacks.math.columbia.edu/tag/09DX",
        "source_filename": "fields.tex"
    },
    {
        "theorem": "Lemma 9.24.2.",
        "body": "  Let $K$ be a field with algebraic closure $\\overline{K}$. Let $p$ be a prime different from the characteristic of $K$. Let $\\zeta \\in \\overline{K}$ be a primitive $p$th root of $1$. Then $K(\\zeta)/K$ is a Galois extension of degree dividing $p - 1$. ",
        "label": "lemma-adjoint-pth-root-unity",
        "tag": "0EXN",
        "url": "https://stacks.math.columbia.edu/tag/0EXN",
        "source_filename": "fields.tex"
    },
    {
        "theorem": "Lemma 9.24.3.",
        "body": "  Let $K$ be a field. Let $L/K$ be a finite extension of degree $e$ which is generated by an element $\\alpha$ with $a = \\alpha^e \\in K$. Then any sub extension $L/L'/K$ is generated by $\\alpha^d$ for some $d | e$. ",
        "label": "lemma-subfields-kummer",
        "tag": "0EXP",
        "url": "https://stacks.math.columbia.edu/tag/0EXP",
        "source_filename": "fields.tex"
    },
    {
        "theorem": "Lemma 9.25.1.",
        "body": "[Artin-Schreier extensions]  Let $L/K$ be a Galois extension of fields of characteristic $p > 0$ with Galois group $\\mathbf{Z}/p\\mathbf{Z}$. Then $L = K[z]$ with $z^p - z \\in K$. ",
        "label": "lemma-Artin-Schreier",
        "tag": "09DY",
        "url": "https://stacks.math.columbia.edu/tag/09DY",
        "source_filename": "fields.tex"
    },
    {
        "theorem": "Definition 9.26.1.",
        "body": "  Let $K/k$ be a field extension. \\begin{enumerate} \\item A collection of elements $\\{x_i\\}_{i \\in I}$ of $K$ is called {\\it algebraically independent} over $k$ if the map $$ k[X_i; i\\in I] \\longrightarrow K $$ which maps $X_i$ to $x_i$ is injective. \\item The field of fractions of a polynomial ring $k[x_i; i \\in I]$ is denoted $k(x_i; i\\in I)$. \\item A {\\it purely transcendental extension} of $k$ is any field extension $K/k$ isomorphic to the field of fractions of a polynomial ring over $k$. \\item A {\\it transcendence basis} of $K/k$ is a collection of elements $\\{x_i\\}_{i \\in I}$ which are algebraically independent over $k$ and such that the extension $K/k(x_i; i\\in I)$ is algebraic. \\end{enumerate} ",
        "label": "definition-transcendence",
        "tag": "030E",
        "url": "https://stacks.math.columbia.edu/tag/030E",
        "source_filename": "fields.tex"
    },
    {
        "theorem": "Example 9.26.2.",
        "body": "  The field $\\mathbf{Q}(\\pi)$ is purely transcendental because $\\pi$ isn't the root of a nonzero polynomial with rational coefficients. In particular, $\\mathbf{Q}(\\pi) \\cong \\mathbf{Q}(x)$. ",
        "label": "example-pi-transcendental",
        "tag": "09I8",
        "url": "https://stacks.math.columbia.edu/tag/09I8",
        "source_filename": "fields.tex"
    },
    {
        "theorem": "Lemma 9.26.3.",
        "body": "  Let $E/F$ be a field extension. A transcendence basis of $E$ over $F$ exists. Any two transcendence bases have the same cardinality. ",
        "label": "lemma-transcendence-degree",
        "tag": "030F",
        "url": "https://stacks.math.columbia.edu/tag/030F",
        "source_filename": "fields.tex"
    },
    {
        "theorem": "Definition 9.26.4.",
        "body": "  Let $K/k$ be a field extension. The {\\it transcendence degree} of $K$ over $k$ is the cardinality of a transcendence basis of $K$ over $k$. It is denoted $\\text{trdeg}_k(K)$. ",
        "label": "definition-transcendence-degree",
        "tag": "030G",
        "url": "https://stacks.math.columbia.edu/tag/030G",
        "source_filename": "fields.tex"
    },
    {
        "theorem": "Lemma 9.26.5.",
        "body": "  Let $L/K/k$ be field extensions. Then $$ \\text{trdeg}_k(L) = \\text{trdeg}_K(L) + \\text{trdeg}_k(K). $$ ",
        "label": "lemma-transcendence-degree-tower",
        "tag": "030H",
        "url": "https://stacks.math.columbia.edu/tag/030H",
        "source_filename": "fields.tex"
    },
    {
        "theorem": "Example 9.26.6.",
        "body": "  Consider the field extension $\\mathbf{Q}(e, \\pi)$ formed by adjoining the numbers $e$ and $\\pi$. This field extension has transcendence degree at least $1$ since both $e$ and $\\pi$ are transcendental over the rationals. However, this field extension might have transcendence degree $2$ if $e$ and $\\pi$ are algebraically independent. Whether or not this is true is unknown and whence the problem of determining $\\text{trdeg}(\\mathbf{Q}(e, \\pi))$ is open. ",
        "label": "example-pi-e-transcendental",
        "tag": "09I9",
        "url": "https://stacks.math.columbia.edu/tag/09I9",
        "source_filename": "fields.tex"
    },
    {
        "theorem": "Example 9.26.7.",
        "body": "  Let $F$ be a field and $E = F(t)$. Then $\\{t\\}$ is a transcendence basis since $E = F(t)$. However, $\\{t^2\\}$ is also a transcendence basis since $F(t)/F(t^2)$ is algebraic. This illustrates that while we can always decompose an extension $E/F$ into an algebraic extension $E/F'$ and a purely transcendental extension $F'/F$, this decomposition is not unique and depends on choice of transcendence basis. ",
        "label": "example-function-field-not-unique-transcendence-basis",
        "tag": "09IA",
        "url": "https://stacks.math.columbia.edu/tag/09IA",
        "source_filename": "fields.tex"
    },
    {
        "theorem": "Example 9.26.8.",
        "body": "  Let $X$ be a compact Riemann surface. Then the function field $\\mathbf{C}(X)$ (see Example \\ref{example-field-of-meromorphic-functions}) has transcendence degree one over $\\mathbf{C}$. In fact, {\\it any} finitely generated extension of $\\mathbf{C}$ of transcendence degree one arises from a Riemann surface. There is even an equivalence of categories between the category of compact Riemann surfaces and (non-constant) holomorphic maps and the opposite of the category of finitely generated extensions of $\\mathbf{C}$ of transcendence degree $1$ and morphisms of $\\mathbf{C}$-algebras. See \\cite{Forster}. \\medskip\\noindent There is an algebraic version of the above statement as well. Given an (irreducible) algebraic curve in projective space over an algebraically closed field $k$ (e.g. the complex numbers), one can consider its ``field of rational functions'': basically, functions that look like quotients of polynomials, where the denominator does not identically vanish on the curve. There is a similar anti-equivalence of categories (Algebraic Curves, Theorem \\ref{curves-theorem-curves-rational-maps}) between smooth projective curves and non-constant morphisms of curves and finitely generated extensions of $k$ of transcendence degree one. See \\cite{H}. ",
        "label": "example-riemann-surface-transcendence",
        "tag": "09IB",
        "url": "https://stacks.math.columbia.edu/tag/09IB",
        "source_filename": "fields.tex"
    },
    {
        "theorem": "Definition 9.26.9.",
        "body": "  Let $K/k$ be a field extension. \\begin{enumerate} \\item The {\\it algebraic closure of $k$ in $K$} is the subfield $k'$ of $K$ consisting of elements of $K$ which are algebraic over $k$. \\item We say $k$ is {\\it algebraically closed in $K$} if every element of $K$ which is algebraic over $k$ is contained in $k$. \\end{enumerate} ",
        "label": "definition-algebraically-closed-in",
        "tag": "037I",
        "url": "https://stacks.math.columbia.edu/tag/037I",
        "source_filename": "fields.tex"
    },
    {
        "theorem": "Lemma 9.26.10.",
        "body": "  Let $k'/k$ be a finite extension of fields. Let $k'(x_1, \\ldots, x_r)/k(x_1, \\ldots, x_r)$ be the induced extension of purely transcendental extensions. Then $[k'(x_1, \\ldots, x_r) : k(x_1, \\ldots, x_r)] = [k' : k] < \\infty$. ",
        "label": "lemma-purely-transcendental-degree",
        "tag": "0G1M",
        "url": "https://stacks.math.columbia.edu/tag/0G1M",
        "source_filename": "fields.tex"
    },
    {
        "theorem": "Lemma 9.26.11.",
        "body": "  Let $K/k$ be a finitely generated field extension. The algebraic closure of $k$ in $K$ is finite over $k$. ",
        "label": "lemma-algebraic-closure-in-finitely-generated",
        "tag": "037J",
        "url": "https://stacks.math.columbia.edu/tag/037J",
        "source_filename": "fields.tex"
    },
    {
        "theorem": "Definition 9.27.1.",
        "body": "  Consider a diagram \\begin{equation} \\label{equation-inside-omega} \\vcenter{ \\xymatrix{ L \\ar[r] & \\Omega \\\\ k \\ar[r] \\ar[u] & K \\ar[u] } } \\end{equation} of field extensions. The {\\it compositum of $K$ and $L$ in $\\Omega$} written $KL$ is the smallest subfield of $\\Omega$ containing both $L$ and $K$. ",
        "label": "definition-compositum",
        "tag": "09ID",
        "url": "https://stacks.math.columbia.edu/tag/09ID",
        "source_filename": "fields.tex"
    },
    {
        "theorem": "Definition 9.27.2.",
        "body": "  Consider a diagram of fields as in (\\ref{equation-inside-omega}). We say that $K$ and $L$ are {\\it linearly disjoint over $k$ in $\\Omega$} if the map $$ K \\otimes_k L \\longrightarrow KL,\\quad \\sum x_i \\otimes y_i \\longmapsto \\sum x_i y_i $$ is injective. ",
        "label": "definition-linearly-disjoint",
        "tag": "09IF",
        "url": "https://stacks.math.columbia.edu/tag/09IF",
        "source_filename": "fields.tex"
    },
    {
        "theorem": "Lemma 9.27.3.",
        "body": "  Let $E/F$ be a normal algebraic field extension. There exist subextensions $E / E_{sep} /F$ and $E / E_{insep} / F$ such that \\begin{enumerate} \\item $F \\subset E_{sep}$ is Galois and $E_{sep} \\subset E$ is purely inseparable, \\item $F \\subset E_{insep}$ is purely inseparable and $E_{insep} \\subset E$ is Galois, \\item $E = E_{sep} \\otimes_F E_{insep}$. \\end{enumerate} ",
        "label": "lemma-normal-case",
        "tag": "030M",
        "url": "https://stacks.math.columbia.edu/tag/030M",
        "source_filename": "fields.tex"
    },
    {
        "theorem": "Definition 9.28.1.",
        "body": "  Algebraic field extensions. \\begin{enumerate} \\item A field extension $K/k$ is called {\\it algebraic} if every element of $K$ is algebraic over $k$. \\item An algebraic extension $k'/k$ is called {\\it separable} if every $\\alpha \\in k'$ is separable over $k$. \\item An algebraic extension $k'/k$ is called {\\it purely inseparable} if the characteristic of $k$ is $p > 0$ and for every element $\\alpha \\in k'$ there exists a power $q$ of $p$ such that $\\alpha^q \\in k$. \\item An algebraic extension $k'/k$ is called {\\it normal} if for every $\\alpha \\in k'$ the minimal polynomial $P(T) \\in k[T]$ of $\\alpha$ over $k$ splits completely into linear factors over $k'$. \\item An algebraic extension $k'/k$ is called {\\it Galois} if it is separable and normal. \\end{enumerate} ",
        "label": "definition-separable-algebraic",
        "tag": "030J",
        "url": "https://stacks.math.columbia.edu/tag/030J",
        "source_filename": "fields.tex"
    },
    {
        "theorem": "Lemma 9.28.2.",
        "body": "  Let $K$ be a field of characteristic $p > 0$. Let $L/K$ be a separable algebraic extension. Let $\\alpha \\in L$. \\begin{enumerate} \\item If the coefficients of the minimal polynomial of $\\alpha$ over $K$ are $p$th powers in $K$ then $\\alpha$ is a $p$th power in $L$. \\item More generally, if $P \\in K[T]$ is a polynomial such that (a) $\\alpha$ is a root of $P$, (b) $P$ has pairwise distinct roots in an algebraic closure, and (c) all coefficients of $P$ are $p$th powers, then $\\alpha$ is a $p$th power in $L$. \\end{enumerate} ",
        "label": "lemma-pth-root",
        "tag": "031V",
        "url": "https://stacks.math.columbia.edu/tag/031V",
        "source_filename": "fields.tex"
    }
]