[
    {
        "theorem": "Lemma 51.2.1.",
        "body": "  Let $A$ be a ring and let $I$ be a finitely generated ideal. Set $Z = V(I) \\subset X = \\mathop{\\mathrm{Spec}}(A)$. For $K \\in D(A)$ corresponding to $\\widetilde{K} \\in D_\\mathit{QCoh}(\\mathcal{O}_X)$ via Derived Categories of Schemes, Lemma \\ref{perfect-lemma-affine-compare-bounded} there is a functorial isomorphism $$ R\\Gamma_Z(K) = R\\Gamma_Z(X, \\widetilde{K}) $$ where on the left we have Dualizing Complexes, Equation (\\ref{dualizing-equation-local-cohomology}) and on the right we have the functor of Cohomology, Section \\ref{cohomology-section-cohomology-support-bis}. ",
        "label": "lemma-local-cohomology-is-local-cohomology",
        "tag": "0A6T",
        "url": "https://stacks.math.columbia.edu/tag/0A6T",
        "source_filename": "local-cohomology.tex"
    },
    {
        "theorem": "Lemma 51.2.2.",
        "body": "  Let $A$ be a ring and let $I \\subset A$ be a finitely generated ideal. Set $X = \\mathop{\\mathrm{Spec}}(A)$, $Z = V(I)$, $U = X \\setminus Z$, and $j : U \\to X$ the inclusion morphism. Let $\\mathcal{F}$ be a quasi-coherent $\\mathcal{O}_U$-module. Then \\begin{enumerate} \\item there exists an $A$-module $M$ such that $\\mathcal{F}$ is the restriction of $\\widetilde{M}$ to $U$, \\item given $M$ there is an exact sequence $$ 0 \\to H^0_Z(M) \\to M \\to H^0(U, \\mathcal{F}) \\to H^1_Z(M) \\to 0 $$ and isomorphisms $H^p(U, \\mathcal{F}) = H^{p + 1}_Z(M)$ for $p \\geq 1$, \\item we may take $M = H^0(U, \\mathcal{F})$ in which case we have $H^0_Z(M) = H^1_Z(M) = 0$. \\end{enumerate} ",
        "label": "lemma-local-cohomology",
        "tag": "0DWR",
        "url": "https://stacks.math.columbia.edu/tag/0DWR",
        "source_filename": "local-cohomology.tex"
    },
    {
        "theorem": "Lemma 51.2.3.",
        "body": "  Let $I, J \\subset A$ be finitely generated ideals of a ring $A$. If $M$ is an $I$-power torsion module, then the canonical map $$ H^i_{V(I) \\cap V(J)}(M) \\to H^i_{V(J)}(M) $$ is an isomorphism for all $i$. ",
        "label": "lemma-already-torsion",
        "tag": "0DWS",
        "url": "https://stacks.math.columbia.edu/tag/0DWS",
        "source_filename": "local-cohomology.tex"
    },
    {
        "theorem": "Lemma 51.2.4.",
        "body": "  Let $S \\subset A$ be a multiplicative set of a ring $A$. Let $M$ be an $A$-module with $S^{-1}M = 0$. Then $\\mathop{\\mathrm{colim}}\\nolimits_{f \\in S} H^0_{V(f)}(M) = M$ and $\\mathop{\\mathrm{colim}}\\nolimits_{f \\in S} H^1_{V(f)}(M) = 0$. ",
        "label": "lemma-multiplicative",
        "tag": "0DWT",
        "url": "https://stacks.math.columbia.edu/tag/0DWT",
        "source_filename": "local-cohomology.tex"
    },
    {
        "theorem": "Lemma 51.2.5.",
        "body": "  Let $I \\subset A$ be a finitely generated ideal of a ring $A$. Let $\\mathfrak p$ be a prime ideal. Let $M$ be an $A$-module. Let $i \\geq 0$ be an integer and consider the map $$ \\Psi : \\mathop{\\mathrm{colim}}\\nolimits_{f \\in A, f \\not \\in \\mathfrak p} H^i_{V((I, f))}(M) \\longrightarrow H^i_{V(I)}(M) $$ Then \\begin{enumerate} \\item $\\mathop{\\mathrm{Im}}(\\Psi)$ is the set of elements which map to zero in $H^i_{V(I)}(M)_\\mathfrak p$, \\item if $H^{i - 1}_{V(I)}(M)_\\mathfrak p = 0$, then $\\Psi$ is injective, \\item if $H^{i - 1}_{V(I)}(M)_\\mathfrak p = H^i_{V(I)}(M)_\\mathfrak p = 0$, then $\\Psi$ is an isomorphism. \\end{enumerate} ",
        "label": "lemma-elements-come-from-bigger",
        "tag": "0DWU",
        "url": "https://stacks.math.columbia.edu/tag/0DWU",
        "source_filename": "local-cohomology.tex"
    },
    {
        "theorem": "Lemma 51.2.6.",
        "body": "  Let $I \\subset I' \\subset A$ be finitely generated ideals of a Noetherian ring $A$. Let $M$ be an $A$-module. Let $i \\geq 0$ be an integer. Consider the map $$ \\Psi : H^i_{V(I')}(M) \\to H^i_{V(I)}(M) $$ The following are true: \\begin{enumerate} \\item if $H^i_{\\mathfrak pA_\\mathfrak p}(M_\\mathfrak p) = 0$ for all $\\mathfrak p \\in V(I) \\setminus V(I')$, then $\\Psi$ is surjective, \\item if $H^{i - 1}_{\\mathfrak pA_\\mathfrak p}(M_\\mathfrak p) = 0$ for all $\\mathfrak p \\in V(I) \\setminus V(I')$, then $\\Psi$ is injective, \\item if $H^i_{\\mathfrak pA_\\mathfrak p}(M_\\mathfrak p) = H^{i - 1}_{\\mathfrak pA_\\mathfrak p}(M_\\mathfrak p) = 0$ for all $\\mathfrak p \\in V(I) \\setminus V(I')$, then $\\Psi$ is an isomorphism. \\end{enumerate} ",
        "label": "lemma-isomorphism",
        "tag": "0DWV",
        "url": "https://stacks.math.columbia.edu/tag/0DWV",
        "source_filename": "local-cohomology.tex"
    },
    {
        "theorem": "Lemma 51.3.1.",
        "body": "  \\begin{reference} \\cite[Proposition 2.1]{Hartshorne-connectedness} \\end{reference} \\begin{slogan} Hartshorne's connectedness \\end{slogan} Let $A$ be a Noetherian local ring of depth $\\geq 2$. Then the punctured spectra of $A$, $A^h$, and $A^{sh}$ are connected. ",
        "label": "lemma-depth-2-connected-punctured-spectrum",
        "tag": "0BLR",
        "url": "https://stacks.math.columbia.edu/tag/0BLR",
        "source_filename": "local-cohomology.tex"
    },
    {
        "theorem": "Lemma 51.3.2.",
        "body": "  \\begin{reference} \\cite[IV Corollary 5.10.9]{EGA} \\end{reference} Let $A$ be a Noetherian local ring which is catenary and $(S_2)$. Then $\\mathop{\\mathrm{Spec}}(A)$ is equidimensional. ",
        "label": "lemma-catenary-S2-equidimensional",
        "tag": "0FIW",
        "url": "https://stacks.math.columbia.edu/tag/0FIW",
        "source_filename": "local-cohomology.tex"
    },
    {
        "theorem": "Lemma 51.4.1.",
        "body": "  Let $I \\subset A$ be a finitely generated ideal of a ring $A$. Set $Y = V(I) \\subset X = \\mathop{\\mathrm{Spec}}(A)$. Let $d \\geq -1$ be an integer. The following are equivalent \\begin{enumerate} \\item $H^i_Y(A) = 0$ for $i > d$, \\item $H^i_Y(M) = 0$ for $i > d$ for every $A$-module $M$, and \\item if $d = -1$, then $Y = \\emptyset$, if $d = 0$, then $Y$ is open and closed in $X$, and if $d > 0$ then $H^i(X \\setminus Y, \\mathcal{F}) = 0$ for $i \\geq d$ for every quasi-coherent $\\mathcal{O}_{X \\setminus Y}$-module $\\mathcal{F}$. \\end{enumerate} ",
        "label": "lemma-cd",
        "tag": "0DX7",
        "url": "https://stacks.math.columbia.edu/tag/0DX7",
        "source_filename": "local-cohomology.tex"
    },
    {
        "theorem": "Definition 51.4.2.",
        "body": "  Let $I \\subset A$ be a finitely generated ideal of a ring $A$. The smallest integer $d \\geq -1$ satisfying the equivalent conditions of Lemma \\ref{lemma-cd} is called the {\\it cohomological dimension of $I$ in $A$} and is denoted $\\text{cd}(A, I)$. ",
        "label": "definition-cd",
        "tag": "0DX8",
        "url": "https://stacks.math.columbia.edu/tag/0DX8",
        "source_filename": "local-cohomology.tex"
    },
    {
        "theorem": "Lemma 51.4.3.",
        "body": "  Let $I \\subset A$ be a finitely generated ideal of a ring $A$. Then \\begin{enumerate} \\item $\\text{cd}(A, I)$ is at most equal to the number of generators of $I$, \\item $\\text{cd}(A, I) \\leq r$ if there exist $f_1, \\ldots, f_r \\in A$ such that $V(f_1, \\ldots, f_r) = V(I)$, \\item $\\text{cd}(A, I) \\leq c$ if $\\mathop{\\mathrm{Spec}}(A) \\setminus V(I)$ can be covered by $c$ affine opens. \\end{enumerate} ",
        "label": "lemma-bound-cd",
        "tag": "0DX9",
        "url": "https://stacks.math.columbia.edu/tag/0DX9",
        "source_filename": "local-cohomology.tex"
    },
    {
        "theorem": "Lemma 51.4.4.",
        "body": "  Let $I, J \\subset A$ be finitely generated ideals of a ring $A$. Then $\\text{cd}(A, I + J) \\leq \\text{cd}(A, I) + \\text{cd}(A, J)$. ",
        "label": "lemma-cd-sum",
        "tag": "0ECP",
        "url": "https://stacks.math.columbia.edu/tag/0ECP",
        "source_filename": "local-cohomology.tex"
    },
    {
        "theorem": "Lemma 51.4.5.",
        "body": "  Let $A \\to B$ be a ring map. Let $I \\subset A$ be a finitely generated ideal. Then $\\text{cd}(B, IB) \\leq \\text{cd}(A, I)$. If $A \\to B$ is faithfully flat, then equality holds. ",
        "label": "lemma-cd-change-rings",
        "tag": "0DXA",
        "url": "https://stacks.math.columbia.edu/tag/0DXA",
        "source_filename": "local-cohomology.tex"
    },
    {
        "theorem": "Lemma 51.4.6.",
        "body": "  Let $I \\subset A$ be a finitely generated ideal of a ring $A$. Then $\\text{cd}(A, I) = \\max \\text{cd}(A_\\mathfrak p, I_\\mathfrak p)$. ",
        "label": "lemma-cd-local",
        "tag": "0DXB",
        "url": "https://stacks.math.columbia.edu/tag/0DXB",
        "source_filename": "local-cohomology.tex"
    },
    {
        "theorem": "Lemma 51.4.7.",
        "body": "  Let $I \\subset A$ be a finitely generated ideal of a ring $A$. If $M$ is a finite $A$-module, then $H^i_{V(I)}(M) = 0$ for $i > \\dim(\\text{Supp}(M))$. In particular, we have $\\text{cd}(A, I) \\leq \\dim(A)$. ",
        "label": "lemma-cd-dimension",
        "tag": "0DXC",
        "url": "https://stacks.math.columbia.edu/tag/0DXC",
        "source_filename": "local-cohomology.tex"
    },
    {
        "theorem": "Lemma 51.4.8.",
        "body": "  Let $I \\subset A$ be a finitely generated ideal of a ring $A$. If $\\text{cd}(A, I) = 1$ then $\\mathop{\\mathrm{Spec}}(A) \\setminus V(I)$ is nonempty affine. ",
        "label": "lemma-cd-is-one",
        "tag": "0DXD",
        "url": "https://stacks.math.columbia.edu/tag/0DXD",
        "source_filename": "local-cohomology.tex"
    },
    {
        "theorem": "Lemma 51.4.9.",
        "body": "  Let $(A, \\mathfrak m)$ be a Noetherian local ring of dimension $d$. Then $H^d_\\mathfrak m(A)$ is nonzero and $\\text{cd}(A, \\mathfrak m) = d$. ",
        "label": "lemma-cd-maximal",
        "tag": "0DXE",
        "url": "https://stacks.math.columbia.edu/tag/0DXE",
        "source_filename": "local-cohomology.tex"
    },
    {
        "theorem": "Lemma 51.4.10.",
        "body": "  Let $(A, \\mathfrak m)$ be a Noetherian local ring. Let $I \\subset A$ be a proper ideal. Let $\\mathfrak p \\subset A$ be a prime ideal such that $V(\\mathfrak p) \\cap V(I) = \\{\\mathfrak m\\}$. Then $\\dim(A/\\mathfrak p) \\leq \\text{cd}(A, I)$. ",
        "label": "lemma-cd-bound-dim-local",
        "tag": "0DXF",
        "url": "https://stacks.math.columbia.edu/tag/0DXF",
        "source_filename": "local-cohomology.tex"
    },
    {
        "theorem": "Lemma 51.4.11.",
        "body": "  Let $A$ be a Noetherian ring. Let $I \\subset A$ be an ideal. Let $b : X' \\to X = \\mathop{\\mathrm{Spec}}(A)$ be the blowing up of $I$. If the fibres of $b$ have dimension $\\leq d - 1$, then $\\text{cd}(A, I) \\leq d$. ",
        "label": "lemma-cd-blowup",
        "tag": "0EHU",
        "url": "https://stacks.math.columbia.edu/tag/0EHU",
        "source_filename": "local-cohomology.tex"
    },
    {
        "theorem": "Lemma 51.5.1.",
        "body": "  Let $A$ be a Noetherian ring. Let $T \\subset \\mathop{\\mathrm{Spec}}(A)$ be a subset stable under specialization. For an $A$-module $M$ the following are equivalent \\begin{enumerate} \\item $H^0_T(M) = M$, and \\item $\\text{Supp}(M) \\subset T$. \\end{enumerate} The category of such $A$-modules is a Serre subcategory of the category $A$-modules closed under direct sums. ",
        "label": "lemma-support",
        "tag": "0EEZ",
        "url": "https://stacks.math.columbia.edu/tag/0EEZ",
        "source_filename": "local-cohomology.tex"
    },
    {
        "theorem": "Lemma 51.5.2.",
        "body": "  Let $A$ be a Noetherian ring. Let $T \\subset \\mathop{\\mathrm{Spec}}(A)$ be a subset stable under specialization. The functor $RH^0_T$ is the right adjoint to the functor $D(\\text{Mod}_{A, T}) \\to D(A)$. ",
        "label": "lemma-adjoint",
        "tag": "0EF0",
        "url": "https://stacks.math.columbia.edu/tag/0EF0",
        "source_filename": "local-cohomology.tex"
    },
    {
        "theorem": "Lemma 51.5.3.",
        "body": "  Let $A$ be a Noetherian ring. Let $T \\subset \\mathop{\\mathrm{Spec}}(A)$ be a subset stable under specialization. For any object $K$ of $D(A)$ we have $$ H^i(RH^0_T(K)) = \\mathop{\\mathrm{colim}}\\nolimits_{Z \\subset T\\text{ closed}} H^i_Z(K) $$ ",
        "label": "lemma-adjoint-ext",
        "tag": "0EF1",
        "url": "https://stacks.math.columbia.edu/tag/0EF1",
        "source_filename": "local-cohomology.tex"
    },
    {
        "theorem": "Lemma 51.5.4.",
        "body": "  Let $A$ be a Noetherian ring. Let $T \\subset \\mathop{\\mathrm{Spec}}(A)$ be a subset stable under specialization. The functor $D^+(\\text{Mod}_{A, T}) \\to D^+_T(A)$ is an equivalence. ",
        "label": "lemma-equal-plus",
        "tag": "0EF2",
        "url": "https://stacks.math.columbia.edu/tag/0EF2",
        "source_filename": "local-cohomology.tex"
    },
    {
        "theorem": "Lemma 51.5.5.",
        "body": "  Let $A$ be a Noetherian ring. Let $T \\subset \\mathop{\\mathrm{Spec}}(A)$ be a subset stable under specialization. If $\\dim(A) < \\infty$, then functor $D(\\text{Mod}_{A, T}) \\to D_T(A)$ is an equivalence. ",
        "label": "lemma-equal-full",
        "tag": "0EF3",
        "url": "https://stacks.math.columbia.edu/tag/0EF3",
        "source_filename": "local-cohomology.tex"
    },
    {
        "theorem": "Remark 51.5.6.",
        "body": "  Let $A$ be a Noetherian ring. Let $T \\subset \\mathop{\\mathrm{Spec}}(A)$ be a subset stable under specialization. The upshot of the discussion above is that $R\\Gamma_T : D^+(A) \\to D_T^+(A)$ is the right adjoint to the inclusion functor $D_T^+(A) \\to D^+(A)$. If $\\dim(A) < \\infty$, then $R\\Gamma_T : D(A) \\to D_T(A)$ is the right adjoint to the inclusion functor $D_T(A) \\to D(A)$. In both cases we have $$ H^i_T(K) = H^i(R\\Gamma_T(K)) = R^iH^0_T(K) = \\mathop{\\mathrm{colim}}\\nolimits_{Z \\subset T\\text{ closed}} H^i_Z(K) $$ This follows by combining Lemmas \\ref{lemma-adjoint}, \\ref{lemma-adjoint-ext}, \\ref{lemma-equal-plus}, and \\ref{lemma-equal-full}. ",
        "label": "remark-upshot",
        "tag": "0EF4",
        "url": "https://stacks.math.columbia.edu/tag/0EF4",
        "source_filename": "local-cohomology.tex"
    },
    {
        "theorem": "Lemma 51.5.7.",
        "body": "  Let $A \\to B$ be a flat homomorphism of Noetherian rings. Let $T \\subset \\mathop{\\mathrm{Spec}}(A)$ be a subset stable under specialization. Let $T' \\subset \\mathop{\\mathrm{Spec}}(B)$ be the inverse image of $T$. Then the canonical map $$ R\\Gamma_T(K) \\otimes_A^\\mathbf{L} B \\longrightarrow R\\Gamma_{T'}(K \\otimes_A^\\mathbf{L} B) $$ is an isomorphism for $K \\in D^+(A)$. If $A$ and $B$ have finite dimension, then this is true for $K \\in D(A)$. ",
        "label": "lemma-torsion-change-rings",
        "tag": "0EF5",
        "url": "https://stacks.math.columbia.edu/tag/0EF5",
        "source_filename": "local-cohomology.tex"
    },
    {
        "theorem": "Lemma 51.5.8.",
        "body": "  Let $A$ be a ring and let $T, T' \\subset \\mathop{\\mathrm{Spec}}(A)$ subsets stable under specialization. For $K \\in D^+(A)$ there is a spectral sequence $$ E_2^{p, q} = H^p_T(H^p_{T'}(K)) \\Rightarrow H^{p + q}_{T \\cap T'}(K) $$ as in Derived Categories, Lemma \\ref{derived-lemma-grothendieck-spectral-sequence}. ",
        "label": "lemma-local-cohomology-ss",
        "tag": "0EF6",
        "url": "https://stacks.math.columbia.edu/tag/0EF6",
        "source_filename": "local-cohomology.tex"
    },
    {
        "theorem": "Lemma 51.5.9.",
        "body": "  Let $A$ be a Noetherian ring. Let $T \\subset \\mathop{\\mathrm{Spec}}(A)$ be a subset stable under specialization. Assume $A$ has finite dimension. Then $$ R\\Gamma_T(K) = R\\Gamma_T(A) \\otimes_A^\\mathbf{L} K $$ for $K \\in D(A)$. For $K, L \\in D(A)$ we have $$ R\\Gamma_T(K \\otimes_A^\\mathbf{L} L) = K \\otimes_A^\\mathbf{L} R\\Gamma_T(L) = R\\Gamma_T(K) \\otimes_A^\\mathbf{L} L = R\\Gamma_T(K) \\otimes_A^\\mathbf{L} R\\Gamma_T(L) $$ If $K$ or $L$ is in $D_T(A)$ then so is $K \\otimes_A^\\mathbf{L} L$. ",
        "label": "lemma-torsion-tensor-product",
        "tag": "0EF7",
        "url": "https://stacks.math.columbia.edu/tag/0EF7",
        "source_filename": "local-cohomology.tex"
    },
    {
        "theorem": "Lemma 51.6.1.",
        "body": "  Let $A$ be a Noetherian ring. Let $T \\subset \\mathop{\\mathrm{Spec}}(A)$ be a subset stable under specialization. Let $T' \\subset T$ be the set of nonminimal primes in $T$. Then $T'$ is a subset of $\\mathop{\\mathrm{Spec}}(A)$ stable under specialization and for every $A$-module $M$ there is an exact sequence $$ 0 \\to \\mathop{\\mathrm{colim}}\\nolimits_{Z, f} H^1_f(H^{i - 1}_Z(M)) \\to H^i_{T'}(M) \\to H^i_T(M) \\to \\bigoplus\\nolimits_{\\mathfrak p \\in T \\setminus T'} H^i_{\\mathfrak p A_\\mathfrak p}(M_\\mathfrak p) $$ where the colimit is over closed subsets $Z \\subset T$ and $f \\in A$ with $V(f) \\cap Z \\subset T'$. ",
        "label": "lemma-filter-local-cohomology",
        "tag": "0EF8",
        "url": "https://stacks.math.columbia.edu/tag/0EF8",
        "source_filename": "local-cohomology.tex"
    },
    {
        "theorem": "Lemma 51.6.2.",
        "body": "  Let $A$ be a Noetherian ring of finite dimension. Let $T \\subset \\mathop{\\mathrm{Spec}}(A)$ be a subset stable under specialization. Let $\\{M_n\\}_{n \\geq 0}$ be an inverse system of $A$-modules. Let $i \\geq 0$ be an integer. Assume that for every $m$ there exists an integer $m'(m) \\geq m$ such  that for all $\\mathfrak p \\in T$ the induced map $$ H^i_{\\mathfrak p A_\\mathfrak p}(M_{k, \\mathfrak p}) \\longrightarrow H^i_{\\mathfrak p A_\\mathfrak p}(M_{m, \\mathfrak p}) $$ is zero for $k \\geq m'(m)$. Let $m'' : \\mathbf{N} \\to \\mathbf{N}$ be the $2^{\\dim(T)}$-fold self-composition of $m'$. Then the map $H^i_T(M_k) \\to H^i_T(M_m)$ is zero for all $k \\geq m''(m)$. ",
        "label": "lemma-zero",
        "tag": "0EF9",
        "url": "https://stacks.math.columbia.edu/tag/0EF9",
        "source_filename": "local-cohomology.tex"
    },
    {
        "theorem": "Lemma 51.6.3.",
        "body": "  Let $A$ be a Noetherian ring. Let $T \\subset \\mathop{\\mathrm{Spec}}(A)$ be a subset stable under specialization. Let $\\{M_n\\}_{n \\geq 0}$ be an inverse system of $A$-modules. Let $i \\geq 0$ be an integer. Assume the dimension of $A$ is finite and that for every $m$ there exists an integer $m'(m) \\geq m$ such that for all $\\mathfrak p \\in T$ we have \\begin{enumerate} \\item $H^{i - 1}_{\\mathfrak p A_\\mathfrak p}(M_{k, \\mathfrak p}) \\to H^{i - 1}_{\\mathfrak p A_\\mathfrak p}(M_{m, \\mathfrak p})$ is zero for $k \\geq m'(m)$, and \\item $ H^i_{\\mathfrak p A_\\mathfrak p}(M_{k, \\mathfrak p}) \\to H^i_{\\mathfrak p A_\\mathfrak p}(M_{m, \\mathfrak p})$ has image $G(\\mathfrak p, m)$ independent of $k \\geq m'(m)$ and moreover $G(\\mathfrak p, m)$ maps injectively into $H^i_{\\mathfrak p A_\\mathfrak p}(M_{0, \\mathfrak p})$. \\end{enumerate} Then there exists an integer $m_0$ such that for every $m \\geq m_0$ there exists an integer $m''(m) \\geq m$ such that for $k \\geq m''(m)$ the image of $H^i_T(M_k) \\to H^i_T(M_m)$ maps injectively into $H^i_T(M_{m_0})$. ",
        "label": "lemma-essential-image",
        "tag": "0EFA",
        "url": "https://stacks.math.columbia.edu/tag/0EFA",
        "source_filename": "local-cohomology.tex"
    },
    {
        "theorem": "Lemma 51.7.1.",
        "body": "  \\begin{reference} \\cite[Lemma 3]{Faltings-annulators} \\end{reference} Let $A$ be a Noetherian ring. Let $T \\subset \\mathop{\\mathrm{Spec}}(A)$ be a subset stable under specialization. Let $M$ be a finite $A$-module. Let $n \\geq 0$. The following are equivalent \\begin{enumerate} \\item $H^i_T(M)$ is finite for $i \\leq n$, \\item there exists an ideal $J \\subset A$ with $V(J) \\subset T$ such that $J$ annihilates $H^i_T(M)$ for $i \\leq n$. \\end{enumerate} If $T = V(I) = Z$ for an ideal $I \\subset A$, then these are also equivalent to \\begin{enumerate} \\item[(3)] there exists an $e \\geq 0$ such that $I^e$ annihilates $H^i_Z(M)$ for $i \\leq n$. \\end{enumerate} ",
        "label": "lemma-check-finiteness-local-cohomology-by-annihilator",
        "tag": "0AW8",
        "url": "https://stacks.math.columbia.edu/tag/0AW8",
        "source_filename": "local-cohomology.tex"
    },
    {
        "theorem": "Lemma 51.7.2.",
        "body": "  \\begin{reference} This is a special case of \\cite[Satz 1]{Faltings-finiteness}. \\end{reference} Let $A$ be a Noetherian ring, $I \\subset A$ an ideal, $M$ a finite $A$-module, and $n \\geq 0$ an integer. Let $Z = V(I)$. The following are equivalent \\begin{enumerate} \\item the modules $H^i_Z(M)$ are finite for $i \\leq n$, and \\item for all $\\mathfrak p \\in \\mathop{\\mathrm{Spec}}(A)$ the modules $H^i_Z(M)_\\mathfrak p$, $i \\leq n$ are finite $A_\\mathfrak p$-modules. \\end{enumerate} ",
        "label": "lemma-check-finiteness-local-cohomology-locally",
        "tag": "0AW9",
        "url": "https://stacks.math.columbia.edu/tag/0AW9",
        "source_filename": "local-cohomology.tex"
    },
    {
        "theorem": "Lemma 51.7.3.",
        "body": "  Let $A$ be a ring and let $J \\subset I \\subset A$ be finitely generated ideals. Let $i \\geq 0$ be an integer. Set $Z = V(I)$. If $H^i_Z(A)$ is annihilated by $J^n$ for some $n$, then $H^i_Z(M)$ annihilated by $J^m$ for some $m = m(M)$ for every finitely presented $A$-module $M$ such that $M_f$ is a finite locally free $A_f$-module for all $f \\in I$. ",
        "label": "lemma-annihilate-local-cohomology",
        "tag": "0BPX",
        "url": "https://stacks.math.columbia.edu/tag/0BPX",
        "source_filename": "local-cohomology.tex"
    },
    {
        "theorem": "Lemma 51.7.4.",
        "body": "  Let $A$ be a Noetherian ring. Let $I \\subset A$ be an ideal. Set $Z = V(I)$. Let $n \\geq 0$ be an integer. If $H^i_Z(A)$ is finite for $0 \\leq i \\leq n$, then the same is true for $H^i_Z(M)$, $0 \\leq i \\leq n$ for any finite $A$-module $M$ such that $M_f$ is a finite locally free $A_f$-module for all $f \\in I$. ",
        "label": "lemma-local-finiteness-for-finite-locally-free",
        "tag": "0BPY",
        "url": "https://stacks.math.columbia.edu/tag/0BPY",
        "source_filename": "local-cohomology.tex"
    },
    {
        "theorem": "Lemma 51.8.1.",
        "body": "  Let $X$ be a locally Noetherian scheme. Let $j : U \\to X$ be the inclusion of an open subscheme with complement $Z$. For $x \\in U$ let $i_x : W_x \\to U$ be the integral closed subscheme with generic point $x$. Let $\\mathcal{F}$ be a coherent $\\mathcal{O}_U$-module. The following are equivalent \\begin{enumerate} \\item for all $x \\in \\text{Ass}(\\mathcal{F})$ the $\\mathcal{O}_X$-module $j_*i_{x, *}\\mathcal{O}_{W_x}$ is coherent, \\item $j_*\\mathcal{F}$ is coherent. \\end{enumerate} ",
        "label": "lemma-check-finiteness-pushforward-on-associated-points",
        "tag": "0BJZ",
        "url": "https://stacks.math.columbia.edu/tag/0BJZ",
        "source_filename": "local-cohomology.tex"
    },
    {
        "theorem": "Lemma 51.8.2.",
        "body": "  Let $A$ be a Noetherian ring and let $I \\subset A$ be an ideal. Set $X = \\mathop{\\mathrm{Spec}}(A)$, $Z = V(I)$, $U = X \\setminus Z$, and $j : U \\to X$ the inclusion morphism. Let $\\mathcal{F}$ be a coherent $\\mathcal{O}_U$-module. Then \\begin{enumerate} \\item there exists a finite $A$-module $M$ such that $\\mathcal{F}$ is the restriction of $\\widetilde{M}$ to $U$, \\item given $M$ there is an exact sequence $$ 0 \\to H^0_Z(M) \\to M \\to H^0(U, \\mathcal{F}) \\to H^1_Z(M) \\to 0 $$ and isomorphisms $H^p(U, \\mathcal{F}) = H^{p + 1}_Z(M)$ for $p \\geq 1$, \\item given $M$ and $p \\geq 0$ the following are equivalent \\begin{enumerate} \\item $R^pj_*\\mathcal{F}$ is coherent, \\item $H^p(U, \\mathcal{F})$ is a finite $A$-module, \\item $H^{p + 1}_Z(M)$ is a finite $A$-module, \\end{enumerate} \\item if the equivalent conditions in (3) hold for $p = 0$, we may take $M = \\Gamma(U, \\mathcal{F})$ in which case we have $H^0_Z(M) = H^1_Z(M) = 0$. \\end{enumerate} ",
        "label": "lemma-finiteness-pushforwards-and-H1-local",
        "tag": "0BK0",
        "url": "https://stacks.math.columbia.edu/tag/0BK0",
        "source_filename": "local-cohomology.tex"
    },
    {
        "theorem": "Lemma 51.8.3.",
        "body": "  Let $X$ be a locally Noetherian scheme. Let $j : U \\to X$ be the inclusion of an open subscheme with complement $Z$. Let $\\mathcal{F}$ be a coherent $\\mathcal{O}_U$-module. Assume \\begin{enumerate} \\item $X$ is Nagata, \\item $X$ is universally catenary, and \\item for $x \\in \\text{Ass}(\\mathcal{F})$ and $z \\in Z \\cap \\overline{\\{x\\}}$ we have $\\dim(\\mathcal{O}_{\\overline{\\{x\\}}, z}) \\geq 2$. \\end{enumerate} Then $j_*\\mathcal{F}$ is coherent. ",
        "label": "lemma-finiteness-pushforward",
        "tag": "0AWA",
        "url": "https://stacks.math.columbia.edu/tag/0AWA",
        "source_filename": "local-cohomology.tex"
    },
    {
        "theorem": "Lemma 51.8.4.",
        "body": "  Let $X$ be an integral locally Noetherian scheme. Let $j : U \\to X$ be the inclusion of a nonempty open subscheme with complement $Z$. Assume that for all $z \\in Z$ and any associated prime $\\mathfrak p$ of the completion $\\mathcal{O}_{X, z}^\\wedge$ we have $\\dim(\\mathcal{O}_{X, z}^\\wedge/\\mathfrak p) \\geq 2$. Then $j_*\\mathcal{O}_U$ is coherent. ",
        "label": "lemma-sharp-finiteness-pushforward",
        "tag": "0BK1",
        "url": "https://stacks.math.columbia.edu/tag/0BK1",
        "source_filename": "local-cohomology.tex"
    },
    {
        "theorem": "Remark 51.8.5.",
        "body": "  Let $j : U \\to X$ be an open immersion of locally Noetherian schemes. Let $x \\in U$. Let $i_x : W_x \\to U$ be the integral closed subscheme with generic point $x$ and let $\\overline{\\{x\\}}$ be the closure in $X$. Then we have a commutative diagram $$ \\xymatrix{ W_x \\ar[d]_{i_x} \\ar[r]_{j'} & \\overline{\\{x\\}} \\ar[d]^i \\\\ U \\ar[r]^j & X } $$ We have $j_*i_{x, *}\\mathcal{O}_{W_x} = i_*j'_*\\mathcal{O}_{W_x}$. As the left vertical arrow is a closed immersion we see that $j_*i_{x, *}\\mathcal{O}_{W_x}$ is coherent if and only if $j'_*\\mathcal{O}_{W_x}$ is coherent. ",
        "label": "remark-closure",
        "tag": "0BK2",
        "url": "https://stacks.math.columbia.edu/tag/0BK2",
        "source_filename": "local-cohomology.tex"
    },
    {
        "theorem": "Remark 51.8.6.",
        "body": "  Let $X$ be a locally Noetherian scheme. Let $j : U \\to X$ be the inclusion of an open subscheme with complement $Z$. Let $\\mathcal{F}$ be a coherent $\\mathcal{O}_U$-module. If there exists an $x \\in \\text{Ass}(\\mathcal{F})$ and $z \\in Z \\cap \\overline{\\{x\\}}$ such that $\\dim(\\mathcal{O}_{\\overline{\\{x\\}}, z}) \\leq 1$, then $j_*\\mathcal{F}$ is not coherent. To prove this we can do a flat base change to the spectrum of $\\mathcal{O}_{X, z}$. Let $X' = \\overline{\\{x\\}}$. The assumption implies $\\mathcal{O}_{X' \\cap U} \\subset \\mathcal{F}$. Thus it suffices to see that $j_*\\mathcal{O}_{X' \\cap U}$ is not coherent. This is clear because $X' = \\{x, z\\}$, hence $j_*\\mathcal{O}_{X' \\cap U}$ corresponds to $\\kappa(x)$ as an $\\mathcal{O}_{X, z}$-module which cannot be finite as $x$ is not a closed point. \\medskip\\noindent In fact, the converse of Lemma \\ref{lemma-sharp-finiteness-pushforward} holds true: given an open immersion $j : U \\to X$ of integral Noetherian schemes and there exists a $z \\in X \\setminus U$ and an associated prime $\\mathfrak p$ of the completion $\\mathcal{O}_{X, z}^\\wedge$ with $\\dim(\\mathcal{O}_{X, z}^\\wedge/\\mathfrak p) = 1$, then $j_*\\mathcal{O}_U$ is not coherent. Namely, you can pass to the local ring, you can enlarge $U$ to the punctured spectrum, you can pass to the completion, and then the argument above gives the nonfiniteness. ",
        "label": "remark-no-finiteness-pushforward",
        "tag": "0AWC",
        "url": "https://stacks.math.columbia.edu/tag/0AWC",
        "source_filename": "local-cohomology.tex"
    },
    {
        "theorem": "Proposition 51.8.7.",
        "body": "[Koll\\'ar]  \\begin{reference} See \\cite{k-coherent} and see \\cite[IV, Proposition 7.2.2]{EGA} for a special case. \\end{reference} \\begin{slogan} Weak analogue of Hartogs' Theorem: On Noetherian schemes, the restriction of a coherent sheaf to an open set with complement of codimension 2 in the sheaf's support, is coherent. \\end{slogan} Let $j : U \\to X$ be an open immersion of locally Noetherian schemes with complement $Z$. Let $\\mathcal{F}$ be a coherent $\\mathcal{O}_U$-module. The following are equivalent \\begin{enumerate} \\item $j_*\\mathcal{F}$ is coherent, \\item for $x \\in \\text{Ass}(\\mathcal{F})$ and $z \\in Z \\cap \\overline{\\{x\\}}$ and any associated prime $\\mathfrak p$ of the completion $\\mathcal{O}_{\\overline{\\{x\\}}, z}^\\wedge$ we have $\\dim(\\mathcal{O}_{\\overline{\\{x\\}}, z}^\\wedge/\\mathfrak p) \\geq 2$. \\end{enumerate} ",
        "label": "proposition-kollar",
        "tag": "0BK3",
        "url": "https://stacks.math.columbia.edu/tag/0BK3",
        "source_filename": "local-cohomology.tex"
    },
    {
        "theorem": "Lemma 51.8.8.",
        "body": "  Let $A$ be a Noetherian ring and let $I \\subset A$ be an ideal. Set $Z = V(I)$. Let $M$ be a finite $A$-module. The following are equivalent \\begin{enumerate} \\item $H^1_Z(M)$ is a finite $A$-module, and \\item for all $\\mathfrak p \\in \\text{Ass}(M)$, $\\mathfrak p \\not \\in Z$ and all $\\mathfrak q \\in V(\\mathfrak p + I)$ the completion of $(A/\\mathfrak p)_\\mathfrak q$ does not have associated primes of dimension $1$. \\end{enumerate} ",
        "label": "lemma-kollar-finiteness-H1-local",
        "tag": "0BL9",
        "url": "https://stacks.math.columbia.edu/tag/0BL9",
        "source_filename": "local-cohomology.tex"
    },
    {
        "theorem": "Lemma 51.8.9.",
        "body": "  Let $X$ be a locally Noetherian scheme. Let $j : U \\to X$ be the inclusion of an open subscheme with complement $Z$. Let $\\mathcal{F}$ be a coherent $\\mathcal{O}_U$-module. Assume \\begin{enumerate} \\item $X$ is universally catenary, \\item for every $z \\in Z$ the formal fibres of $\\mathcal{O}_{X, z}$ are $(S_1)$. \\end{enumerate} In this situation the following are equivalent \\begin{enumerate} \\item[(a)] for $x \\in \\text{Ass}(\\mathcal{F})$ and $z \\in Z \\cap \\overline{\\{x\\}}$ we have $\\dim(\\mathcal{O}_{\\overline{\\{x\\}}, z}) \\geq 2$, and \\item[(b)] $j_*\\mathcal{F}$ is coherent. \\end{enumerate} ",
        "label": "lemma-finiteness-pushforward-general",
        "tag": "0AWB",
        "url": "https://stacks.math.columbia.edu/tag/0AWB",
        "source_filename": "local-cohomology.tex"
    },
    {
        "theorem": "Lemma 51.9.1.",
        "body": "  Let $A$ be a Noetherian ring. Let $I \\subset A$ be an ideal. Let $M$ be a finite $A$-module. Let $\\mathfrak p \\in V(I)$ be a prime ideal. Assume $e = \\text{depth}_{IA_\\mathfrak p}(M_\\mathfrak p) < \\infty$. Then there exists a nonempty open $U \\subset V(\\mathfrak p)$ such that $\\text{depth}_{IA_\\mathfrak q}(M_\\mathfrak q) \\geq e$ for all $\\mathfrak q \\in U$. ",
        "label": "lemma-ideal-depth-function",
        "tag": "0DWX",
        "url": "https://stacks.math.columbia.edu/tag/0DWX",
        "source_filename": "local-cohomology.tex"
    },
    {
        "theorem": "Lemma 51.9.2.",
        "body": "  Let $A$ be a Noetherian ring. Let $M$ be a finite $A$-module. Let $\\mathfrak p$ be a prime ideal. Assume $e = \\text{depth}_{A_\\mathfrak p}(M_\\mathfrak p) < \\infty$. Then there exists a nonempty open $U \\subset V(\\mathfrak p)$ such that $\\text{depth}_{A_\\mathfrak q}(M_\\mathfrak q) \\geq e$ for all $\\mathfrak q \\in U$ and for all but finitely many $\\mathfrak q \\in U$ we have $\\text{depth}_{A_\\mathfrak q}(M_\\mathfrak q) > e$. ",
        "label": "lemma-depth-function",
        "tag": "0DWY",
        "url": "https://stacks.math.columbia.edu/tag/0DWY",
        "source_filename": "local-cohomology.tex"
    },
    {
        "theorem": "Lemma 51.9.3.",
        "body": "  Let $X$ be a Noetherian scheme with dualizing complex $\\omega_X^\\bullet$. Let $\\mathcal{F}$ be a coherent $\\mathcal{O}_X$-module. Let $k \\geq 0$ be an integer. Assume $\\mathcal{F}$ is $(S_k)$. Then there is a finite number of points $x \\in X$ such that $$ \\text{depth}(\\mathcal{F}_x) = k \\quad\\text{and}\\quad \\dim(\\text{Supp}(\\mathcal{F}_x)) > k $$ ",
        "label": "lemma-finite-nr-points-next-S",
        "tag": "0ECN",
        "url": "https://stacks.math.columbia.edu/tag/0ECN",
        "source_filename": "local-cohomology.tex"
    },
    {
        "theorem": "Lemma 51.9.4.",
        "body": "  Let $(A, \\mathfrak m)$ be a Noetherian local ring with normalized dualizing complex $\\omega_A^\\bullet$. Let $M$ be a finite $A$-module. Set $E^i = \\text{Ext}_A^{-i}(M, \\omega_A^\\bullet)$. Then \\begin{enumerate} \\item $E^i$ is a finite $A$-module nonzero only for $0 \\leq i \\leq \\dim(\\text{Supp}(M))$, \\item $\\dim(\\text{Supp}(E^i)) \\leq i$, \\item $\\text{depth}(M)$ is the smallest integer $\\delta \\geq 0$ such that $E^\\delta \\not = 0$, \\item $\\mathfrak p \\in \\text{Supp}(E^0 \\oplus \\ldots \\oplus E^i) \\Leftrightarrow \\text{depth}_{A_\\mathfrak p}(M_\\mathfrak p) + \\dim(A/\\mathfrak p) \\leq i$, \\item the annihilator of $E^i$ is equal to the annihilator of $H^i_\\mathfrak m(M)$. \\end{enumerate} ",
        "label": "lemma-sitting-in-degrees",
        "tag": "0DWZ",
        "url": "https://stacks.math.columbia.edu/tag/0DWZ",
        "source_filename": "local-cohomology.tex"
    },
    {
        "theorem": "Proposition 51.10.1.",
        "body": "  \\begin{reference} \\cite{Faltings-annulators}. \\end{reference} Let $A$ be a Noetherian ring which has a dualizing complex. Let $T \\subset T' \\subset \\mathop{\\mathrm{Spec}}(A)$ be subsets stable under specialization. Let $s \\geq 0$ an integer. Let $M$ be a finite $A$-module. The following are equivalent \\begin{enumerate} \\item there exists an ideal $J \\subset A$ with $V(J) \\subset T'$ such that $J$ annihilates $H^i_T(M)$ for $i \\leq s$, and \\item for all $\\mathfrak p \\not \\in T'$, $\\mathfrak q \\in T$ with $\\mathfrak p \\subset \\mathfrak q$ we have $$ \\text{depth}_{A_\\mathfrak p}(M_\\mathfrak p) + \\dim((A/\\mathfrak p)_\\mathfrak q) > s $$ \\end{enumerate} ",
        "label": "proposition-annihilator",
        "tag": "0EFC",
        "url": "https://stacks.math.columbia.edu/tag/0EFC",
        "source_filename": "local-cohomology.tex"
    },
    {
        "theorem": "Lemma 51.10.2.",
        "body": "  Let $I$ be an ideal of a Noetherian ring $A$. Let $M$ be a finite $A$-module, let $\\mathfrak p \\subset A$ be a prime ideal, and let $s \\geq 0$ be an integer. Assume \\begin{enumerate} \\item $A$ has a dualizing complex, \\item $\\mathfrak p \\not \\in V(I)$, and \\item for all primes $\\mathfrak p' \\subset \\mathfrak p$ and $\\mathfrak q \\in V(I)$ with $\\mathfrak p' \\subset \\mathfrak q$ we have $$ \\text{depth}_{A_{\\mathfrak p'}}(M_{\\mathfrak p'}) + \\dim((A/\\mathfrak p')_\\mathfrak q) > s $$ \\end{enumerate} Then there exists an $f \\in A$, $f \\not \\in \\mathfrak p$ which annihilates $H^i_{V(I)}(M)$ for $i \\leq s$. ",
        "label": "lemma-kill-local-cohomology-at-prime",
        "tag": "0EFE",
        "url": "https://stacks.math.columbia.edu/tag/0EFE",
        "source_filename": "local-cohomology.tex"
    },
    {
        "theorem": "Proposition 51.11.1.",
        "body": "  \\begin{reference} \\cite{Faltings-annulators}. \\end{reference} Let $A$ be a Noetherian ring which has a dualizing complex. Let $T \\subset \\mathop{\\mathrm{Spec}}(A)$ be a subset stable under specialization. Let $s \\geq 0$ an integer. Let $M$ be a finite $A$-module. The following are equivalent \\begin{enumerate} \\item $H^i_T(M)$ is a finite $A$-module for $i \\leq s$, and \\item for all $\\mathfrak p \\not \\in T$, $\\mathfrak q \\in T$ with $\\mathfrak p \\subset \\mathfrak q$ we have $$ \\text{depth}_{A_\\mathfrak p}(M_\\mathfrak p) + \\dim((A/\\mathfrak p)_\\mathfrak q) > s $$ \\end{enumerate} ",
        "label": "proposition-finiteness",
        "tag": "0EFD",
        "url": "https://stacks.math.columbia.edu/tag/0EFD",
        "source_filename": "local-cohomology.tex"
    },
    {
        "theorem": "Lemma 51.11.2.",
        "body": "  Let $A \\to B$ be a finite homomorphism of Noetherian rings. Let $I \\subset A$ be an ideal and set $J = IB$. Let $M$ be a finite $B$-module. If $A$ is universally catenary, then $s_{B, J}(M) = s_{A, I}(M)$. ",
        "label": "lemma-cutoff",
        "tag": "0BJS",
        "url": "https://stacks.math.columbia.edu/tag/0BJS",
        "source_filename": "local-cohomology.tex"
    },
    {
        "theorem": "Lemma 51.11.3.",
        "body": "  Let $A$ be a Noetherian ring which has a dualizing complex. Let $I \\subset A$ be an ideal. Let $M$ be a finite $A$-module. Let $A', M'$ be the $I$-adic completions of $A, M$. Let $\\mathfrak p' \\subset \\mathfrak q'$ be prime ideals of $A'$ with $\\mathfrak q' \\in V(IA')$ lying over $\\mathfrak p \\subset \\mathfrak q$ in $A$. Then $$ \\text{depth}_{A_{\\mathfrak p'}}(M'_{\\mathfrak p'}) \\geq \\text{depth}_{A_\\mathfrak p}(M_\\mathfrak p) $$ and $$ \\text{depth}_{A_{\\mathfrak p'}}(M'_{\\mathfrak p'}) + \\dim((A'/\\mathfrak p')_{\\mathfrak q'}) = \\text{depth}_{A_\\mathfrak p}(M_\\mathfrak p) + \\dim((A/\\mathfrak p)_\\mathfrak q) $$ ",
        "label": "lemma-change-completion",
        "tag": "0EHW",
        "url": "https://stacks.math.columbia.edu/tag/0EHW",
        "source_filename": "local-cohomology.tex"
    },
    {
        "theorem": "Lemma 51.11.4.",
        "body": "  Let $A$ be a universally catenary Noetherian local ring. Let $I \\subset A$ be an ideal. Let $M$ be a finite $A$-module. Then $$ s_{A, I}(M) \\geq s_{A^\\wedge, I^\\wedge}(M^\\wedge) $$ If the formal fibres of $A$ are $(S_n)$, then $\\min(n + 1, s_{A, I}(M)) \\leq s_{A^\\wedge, I^\\wedge}(M^\\wedge)$. ",
        "label": "lemma-cutoff-completion",
        "tag": "0BJT",
        "url": "https://stacks.math.columbia.edu/tag/0BJT",
        "source_filename": "local-cohomology.tex"
    },
    {
        "theorem": "Lemma 51.11.5.",
        "body": "  \\begin{reference} This is a special case of \\cite[Satz 1]{Faltings-annulators}. \\end{reference} Let $A$ be a Gorenstein Noetherian local ring. Let $I \\subset A$ be an ideal and set $Z = V(I) \\subset \\mathop{\\mathrm{Spec}}(A)$. Let $M$ be a finite $A$-module. Let $s = s_{A, I}(M)$ as in (\\ref{equation-cutoff}). Then $H^i_Z(M)$ is finite for $i < s$, but $H^s_Z(M)$ is not finite. ",
        "label": "lemma-local-annihilator",
        "tag": "0BJU",
        "url": "https://stacks.math.columbia.edu/tag/0BJU",
        "source_filename": "local-cohomology.tex"
    },
    {
        "theorem": "Theorem 51.11.6.",
        "body": "  \\begin{reference} This is a special case of \\cite[Satz 2]{Faltings-finiteness}. \\end{reference} Let $A$ be a Noetherian ring and let $I \\subset A$ be an ideal. Set $Z = V(I) \\subset \\mathop{\\mathrm{Spec}}(A)$. Let $M$ be a finite $A$-module. Set $s = s_{A, I}(M)$ as in (\\ref{equation-cutoff}). Assume that \\begin{enumerate} \\item $A$ is universally catenary, \\item the formal fibres of the local rings of $A$ are Cohen-Macaulay. \\end{enumerate} Then $H^i_Z(M)$ is finite for $0 \\leq i < s$ and $H^s_Z(M)$ is not finite. ",
        "label": "theorem-finiteness",
        "tag": "0BJV",
        "url": "https://stacks.math.columbia.edu/tag/0BJV",
        "source_filename": "local-cohomology.tex"
    },
    {
        "theorem": "Remark 51.11.7.",
        "body": "  The astute reader will have realized that we can get away with a slightly weaker condition on the formal fibres of the local rings of $A$. Namely, in the situation of Theorem \\ref{theorem-finiteness} assume $A$ is universally catenary but make no assumptions on the formal fibres. Suppose we have an $n$ and we want to prove that $H^i_Z(M)$ are finite for $i \\leq n$. Then the exact same proof shows that it suffices that $s_{A, I}(M) > n$ and that the formal fibres of local rings of $A$ are $(S_n)$. On the other hand, if we want to show that $H^s_Z(M)$ is not finite where $s = s_{A, I}(M)$, then our arguments prove this if the formal fibres are $(S_{s - 1})$. ",
        "label": "remark-astute-reader",
        "tag": "0BJW",
        "url": "https://stacks.math.columbia.edu/tag/0BJW",
        "source_filename": "local-cohomology.tex"
    },
    {
        "theorem": "Lemma 51.12.1.",
        "body": "  Let $X$ be a locally Noetherian scheme. Let $j : U \\to X$ be the inclusion of an open subscheme with complement $Z$. Let $\\mathcal{F}$ be a coherent $\\mathcal{O}_U$-module. Let $n \\geq 0$ be an integer. Assume \\begin{enumerate} \\item $X$ is universally catenary, \\item for every $z \\in Z$ the formal fibres of $\\mathcal{O}_{X, z}$ are $(S_n)$. \\end{enumerate} In this situation the following are equivalent \\begin{enumerate} \\item[(a)] for $x \\in \\text{Supp}(\\mathcal{F})$ and $z \\in Z \\cap \\overline{\\{x\\}}$ we have $\\text{depth}_{\\mathcal{O}_{X, x}}(\\mathcal{F}_x) + \\dim(\\mathcal{O}_{\\overline{\\{x\\}}, z}) > n$, \\item[(b)] $R^pj_*\\mathcal{F}$ is coherent for $0 \\leq p < n$. \\end{enumerate} ",
        "label": "lemma-finiteness-Rjstar",
        "tag": "0BJY",
        "url": "https://stacks.math.columbia.edu/tag/0BJY",
        "source_filename": "local-cohomology.tex"
    },
    {
        "theorem": "Lemma 51.12.2.",
        "body": "  Let $X$ be a locally Noetherian scheme. Let $j : U \\to X$ be the inclusion of an open subscheme with complement $Z$. Let $n \\geq 0$ be an integer. If $R^pj_*\\mathcal{O}_U$ is coherent for $0 \\leq p < n$, then the same is true for $R^pj_*\\mathcal{F}$, $0 \\leq p < n$ for any finite locally free $\\mathcal{O}_U$-module $\\mathcal{F}$. ",
        "label": "lemma-finiteness-for-finite-locally-free",
        "tag": "0BLT",
        "url": "https://stacks.math.columbia.edu/tag/0BLT",
        "source_filename": "local-cohomology.tex"
    },
    {
        "theorem": "Lemma 51.12.3.",
        "body": "  \\begin{reference} \\cite[Lemma 1.9]{Bhatt-local} \\end{reference} Let $A$ be a ring and let $J \\subset I \\subset A$ be finitely generated ideals. Let $p \\geq 0$ be an integer. Set $U = \\mathop{\\mathrm{Spec}}(A) \\setminus V(I)$. If $H^p(U, \\mathcal{O}_U)$ is annihilated by $J^n$ for some $n$, then $H^p(U, \\mathcal{F})$ annihilated by $J^m$ for some $m = m(\\mathcal{F})$ for every finite locally free $\\mathcal{O}_U$-module $\\mathcal{F}$. ",
        "label": "lemma-annihilate-Hp",
        "tag": "0BM5",
        "url": "https://stacks.math.columbia.edu/tag/0BM5",
        "source_filename": "local-cohomology.tex"
    },
    {
        "theorem": "Definition 51.13.1.",
        "body": "  Let $I$ be an ideal of a Noetherian ring $A$. Let $K \\in D^+_{\\textit{Coh}}(A)$. We define the {\\it $I$-depth} of $K$, denoted $\\text{depth}_I(K)$, to be the maximal $m \\in \\mathbf{Z} \\cup \\{\\infty\\}$ such that $H^i_I(K) = 0$ for all $i < m$. If $A$ is local with maximal ideal $\\mathfrak m$ then we call $\\text{depth}_\\mathfrak m(K)$ simply the {\\it depth} of $K$. ",
        "label": "definition-depth-complex",
        "tag": "0EHY",
        "url": "https://stacks.math.columbia.edu/tag/0EHY",
        "source_filename": "local-cohomology.tex"
    },
    {
        "theorem": "Proposition 51.13.2.",
        "body": "  Let $A$ be a Noetherian ring which has a dualizing complex. Let $T \\subset T' \\subset \\mathop{\\mathrm{Spec}}(A)$ be subsets stable under specialization. Let $s \\in \\mathbf{Z}$. Let $K$ be an object of $D_{\\textit{Coh}}^+(A)$. The following are equivalent \\begin{enumerate} \\item there exists an ideal $J \\subset A$ with $V(J) \\subset T'$ such that $J$ annihilates $H^i_T(K)$ for $i \\leq s$, and \\item for all $\\mathfrak p \\not \\in T'$, $\\mathfrak q \\in T$ with $\\mathfrak p \\subset \\mathfrak q$ we have $$ \\text{depth}_{A_\\mathfrak p}(K_\\mathfrak p) + \\dim((A/\\mathfrak p)_\\mathfrak q) > s $$ \\end{enumerate} ",
        "label": "proposition-annihilator-complex",
        "tag": "0EHZ",
        "url": "https://stacks.math.columbia.edu/tag/0EHZ",
        "source_filename": "local-cohomology.tex"
    },
    {
        "theorem": "Lemma 51.14.1.",
        "body": "  Let $A$ be a Noetherian ring. Let $T \\subset \\mathop{\\mathrm{Spec}}(A)$ be a subset stable under specialization. Let $K$ be an object of $D_{\\textit{Coh}}^+(A)$. Let $n \\in \\mathbf{Z}$. The following are equivalent \\begin{enumerate} \\item $H^i_T(K)$ is finite for $i \\leq n$, \\item there exists an ideal $J \\subset A$ with $V(J) \\subset T$ such that $J$ annihilates $H^i_T(K)$ for $i \\leq n$. \\end{enumerate} If $T = V(I) = Z$ for an ideal $I \\subset A$, then these are also equivalent to \\begin{enumerate} \\item[(3)] there exists an $e \\geq 0$ such that $I^e$ annihilates $H^i_Z(K)$ for $i \\leq n$. \\end{enumerate} ",
        "label": "lemma-check-finiteness-local-cohomology-by-annihilator-complex",
        "tag": "0EI1",
        "url": "https://stacks.math.columbia.edu/tag/0EI1",
        "source_filename": "local-cohomology.tex"
    },
    {
        "theorem": "Proposition 51.14.2.",
        "body": "  Let $A$ be a Noetherian ring which has a dualizing complex. Let $T \\subset \\mathop{\\mathrm{Spec}}(A)$ be a subset stable under specialization. Let $s \\in \\mathbf{Z}$. Let $K \\in D_{\\textit{Coh}}^+(A)$. The following are equivalent \\begin{enumerate} \\item $H^i_T(K)$ is a finite $A$-module for $i \\leq s$, and \\item for all $\\mathfrak p \\not \\in T$, $\\mathfrak q \\in T$ with $\\mathfrak p \\subset \\mathfrak q$ we have $$ \\text{depth}_{A_\\mathfrak p}(K_\\mathfrak p) + \\dim((A/\\mathfrak p)_\\mathfrak q) > s $$ \\end{enumerate} ",
        "label": "proposition-finiteness-complex",
        "tag": "0EI2",
        "url": "https://stacks.math.columbia.edu/tag/0EI2",
        "source_filename": "local-cohomology.tex"
    },
    {
        "theorem": "Lemma 51.15.1.",
        "body": "  Let $X$ be a Noetherian scheme. Let $T \\subset X$ be a subset stable under specialization. Let $\\mathcal{F}$ be a coherent $\\mathcal{O}_X$-module. Then there is a unique map $\\mathcal{F} \\to \\mathcal{F}'$ of coherent $\\mathcal{O}_X$-modules such that \\begin{enumerate} \\item $\\mathcal{F} \\to \\mathcal{F}'$ is surjective, \\item $\\mathcal{F}_x \\to \\mathcal{F}'_x$ is an isomorphism for $x \\not \\in T$, \\item $\\text{depth}_{\\mathcal{O}_{X, x}}(\\mathcal{F}'_x) \\geq 1$ for $x \\in T$. \\end{enumerate} If $f : Y \\to X$ is a flat morphism with $Y$ Noetherian, then $f^*\\mathcal{F} \\to f^*\\mathcal{F}'$ is the corresponding quotient for $f^{-1}(T) \\subset Y$ and $f^*\\mathcal{F}$. ",
        "label": "lemma-get-depth-1-along-Z",
        "tag": "0DX3",
        "url": "https://stacks.math.columbia.edu/tag/0DX3",
        "source_filename": "local-cohomology.tex"
    },
    {
        "theorem": "Lemma 51.15.2.",
        "body": "  Let $j : U \\to X$ be an open immersion of Noetherian schemes. Let $\\mathcal{F}$ be a coherent $\\mathcal{O}_X$-module. Assume $\\mathcal{F}' = j_*(\\mathcal{F}|_U)$ is coherent. Then $\\mathcal{F} \\to \\mathcal{F}'$ is the unique map of coherent $\\mathcal{O}_X$-modules such that \\begin{enumerate} \\item $\\mathcal{F}|_U \\to \\mathcal{F}'|_U$ is an isomorphism, \\item $\\text{depth}_{\\mathcal{O}_{X, x}}(\\mathcal{F}'_x) \\geq 2$ for $x \\in X$, $x \\not \\in U$. \\end{enumerate} If $f : Y \\to X$ is a flat morphism with $Y$ Noetherian, then $f^*\\mathcal{F} \\to f^*\\mathcal{F}'$ is the corresponding map for $f^{-1}(U) \\subset Y$. ",
        "label": "lemma-get-depth-2-along-Z",
        "tag": "0DX4",
        "url": "https://stacks.math.columbia.edu/tag/0DX4",
        "source_filename": "local-cohomology.tex"
    },
    {
        "theorem": "Lemma 51.15.3.",
        "body": "  Let $X$ be a Noetherian scheme. Let $Z \\subset X$ be a closed subscheme. Let $\\mathcal{F}$ be a coherent $\\mathcal{O}_X$-module. Assume $X$ is universally catenary and the formal fibres of local rings have $(S_1)$. Then there exists a unique map $\\mathcal{F} \\to \\mathcal{F}''$ of coherent $\\mathcal{O}_X$-modules such that \\begin{enumerate} \\item $\\mathcal{F}_x \\to \\mathcal{F}''_x$ is an isomorphism for $x \\in X \\setminus Z$, \\item $\\mathcal{F}_x \\to \\mathcal{F}''_x$ is surjective and $\\text{depth}_{\\mathcal{O}_{X, x}}(\\mathcal{F}''_x) = 1$ for $x \\in Z$ such that there exists an immediate specialization $x' \\leadsto x$ with $x' \\not \\in Z$ and $x' \\in \\text{Ass}(\\mathcal{F})$, \\item $\\text{depth}_{\\mathcal{O}_{X, x}}(\\mathcal{F}''_x) \\geq 2$ for the remaining $x \\in Z$. \\end{enumerate} If $f : Y \\to X$ is a Cohen-Macaulay morphism with $Y$ Noetherian, then $f^*\\mathcal{F} \\to f^*\\mathcal{F}''$ satisfies the same properties with respect to $f^{-1}(Z) \\subset Y$. ",
        "label": "lemma-make-S2-along-Z",
        "tag": "0DX5",
        "url": "https://stacks.math.columbia.edu/tag/0DX5",
        "source_filename": "local-cohomology.tex"
    },
    {
        "theorem": "Lemma 51.15.4.",
        "body": "  Let $X$ be a Noetherian scheme which locally has a dualizing complex. Let $T' \\subset X$ be a subset stable under specialization. Let $\\mathcal{F}$ be a coherent $\\mathcal{O}_X$-module. Assume that if $x \\leadsto x'$ is an immediate specialization of points in $X$ with $x' \\in T'$ and $x \\not \\in T'$, then $\\text{depth}(\\mathcal{F}_x) \\geq 1$. Then there exists a unique map $\\mathcal{F} \\to \\mathcal{F}''$ of coherent $\\mathcal{O}_X$-modules such that \\begin{enumerate} \\item $\\mathcal{F}_x \\to \\mathcal{F}''_x$ is an isomorphism for $x \\not \\in T'$, \\item $\\text{depth}_{\\mathcal{O}_{X, x}}(\\mathcal{F}''_x) \\geq 2$ for $x \\in T'$. \\end{enumerate} If $f : Y \\to X$ is a Cohen-Macaulay morphism with $Y$ Noetherian, then $f^*\\mathcal{F} \\to f^*\\mathcal{F}''$ satisfies the same properties with respect to $f^{-1}(T') \\subset Y$. ",
        "label": "lemma-make-S2-along-T-simple",
        "tag": "0EI3",
        "url": "https://stacks.math.columbia.edu/tag/0EI3",
        "source_filename": "local-cohomology.tex"
    },
    {
        "theorem": "Lemma 51.15.5.",
        "body": "  Let $X$ be a Noetherian scheme which locally has a dualizing complex. Let $T' \\subset T \\subset X$ be subsets stable under specialization such that if $x \\leadsto x'$ is an immediate specialization of points in $X$ and $x' \\in T'$, then $x \\in T$. Let $\\mathcal{F}$ be a coherent $\\mathcal{O}_X$-module. Then there exists a unique map $\\mathcal{F} \\to \\mathcal{F}''$ of coherent $\\mathcal{O}_X$-modules such that \\begin{enumerate} \\item $\\mathcal{F}_x \\to \\mathcal{F}''_x$ is an isomorphism for $x \\not \\in T$, \\item $\\mathcal{F}_x \\to \\mathcal{F}''_x$ is surjective and $\\text{depth}_{\\mathcal{O}_{X, x}}(\\mathcal{F}''_x) \\geq 1$ for $x \\in T$, $x \\not \\in T'$, and \\item $\\text{depth}_{\\mathcal{O}_{X, x}}(\\mathcal{F}''_x) \\geq 2$ for $x \\in T'$. \\end{enumerate} If $f : Y \\to X$ is a Cohen-Macaulay morphism with $Y$ Noetherian, then $f^*\\mathcal{F} \\to f^*\\mathcal{F}''$ satisfies the same properties with respect to $f^{-1}(T') \\subset f^{-1}(T) \\subset Y$. ",
        "label": "lemma-make-S2-along-T",
        "tag": "0EI4",
        "url": "https://stacks.math.columbia.edu/tag/0EI4",
        "source_filename": "local-cohomology.tex"
    },
    {
        "theorem": "Lemma 51.16.1.",
        "body": "  Let $A$ be a Noetherian ring of dimension $d$. Let $I \\subset I' \\subset A$ be ideals. If $I'$ is contained in the Jacobson radical of $A$ and $\\text{cd}(A, I') < d$, then $\\text{cd}(A, I) < d$. ",
        "label": "lemma-cd-top-vanishing",
        "tag": "0EB1",
        "url": "https://stacks.math.columbia.edu/tag/0EB1",
        "source_filename": "local-cohomology.tex"
    },
    {
        "theorem": "Lemma 51.16.2.",
        "body": "  Let $A$ be a Noetherian ring of dimension $d$. Let $I \\subset A$ be an ideal. If $H^d_{V(I)}(M) = 0$ for some finite $A$-module whose support contains all the irreducible components of dimension $d$, then $\\text{cd}(A, I) < d$. ",
        "label": "lemma-cd-top-vanishing-some-module",
        "tag": "0EB2",
        "url": "https://stacks.math.columbia.edu/tag/0EB2",
        "source_filename": "local-cohomology.tex"
    },
    {
        "theorem": "Lemma 51.16.3.",
        "body": "  Let $A$ be a Noetherian local ring of dimension $d$. Let $f \\in A$ be an element which is not contained in any minimal prime of dimension $d$. Then $f : H^d_{V(I)}(M) \\to H^d_{V(I)}(M)$ is surjective for any finite $A$-module $M$ and any ideal $I \\subset A$. ",
        "label": "lemma-top-coh-divisible",
        "tag": "0EB3",
        "url": "https://stacks.math.columbia.edu/tag/0EB3",
        "source_filename": "local-cohomology.tex"
    },
    {
        "theorem": "Lemma 51.16.4.",
        "body": "  Let $A$ be a Noetherian local ring with normalized dualizing complex $\\omega_A^\\bullet$. Let $I \\subset A$ be an ideal. If $H^0_{V(I)}(\\omega_A^\\bullet) = 0$, then $\\text{cd}(A, I) < \\dim(A)$. ",
        "label": "lemma-cd-bound-dualizing",
        "tag": "0EB4",
        "url": "https://stacks.math.columbia.edu/tag/0EB4",
        "source_filename": "local-cohomology.tex"
    },
    {
        "theorem": "Lemma 51.16.5.",
        "body": "  Let $(A, \\mathfrak m)$ be a complete Noetherian local domain. Let $\\mathfrak p \\subset A$ be a prime ideal of dimension $1$. For every $n \\geq 1$ there is an $m \\geq n$ such that $\\mathfrak p^{(m)} \\subset \\mathfrak p^n$. ",
        "label": "lemma-inverse-system-symbolic-powers",
        "tag": "0EB5",
        "url": "https://stacks.math.columbia.edu/tag/0EB5",
        "source_filename": "local-cohomology.tex"
    },
    {
        "theorem": "Proposition 51.16.6.",
        "body": "  \\begin{reference} \\cite[Theorem 3.1]{CD} \\end{reference} Let $A$ be a Noetherian local ring with completion $A^\\wedge$. Let $I \\subset A$ be an ideal such that $$ \\dim V(IA^\\wedge + \\mathfrak p) \\geq 1 $$ for every minimal prime $\\mathfrak p \\subset A^\\wedge$ of dimension $\\dim(A)$. Then $\\text{cd}(A, I) < \\dim(A)$. ",
        "label": "proposition-Hartshorne-Lichtenbaum-vanishing",
        "tag": "0EB6",
        "url": "https://stacks.math.columbia.edu/tag/0EB6",
        "source_filename": "local-cohomology.tex"
    },
    {
        "theorem": "Lemma 51.16.7.",
        "body": "  Let $(A, \\mathfrak m)$ be a Noetherian local ring. Let $I \\subset A$ be an ideal. Assume $A$ is excellent, normal, and $\\dim V(I) \\geq 1$. Then $\\text{cd}(A, I) < \\dim(A)$. In particular, if $\\dim(A) = 2$, then $\\mathop{\\mathrm{Spec}}(A) \\setminus V(I)$ is affine. ",
        "label": "lemma-affine-complement",
        "tag": "0EB7",
        "url": "https://stacks.math.columbia.edu/tag/0EB7",
        "source_filename": "local-cohomology.tex"
    },
    {
        "theorem": "Lemma 51.17.1.",
        "body": "  Let $p$ be a prime number. Let $(A, \\mathfrak m, \\kappa)$ be a Noetherian local ring with $p = 0$ in $A$. Let $M$ be a finite $A$-module such that $M \\otimes_{A, F} A \\cong M$. Then $M$ is finite free. ",
        "label": "lemma-annihilator-frobenius-module",
        "tag": "0EBV",
        "url": "https://stacks.math.columbia.edu/tag/0EBV",
        "source_filename": "local-cohomology.tex"
    },
    {
        "theorem": "Lemma 51.17.2.",
        "body": "  \\begin{reference} See \\cite{Lech-inequalities} and \\cite[Lemma 1 page 299]{MatCA}. \\end{reference} Let $A$ be a ring. If $f_1, \\ldots, f_{r - 1}, f_rg_r$ are independent, then $f_1, \\ldots, f_r$ are independent. ",
        "label": "lemma-1",
        "tag": "0EBW",
        "url": "https://stacks.math.columbia.edu/tag/0EBW",
        "source_filename": "local-cohomology.tex"
    },
    {
        "theorem": "Lemma 51.17.3.",
        "body": "  \\begin{reference} See \\cite{Lech-inequalities} and \\cite[Lemma 2 page 300]{MatCA}. \\end{reference} Let $A$ be a ring. If $f_1, \\ldots, f_{r - 1}, f_rg_r$ are independent and if the $A$-module $A/(f_1, \\ldots, f_{r - 1}, f_rg_r)$ has finite length, then \\begin{align*} & \\text{length}_A(A/(f_1, \\ldots, f_{r - 1}, f_rg_r)) \\\\ & = \\text{length}_A(A/(f_1, \\ldots, f_{r - 1}, f_r)) + \\text{length}_A(A/(f_1, \\ldots, f_{r - 1}, g_r)) \\end{align*} ",
        "label": "lemma-2",
        "tag": "0EBX",
        "url": "https://stacks.math.columbia.edu/tag/0EBX",
        "source_filename": "local-cohomology.tex"
    },
    {
        "theorem": "Lemma 51.17.4.",
        "body": "  \\begin{reference} See \\cite{Lech-inequalities} and \\cite[Lemma 3 page 300]{MatCA}. \\end{reference} Let $(A, \\mathfrak m)$ be a local ring. If $\\mathfrak m = (x_1, \\ldots, x_r)$ and $x_1^{e_1}, \\ldots, x_r^{e_r}$ are independent for some $e_i > 0$, then $\\text{length}_A(A/(x_1^{e_1}, \\ldots, x_r^{e_r})) = e_1\\ldots e_r$. ",
        "label": "lemma-3",
        "tag": "0EBY",
        "url": "https://stacks.math.columbia.edu/tag/0EBY",
        "source_filename": "local-cohomology.tex"
    },
    {
        "theorem": "Lemma 51.17.5.",
        "body": "  Let $\\varphi : A \\to B$ be a flat ring map. If $f_1, \\ldots, f_r \\in A$ are independent, then $\\varphi(f_1), \\ldots, \\varphi(f_r) \\in B$ are independent. ",
        "label": "lemma-flat-extension-independent",
        "tag": "0EBZ",
        "url": "https://stacks.math.columbia.edu/tag/0EBZ",
        "source_filename": "local-cohomology.tex"
    },
    {
        "theorem": "Lemma 51.17.6.",
        "body": "[Kunz]  \\begin{reference} \\cite{Kunz-flat} \\end{reference} Let $p$ be a prime number. Let $A$ be a Noetherian ring with $p = 0$. The following are equivalent \\begin{enumerate} \\item $A$ is regular, and \\item $F : A \\to A$, $a \\mapsto a^p$ is flat. \\end{enumerate} ",
        "label": "lemma-frobenius-flat-regular",
        "tag": "0EC0",
        "url": "https://stacks.math.columbia.edu/tag/0EC0",
        "source_filename": "local-cohomology.tex"
    },
    {
        "theorem": "Lemma 51.18.1.",
        "body": "  \\begin{reference} Special case of \\cite[Theorem 2.4]{Lyubeznik} \\end{reference} Let $k$ be a field of characteristic $0$. Let $d \\geq 1$. Let $A = k[[x_1, \\ldots, x_d]]$ with maximal ideal $\\mathfrak m$. Let $M$ be an $\\mathfrak m$-power torsion $A$-module endowed with additive operators $D_1, \\ldots, D_d$ satisfying the leibniz rule $$ D_i(fz) = \\partial_i(f) z + f D_i(z) $$ for $f \\in A$ and $z \\in M$. Here $\\partial_i$ is differentiation with respect to $x_i$. Then $M$ is isomorphic to a direct sum of copies of the injective hull $E$ of $k$. ",
        "label": "lemma-structure-torsion-D-module-regular",
        "tag": "0EC2",
        "url": "https://stacks.math.columbia.edu/tag/0EC2",
        "source_filename": "local-cohomology.tex"
    },
    {
        "theorem": "Lemma 51.18.2.",
        "body": "  \\begin{reference} Follows from \\cite[Corollary 3.6]{Huneke-Sharp} with a little bit of work. Also follows directly from \\cite[Theorem 1.4]{Lyubeznik2}. \\end{reference} Let $p$ be a prime number. Let $(A, \\mathfrak m, k)$ be a regular local ring with $p = 0$. Denote $F : A \\to A$, $a \\mapsto a^p$ be the Frobenius endomorphism. Let $M$ be a $\\mathfrak m$-power torsion module such that $M \\otimes_{A, F} A \\cong M$. Then $M$ is isomorphic to a direct sum of copies of the injective hull $E$ of $k$. ",
        "label": "lemma-structure-torsion-Frobenius-regular",
        "tag": "0EC3",
        "url": "https://stacks.math.columbia.edu/tag/0EC3",
        "source_filename": "local-cohomology.tex"
    },
    {
        "theorem": "Lemma 51.19.1.",
        "body": "  Let $A$ be a ring. Let $I \\subset A$ be a finitely generated ideal. Set $Z = V(I)$. For each derivation $\\theta : A \\to A$ there exists a canonical additive operator $D$ on the local cohomology modules $H^i_Z(A)$ satisfying the Leibniz rule with respect to $\\theta$. ",
        "label": "lemma-derivation",
        "tag": "0EC5",
        "url": "https://stacks.math.columbia.edu/tag/0EC5",
        "source_filename": "local-cohomology.tex"
    },
    {
        "theorem": "Lemma 51.19.2.",
        "body": "  Let $p$ be a prime number. Let $A$ be a ring with $p = 0$. Denote $F : A \\to A$, $a \\mapsto a^p$ the Frobenius endomorphism. Let $I \\subset A$ be a finitely generated ideal. Set $Z = V(I)$. There exists an isomorphism $R\\Gamma_Z(A) \\otimes_{A, F}^\\mathbf{L} A \\cong R\\Gamma_Z(A)$. ",
        "label": "lemma-frobenius",
        "tag": "0EC6",
        "url": "https://stacks.math.columbia.edu/tag/0EC6",
        "source_filename": "local-cohomology.tex"
    },
    {
        "theorem": "Lemma 51.19.3.",
        "body": "  Let $A$ be a ring. Let $V \\to \\mathop{\\mathrm{Spec}}(A)$ be quasi-compact, quasi-separated, and \\'etale. For each derivation $\\theta : A \\to A$ there exists a canonical additive operator $D$ on $H^i(V, \\mathcal{O}_V)$ satisfying the Leibniz rule with respect to $\\theta$. ",
        "label": "lemma-etale-derivation",
        "tag": "0EC7",
        "url": "https://stacks.math.columbia.edu/tag/0EC7",
        "source_filename": "local-cohomology.tex"
    },
    {
        "theorem": "Remark 51.19.4.",
        "body": "  We can upgrade Lemmas \\ref{lemma-derivation} and \\ref{lemma-etale-derivation} to include higher order differential operators, using Algebra, Lemma \\ref{algebra-lemma-formally-etale-principal-parts} and Remark \\ref{algebra-remark-formally-etale-differential-operators}. If we ever need this we will state and prove a precise lemma here. ",
        "label": "remark-higher-order-operators",
        "tag": "0EC8",
        "url": "https://stacks.math.columbia.edu/tag/0EC8",
        "source_filename": "local-cohomology.tex"
    },
    {
        "theorem": "Lemma 51.19.5.",
        "body": "  Let $p$ be a prime number. Let $A$ be a ring with $p = 0$. Denote $F : A \\to A$, $a \\mapsto a^p$ the Frobenius endomorphism. If $V \\to \\mathop{\\mathrm{Spec}}(A)$ is quasi-compact, quasi-separated, and \\'etale, then there exists an isomorphism $R\\Gamma(V, \\mathcal{O}_V) \\otimes_{A, F}^\\mathbf{L} A \\cong R\\Gamma(V, \\mathcal{O}_V)$. ",
        "label": "lemma-etale-frobenius",
        "tag": "0EC9",
        "url": "https://stacks.math.columbia.edu/tag/0EC9",
        "source_filename": "local-cohomology.tex"
    },
    {
        "theorem": "Lemma 51.20.1.",
        "body": "  Let $R$ be a ring. Let $M \\to M'$ be a map of $R$-modules with $M$ of finite presentation such that $\\text{Tor}_1^R(M, N) \\to \\text{Tor}_1^R(M', N)$ is zero for all $R$-modules $N$. Then $M \\to M'$ factors through a free $R$-module. ",
        "label": "lemma-map-tor-1-zero",
        "tag": "0G9T",
        "url": "https://stacks.math.columbia.edu/tag/0G9T",
        "source_filename": "local-cohomology.tex"
    },
    {
        "theorem": "Lemma 51.20.2.",
        "body": "  Let $R$ be a ring. Let $\\alpha : M \\to M'$ be a map of $R$-modules. Let $P_\\bullet \\to M$ and $P'_\\bullet \\to M'$ be resolutions by projective $R$-modules. Let $e \\geq 0$ be an integer. Consider the following conditions \\begin{enumerate} \\item We can find a map of complexes $a_\\bullet : P_\\bullet \\to P'_\\bullet$ inducing $\\alpha$ on cohomology with $a_i = 0$ for $i > e$. \\item We can find a map of complexes $a_\\bullet : P_\\bullet \\to P'_\\bullet$ inducing $\\alpha$ on cohomology with $a_{e + 1} = 0$. \\item The map $\\mathop{\\mathrm{Ext}}\\nolimits^i_R(M', N) \\to \\mathop{\\mathrm{Ext}}\\nolimits^i_R(M, N)$ is zero for all $R$-modules $N$ and $i > e$. \\item The map $\\mathop{\\mathrm{Ext}}\\nolimits^{e + 1}_R(M', N) \\to \\mathop{\\mathrm{Ext}}\\nolimits^{e + 1}_R(M, N)$ is zero for all $R$-modules $N$. \\item Let $N = \\mathop{\\mathrm{Im}}(P'_{e + 1} \\to P'_e)$ and denote $\\xi \\in \\mathop{\\mathrm{Ext}}\\nolimits^{e + 1}_R(M', N)$ the canonical element (see proof). Then $\\xi$ maps to zero in $\\mathop{\\mathrm{Ext}}\\nolimits^{e + 1}_R(M, N)$. \\item The map $\\text{Tor}_i^R(M, N) \\to \\text{Tor}_i^R(M', N)$ is zero for all $R$-modules $N$ and $i > e$. \\item The map $\\text{Tor}_{e + 1}^R(M, N) \\to \\text{Tor}_{e + 1}^R(M', N)$ is zero for all $R$-modules $N$. \\end{enumerate} Then we always have the implications $$ (1) \\Leftrightarrow (2) \\Leftrightarrow (3) \\Leftrightarrow (4) \\Leftrightarrow (5) \\Rightarrow (6) \\Leftrightarrow (7) $$ If $M$ is $(-e - 1)$-pseudo-coherent (for example if $R$ is Noetherian and $M$ is a finite $R$-module), then all conditions are equivalent. ",
        "label": "lemma-characterize-vanishing-tor-ext-above-e",
        "tag": "0G9V",
        "url": "https://stacks.math.columbia.edu/tag/0G9V",
        "source_filename": "local-cohomology.tex"
    },
    {
        "theorem": "Lemma 51.20.3.",
        "body": "  Let $I$ be an ideal of a Noetherian ring $A$. For all $n \\geq 1$ there exists an $m > n$ such that the map $A/I^m \\to A/I^n$ satisfies the equivalent conditions of Lemma \\ref{lemma-characterize-vanishing-tor-ext-above-e} with $e = \\text{cd}(A, I)$. ",
        "label": "lemma-cd-sequence-Koszul",
        "tag": "0EH1",
        "url": "https://stacks.math.columbia.edu/tag/0EH1",
        "source_filename": "local-cohomology.tex"
    },
    {
        "theorem": "Lemma 51.21.1.",
        "body": "  Let $I$ be an ideal of a Noetherian ring $A$. For every $m \\geq 0$ and $i > 0$ there exist a $c = c(A, I, m, i) \\geq 0$ such that for every $A$-module $M$ annihilated by $I^m$ the map $$ \\text{Tor}^A_i(M, A/I^n) \\to \\text{Tor}^A_i(M, A/I^{n - c}) $$ is zero for all $n \\geq c$. ",
        "label": "lemma-maps-zero-fixed-torsion",
        "tag": "0G9X",
        "url": "https://stacks.math.columbia.edu/tag/0G9X",
        "source_filename": "local-cohomology.tex"
    },
    {
        "theorem": "Lemma 51.21.2.",
        "body": "  Let $I = (a_1, \\ldots, a_t)$ be an ideal of a Noetherian ring $A$. Set $a = a_1$ and denote $B = A[\\frac{I}{a}]$ the affine blowup algebra. There exists a $c > 0$ such that $\\text{Tor}_i^A(B, M)$ is annihilated by $I^c$ for all $A$-modules $M$ and $i \\geq t$. ",
        "label": "lemma-annihilates-affine",
        "tag": "0G9Y",
        "url": "https://stacks.math.columbia.edu/tag/0G9Y",
        "source_filename": "local-cohomology.tex"
    },
    {
        "theorem": "Lemma 51.21.3.",
        "body": "  In the situation above, for $q \\geq q(A, I)$ and any $A$-module $M$ we have $$ R\\Gamma(X, Lp^*\\widetilde{M}(q)) \\cong M \\otimes_A^\\mathbf{L} I^q $$ in $D(A)$. ",
        "label": "lemma-compute-tor-Iq",
        "tag": "0G9Z",
        "url": "https://stacks.math.columbia.edu/tag/0G9Z",
        "source_filename": "local-cohomology.tex"
    },
    {
        "theorem": "Lemma 51.21.4.",
        "body": "  In the situation above, let $t$ be an upper bound on the number of generators for $I$. There exists an integer $c = c(A, I) \\geq 0$ such that for any $A$-module $M$ the cohomology sheaves $H^j(Lp^*\\widetilde{M})$ are annihilated by $I^c$ for $j \\leq -t$. ",
        "label": "lemma-annihilates",
        "tag": "0GA0",
        "url": "https://stacks.math.columbia.edu/tag/0GA0",
        "source_filename": "local-cohomology.tex"
    },
    {
        "theorem": "Lemma 51.21.5.",
        "body": "  In the situation above, let $t$ be an upper bound on the number of generators for $I$. There exists an integer $c = c(A, I) \\geq 0$ such that for any $A$-module $M$ the tor modules $\\text{Tor}_i^A(M, A/I^q)$ are annihilated by $I^c$ for $i > t$ and all $q \\geq 0$. ",
        "label": "lemma-annihilates-tors",
        "tag": "0GA1",
        "url": "https://stacks.math.columbia.edu/tag/0GA1",
        "source_filename": "local-cohomology.tex"
    },
    {
        "theorem": "Lemma 51.21.6.",
        "body": "  Let $I$ be an ideal of a Noetherian ring $A$. Let $t \\geq 0$ be an upper bound on the number of generators of $I$. There exist $N, c \\geq 0$ such that the maps $$ \\text{Tor}_{t + 1}^A(M, A/I^n) \\to \\text{Tor}_{t + 1}^A(M, A/I^{n - c}) $$ are zero for any $A$-module $M$ and all $n \\geq N$. ",
        "label": "lemma-tor-maps-vanish",
        "tag": "0GA2",
        "url": "https://stacks.math.columbia.edu/tag/0GA2",
        "source_filename": "local-cohomology.tex"
    },
    {
        "theorem": "Proposition 51.21.7.",
        "body": "  Let $I$ be an ideal of a Noetherian ring $A$. Let $t \\geq 0$ be an upper bound on the number of generators of $I$. There exist $N, c \\geq 0$ such that for $n \\geq N$ the maps $$ A/I^n \\to A/I^{n - c} $$ satisfy the equivalent conditions of Lemma \\ref{lemma-characterize-vanishing-tor-ext-above-e} with $e = t$. ",
        "label": "proposition-uniform-artin-rees",
        "tag": "0GA3",
        "url": "https://stacks.math.columbia.edu/tag/0GA3",
        "source_filename": "local-cohomology.tex"
    },
    {
        "theorem": "Remark 51.21.8.",
        "body": "  The paper \\cite{AHS} shows, besides many other things, that if $A$ is local, then Proposition \\ref{proposition-uniform-artin-rees} also holds with $e = t$ replaced by $e = \\dim(A)$. Looking at Lemma \\ref{lemma-cd-sequence-Koszul} it is natural to ask whether Proposition \\ref{proposition-uniform-artin-rees} holds with $e = t$ replaced with $e = \\text{cd}(A, I)$. We don't know. ",
        "label": "remark-better-bound",
        "tag": "0GA4",
        "url": "https://stacks.math.columbia.edu/tag/0GA4",
        "source_filename": "local-cohomology.tex"
    },
    {
        "theorem": "Remark 51.21.9.",
        "body": "  Let $I$ be an ideal of a Noetherian ring $A$. Say $I = (f_1, \\ldots, f_r)$. Denote $K_n^\\bullet$ the Koszul complex on $f_1^n, \\ldots, f_r^n$ as in More on Algebra, Situation \\ref{more-algebra-situation-koszul} and denote $K_n \\in D(A)$ the corresponding object. Let $M^\\bullet$ be a bounded complex of finite $A$-modules and denote $M \\in D(A)$ the corresponding object. Consider the following inverse systems in $D(A)$: \\begin{enumerate} \\item $M^\\bullet/I^nM^\\bullet$, i.e., the complex whose terms are $M^i/I^nM^i$, \\item $M \\otimes_A^\\mathbf{L} A/I^n$, \\item $M \\otimes_A^\\mathbf{L} K_n$, and \\item $M \\otimes_P^\\mathbf{L} P/J^n$ (see below). \\end{enumerate} All of these inverse systems are isomorphic as pro-objects: the isomorphism between (2) and (3) follows from More on Algebra, Lemma \\ref{more-algebra-lemma-sequence-Koszul-complexes}. The isomorphism between (1) and (2) is given in More on Algebra, Lemma \\ref{more-algebra-lemma-derived-completion-plain-completion}. For the last one, see below. \\medskip\\noindent However, we can ask if these isomorphisms of pro-systems are ``strict''; this terminology and question is related to the discussion in \\cite[pages 61, 62]{quillenhomology}. Namely, given a category $\\mathcal{C}$ we can define a ``strict pro-category'' whose objects are inverse systems $(X_n)$ and whose morphisms $(X_n) \\to (Y_n)$ are given by tuples $(c, \\varphi_n)$ consisting of a $c \\geq 0$ and morphisms $\\varphi_n : X_n \\to Y_{n - c}$ for all $n \\geq c$ satisfying an obvious compatibility condition and up to a certain equivalence (given essentially by increasing $c$). Then we ask whether the above inverse systems are isomorphic in this strict pro-category. \\medskip\\noindent This clearly cannot be the case for (1) and (3) even when $M = A[0]$. Namely, the system $H^0(K_n) = A/(f_1^n, \\ldots, f_r^n)$ is not strictly pro-isomorphic in the category of modules to the system $A/I^n$ in general. For example, if we take $A = \\mathbf{Z}[x_1, \\ldots, x_r]$ and $f_i = x_i$, then $H^0(K_n)$ is not annihilated by $I^{r(n - 1)}$.\\footnote{Of course, we can ask whether these pro-systems are isomorphic in a category whose objects are inverse systems and where maps are given by tuples $(r, c, \\varphi_n)$ consisting of $r \\geq 1$, $c \\geq 0$ and maps $\\varphi_n : X_{rn} \\to Y_{n - c}$ for $n \\geq c$.} \\medskip\\noindent It turns out that the results above show that the natural map from (2) to (1) discussed in More on Algebra, Lemma \\ref{more-algebra-lemma-derived-completion-plain-completion} is a strict pro-isomorphism. We will sketch the proof. Using standard arguments involving stupid truncations, we first reduce to the case where $M^\\bullet$ is given by a single finite $A$-module $M$ placed in degree $0$. Pick $N, c \\geq 0$ as in Proposition \\ref{proposition-uniform-artin-rees}. The proposition implies that for $n \\geq N$ we get factorizations $$ M \\otimes_A^\\mathbf{L} A/I^n \\to \\tau_{\\geq -t}(M \\otimes_A^\\mathbf{L} A/I^n) \\to M \\otimes_A^\\mathbf{L} A/I^{n - c} $$ of the transition maps in the system (2). On the other hand, by More on Algebra, Lemma \\ref{more-algebra-lemma-tor-strictly-pro-zero}, we can find another constant $c' = c'(M) \\geq 0$ such that the maps $\\text{Tor}_i^A(M, A/I^{n'}) \\to \\text{Tor}_i(M, A/I^{n' - c'})$ are zero for $i = 1, 2, \\ldots, t$ and $n' \\geq c'$. Then it follows from Derived Categories, Lemma \\ref{derived-lemma-trick-vanishing-composition} that the map $$ \\tau_{\\geq -t}(M \\otimes_A^\\mathbf{L} A/I^{n + tc'}) \\to \\tau_{\\geq -t}(M \\otimes_A^\\mathbf{L} A/I^n) $$ factors through $M \\otimes_A^\\mathbf{L}A/I^{n + tc'} \\to M/I^{n + tc'}M$. Combined with the previous result we obtain a factorization $$ M \\otimes_A^\\mathbf{L}A/I^{n + tc'} \\to M/I^{n + tc'}M \\to M \\otimes_A^\\mathbf{L} A/I^{n - c} $$ which gives us what we want. If we ever need this result, we will carefully state it and provide a detailed proof. \\medskip\\noindent For number (4) suppose we have a Noetherian ring $P$, a ring homomorphism $P \\to A$, and an ideal $J \\subset P$ such that $I = JA$. By More on Algebra, Section \\ref{more-algebra-section-derived-base-change} we get a functor $M \\otimes_P^\\mathbf{L} - : D(P) \\to D(A)$ and we get an inverse system $M \\otimes_P^\\mathbf{L} P/J^n$ in $D(A)$ as in (4). If $P$ is Noetherian, then the system in (4) is pro-isomorphic to the system in (1) because we can compare with Koszul complexes. If $P \\to A$ is finite, then the system (4) is strictly pro-isomorphic to the system (2) because the inverse system $A \\otimes_P^\\mathbf{L} P/J^n$ is strictly pro-isomorphic to the inverse system $A/I^n$ (by the discussion above) and because we have $$ M \\otimes_P^\\mathbf{L} P/J^n = M \\otimes_A^\\mathbf{L} (A \\otimes_P^\\mathbf{L} P/J^n) $$ by More on Algebra, Lemma \\ref{more-algebra-lemma-derived-base-change}. \\medskip\\noindent A standard example in (4) is to take $P = \\mathbf{Z}[x_1, \\ldots, x_r]$, the map $P \\to A$ sending $x_i$ to $f_i$, and $J = (x_1, \\ldots, x_r)$. In this case one shows that $$ M \\otimes_P^\\mathbf{L} P/J^n = M \\otimes_{A[x_1, \\ldots, x_r]}^\\mathbf{L} A[x_1, \\ldots, x_r]/(x_1, \\ldots, x_r)^n $$ and we reduce to one of the cases discussed above (although this case is strictly easier as $A[x_1, \\ldots, x_r]/(x_1, \\ldots, x_r)^n$ has tor dimension at most $r$ for all $n$ and hence the step using Proposition \\ref{proposition-uniform-artin-rees} can be avoided). This case is discussed in the proof of \\cite[Proposition 3.5.1]{BS}. ",
        "label": "remark-strict-pro-isomorphism",
        "tag": "0GA5",
        "url": "https://stacks.math.columbia.edu/tag/0GA5",
        "source_filename": "local-cohomology.tex"
    },
    {
        "theorem": "Lemma 51.22.1.",
        "body": "  With $q_0 = q(S)$ and $d = d(S)$ as above, we have \\begin{enumerate} \\item for $n \\geq 1$, $q \\geq q_0$, and $i > 0$ we have $H^i(X, \\mathcal{O}_{Y_n}(q)) = 0$, \\item for $n \\geq 1$ and $q \\geq q_0$ we have $H^0(X, \\mathcal{O}_{Y_n}(q)) = I^q/I^{q + n}$, \\item for $q \\geq q_0$ and $i > 0$ we have $H^i(X, \\mathcal{O}_X(q)) = 0$, \\item for $q \\geq q_0$ we have $H^0(X, \\mathcal{O}_X(q)) = I^q$. \\end{enumerate} ",
        "label": "lemma-bound-q-and-d",
        "tag": "0GA7",
        "url": "https://stacks.math.columbia.edu/tag/0GA7",
        "source_filename": "local-cohomology.tex"
    },
    {
        "theorem": "Lemma 51.22.2.",
        "body": "  Let $0 \\to K \\to L \\to M \\to 0$ be a short exact sequence of $A$-modules such that $K$ and $L$ are annihilated by $I^n$ and $M$ is an $(A, n, c)$-module. Then the kernel of $p^*K \\to p^*L$ is scheme theoretically supported on $Y_c$. ",
        "label": "lemma-almost-exactness",
        "tag": "0GA8",
        "url": "https://stacks.math.columbia.edu/tag/0GA8",
        "source_filename": "local-cohomology.tex"
    },
    {
        "theorem": "Lemma 51.22.3.",
        "body": "  Let $\\mathcal{F}$ be a coherent $\\mathcal{O}_X$-module. Then $\\mathcal{F}$ is scheme theoretically supported on $Y_c$ if and only if the canonical map $\\mathcal{F} \\to \\mathcal{F}(c)$ is zero. ",
        "label": "lemma-annihilated",
        "tag": "0GA9",
        "url": "https://stacks.math.columbia.edu/tag/0GA9",
        "source_filename": "local-cohomology.tex"
    },
    {
        "theorem": "Lemma 51.22.4.",
        "body": "  With $q_0 = q(S)$ and $d = d(S)$ as above, suppose we have integers $n \\geq c \\geq 0$, an $(A, n, c)$-module $M$, an index $i \\in \\{0, 1, \\ldots, d\\}$, and an integer $q$. Then we distinguish the following cases \\begin{enumerate} \\item In the case $i = d \\geq 1$ and $q \\geq q_0$ we have $H^d(X, p^*M(q)) = 0$. \\item In the case $i = d - 1 \\geq 1$ and $q \\geq q_0$ we have $H^{d - 1}(X, p^*M(q)) = 0$. \\item In the case $d - 1 > i > 0$ and $q \\geq q_0 + (d - 1 - i)c$ the map $H^i(X, p^*M(q)) \\to H^i(X, p^*M(q - (d - 1 - i)c))$ is zero. \\item In the case $i = 0$, $d \\in \\{0, 1\\}$, and $q \\geq q_0$, there is a surjection $$ I^qM \\longrightarrow H^0(X, p^*M(q)) $$ \\item In the case $i = 0$, $d > 1$, and $q \\geq q_0 + (d - 1)c$ the map $$ H^0(X, p^*M(q)) \\to H^0(X, p^*M(q - (d - 1)c)) $$ has image contained in the image of the canonical map $I^{q - (d - 1)c}M \\to H^0(X, p^*M(q - (d - 1)c))$. \\end{enumerate} ",
        "label": "lemma-vanishing-coh-almost-projective",
        "tag": "0GAA",
        "url": "https://stacks.math.columbia.edu/tag/0GAA",
        "source_filename": "local-cohomology.tex"
    },
    {
        "theorem": "Remark 51.22.5.",
        "body": "  Given a pair $(M, n)$ consisting of an integer $n \\geq 0$ and a finite $A/I^n$-module $M$ we set $M^\\vee = \\mathop{\\mathrm{Hom}}\\nolimits_{A/I^n}(M, A/I^n)$. Given a pair $(\\mathcal{F}, n)$ consisting of an integer $n$ and a coherent $\\mathcal{O}_{Y_n}$-module $\\mathcal{F}$ we set $$ \\mathcal{F}^\\vee = \\mathop{\\mathcal{H}\\!\\mathit{om}}\\nolimits_{\\mathcal{O}_{Y_n}}(\\mathcal{F}, \\mathcal{O}_{Y_n}) $$ Given $(M, n)$ as above, there is a canonical map $$ can : p^*(M^\\vee) \\longrightarrow (p^*M)^\\vee $$ Namely, if we choose a presentation $(A/I^n)^{\\oplus s} \\to (A/I^n)^{\\oplus r} \\to M \\to 0$ then we obtain a presentation $\\mathcal{O}_{Y_n}^{\\oplus s} \\to \\mathcal{O}_{Y_n}^{\\oplus r} \\to p^*M \\to 0$. Taking duals we obtain exact sequences $$ 0 \\to M^\\vee \\to (A/I^n)^{\\oplus r} \\to (A/I^n)^{\\oplus s} $$ and $$ 0 \\to (p^*M)^\\vee \\to \\mathcal{O}_{Y_n}^{\\oplus r} \\to \\mathcal{O}_{Y_n}^{\\oplus s} $$ Pulling back the first sequence by $p$ we find the desired map $can$. The construction of this map is functorial in the finite $A/I^n$-module $M$. The kernel and cokernel of $can$ are scheme theoretically supported on $Y_c$ if $M$ is an $(A, n, c)$-module. Namely, in that case for $a \\in I^c$ the map $a : M \\to M$ factors through a finite free $A/I^n$-module for which $can$ is an isomorphism. Hence $a$ annihilates the kernel and cokernel of $can$. ",
        "label": "remark-duals",
        "tag": "0GAB",
        "url": "https://stacks.math.columbia.edu/tag/0GAB",
        "source_filename": "local-cohomology.tex"
    },
    {
        "theorem": "Lemma 51.22.6.",
        "body": "  With $q_0 = q(S)$ and $d = d(S)$ as above, let $M$ be an $(A, n, c)$-module and let $\\varphi : M \\to I^n/I^{2n}$ be an $A$-linear map. Assume $n \\geq \\max(q_0 + (1 + d)c, (2 + d)c)$ and if $d = 0$ assume $n \\geq q_0 + 2c$. Then the composition $$ M \\xrightarrow{\\varphi} I^n/I^{2n} \\to I^{n - (1 + d)c}/I^{2n - (1 + d)c} $$ is of the form $\\sum a_i \\psi_i$ with $a_i \\in I^c$ and $\\psi_i : M \\to I^{n - (2 + d)c}/I^{2n - (2 + d)c}$. ",
        "label": "lemma-factor-hom",
        "tag": "0GAC",
        "url": "https://stacks.math.columbia.edu/tag/0GAC",
        "source_filename": "local-cohomology.tex"
    },
    {
        "theorem": "Lemma 51.22.7.",
        "body": "  With $d = d(S)$ and $q_0 = q(S)$ as above. Then \\begin{enumerate} \\item for integers $n \\geq c \\geq 0$ with $n \\geq \\max(q_0 + (1 + d)c, (2 + d)c)$, \\item for $K$ of $D(A/I^n)$ with $H^i(K) = 0$ for $i \\not = -1, 0$ and $H^i(K)$ finite for $i = -1, 0$ such that $\\mathop{\\mathrm{Ext}}\\nolimits^1_{A/I^c}(K, N)$ is annihilated by $I^c$ for all finite $A/I^n$-modules $N$ \\end{enumerate} the map $$ \\mathop{\\mathrm{Ext}}\\nolimits^1_{A/I^n}(K, I^n/I^{2n}) \\longrightarrow \\mathop{\\mathrm{Ext}}\\nolimits^1_{A/I^n}(K, I^{n - (1 + d)c}/I^{2n - 2(1 + d)c}) $$ is zero. ",
        "label": "lemma-bound-two-term-complex",
        "tag": "0GAD",
        "url": "https://stacks.math.columbia.edu/tag/0GAD",
        "source_filename": "local-cohomology.tex"
    }
]