[
    {
        "theorem": "Lemma 62.2.1.",
        "body": "  Let $X$ be a scheme. Let $\\mathcal{F}$ be an abelian sheaf on $X_{\\acute{e}tale}$. Let $\\varphi : U' \\to U$ be a morphism of $X_{\\acute{e}tale}$. Let $Z' \\subset U'$ be a closed subscheme such that $Z' \\to U' \\to U$ is a closed immersion with image $Z \\subset U$. Then there is a canonical bijection $$ \\{s \\in \\mathcal{F}(U) \\mid \\text{Supp}(s) \\subset Z\\} = \\{s' \\in \\mathcal{F}(U') \\mid \\text{Supp}(s') \\subset Z'\\} $$ which is given by restriction if $\\varphi^{-1}(Z) = Z'$. ",
        "label": "lemma-section-support-in-locally-closed-pre",
        "tag": "0F6F",
        "url": "https://stacks.math.columbia.edu/tag/0F6F",
        "source_filename": "more-etale.tex"
    },
    {
        "theorem": "Lemma 62.2.2.",
        "body": "  Let $X$ be a scheme. Let $Z \\subset X$ be a locally closed subscheme. Let $\\mathcal{F}$ be an abelian sheaf on $X_{\\acute{e}tale}$. Given $U, U' \\subset X$ open containing $Z$ as a closed subscheme, there is a canonical bijection $$ \\{s \\in \\mathcal{F}(U) \\mid \\text{Supp}(s) \\subset Z\\} = \\{s \\in \\mathcal{F}(U') \\mid \\text{Supp}(s) \\subset Z\\} $$ which is given by restriction if $U' \\subset U$. ",
        "label": "lemma-section-support-in-locally-closed",
        "tag": "0F6G",
        "url": "https://stacks.math.columbia.edu/tag/0F6G",
        "source_filename": "more-etale.tex"
    },
    {
        "theorem": "Lemma 62.3.1.",
        "body": "  Let $f : X \\to Y$ be a morphism of schemes which is locally of finite type. Let $\\mathcal{F}$ be an abelian sheaf on $X_{\\acute{e}tale}$. The rule $$ Y_{\\acute{e}tale} \\longrightarrow \\textit{Ab},\\quad V \\longmapsto \\{s \\in f_*\\mathcal{F}(V) = \\mathcal{F}(X_V) \\mid \\text{Supp}(s) \\subset X_V \\text{ is proper over }V\\} $$ is an abelian subsheaf of $f_*\\mathcal{F}$. ",
        "label": "lemma-f-shriek-separated",
        "tag": "0F4X",
        "url": "https://stacks.math.columbia.edu/tag/0F4X",
        "source_filename": "more-etale.tex"
    },
    {
        "theorem": "Lemma 62.3.2.",
        "body": "  Let $j : U \\to X$ be a separated \\'etale morphism. Let $\\mathcal{F}$ be an abelian sheaf on $U_{\\acute{e}tale}$. The image of the injective map $j_!\\mathcal{F} \\to j_*\\mathcal{F}$ of \\'Etale Cohomology, Lemma \\ref{etale-cohomology-lemma-shriek-into-star-separated-etale} is the subsheaf of Lemma \\ref{lemma-f-shriek-separated}. ",
        "label": "lemma-separated-etale-shriek",
        "tag": "0F4Y",
        "url": "https://stacks.math.columbia.edu/tag/0F4Y",
        "source_filename": "more-etale.tex"
    },
    {
        "theorem": "Definition 62.3.3.",
        "body": "  Let $f : X \\to Y$ be a morphism of schemes which is separated (!) and locally of finite type. Let $\\mathcal{F}$ be an abelian sheaf on $X_{\\acute{e}tale}$. The subsheaf $f_!\\mathcal{F} \\subset f_*\\mathcal{F}$ constructed in Lemma \\ref{lemma-f-shriek-separated} is called the {\\it direct image with compact support}. ",
        "label": "definition-f-shriek-separated",
        "tag": "0F4Z",
        "url": "https://stacks.math.columbia.edu/tag/0F4Z",
        "source_filename": "more-etale.tex"
    },
    {
        "theorem": "Lemma 62.3.4.",
        "body": "  Let $f : X \\to Y$ be a proper morphism of schemes. Then $f_! = f_*$. ",
        "label": "lemma-proper-f-shriek",
        "tag": "0F51",
        "url": "https://stacks.math.columbia.edu/tag/0F51",
        "source_filename": "more-etale.tex"
    },
    {
        "theorem": "Remark 62.3.5.",
        "body": "[Covariance with respect to open embeddings]  Let $f : X \\to Y$ be morphism of schemes which is separated and locally of finite type. Let $\\mathcal{F}$ be an abelian sheaf on $X_{\\acute{e}tale}$. Let $X' \\subset X$ be an open subscheme. Denote $f' : X' \\to Y$ the restriction of $f$. There is a canonical injective map $$ f'_!(\\mathcal{F}|_{X'}) \\longrightarrow f_!\\mathcal{F} $$ Namely, let $V \\in Y_{\\acute{e}tale}$ and consider a section $s' \\in f'_*(\\mathcal{F}|_{X'})(V) = \\mathcal{F}(X' \\times_Y V)$ with support $Z'$ proper over $V$. Then $Z'$ is closed in $X \\times_Y V$ as well, see Cohomology of Schemes, Lemma \\ref{coherent-lemma-functoriality-closed-proper-over-base}. Thus there is a unique section $s \\in \\mathcal{F}(X \\times_Y V) = f_*\\mathcal{F}(V)$ whose restriction to $X' \\times_Y V$ is $s'$ and whose restriction to $X \\times_Y V \\setminus Z'$ is zero, see Lemma \\ref{lemma-section-support-in-locally-closed}. This construction is compatible with restriction maps and hence induces the desired map of sheaves $f'_!(\\mathcal{F}|_{X'}) \\to f_!\\mathcal{F}$ which is clearly injective. By construction we obtain a commutative diagram $$ \\xymatrix{ f'_!(\\mathcal{F}|_{X'}) \\ar[r] \\ar[d] & f_!\\mathcal{F} \\ar[d] \\\\ f'_*(\\mathcal{F}|_{X'}) & f_*\\mathcal{F} \\ar[l] } $$ functorial in $\\mathcal{F}$. It is clear that for $X'' \\subset X'$ open with $f'' = f|_{X''} : X'' \\to Y$ the composition of the canonical maps $f''_!\\mathcal{F}|_{X''} \\to f'_!\\mathcal{F}|_{X'} \\to f_!\\mathcal{F}$ just constructed is the canonical map $f''_!\\mathcal{F}|_{X''} \\to f_!\\mathcal{F}$. ",
        "label": "remark-covariance-f-shriek-separated",
        "tag": "0F53",
        "url": "https://stacks.math.columbia.edu/tag/0F53",
        "source_filename": "more-etale.tex"
    },
    {
        "theorem": "Lemma 62.3.6.",
        "body": "  Let $Y$ be a scheme. Let $j : X \\to \\overline{X}$ be an open immersion of schemes over $Y$ with $\\overline{X}$ proper over $Y$. Denote $f : X \\to Y$ and $\\overline{f} : \\overline{X} \\to Y$ the structure morphisms. For $\\mathcal{F} \\in \\textit{Ab}(X_{\\acute{e}tale})$ there is a canonical isomorphism (see proof) $$ f_!\\mathcal{F} \\longrightarrow \\overline{f}_!j_!\\mathcal{F} $$ As we have $\\overline{f}_! = \\overline{f}_*$ by Lemma \\ref{lemma-proper-f-shriek} we obtain $\\overline{f}_* \\circ j_! = f_!$ as functors $\\textit{Ab}(X_{\\acute{e}tale}) \\to \\textit{Ab}(Y_{\\acute{e}tale})$. ",
        "label": "lemma-compactify-f-shriek-separated",
        "tag": "0F52",
        "url": "https://stacks.math.columbia.edu/tag/0F52",
        "source_filename": "more-etale.tex"
    },
    {
        "theorem": "Definition 62.3.7.",
        "body": "  Let $X$ be a separated scheme locally of finite type over a field $k$. Let $\\mathcal{F}$ be an abelian sheaf on $X_{\\acute{e}tale}$. We let $H^0_c(X, \\mathcal{F}) \\subset H^0(X, \\mathcal{F})$ be the set of sections whose support is proper over $k$. Elements of $H^0_c(X, \\mathcal{F})$ are called {\\it sections with compact support}. ",
        "label": "definition-compact-support",
        "tag": "0F72",
        "url": "https://stacks.math.columbia.edu/tag/0F72",
        "source_filename": "more-etale.tex"
    },
    {
        "theorem": "Lemma 62.3.8.",
        "body": "  Let $X$ be a proper scheme over a field $k$. Then $H^0_c(X, \\mathcal{F}) = H^0(X, \\mathcal{F})$. ",
        "label": "lemma-proper-compact-support",
        "tag": "0F73",
        "url": "https://stacks.math.columbia.edu/tag/0F73",
        "source_filename": "more-etale.tex"
    },
    {
        "theorem": "Remark 62.3.9.",
        "body": "[Open embeddings and compactly supported sections]  Let $X$ be a separated scheme locally of finite type over a field $k$. Let $\\mathcal{F}$ be an abelian sheaf on $X_{\\acute{e}tale}$. Exactly as in Remark \\ref{remark-covariance-f-shriek-separated} for $X' \\subset X$ open there is an injective map $$ H^0_c(X', \\mathcal{F}|_{X'}) \\longrightarrow H^0_c(X, \\mathcal{F}) $$ and these maps turn $H^0_c$ into a ``cosheaf'' on the Zariski site of $X$. ",
        "label": "remark-covariance-compact-support",
        "tag": "0F74",
        "url": "https://stacks.math.columbia.edu/tag/0F74",
        "source_filename": "more-etale.tex"
    },
    {
        "theorem": "Lemma 62.3.10.",
        "body": "  Let $k$ be a field. Let $j : X \\to \\overline{X}$ be an open immersion of schemes over $k$ with $\\overline{X}$ proper over $k$. For $\\mathcal{F} \\in \\textit{Ab}(X_{\\acute{e}tale})$ there is a canonical isomorphism (see proof) $$ H^0_c(X, \\mathcal{F}) \\longrightarrow H^0_c(\\overline{X}, j_!\\mathcal{F}) = H^0(\\overline{X}, j_!\\mathcal{F}) $$ where we have the equality on the right by Lemma \\ref{lemma-proper-compact-support}. ",
        "label": "lemma-compactify-compact-support",
        "tag": "0F75",
        "url": "https://stacks.math.columbia.edu/tag/0F75",
        "source_filename": "more-etale.tex"
    },
    {
        "theorem": "Lemma 62.3.11.",
        "body": "  Let $f : X \\to Y$ be a morphism of schemes which is separated and locally of finite type. Let $\\mathcal{F}$ be an abelian sheaf on $X_{\\acute{e}tale}$. Then there is a canonical isomorphism $$ (f_!\\mathcal{F})_{\\overline{y}} \\longrightarrow H^0_c(X_{\\overline{y}}, \\mathcal{F}|_{X_{\\overline{y}}}) $$ for any geometric point $\\overline{y} : \\mathop{\\mathrm{Spec}}(k) \\to Y$. ",
        "label": "lemma-stalk-f-shriek-separated",
        "tag": "0F76",
        "url": "https://stacks.math.columbia.edu/tag/0F76",
        "source_filename": "more-etale.tex"
    },
    {
        "theorem": "Lemma 62.3.12.",
        "body": "  Consider a cartesian square $$ \\xymatrix{ X' \\ar[r]_{g'} \\ar[d]_{f'} & X \\ar[d]^f \\\\ Y' \\ar[r]^g & Y } $$ of schemes with $f$ separated and locally of finite type. For any abelian sheaf $\\mathcal{F}$ on $X_{\\acute{e}tale}$ we have $f'_!(g')^{-1}\\mathcal{F} = g^{-1}f_!\\mathcal{F}$. ",
        "label": "lemma-base-change-f-shriek-separated",
        "tag": "0F55",
        "url": "https://stacks.math.columbia.edu/tag/0F55",
        "source_filename": "more-etale.tex"
    },
    {
        "theorem": "Lemma 62.3.13.",
        "body": "  Let $f : X \\to Y$ and $g : Y \\to Z$ be composable morphisms of schemes which are separated and locally of finite type. Let $\\mathcal{F}$ be an abelian sheaf on $X_{\\acute{e}tale}$. Then $g_!f_!\\mathcal{F} = (g \\circ f)_!\\mathcal{F}$ as subsheaves of $(g \\circ f)_*\\mathcal{F}$. ",
        "label": "lemma-f-shriek-composition",
        "tag": "0F50",
        "url": "https://stacks.math.columbia.edu/tag/0F50",
        "source_filename": "more-etale.tex"
    },
    {
        "theorem": "Remark 62.3.14.",
        "body": "  The isomorphisms between functors constructed above satisfy the following two properties: \\begin{enumerate} \\item Let $f : X \\to Y$, $g : Y \\to Z$, and $h : Z \\to T$ be composable morphisms of schemes which are separated and locally of finite type. Then the diagram $$ \\xymatrix{ (h \\circ g \\circ f)_! \\ar[r] \\ar[d] & (h \\circ g)_! \\circ f_! \\ar[d] \\\\ h_! \\circ (g \\circ f)_! \\ar[r] & h_! \\circ g_! \\circ f_! } $$ commutes where the arrows are those of Lemma \\ref{lemma-f-shriek-composition}. \\item Suppose that we have a diagram of schemes $$ \\xymatrix{ X' \\ar[d]_{f'} \\ar[r]_c & X \\ar[d]^f \\\\ Y' \\ar[d]_{g'} \\ar[r]_b & Y \\ar[d]^g \\\\ Z' \\ar[r]^a & Z } $$ with both squares cartesian and $f$ and $g$ separated and locally of finite type. Then the diagram $$ \\xymatrix{ a^{-1} \\circ (g \\circ f)_! \\ar[d] \\ar[rr] & & (g' \\circ f')_! \\circ c^{-1} \\ar[d] \\\\ a^{-1} \\circ g_! \\circ f_! \\ar[r] & g'_! \\circ b^{-1} \\circ f_! \\ar[r] & g'_! \\circ f'_! \\circ c^{-1} } $$ commutes where the horizontal arrows are those of Lemma \\ref{lemma-base-change-f-shriek-separated} the arrows are those of Lemma \\ref{lemma-f-shriek-composition}. \\end{enumerate} Part (1) holds true because we have a similar commutative diagram for pushforwards. Part (2) holds by the very general compatibility of base change maps for pushforwards (Sites, Remark \\ref{sites-remark-compose-base-change}) and the fact that the isomorphisms in Lemmas \\ref{lemma-base-change-f-shriek-separated} and \\ref{lemma-f-shriek-composition} are constructed using the corresponding maps of pushforwards. ",
        "label": "remark-f-shriek-base-change-composition",
        "tag": "0F77",
        "url": "https://stacks.math.columbia.edu/tag/0F77",
        "source_filename": "more-etale.tex"
    },
    {
        "theorem": "Lemma 62.3.15.",
        "body": "  Let $f : X \\to Y$ be morphism of schemes which is separated and locally of finite type. Let $X = \\bigcup_{i \\in I} X_i$ be an open covering such that for all $i, j \\in I$ there exists a $k$ with $X_i \\cup X_j \\subset X_k$. Denote $f_i : X_i \\to Y$ the restriction of $f$. Then $$ f_!\\mathcal{F} = \\mathop{\\mathrm{colim}}\\nolimits_{i \\in I} f_{i, !}(\\mathcal{F}|_{X_i}) $$ functorially in $\\mathcal{F} \\in \\textit{Ab}(X_{\\acute{e}tale})$ where the transition maps are the ones constructed in Remark \\ref{remark-covariance-f-shriek-separated}. ",
        "label": "lemma-colim-f-shriek-separated",
        "tag": "0F54",
        "url": "https://stacks.math.columbia.edu/tag/0F54",
        "source_filename": "more-etale.tex"
    },
    {
        "theorem": "Lemma 62.3.16.",
        "body": "  Let $f : X \\to Y$ be a morphism of schemes which is separated and locally of finite type. Then functor $f_!$ commutes with direct sums. ",
        "label": "lemma-f-shriek-separated-direct-sums",
        "tag": "0F56",
        "url": "https://stacks.math.columbia.edu/tag/0F56",
        "source_filename": "more-etale.tex"
    },
    {
        "theorem": "Lemma 62.3.17.",
        "body": "  Let $f : X \\to Y$ be a morphism of schemes which is separated and locally quasi-finite. Then \\begin{enumerate} \\item for $\\mathcal{F}$ in $\\textit{Ab}(X_{\\acute{e}tale})$ and a geometric point $\\overline{y} : \\mathop{\\mathrm{Spec}}(k) \\to Y$ we have $$ (f_!\\mathcal{F})_{\\overline{y}} = \\bigoplus\\nolimits_{f(\\overline{x}) = \\overline{y}} \\mathcal{F}_{\\overline{x}} $$ functorially in $\\mathcal{F}$, and \\item the functor $f_!$ is exact. \\end{enumerate} ",
        "label": "lemma-lqf-f-shriek-separated-colimits",
        "tag": "0F57",
        "url": "https://stacks.math.columbia.edu/tag/0F57",
        "source_filename": "more-etale.tex"
    },
    {
        "theorem": "Lemma 62.4.1.",
        "body": "  Let $f : X \\to Y$ be a separated and locally quasi-finite morphism of schemes. Functorially in $\\mathcal{F} \\in \\textit{Ab}(X_{\\acute{e}tale})$ there is a canonical isomorphism(!) $$ f_{p!}\\mathcal{F} \\longrightarrow f_!\\mathcal{F} $$ of abelian presheaves which identifies the sheaf $f_!\\mathcal{F}$ of Definition \\ref{definition-f-shriek-separated} with the presheaf $f_{p!}\\mathcal{F}$ constructed above. ",
        "label": "lemma-finite-support-f-shriek-separated",
        "tag": "0F6N",
        "url": "https://stacks.math.columbia.edu/tag/0F6N",
        "source_filename": "more-etale.tex"
    },
    {
        "theorem": "Lemma 62.4.2.",
        "body": "  Let $f : X \\to Y$ be a morphism of schemes which is locally quasi-finite. Let $\\overline{y} : \\mathop{\\mathrm{Spec}}(k) \\to Y$ be a geometric point. Functorially in $\\mathcal{F}$ in $\\textit{Ab}(X_{\\acute{e}tale})$ we have $$ (f_{p!}\\mathcal{F})_{\\overline{y}} = \\bigoplus\\nolimits_{f(\\overline{x}) = \\overline{y}} \\mathcal{F}_{\\overline{x}} $$ ",
        "label": "lemma-finite-support-stalk",
        "tag": "0F6P",
        "url": "https://stacks.math.columbia.edu/tag/0F6P",
        "source_filename": "more-etale.tex"
    },
    {
        "theorem": "Lemma 62.4.3.",
        "body": "  Let $f = j : U \\to X$ be an \\'etale morphism of schemes. Denote $j_{p!}$ the construction of \\'Etale Cohomology, Equation (\\ref{etale-cohomology-equation-j-p-shriek}) and denote $f_{p!}$ the construction above. Functorially in $\\mathcal{F} \\in \\textit{Ab}(X_{\\acute{e}tale})$ there is a canonical map $$ j_{p!}\\mathcal{F} \\longrightarrow f_{p!}\\mathcal{F} $$ of abelian presheaves which identifies the sheaf $j_!\\mathcal{F} = (j_{p!}\\mathcal{F})^\\#$ of \\'Etale Cohomology, Definition \\ref{etale-cohomology-definition-extension-zero} with $(f_{p!}\\mathcal{F})^\\#$. ",
        "label": "lemma-finite-support-etale-shriek",
        "tag": "0F6Q",
        "url": "https://stacks.math.columbia.edu/tag/0F6Q",
        "source_filename": "more-etale.tex"
    },
    {
        "theorem": "Definition 62.4.4.",
        "body": "  Let $f : X \\to Y$ be a locally quasi-finite morphism of schemes. We define the {\\it direct image with compact support} to be the functor $$ f_! : \\textit{Ab}(X_{\\acute{e}tale}) \\longrightarrow \\textit{Ab}(Y_{\\acute{e}tale}) $$ defined by the formula $f_!\\mathcal{F} = (f_{p!}\\mathcal{F})^\\#$, i.e., $f_!\\mathcal{F}$ is the sheafification of the presheaf $f_{p!}\\mathcal{F}$ constructed above. ",
        "label": "definition-f-shriek-lqf",
        "tag": "0F6R",
        "url": "https://stacks.math.columbia.edu/tag/0F6R",
        "source_filename": "more-etale.tex"
    },
    {
        "theorem": "Lemma 62.4.5.",
        "body": "  Let $f : X \\to Y$ be a locally quasi-finite morphism of schemes. Then \\begin{enumerate} \\item for $\\mathcal{F}$ in $\\textit{Ab}(X_{\\acute{e}tale})$ and a geometric point $\\overline{y} : \\mathop{\\mathrm{Spec}}(k) \\to Y$ we have $$ (f_!\\mathcal{F})_{\\overline{y}} = \\bigoplus\\nolimits_{f(\\overline{x}) = \\overline{y}} \\mathcal{F}_{\\overline{x}} $$ functorially in $\\mathcal{F}$, and \\item the functor $f_! : \\textit{Ab}(X_{\\acute{e}tale}) \\to \\textit{Ab}(Y_{\\acute{e}tale})$ is exact and commutes with direct sums. \\end{enumerate} ",
        "label": "lemma-lqf-f-shriek-stalk",
        "tag": "0F5F",
        "url": "https://stacks.math.columbia.edu/tag/0F5F",
        "source_filename": "more-etale.tex"
    },
    {
        "theorem": "Remark 62.4.6.",
        "body": "[Covariance with respect to open embeddings]  Let $f : X \\to Y$ be locally quasi-finite morphism of schemes. Let $\\mathcal{F}$ be an abelian sheaf on $X_{\\acute{e}tale}$. Let $X' \\subset X$ be an open subscheme and denote $f' : X' \\to Y$ the restriction of $f$. We claim there is a canonical map $$ f'_!(\\mathcal{F}|_{X'}) \\longrightarrow f_!\\mathcal{F} $$ Namely, this map will be the sheafification of a canonical map $$ f'_{p!}(\\mathcal{F}|_{X'}) \\to f_{p!}\\mathcal{F} $$ constructed as follows. Let $V \\in Y_{\\acute{e}tale}$ and consider a section $s' = \\sum_{i = 1, \\ldots, n} (Z'_i, s'_i)$ as in (\\ref{equation-formal-sum}) defining an element of $f'_{p!}(\\mathcal{F}|_{X'})(V)$. Then $Z'_i \\subset X'_V$ may also be viewed as a locally closed subscheme of $X_V$ and we have $H_{Z'_i}(\\mathcal{F}|_{X'}) = H_{Z'_i}(\\mathcal{F})$. We will map $s'$ to the exact same sum $s = \\sum_{i = 1, \\ldots, n} (Z'_i, s'_i)$ but now viewed as an element of $f_{p!}\\mathcal{F}(V)$. We omit the verification that this construction is compatible with restriction mappings and functorial in $\\mathcal{F}$. This construction has the following properties: \\begin{enumerate} \\item The maps $f'_{p!}\\mathcal{F}' \\to f_{p!}\\mathcal{F}$ and $f'_!\\mathcal{F}' \\to f_!\\mathcal{F}$ are compatible with the description of stalks given in Lemmas \\ref{lemma-finite-support-stalk} and \\ref{lemma-lqf-f-shriek-stalk}. \\item If $f$ is separated, then the map $f'_{p!}\\mathcal{F}' \\to f_{p!}\\mathcal{F}$ is the same as the map constructed in Remark \\ref{remark-covariance-f-shriek-separated} via the isomorphism in Lemma \\ref{lemma-finite-support-f-shriek-separated}. \\item If $X'' \\subset X'$ is another open, then the composition of $f''_{p!}(\\mathcal{F}|_{X''}) \\to f'_{p!}(\\mathcal{F}|_{X'}) \\to f_{p!}\\mathcal{F}$ is the map $f''_{p!}(\\mathcal{F}|_{X''}) \\to f_{p!}\\mathcal{F}$ for the inclusion $X'' \\subset X$. Sheafifying we conclude the same holds true for $f''_!(\\mathcal{F}|_{X''}) \\to f'_!(\\mathcal{F}|_{X'}) \\to f_!\\mathcal{F}$. \\item The map $f'_!\\mathcal{F}' \\to f_!\\mathcal{F}$ is injective because we can check this on stalks. \\end{enumerate} All of these statements are easily proven by representing elements as finite sums as above and considering what happens to these elements. ",
        "label": "remark-covariance-lqf-f-shriek",
        "tag": "0F6S",
        "url": "https://stacks.math.columbia.edu/tag/0F6S",
        "source_filename": "more-etale.tex"
    },
    {
        "theorem": "Lemma 62.4.7.",
        "body": "  Let $f : X \\to Y$ be a locally quasi-finite morphism of schemes. Let $X = \\bigcup_{i \\in I} X_i$ be an open covering. Then there exists an exact complex $$ \\ldots \\to \\bigoplus\\nolimits_{i_0, i_1, i_2} f_{i_0i_1i_2, !} \\mathcal{F}|_{X_{i_0i_1i_2}} \\to \\bigoplus\\nolimits_{i_0, i_1} f_{i_0i_1, !} \\mathcal{F}|_{X_{i_0i_1}} \\to \\bigoplus\\nolimits_{i_0} f_{i_0, !} \\mathcal{F}|_{X_{i_0}} \\to f_!\\mathcal{F} \\to 0 $$ functorial in $\\mathcal{F} \\in \\textit{Ab}(X_{\\acute{e}tale})$, see proof for details. ",
        "label": "lemma-lqf-colimit-f-shriek",
        "tag": "0F5H",
        "url": "https://stacks.math.columbia.edu/tag/0F5H",
        "source_filename": "more-etale.tex"
    },
    {
        "theorem": "Remark 62.4.8.",
        "body": "[Alternative construction]  Lemma \\ref{lemma-lqf-colimit-f-shriek} gives an alternative construction of the functor $f_!$ for locally quasi-finite morphisms $f$. Namely, given a locally quasi-finite morphism $f : X \\to Y$ of schemes we can choose an open covering $X = \\bigcup_{i \\in I} X_i$ such that each $f_i : X_i \\to Y$ is separated. For example choose an affine open covering of $X$. Then we can define $f_!\\mathcal{F}$ as the cokernel of the penultimate map of the complex of the lemma, i.e., $$ f_!\\mathcal{F} = \\mathop{\\mathrm{Coker}}\\left( \\bigoplus\\nolimits_{i_0, i_1} f_{i_0i_1, !} \\mathcal{F}|_{X_{i_0i_1}} \\to \\bigoplus\\nolimits_{i_0} f_{i_0, !} \\mathcal{F}|_{X_{i_0}} \\right) $$ where we can use the construction of $f_{i_0, !}$ and $f_{i_0i_1, !}$ in Section \\ref{section-compact-support} because the morphisms $f_{i_0}$ and $f_{i_0 i_1}$ are separated. One can then compute the stalks of $f_!$ (using the separated case, namely Lemma \\ref{lemma-lqf-f-shriek-separated-colimits}) and obtain the result of Lemma \\ref{lemma-lqf-f-shriek-stalk}. Having done so all the other results of this section can be deduced from this as well. ",
        "label": "remark-alternative-lqf-f-shriek",
        "tag": "0F5I",
        "url": "https://stacks.math.columbia.edu/tag/0F5I",
        "source_filename": "more-etale.tex"
    },
    {
        "theorem": "Remark 62.4.9.",
        "body": "  Let $g : Y' \\to Y$ be a morphism of schemes. For an abelian presheaf $\\mathcal{G}'$ on $Y'_{\\acute{e}tale}$ let us denote $g_*\\mathcal{G}'$ the presheaf $V \\mapsto \\mathcal{G}'(Y' \\times_Y V)$. If $\\alpha : \\mathcal{G} \\to g_*\\mathcal{G}'$ is a map of abelian presheaves on $Y_{\\acute{e}tale}$, then there is a unique map $\\alpha^\\# : \\mathcal{G}^\\# \\to g_*((\\mathcal{G}')^\\#)$ of abelian sheaves on $Y_{\\acute{e}tale}$ such that the diagram $$ \\xymatrix{ \\mathcal{G} \\ar[d] \\ar[r]_\\alpha & g_*\\mathcal{G}' \\ar[d] \\\\ \\mathcal{G}^\\# \\ar[r]^-{\\alpha^\\#} & g_*((\\mathcal{G}')^\\#) } $$ is commutative where the vertical maps come from the canonical maps $\\mathcal{G} \\to \\mathcal{G}^\\#$ and $\\mathcal{G}' \\to (\\mathcal{G}')^\\#$. If $\\alpha' : g^{-1}\\mathcal{G}^\\# \\to (\\mathcal{G}')^\\#$ is the map adjoint to $\\alpha^\\#$, then for a geometric point $\\overline{y}' : \\mathop{\\mathrm{Spec}}(k) \\to Y'$ with image $\\overline{y} = g \\circ \\overline{y}'$ in $Y$, the map $$ \\alpha'_{\\overline{y}'} : \\mathcal{G}_{\\overline{y}} = (\\mathcal{G}^\\#)_{\\overline{y}} = (g^{-1}\\mathcal{G}^\\#)_{\\overline{y}'} \\longrightarrow (\\mathcal{G}')^\\#_{\\overline{y}'} = \\mathcal{G}'_{\\overline{y}'} $$ is given by mapping the class in the stalk of a section $s$ of $\\mathcal{G}$ over an \\'etale neighbourhood $(V, \\overline{v})$ to the class of the section $\\alpha(s)$ in $g_*\\mathcal{G}'(V) = \\mathcal{G}'(Y' \\times_Y V)$ over the \\'etale neighbourhood $(Y' \\times_Y V, (\\overline{y}', \\overline{v}))$ in the stalk of $\\mathcal{G}'$ at $\\overline{y}'$. ",
        "label": "remark-construct-map-presheaves-downstairs",
        "tag": "0F78",
        "url": "https://stacks.math.columbia.edu/tag/0F78",
        "source_filename": "more-etale.tex"
    },
    {
        "theorem": "Lemma 62.4.10.",
        "body": "  Consider a cartesian square $$ \\xymatrix{ X' \\ar[r]_{g'} \\ar[d]_{f'} & X \\ar[d]^f \\\\ Y' \\ar[r]^g & Y } $$ of schemes with $f$ locally quasi-finite. There is an isomorphism $g^{-1}f_!\\mathcal{F} \\to f'_!(g')^{-1}\\mathcal{F}$ functorial for $\\mathcal{F}$ in $\\textit{Ab}(X_{\\acute{e}tale})$ which is compatible with the descriptions of stalks given in Lemma \\ref{lemma-lqf-f-shriek-stalk} (see proof for the precise statement). ",
        "label": "lemma-lqf-base-change-f-shriek",
        "tag": "0F5J",
        "url": "https://stacks.math.columbia.edu/tag/0F5J",
        "source_filename": "more-etale.tex"
    },
    {
        "theorem": "Lemma 62.4.11.",
        "body": "  Let $f' : X \\to Y'$ and $g : Y' \\to Y$ be composable morphisms of schemes with $f'$ and $f = g \\circ f'$ locally quasi-finite and $g$ separated and locally of finite type. Then there is a canonical isomorphism of functors $g_! \\circ f'_! = f_!$. This isomorphism is compatible with \\begin{enumerate} \\item[(a)] covariance with respect to open embeddings as in Remarks \\ref{remark-covariance-f-shriek-separated} and \\ref{remark-covariance-lqf-f-shriek}, \\item[(b)] the base change isomorphisms of Lemmas \\ref{lemma-lqf-base-change-f-shriek} and \\ref{lemma-base-change-f-shriek-separated}, and \\item[(c)] equal to the isomorphism of Lemma \\ref{lemma-f-shriek-composition} via the identifications of Lemma \\ref{lemma-finite-support-f-shriek-separated} in case $f'$ is separated. \\end{enumerate} ",
        "label": "lemma-lqf-separated-shriek-composition",
        "tag": "0F79",
        "url": "https://stacks.math.columbia.edu/tag/0F79",
        "source_filename": "more-etale.tex"
    },
    {
        "theorem": "Lemma 62.4.12.",
        "body": "  Let $f : X \\to Y$ and $g : Y \\to Z$ be composable locally quasi-finite morphisms of schemes. Then there is a canonical isomorphism of functors $$ (g \\circ f)_! \\longrightarrow g_! \\circ f_! $$ These isomorphisms satisfy the following properties: \\begin{enumerate} \\item If $f$ and $g$ are separated, then the isomorphism agrees with Lemma \\ref{lemma-f-shriek-composition}. \\item If $g$ is separated, then the isomorphism agrees with Lemma \\ref{lemma-lqf-separated-shriek-composition}. \\item For a geometric point $\\overline{z} : \\mathop{\\mathrm{Spec}}(k) \\to Z$ the diagram $$ \\xymatrix{ ((g \\circ f)_!\\mathcal{F})_{\\overline{z}} \\ar[d] \\ar[rr] & & \\bigoplus\\nolimits_{g(f(\\overline{x})) = \\overline{z}} \\mathcal{F}_{\\overline{x}} \\ar@{=}[d] \\\\ (g_!f_!\\mathcal{F})_{\\overline{z}} \\ar[r] & \\bigoplus\\nolimits_{g(\\overline{y}) = \\overline{z}} (f_!\\mathcal{F})_{\\overline{y}} \\ar[r] & \\bigoplus\\nolimits_{g(f(\\overline{x})) = \\overline{z}} \\mathcal{F}_{\\overline{x}} } $$ is commutative where the horizontal arrows are given by Lemma \\ref{lemma-lqf-f-shriek-stalk}. \\item Let $h : Z \\to T$ be a third locally quasi-finite morphism of schemes. Then the diagram $$ \\xymatrix{ (h \\circ g \\circ f)_! \\ar[r] \\ar[d] & (h \\circ g)_! \\circ f_! \\ar[d] \\\\ h_! \\circ (g \\circ f)_! \\ar[r] & h_! \\circ g_! \\circ f_! } $$ commutes. \\item Suppose that we have a diagram of schemes $$ \\xymatrix{ X' \\ar[d]_{f'} \\ar[r]_c & X \\ar[d]^f \\\\ Y' \\ar[d]_{g'} \\ar[r]_b & Y \\ar[d]^g \\\\ Z' \\ar[r]^a & Z } $$ with both squares cartesian and $f$ and $g$ locally quasi-finite. Then the diagram $$ \\xymatrix{ a^{-1} \\circ (g \\circ f)_! \\ar[d] \\ar[rr] & & (g' \\circ f')_! \\circ c^{-1} \\ar[d] \\\\ a^{-1} \\circ g_! \\circ f_! \\ar[r] & g'_! \\circ b^{-1} \\circ f_! \\ar[r] & g'_! \\circ f'_! \\circ c^{-1} } $$ commutes where the horizontal arrows are those of Lemma \\ref{lemma-lqf-base-change-f-shriek}. \\end{enumerate} ",
        "label": "lemma-lqf-shriek-composition",
        "tag": "0F6T",
        "url": "https://stacks.math.columbia.edu/tag/0F6T",
        "source_filename": "more-etale.tex"
    },
    {
        "theorem": "Lemma 62.5.1.",
        "body": "  Let $f : X \\to Y$ be a locally quasi-finite morphism of schemes. Let $\\Lambda$ be a ring. Let $\\mathcal{F}$ be a sheaf of $\\Lambda$-modules on $X_{\\acute{e}tale}$ and let $\\mathcal{G}$ be a sheaf of $\\Lambda$-modues on $Y_{\\acute{e}tale}$. There is a canonical isomorphism $$ can : f_!\\mathcal{F} \\otimes_\\Lambda \\mathcal{G} \\longrightarrow f_!(\\mathcal{F} \\otimes_\\Lambda f^{-1}\\mathcal{G}) $$ of sheaves of $\\Lambda$-modules on $Y_{\\acute{e}tale}$. ",
        "label": "lemma-f-shriek-projection",
        "tag": "0GKF",
        "url": "https://stacks.math.columbia.edu/tag/0GKF",
        "source_filename": "more-etale.tex"
    },
    {
        "theorem": "Lemma 62.5.2.",
        "body": "  Let $f : X \\to Y$ be a locally quasi-finite morphism of schemes. Let $w : X \\to \\mathbf{Z}$ be a weighting of $f$. For any abelian sheaf $\\mathcal{F}$ on $Y$ there exists a unique trace map $\\text{Tr}_{f, w, \\mathcal{F}} : f_!f^{-1}\\mathcal{F} \\to \\mathcal{F}$ having the prescribed behaviour on stalks. ",
        "label": "lemma-trace-map-exists",
        "tag": "0GKG",
        "url": "https://stacks.math.columbia.edu/tag/0GKG",
        "source_filename": "more-etale.tex"
    },
    {
        "theorem": "Lemma 62.5.3.",
        "body": "  Let $f : X \\to Y$ be a locally quasi-finite morphism of schemes. Let $w : X \\to \\mathbf{Z}$ be a weighting of $f$. The trace maps constructed above have the following properties: \\begin{enumerate} \\item $\\text{Tr}_{f, w, \\mathcal{F}}$ is functorial in $\\mathcal{F}$, \\item $\\text{Tr}_{f, w, \\mathcal{F}}$ is compatible with arbitrary base change, \\item given a ring $\\Lambda$ and $K$ in $D(Y_{\\acute{e}tale}, \\Lambda)$ we obtain $\\text{Tr}_{f, w, K} : f_!f^{-1}K \\to K$ functorial in $K$ and compatible with arbitrary base change. \\end{enumerate} ",
        "label": "lemma-properties-trace-map",
        "tag": "0GKH",
        "url": "https://stacks.math.columbia.edu/tag/0GKH",
        "source_filename": "more-etale.tex"
    },
    {
        "theorem": "Lemma 62.5.4.",
        "body": "  Let $f : X \\to Y$ and $g : Y \\to Z$ be locally quasi-finite morphisms. Let $w_f : X \\to \\mathbf{Z}$ be a weighting of $f$ and let $w_g : Y \\to \\mathbf{Z}$ be a weighting of $g$. For $K \\in D(Z_{\\acute{e}tale}, \\Lambda)$ the composition $$ (g \\circ f)_!(g \\circ f)^{-1}K = g_! f_! f^{-1} g^{-1}K \\xrightarrow{g_! \\text{Tr}_{f, w_f, g^{-1}K}} g_!g^{-1}K \\xrightarrow{\\text{Tr}_{g, w_g, K}} K $$ is equal to $\\text{Tr}_{g \\circ f, w_{g \\circ f}, K}$ where $w_{g \\circ f}(x) = w_f(x) w_g(f(x))$. ",
        "label": "lemma-trace-composition",
        "tag": "0GL3",
        "url": "https://stacks.math.columbia.edu/tag/0GL3",
        "source_filename": "more-etale.tex"
    },
    {
        "theorem": "Example 62.5.5.",
        "body": "[Trace for flat quasi-finite]  Let $f : X \\to Y$ be a morphism of schemes which is flat, locally quasi-finite, and locally of finite presentation. Then we obtain a canonical positive weighting $w : X \\to \\mathbf{Z}$ by setting $$ w(x) = \\text{length}_{\\mathcal{O}_{X, x}} (\\mathcal{O}_{X, x}/\\mathfrak m_{f(x)} \\mathcal{O}_{X, x}) [\\kappa(x) : \\kappa(f(x))]_i $$ See More on Morphisms, Lemma \\ref{more-morphisms-lemma-weighting-flat-quasi-finite}. Thus by Lemmas \\ref{lemma-trace-map-exists} and \\ref{lemma-properties-trace-map} for $f$ we obtain trace maps $$ \\text{Tr}_{f, K} : f_!f^{-1}K \\longrightarrow K $$ functorial for $K$ in $D(Y_{\\acute{e}tale}, \\Lambda)$ and compatible with arbitrary base change. Note that any base change $f' : X' \\to Y'$ of $f$ satisfies the same properties and that $w$ restricts to the canonical weighting for $f'$. ",
        "label": "example-trace-for-flat-quasi-finite",
        "tag": "0GKI",
        "url": "https://stacks.math.columbia.edu/tag/0GKI",
        "source_filename": "more-etale.tex"
    },
    {
        "theorem": "Remark 62.5.6.",
        "body": "  Let $j : U \\to X$ be an \\'etale morphism of schemes. Then the trace map $\\text{Tr} : j_!j^{-1}K \\to K$ of Example \\ref{example-trace-for-flat-quasi-finite} is equal to the counit for the adjunction between $j_!$ and $j^{-1}$. We already used the terminology ``trace'' for this counit in \\'Etale Cohomology, Section \\ref{etale-cohomology-section-trace-method}. ",
        "label": "remark-trace-etale-counit",
        "tag": "0GL4",
        "url": "https://stacks.math.columbia.edu/tag/0GL4",
        "source_filename": "more-etale.tex"
    },
    {
        "theorem": "Example 62.5.7.",
        "body": "[Trace for quasi-finite over normal]  Let $Y$ be a geometrically unibranch and locally Noetherian scheme, for example $Y$ could be a normal variety. Let $f : X \\to Y$ be a locally quasi-finite morphism of schemes. Then there exists a positive weighting $w : X \\to \\mathbf{Z}$ for $f$ which is roughly defined by sending $x$ to the ``generic separable degree'' of $\\mathcal{O}_{X, x}^{sh}$ over $\\mathcal{O}_{Y, f(x)}^{sh}$. See More on Morphisms, Lemma \\ref{more-morphisms-lemma-weighting-quasi-finite-Noetherian}. Thus by Lemmas \\ref{lemma-trace-map-exists} and \\ref{lemma-properties-trace-map} for $f$ and $w$ we obtain trace maps $$ \\text{Tr}_{f, w, K} : f_!f^{-1}K \\longrightarrow K $$ functorial for $K$ in $D(Y_{\\acute{e}tale}, \\Lambda)$ and compatible with arbitrary base change. However, in this case, given a base change $f' : X' \\to Y'$ of $f$ the restriction of $w$ to $X'$ in general does not have a ``natural'' interpretation in terms of the morphism $f'$. ",
        "label": "example-trace-for-quasi-finite-over-normal",
        "tag": "0GKJ",
        "url": "https://stacks.math.columbia.edu/tag/0GKJ",
        "source_filename": "more-etale.tex"
    },
    {
        "theorem": "Lemma 62.6.1.",
        "body": "  Let $f : X \\to Y$ be a locally quasi-finite morphism of schemes. \\begin{enumerate} \\item The functor $f_! : \\textit{Ab}(X_{\\acute{e}tale}) \\to \\textit{Ab}(Y_{\\acute{e}tale})$ has a right adjoint $f^! : \\textit{Ab}(Y_{\\acute{e}tale}) \\to \\textit{Ab}(X_{\\acute{e}tale})$. \\item We have $f^!(\\overline{y}_*A) = \\prod_{f(\\overline{x}) = \\overline{y}} \\overline{x}_*A$. \\item If $\\Lambda$ is a ring, then the functor $f_! : \\textit{Mod}(X_{\\acute{e}tale}, \\Lambda) \\to \\textit{Mod}(Y_{\\acute{e}tale}, \\Lambda)$ has a right adjoint $f^! : \\textit{Mod}(Y_{\\acute{e}tale}, \\Lambda) \\to \\textit{Mod}(X_{\\acute{e}tale}, \\Lambda)$ which agrees with $f^!$ on underlying abelian sheaves. \\end{enumerate} ",
        "label": "lemma-lqf-f-upper-shriek",
        "tag": "0F59",
        "url": "https://stacks.math.columbia.edu/tag/0F59",
        "source_filename": "more-etale.tex"
    },
    {
        "theorem": "Lemma 62.6.2.",
        "body": "  Let $j : U \\to X$ be an \\'etale morphism. Then $j^! = j^{-1}$. ",
        "label": "lemma-etale-upper-shriek",
        "tag": "0F5A",
        "url": "https://stacks.math.columbia.edu/tag/0F5A",
        "source_filename": "more-etale.tex"
    },
    {
        "theorem": "Lemma 62.6.3.",
        "body": "  Let $f : X \\to Y$ and $g : Y \\to Z$ be separated and locally quasi-finite morphisms. There is a canonical isomorphism $(g \\circ f)^! \\to f^! \\circ g^!$. Given a third locally quasi-finite morphism $h : Z \\to T$ the diagram $$ \\xymatrix{ (h \\circ g \\circ f)^! \\ar[r] \\ar[d] & f^! \\circ (h \\circ g)^! \\ar[d] \\\\ (g \\circ f)^! \\circ h^! \\ar[r] & f^! \\circ g^! \\circ h^! } $$ commutes. ",
        "label": "lemma-upper-shriek-restriction",
        "tag": "0F5B",
        "url": "https://stacks.math.columbia.edu/tag/0F5B",
        "source_filename": "more-etale.tex"
    },
    {
        "theorem": "Lemma 62.6.4.",
        "body": "  Let $j : U \\to X$ and $j' : V \\to U$ be \\'etale morphisms. The isomorphism $(j \\circ j')^{-1} = (j')^{-1} \\circ j^{-1}$ and the isomorphism $(j \\circ j')^! = (j')^! \\circ j^!$ of Lemma \\ref{lemma-upper-shriek-restriction} agree via the isomorphism of Lemma \\ref{lemma-etale-upper-shriek}. ",
        "label": "lemma-upper-shriek-restriction-etale",
        "tag": "0F5C",
        "url": "https://stacks.math.columbia.edu/tag/0F5C",
        "source_filename": "more-etale.tex"
    },
    {
        "theorem": "Lemma 62.6.5.",
        "body": "  Consider a cartesian square $$ \\xymatrix{ X' \\ar[r]_{g'} \\ar[d]_{f'} & X \\ar[d]^f \\\\ Y' \\ar[r]^g & Y } $$ of schemes with $f$ locally quasi-finite. For any abelian sheaf $\\mathcal{F}$ on $Y'_{\\acute{e}tale}$ we have $(g')_*(f')^!\\mathcal{F} = f^!g_*\\mathcal{F}$. ",
        "label": "lemma-lqf-base-change-upper-shriek",
        "tag": "0F6U",
        "url": "https://stacks.math.columbia.edu/tag/0F6U",
        "source_filename": "more-etale.tex"
    },
    {
        "theorem": "Remark 62.6.6.",
        "body": "  The material in this section can be generalized to sheaves of pointed sets. Namely, for a site $\\mathcal{C}$ denote $\\mathop{\\mathit{Sh}}\\nolimits^*(\\mathcal{C})$ the category of sheaves of pointed sets. The constructions in this and the preceding section apply, mutatis mutandis, to sheaves of pointed sets. Thus given a locally quasi-finite morphism $f : X \\to Y$ of schemes we obtain an adjoint pair of functors $$ f_! : \\mathop{\\mathit{Sh}}\\nolimits^*(X_{\\acute{e}tale}) \\longrightarrow \\mathop{\\mathit{Sh}}\\nolimits^*(Y_{\\acute{e}tale}) \\quad\\text{and}\\quad f^! : \\mathop{\\mathit{Sh}}\\nolimits^*(Y_{\\acute{e}tale}) \\longrightarrow \\mathop{\\mathit{Sh}}\\nolimits^*(X_{\\acute{e}tale}) $$ such that for every geometric point $\\overline{y}$ of $Y$ there are isomorphisms $$ (f_!\\mathcal{F})_{\\overline{y}} = \\coprod\\nolimits_{f(\\overline{x}) = \\overline{y}} \\mathcal{F}_{\\overline{x}} $$ (coproduct taken in the category of pointed sets) functorial in $\\mathcal{F} \\in \\mathop{\\mathit{Sh}}\\nolimits^*(X_{\\acute{e}tale})$ and isomorphisms $$ f^!(\\overline{y}_*S) = \\prod\\nolimits_{f(\\overline{x}) = \\overline{y}} \\overline{x}_*S $$ functorial in the pointed set $S$. If $F : \\textit{Ab}(X_{\\acute{e}tale}) \\to \\mathop{\\mathit{Sh}}\\nolimits^*(X_{\\acute{e}tale})$ and $F : \\textit{Ab}(Y_{\\acute{e}tale}) \\to \\mathop{\\mathit{Sh}}\\nolimits^*(Y_{\\acute{e}tale})$ denote the forgetful functors, compatibility between the constructions will guarantee the existence of canonical maps $$ f_!F(\\mathcal{F}) \\longrightarrow F(f_!\\mathcal{F}) $$ functorial in $\\mathcal{F} \\in \\textit{Ab}(X_{\\acute{e}tale})$ and $$ F(f^!\\mathcal{G}) \\longrightarrow f^!F(\\mathcal{G}) $$ functorial in $\\mathcal{G} \\in \\textit{Ab}(Y_{\\acute{e}tale})$ which produce the obvious maps on stalks, resp.\\ skyscraper sheaves. In fact, the transformation $F \\circ f^! \\to f^! \\circ F$ is an isomorphism (because $f^!$ commutes with products). ",
        "label": "remark-pointed-sets",
        "tag": "0F5L",
        "url": "https://stacks.math.columbia.edu/tag/0F5L",
        "source_filename": "more-etale.tex"
    },
    {
        "theorem": "Lemma 62.7.1.",
        "body": "  Let $f : X \\to Y$ be a locally quasi-finite morphism of schemes. Let $\\Lambda$ be a ring. The functors $f_!$ and $f^!$ of Definition \\ref{definition-f-shriek-lqf} and Lemma \\ref{lemma-lqf-f-upper-shriek} induce adjoint functors $f_! : D(X_{\\acute{e}tale}, \\Lambda) \\to D(Y_{\\acute{e}tale}, \\Lambda)$ and $Rf^! : D(Y_{\\acute{e}tale}, \\Lambda) \\to D(X_{\\acute{e}tale}, \\Lambda)$ on derived categories. ",
        "label": "lemma-lqf-shriek-derived",
        "tag": "0F5N",
        "url": "https://stacks.math.columbia.edu/tag/0F5N",
        "source_filename": "more-etale.tex"
    },
    {
        "theorem": "Remark 62.7.2.",
        "body": "  Let $f : X \\to Y$ be a locally quasi-finite morphism of schemes. Let $\\Lambda$ be a ring. The functor $f_! : D(X_{\\acute{e}tale}, \\Lambda) \\to D(Y_{\\acute{e}tale}, \\Lambda)$ of Lemma \\ref{lemma-lqf-shriek-derived} sends complexes with torsion cohomology sheaves to complexes with torsion cohomology sheaves. This is immediate from the description of the stalks of $f_!$, see Lemma \\ref{lemma-lqf-f-shriek-stalk}. ",
        "label": "remark-lqf-shriek-derived-torsion",
        "tag": "0GJX",
        "url": "https://stacks.math.columbia.edu/tag/0GJX",
        "source_filename": "more-etale.tex"
    },
    {
        "theorem": "Lemma 62.7.3.",
        "body": "  Let $X$ be a scheme. Let $X = U \\cup V$ with $U$ and $V$ open. Let $\\Lambda$ be a ring. Let $K \\in D(X_{\\acute{e}tale}, \\Lambda)$. There is a distinguished triangle $$ j_{U \\cap V!}K|_{U \\cap V} \\to j_{U!}K|_U \\oplus j_{V!}K|_V \\to K \\to j_{U \\cap V!}K|_{U \\cap V}[1] $$ in $D(X_{\\acute{e}tale}, \\Lambda)$ with obvious notation. ",
        "label": "lemma-mayer-vietoris-shriek",
        "tag": "0GKK",
        "url": "https://stacks.math.columbia.edu/tag/0GKK",
        "source_filename": "more-etale.tex"
    },
    {
        "theorem": "Lemma 62.7.4.",
        "body": "  Let $X$ be a scheme. Let $Z \\subset X$ be a closed subscheme and let $U \\subset X$ be the complement. Denote $i : Z \\to X$ and $j : U \\to X$ the inclusion morphisms. Let $\\Lambda$ be a ring. Let $K \\in D(X_{\\acute{e}tale}, \\Lambda)$. There is a distinguished triangle $$ j_!j^{-1}K \\to K \\to i_*i^{-1}K \\to j_!j^{-1}K[1] $$ in $D(X_{\\acute{e}tale}, \\Lambda)$. ",
        "label": "lemma-triangle-associated-to-open",
        "tag": "0GKL",
        "url": "https://stacks.math.columbia.edu/tag/0GKL",
        "source_filename": "more-etale.tex"
    },
    {
        "theorem": "Lemma 62.8.1.",
        "body": "  Consider a commutative diagram of schemes $$ \\xymatrix{ X' \\ar[r]_{g'} \\ar[d]_{f'} & X \\ar[d]^f \\\\ Y' \\ar[r]^g & Y } $$ with $f$ and $f'$ proper and $g$ and $g'$ separated and locally quasi-finite. Let $\\Lambda$ be a ring. Functorially in $K \\in D(X'_{\\acute{e}tale}, \\Lambda)$ there is a canonical map $$ g_!Rf'_*K \\longrightarrow Rf_*(g'_!K) $$ in $D(Y_{\\acute{e}tale}, \\Lambda)$. This map is an isomorphism if (a) $K$ is bounded below and has torsion cohomology sheaves, or (b) $\\Lambda$ is a torsion ring. ",
        "label": "lemma-shriek-proper-and-open",
        "tag": "0F7B",
        "url": "https://stacks.math.columbia.edu/tag/0F7B",
        "source_filename": "more-etale.tex"
    },
    {
        "theorem": "Lemma 62.8.2.",
        "body": "  Consider a commutative diagram of schemes $$ \\xymatrix{ X' \\ar[r]_k \\ar[d]_{f'} & X \\ar[d]^f \\\\ Y' \\ar[r]_l \\ar[d]_{g'} & Y \\ar[d]^g \\\\ Z' \\ar[r]^m & Z } $$ with $f$, $f'$, $g$ and $g'$ proper and $k$, $l$, and $m$ separated and locally quasi-finite. Then the isomorphisms of Lemma \\ref{lemma-shriek-proper-and-open} for the two squares compose to give the isomorphism for the outer rectangle (see proof for a precise statement). ",
        "label": "lemma-shriek-proper-and-open-compose",
        "tag": "0F7C",
        "url": "https://stacks.math.columbia.edu/tag/0F7C",
        "source_filename": "more-etale.tex"
    },
    {
        "theorem": "Lemma 62.8.3.",
        "body": "  Consider a commutative diagram of schemes $$ \\xymatrix{ X'' \\ar[r]_{g'} \\ar[d]_{f''} & X' \\ar[r]_g \\ar[d]_{f'} & X \\ar[d]^f \\\\ Y'' \\ar[r]^{h'} & Y' \\ar[r]^h & Y } $$ with $f$, $f'$, and $f''$ proper and $g$, $g'$, $h$, and $h'$ separated and locally quasi-finite. Then the isomorphisms of Lemma \\ref{lemma-shriek-proper-and-open} for the two squares compose to give the isomorphism for the outer rectangle (see proof for a precise statement). ",
        "label": "lemma-shriek-proper-and-open-compose-horizontal",
        "tag": "0F7D",
        "url": "https://stacks.math.columbia.edu/tag/0F7D",
        "source_filename": "more-etale.tex"
    },
    {
        "theorem": "Remark 62.8.4.",
        "body": "  Consider a commutative diagram $$ \\xymatrix{ X'' \\ar[r]_{k'} \\ar[d]_{f''} & X' \\ar[r]_k \\ar[d]_{f'} & X \\ar[d]^f \\\\ Y'' \\ar[r]^{l'} \\ar[d]_{g''} & Y' \\ar[r]^l \\ar[d]_{g'} & Y \\ar[d]^g \\\\ Z'' \\ar[r]^{m'} & Z' \\ar[r]^m & Z } $$ of schemes whose vertical arrows are proper and whose horizontal arrows are separated and locally quasi-finite. Let us label the squares of the diagram $A$, $B$, $C$, $D$ as follows $$ \\begin{matrix} A & B \\\\ C & D \\end{matrix} $$ Then the maps of Lemma \\ref{lemma-shriek-proper-and-open} for the squares are (where we use $Rf_* = f_*$, etc) $$ \\begin{matrix} \\gamma_A : l'_! \\circ f''_* \\to f'_* \\circ k'_! & \\gamma_B : l_! \\circ f'_* \\to f_* \\circ k_! \\\\ \\gamma_C : m'_! \\circ g''_* \\to g'_* \\circ l'_! & \\gamma_D : m_! \\circ g'_* \\to g_* \\circ l_! \\end{matrix} $$ For the $2 \\times 1$ and $1 \\times 2$ rectangles we have four further maps $$ \\begin{matrix} \\gamma_{A + B} : (l \\circ l')_! \\circ f''_* \\to f_* \\circ (k \\circ k')_*  \\\\ \\gamma_{C + D} : (m \\circ m')_! \\circ g''_* \\to g_* \\circ (l \\circ l')_! \\\\ \\gamma_{A + C} : m'_! \\circ (g'' \\circ f'')_* \\to (g' \\circ f')_* \\circ k'_! \\\\ \\gamma_{B + D} : m_! \\circ (g' \\circ f')_* \\to (g \\circ f)_* \\circ k_! \\end{matrix} $$ By Lemma \\ref{lemma-shriek-proper-and-open-compose-horizontal} we have $$ \\gamma_{A + B} = \\gamma_B \\circ \\gamma_A, \\quad \\gamma_{C + D} = \\gamma_D \\circ \\gamma_C $$ and by Lemma \\ref{lemma-shriek-proper-and-open-compose} we have $$ \\gamma_{A + C} = \\gamma_A \\circ \\gamma_C, \\quad \\gamma_{B + D} = \\gamma_B \\circ \\gamma_D $$ Here it would be more correct to write $\\gamma_{A + B} = (\\gamma_B \\star \\text{id}_{k'_!}) \\circ (\\text{id}_{l_!} \\star \\gamma_A)$ with notation as in Categories, Section \\ref{categories-section-formal-cat-cat} and similarly for the others. Having said all of this we find (a priori) two transformations $$ m_! \\circ m'_! \\circ g''_* \\circ f''_* \\longrightarrow g_* \\circ f_* \\circ k_! \\circ k'_! $$ namely $$ \\gamma_B \\circ \\gamma_D \\circ \\gamma_A \\circ \\gamma_C = \\gamma_{B + D} \\circ \\gamma_{A + C} $$ and $$ \\gamma_B \\circ \\gamma_A \\circ \\gamma_D \\circ \\gamma_C = \\gamma_{A + B} \\circ \\gamma_{C + D} $$ The point of this remark is to point out that these transformations are equal. Namely, to see this it suffices to show that $$ \\xymatrix{ m_! \\circ g'_* \\circ l'_! \\circ f''_* \\ar[r]_{\\gamma_D} \\ar[d]_{\\gamma_A} & g_* \\circ l_! \\circ l'_! \\circ f''_* \\ar[d]^{\\gamma_A} \\\\ m_! \\circ g'_* \\circ f'_* \\circ k'_! \\ar[r]^{\\gamma_D} & g_* \\circ l_! \\circ f'_* \\circ k'_! } $$ commutes. This is true because the squares $A$ and $D$ meet in only one point, more precisely by Categories, Lemma \\ref{categories-lemma-properties-2-cat-cats} or more simply the discussion preceding Categories, Definition \\ref{categories-definition-horizontal-composition}. ",
        "label": "remark-going-around",
        "tag": "0F7E",
        "url": "https://stacks.math.columbia.edu/tag/0F7E",
        "source_filename": "more-etale.tex"
    },
    {
        "theorem": "Lemma 62.8.5.",
        "body": "  Let $b : Y_1 \\to Y$ be a morphism of schemes. Consider a commutative diagram of schemes $$ \\vcenter{ \\xymatrix{ X' \\ar[r]_{g'} \\ar[d]_{f'} & X \\ar[d]^f \\\\ Y' \\ar[r]^g & Y } } \\quad\\text{and let}\\quad \\vcenter{ \\xymatrix{ X'_1 \\ar[r]_{g'_1} \\ar[d]_{f'_1} & X_1 \\ar[d]^{f_1} \\\\ Y'_1 \\ar[r]^{g_1} & Y_1 } } $$ be the base change by $b$. Assume $f$ and $f'$ proper and $g$ and $g'$ separated and locally quasi-finite. For a ring $\\Lambda$ and $K$ in $D(X'_{\\acute{e}tale}, \\Lambda)$ there is commutative diagram $$ \\xymatrix{ b^{-1}g_!Rf'_*K \\ar[d] \\ar[r] & g_{1, !}(b')^{-1}Rf'_*K \\ar[r] & g_{1, !}Rf'_{1, *}(a')^{-1}K \\ar[d] \\\\ b^{-1}Rf_*g'_!K \\ar[r] & Rf_{1, *}a^{-1}g'_!K \\ar[r] & Rf_{1, *}g'_{1, !}(a')^{-1}K } $$ in $D(Y_{1, {\\acute{e}tale}}, \\Lambda)$ where $a : X_1 \\to X$, $a' : X'_1 \\to X'$, $b' : Y'_1 \\to Y'$ are the projections, the vertical maps are the arrows of Lemma \\ref{lemma-shriek-proper-and-open} and the horizontal arrows are the base change map (from \\'Etale Cohomology, Section \\ref{etale-cohomology-section-base-change-preliminaries}) and the base change map of Lemma \\ref{lemma-base-change-f-shriek-separated}. ",
        "label": "lemma-shriek-proper-and-open-base-change",
        "tag": "0F7F",
        "url": "https://stacks.math.columbia.edu/tag/0F7F",
        "source_filename": "more-etale.tex"
    },
    {
        "theorem": "Lemma 62.8.6.",
        "body": "  Consider a commutative diagram of schemes $$ \\xymatrix{ X \\ar[r]_f \\ar[rd]_g & Y \\ar[d]^h \\\\ & Z } $$ with $f$ and $g$ locally quasi-finite and $h$ proper. Let $\\Lambda$ be a ring. Funtorially in $K \\in D(X_{\\acute{e}tale}, \\Lambda)$ there is a canonical map $$ g_!K \\longrightarrow Rh_*(f_!K) $$ in $D(Z_{\\acute{e}tale}, \\Lambda)$. This map is an isomorphism if (a) $K$ is bounded below and has torsion cohomology sheaves, or (b) $\\Lambda$ is a torsion ring. ",
        "label": "lemma-shriek-lqf-and-proper",
        "tag": "0F7G",
        "url": "https://stacks.math.columbia.edu/tag/0F7G",
        "source_filename": "more-etale.tex"
    },
    {
        "theorem": "Lemma 62.9.1.",
        "body": "  Let $f : X \\to Y$ be a finite type separated morphism of quasi-compact and quasi-separated schemes. The functors $Rf_!$ constructed above are, up to canonical isomorphism, independent of the choice of the compactification. ",
        "label": "lemma-shriek-well-defined",
        "tag": "0F7I",
        "url": "https://stacks.math.columbia.edu/tag/0F7I",
        "source_filename": "more-etale.tex"
    },
    {
        "theorem": "Lemma 62.9.2.",
        "body": "  Let $f : X \\to Y$ and $g : Y \\to Z$ be separated morphisms of finite type of quasi-compact and quasi-separated schemes. Then there is a canonical isomorphism $Rg_! \\circ Rf_! \\to R(g \\circ f)_!$. ",
        "label": "lemma-shriek-composition",
        "tag": "0F7J",
        "url": "https://stacks.math.columbia.edu/tag/0F7J",
        "source_filename": "more-etale.tex"
    },
    {
        "theorem": "Lemma 62.9.3.",
        "body": "  Let $f : X \\to Y$, $g : Y \\to Z$, $h : Z \\to T$ be separated morphisms of finite type of quasi-compact and quasi-separated schemes. Then the diagram $$ \\xymatrix{ Rh_! \\circ Rg_! \\circ Rf_! \\ar[r]_{\\gamma_C} \\ar[d]^{\\gamma_A} & R(h \\circ g)_! \\circ Rf_! \\ar[d]_{\\gamma_{A + B}} \\\\ Rh_! \\circ R(g \\circ f)_! \\ar[r]^{\\gamma_{B + C}} & R(h \\circ g \\circ f)_! } $$ of isomorphisms of Lemma \\ref{lemma-shriek-composition} commutes (for the meaning of the $\\gamma$'s see proof). ",
        "label": "lemma-pseudo-functor",
        "tag": "0F7K",
        "url": "https://stacks.math.columbia.edu/tag/0F7K",
        "source_filename": "more-etale.tex"
    },
    {
        "theorem": "Lemma 62.9.4.",
        "body": "  Consider a cartesian square $$ \\xymatrix{ X' \\ar[r]_{g'} \\ar[d]_{f'} & X \\ar[d]^f \\\\ Y' \\ar[r]^g & Y } $$ of quasi-compact and quasi-separated schemes with $f$ separated and of finite type. Then there is a canonical isomorphism $$ g^{-1} \\circ Rf_! \\to Rf'_! \\circ (g')^{-1} $$ Moreover, these isomorphisms are compatible with the isomorphisms of Lemma \\ref{lemma-shriek-composition}. ",
        "label": "lemma-base-change-shriek",
        "tag": "0F7L",
        "url": "https://stacks.math.columbia.edu/tag/0F7L",
        "source_filename": "more-etale.tex"
    },
    {
        "theorem": "Remark 62.9.5.",
        "body": "  Let $f : X \\to Y$ be a finite type separated morphism of schemes with $Y$ quasi-compact and quasi-separated. Below we will construct a map $$ Rf_!K \\longrightarrow Rf_*K $$ functorial for $K$ in $D^+_{tors}(X_{\\acute{e}tale}, \\Lambda)$ or $D(X_{\\acute{e}tale}, \\Lambda)$ if $\\Lambda$ is torsion. This transformation of functors in both cases is compatible with \\begin{enumerate} \\item the isomorphism $Rg_! \\circ Rf_! \\to R(g \\circ f)_!$ of Lemma \\ref{lemma-shriek-composition} and the isomorphism $Rg_* \\circ Rf_* \\to R(g \\circ f)_*$ of Cohomology on Sites, Lemma \\ref{sites-cohomology-lemma-derived-pushforward-composition} and \\item the isomorphism $g^{-1} \\circ Rf_! \\to Rf'_! \\circ (g')^{-1}$ of Lemma \\ref{lemma-base-change-shriek} and the base change map of Cohomology on Sites, Remark \\ref{sites-cohomology-remark-base-change}. \\end{enumerate} Namely, choose a compactification $j : X \\to \\overline{X}$ over $Y$ and denote $\\overline{f} : \\overline{X} \\to Y$ the structure morphism. Since $Rf_! = R\\overline{f}_* \\circ j_!$ and $Rf_* = R\\overline{f}_* \\circ Rj_*$ it suffices to construct a transformation of functors $j_! \\to Rj_*$. For this we use the canonical transformation $j_! \\to j_*$ of \\'Etale Cohomology, Lemma \\ref{etale-cohomology-lemma-shriek-into-star-separated-etale}. We omit the proof that the resulting transformation is independent of the choice of compactification and we omit the proof of the compatibilities (1) and (2). ",
        "label": "remark-shriek-to-star",
        "tag": "0H6X",
        "url": "https://stacks.math.columbia.edu/tag/0H6X",
        "source_filename": "more-etale.tex"
    },
    {
        "theorem": "Lemma 62.10.1.",
        "body": "  Let $f : X \\to Y$ be a finite type separated morphism of quasi-compact and quasi-separated schemes. Let $\\Lambda$ be a ring. \\begin{enumerate} \\item Let $K_i \\in D^+_{tors}(X_{\\acute{e}tale}, \\Lambda)$, $i \\in I$ be a family of objects. Assume given $a \\in \\mathbf{Z}$ such that $H^n(K_i) = 0$ for $n < a$ and $i \\in I$. Then $Rf_!(\\bigoplus_i K_i) = \\bigoplus_i Rf_!K_i$. \\item If $\\Lambda$ is torsion, then the functor $Rf_! : D(X_{\\acute{e}tale}, \\Lambda) \\to D(Y_{\\acute{e}tale}, \\Lambda)$ commutes with direct sums. \\end{enumerate} ",
        "label": "lemma-derived-lower-shriek-commute-direct-sums",
        "tag": "0G29",
        "url": "https://stacks.math.columbia.edu/tag/0G29",
        "source_filename": "more-etale.tex"
    },
    {
        "theorem": "Lemma 62.10.2.",
        "body": "  Let $f : X \\to Y$ be a finite type separated morphism of quasi-compact and quasi-separated schemes. Let $\\Lambda$ be a ring. The functors $Rf_!$ constructed in Section \\ref{section-derived-lower-shriek-compactification} are bounded in the following sense: There exists an integer $N$ such that for $E \\in D^+_{tors}(X_{\\acute{e}tale}, \\Lambda)$ or $E \\in D(X_{\\acute{e}tale}, \\Lambda)$ if $\\Lambda$ is torsion, we have \\begin{enumerate} \\item $H^i(Rf_!(\\tau_{\\leq a}E) \\to H^i(Rf_!(E))$ is an isomorphism for $i \\leq a$, \\item $H^i(Rf_!(E)) \\to H^i(Rf_!(\\tau_{\\geq b - N}E))$ is an isomorphism for $i \\geq b$, \\item if $H^i(E) = 0$ for $i \\not \\in [a, b]$ for some $-\\infty \\leq a \\leq b \\leq \\infty$, then $H^i(Rf_!(E)) = 0$ for $i \\not \\in [a, b + N]$. \\end{enumerate} ",
        "label": "lemma-derived-lower-shriek-bounded",
        "tag": "0G2A",
        "url": "https://stacks.math.columbia.edu/tag/0G2A",
        "source_filename": "more-etale.tex"
    },
    {
        "theorem": "Lemma 62.10.3.",
        "body": "  Let $f : X \\to Y$ be a quasi-finite separated morphism of quasi-compact and quasi-separated schemes. Then the functors $Rf_!$ constructed in Section \\ref{section-derived-lower-shriek-compactification} agree with the restriction of the functor $f_! : D(X_{\\acute{e}tale}, \\Lambda) \\to D(Y_{\\acute{e}tale}, \\Lambda)$ constructed in Section \\ref{section-derived-duality-locally-quasi-finite} to their common domains of definition. ",
        "label": "lemma-Rf-shriek-for-quasi-finite",
        "tag": "0GKM",
        "url": "https://stacks.math.columbia.edu/tag/0GKM",
        "source_filename": "more-etale.tex"
    },
    {
        "theorem": "Lemma 62.10.4.",
        "body": "  Let $f : X \\to Y$ be a finite type separated morphism of quasi-compact and quasi-separated schemes. Let $U$ and $V$ be quasi-compact opens of $X$ such that $X = U \\cup V$. Denote $a : U \\to Y$, $b : V \\to Y$ and $c : U \\cap V \\to Y$ the restrictions of $f$. Let $\\Lambda$ be a ring. For $K$ in $D^+_{tors}(X_{\\acute{e}tale}, \\Lambda)$ or $K \\in D(X_{\\acute{e}tale}, \\Lambda)$ if $\\Lambda$ is torsion, we have a distinguished triangle $$ Rc_!(K|_{U \\cap V}) \\to Ra_!(K|_U) \\oplus Rb_!(K|_V) \\to Rf_!K \\to Rc_!(K|_{U \\cap V})[1] $$ in $D(Y_{\\acute{e}tale}, \\Lambda)$. ",
        "label": "lemma-relative-mayer-vietoris",
        "tag": "0GKN",
        "url": "https://stacks.math.columbia.edu/tag/0GKN",
        "source_filename": "more-etale.tex"
    },
    {
        "theorem": "Lemma 62.10.5.",
        "body": "  Let $f : X \\to Y$ be a finite type separated morphism of quasi-compact and quasi-separated schemes. Let $U$ be a quasi-compact open of $X$ with complement $Z \\subset X$.  Denote $g : U \\to Y$ and $h : Z \\to Y$ the restrictions of $f$. Let $\\Lambda$ be a ring. For $K$ in $D^+_{tors}(X_{\\acute{e}tale}, \\Lambda)$ or $K \\in D(X_{\\acute{e}tale}, \\Lambda)$ if $\\Lambda$ is torsion, we have a distinguished triangle $$ Rg_!(K|_U) \\to Rf_!K \\to Rh_!(K|_Z) \\to Rg_!(K|_U)[1] $$ in $D(Y_{\\acute{e}tale}, \\Lambda)$. ",
        "label": "lemma-relative-triangle-associated-to-open",
        "tag": "0GKP",
        "url": "https://stacks.math.columbia.edu/tag/0GKP",
        "source_filename": "more-etale.tex"
    },
    {
        "theorem": "Lemma 62.10.6.",
        "body": "  Let $f' : X' \\to Y$ be a finite type separated morphism of quasi-compact and quasi-separated schemes. Let $i : X \\to X'$ be a thickening and denote $f = f' \\circ i$. Let $\\Lambda$ be a ring. For $K'$ in $D^+_{tors}(X'_{\\acute{e}tale}, \\Lambda)$ or $K' \\in D(X'_{\\acute{e}tale}, \\Lambda)$ if $\\Lambda$ is torsion, we have $Rf_!i^{-1}K' = Rf'_!K'$. ",
        "label": "lemma-shriek-and-thickening",
        "tag": "0GKQ",
        "url": "https://stacks.math.columbia.edu/tag/0GKQ",
        "source_filename": "more-etale.tex"
    },
    {
        "theorem": "Lemma 62.10.7.",
        "body": "  Let $f : X \\to Y$ be a separated finite type morphism of quasi-compact and quasi-separated schemes. Let $\\Lambda$ be a torsion ring. Let $E \\in D(X_{\\acute{e}tale}, \\Lambda)$ and $K \\in D(Y_{\\acute{e}tale}, \\Lambda)$. Then $$ Rf_!E \\otimes_\\Lambda^\\mathbf{L} K = Rf_!(E \\otimes_\\Lambda^\\mathbf{L} f^{-1}K) $$ in $D(Y_{\\acute{e}tale}, \\Lambda)$. ",
        "label": "lemma-projection-formula-Rf-lower-shriek",
        "tag": "0GL5",
        "url": "https://stacks.math.columbia.edu/tag/0GL5",
        "source_filename": "more-etale.tex"
    },
    {
        "theorem": "Remark 62.10.8.",
        "body": "  Let $\\Lambda_1 \\to \\Lambda_2$ be a homomorphism of torsion rings. Let $f : X \\to Y$ be a separated finite type morphism of quasi-compact and quasi-separated schemes. The diagram $$ \\xymatrix{ D(X_{\\acute{e}tale}, \\Lambda_2) \\ar[r]_{res} \\ar[d]_{Rf_!} & D(X_{\\acute{e}tale}, \\Lambda_1) \\ar[d]^{Rf_!} \\\\ D(Y_{\\acute{e}tale}, \\Lambda_2) \\ar[r]^{res} & D(Y_{\\acute{e}tale}, \\Lambda_1) } $$ commutes where $res$ is the ``restriction'' functor which turns a $\\Lambda_2$-module into a $\\Lambda_1$-module using the given ring map. Writing $Rf_! = R\\overline{f}_* \\circ j_!$ for a factorization $f = \\overline{f} \\circ j$ as in Section \\ref{section-derived-lower-shriek-compactification}, we see that the result holds for $j_!$ by inspection and for $R\\overline{f}_*$ by Cohomology on Sites, Lemma \\ref{sites-cohomology-lemma-modules-abelian-unbounded}. On the other hand, also the diagram $$ \\xymatrix{ D(X_{\\acute{e}tale}, \\Lambda_1) \\ar[r]_{- \\otimes_{\\Lambda_1}^\\mathbf{L} \\Lambda_2} \\ar[d]_{Rf_!} & D(X_{\\acute{e}tale}, \\Lambda_2) \\ar[d]^{Rf_!} \\\\ D(Y_{\\acute{e}tale}, \\Lambda_1) \\ar[r]^{- \\otimes_{\\Lambda_1}^\\mathbf{L} \\Lambda_2} & D(Y_{\\acute{e}tale}, \\Lambda_2) } $$ is commutative as follows from Lemma \\ref{lemma-projection-formula-Rf-lower-shriek}. ",
        "label": "remark-Rf-lower-shriek-change-of-rings",
        "tag": "0GL6",
        "url": "https://stacks.math.columbia.edu/tag/0GL6",
        "source_filename": "more-etale.tex"
    },
    {
        "theorem": "Remark 62.10.9.",
        "body": "  Let $f : X \\to Y$ be a separated finite type morphism of quasi-compact and quasi-separated schemes. Let $\\Lambda$ be a torsion coefficient ring and let $K$ and $L$ be objects of $D(X_{\\acute{e}tale}, \\Lambda)$. We claim there is a canonical map $$ \\alpha : Rf_*R\\mathop{\\mathcal{H}\\!\\mathit{om}}\\nolimits_\\Lambda(K, L) \\longrightarrow R\\mathop{\\mathcal{H}\\!\\mathit{om}}\\nolimits_\\Lambda(Rf_!K, Rf_!L) $$ functorial in $K$ and $L$. Namely, choose $j : X \\to \\overline{X}$ and $\\overline{f} : \\overline{X} \\to Y$ as in the construction of $Rf_!$. We first define a map $$ \\beta : Rj_*R\\mathop{\\mathcal{H}\\!\\mathit{om}}\\nolimits_\\Lambda(K, L) \\longrightarrow R\\mathop{\\mathcal{H}\\!\\mathit{om}}\\nolimits_\\Lambda(j_!K, j_!L) $$ By the construction of internal hom in the derived category, this is the same thing as defining a map $$ \\beta' : Rj_*R\\mathop{\\mathcal{H}\\!\\mathit{om}}\\nolimits_\\Lambda(K, L) \\otimes_\\Lambda^\\mathbf{L} j_!K \\longrightarrow j_!L $$ See Cohomology on Sites, Section \\ref{sites-cohomology-section-internal-hom}. The source of $\\beta'$ is equal to $$ j_!\\left(R\\mathop{\\mathcal{H}\\!\\mathit{om}}\\nolimits_\\Lambda(K, L) \\otimes_\\Lambda^\\mathbf{L} K\\right) $$ by Cohomology on Sites, Lemma \\ref{sites-cohomology-lemma-j-shriek-and-tensor}. Hence we can set $\\beta' = j_!\\beta''$ where $\\beta'' : R\\mathop{\\mathcal{H}\\!\\mathit{om}}\\nolimits_\\Lambda(K, L) \\otimes_\\Lambda^\\mathbf{L} K \\to L$ corresponds to the identity on $R\\mathop{\\mathcal{H}\\!\\mathit{om}}\\nolimits_\\Lambda(K, L)$ via the universal property of internal hom mentioned above. By Cohomology on Sites, Remark \\ref{sites-cohomology-remark-projection-formula-for-internal-hom} we have a canonical map $$ \\gamma : R\\overline{f}_*R\\mathop{\\mathcal{H}\\!\\mathit{om}}\\nolimits_\\Lambda(j_!K, j_!L) \\longrightarrow R\\mathop{\\mathcal{H}\\!\\mathit{om}}\\nolimits_\\Lambda(R\\overline{f}_*j_!K, R\\overline{f}_*j_!L) $$ Since $Rf_! = R\\overline{f}_*j_!$ and $Rf_* = R\\overline{f}_* Rj_*$ (by Leray) we obtain the desired map $\\alpha = \\gamma \\circ R\\overline{f}_*\\beta$. ",
        "label": "remark-projection-formula-for-internal-hom",
        "tag": "0GL7",
        "url": "https://stacks.math.columbia.edu/tag/0GL7",
        "source_filename": "more-etale.tex"
    },
    {
        "theorem": "Lemma 62.11.1.",
        "body": "  Let $f : X \\to Y$ be a finite type separated morphism of quasi-compact and quasi-separated schemes. Let $\\Lambda$ be a torsion coefficient ring. The functor $Rf_! : D(X_{\\acute{e}tale}, \\Lambda) \\to D(Y_{\\acute{e}tale}, \\Lambda)$ has a right adjoint $Rf^! : D(Y_{\\acute{e}tale}, \\Lambda) \\to D(X_{\\acute{e}tale}, \\Lambda)$. ",
        "label": "lemma-upper-shriek-derived",
        "tag": "0G2C",
        "url": "https://stacks.math.columbia.edu/tag/0G2C",
        "source_filename": "more-etale.tex"
    },
    {
        "theorem": "Lemma 62.11.2.",
        "body": "  Let $f : X \\to Y$ be a separated quasi-finite morphism of quasi-compact and quasi-separated schemes. Let $\\Lambda$ be a torsion coefficient ring. The functor $Rf^! : D(Y_{\\acute{e}tale}, \\Lambda) \\to D(X_{\\acute{e}tale}, \\Lambda)$ of Lemma \\ref{lemma-upper-shriek-derived} is the same as the functor $Rf^!$ of Lemma \\ref{lemma-lqf-shriek-derived}. ",
        "label": "lemma-Rf-upper-shriek-for-quasi-finite",
        "tag": "0GL8",
        "url": "https://stacks.math.columbia.edu/tag/0GL8",
        "source_filename": "more-etale.tex"
    },
    {
        "theorem": "Lemma 62.11.3.",
        "body": "  Let $j : U \\to X$ be a separated \\'etale morphism of quasi-compact and quasi-separated schemes. Let $\\Lambda$ be a torsion coefficient ring. The functor $Rj^! : D(X_{\\acute{e}tale}, \\Lambda) \\to D(U_{\\acute{e}tale}, \\Lambda)$ is equal to $j^{-1}$. ",
        "label": "lemma-Rf-upper-shriek-for-etale",
        "tag": "0GL9",
        "url": "https://stacks.math.columbia.edu/tag/0GL9",
        "source_filename": "more-etale.tex"
    },
    {
        "theorem": "Lemma 62.11.4.",
        "body": "  Let $f : X \\to Y$ be a finite type separated morphism of quasi-compact and quasi-separated schemes. Let $\\Lambda$ be a torsion ring. The functor $Rf^!$ sends $D^+(Y_{\\acute{e}tale}, \\Lambda)$ into $D^+(X_{\\acute{e}tale}, \\Lambda)$. More precisely, there exists an integer $N \\geq 0$ such that if $K \\in D(Y_{\\acute{e}tale}, \\Lambda)$ has $H^i(K) = 0$ for $i < a$ then $H^i(Rf^!K) = 0$ for $i < a - N$. ",
        "label": "lemma-twisted-inverse-image-bounded-below",
        "tag": "0GLA",
        "url": "https://stacks.math.columbia.edu/tag/0GLA",
        "source_filename": "more-etale.tex"
    },
    {
        "theorem": "Lemma 62.11.5.",
        "body": "  Let $f : X \\to Y$ be a separated finite type morphism of quasi-compact and quasi-separated schemes. Let $\\Lambda$ be a torsion ring. For every $K \\in D(Y_{\\acute{e}tale}, \\Lambda)$ and $L \\in D(X_{\\acute{e}tale}, \\Lambda)$ the map (\\ref{equation-sheafy-trace}) $$ Rf_*R\\mathop{\\mathcal{H}\\!\\mathit{om}}\\nolimits_\\Lambda(L, Rf^!K) \\longrightarrow R\\mathop{\\mathcal{H}\\!\\mathit{om}}\\nolimits_\\Lambda(Rf_!L, K) $$ is an isomorphism. ",
        "label": "lemma-iso-on-RSheafHom",
        "tag": "0GLC",
        "url": "https://stacks.math.columbia.edu/tag/0GLC",
        "source_filename": "more-etale.tex"
    },
    {
        "theorem": "Lemma 62.11.6.",
        "body": "  Let $f : X \\to Y$ be a separated finite type morphism of quasi-separated and quasi-compact schemes. Let $\\Lambda$ be a torsion ring. For every $K \\in D(Y_{\\acute{e}tale}, \\Lambda)$ and $L \\in D(X_{\\acute{e}tale}, \\Lambda)$ the map (\\ref{equation-sheafy-trace}) induces an isomorphism $$ R\\mathop{\\mathrm{Hom}}\\nolimits_X(L, Rf^!K) \\longrightarrow R\\mathop{\\mathrm{Hom}}\\nolimits_Y(Rf_!L, K) $$ of global derived homs. ",
        "label": "lemma-iso-global-hom",
        "tag": "0GLD",
        "url": "https://stacks.math.columbia.edu/tag/0GLD",
        "source_filename": "more-etale.tex"
    },
    {
        "theorem": "Lemma 62.11.7.",
        "body": "  Consider a cartesian square $$ \\xymatrix{ X' \\ar[r]_{g'} \\ar[d]_{f'} & X \\ar[d]^f \\\\ Y' \\ar[r]^g & Y } $$ of quasi-compact and quasi-separated schemes with $f$ separated and of finite type. Then we have $Rf^! \\circ Rg_* = Rg'_* \\circ R(f')^!$. ",
        "label": "lemma-cartesian-square-Rf-upper-shriek",
        "tag": "0GLE",
        "url": "https://stacks.math.columbia.edu/tag/0GLE",
        "source_filename": "more-etale.tex"
    },
    {
        "theorem": "Remark 62.11.8.",
        "body": "  Let $\\Lambda_1 \\to \\Lambda_2$ be a homomorphism of torsion rings. Let $f : X \\to Y$ be a separated finite type morphism of quasi-compact and quasi-separated schemes. The diagram $$ \\xymatrix{ D(X_{\\acute{e}tale}, \\Lambda_2) \\ar[r]_{res} & D(X_{\\acute{e}tale}, \\Lambda_1) \\\\ D(Y_{\\acute{e}tale}, \\Lambda_2) \\ar[r]^{res} \\ar[u]^{Rf^!} & D(Y_{\\acute{e}tale}, \\Lambda_1) \\ar[u]_{Rf^!} } $$ commutes where $res$ is the ``restriction'' functor which turns a $\\Lambda_2$-module into a $\\Lambda_1$-module using the given ring map. This holds by uniquenss of adjoints, the second commutative diagram of Remark \\ref{remark-Rf-lower-shriek-change-of-rings} and because we have $$ \\mathop{\\mathrm{Hom}}\\nolimits_{\\Lambda_2}(K_1 \\otimes_{\\Lambda_1}^\\mathbf{L} \\Lambda_2, K_2) = \\mathop{\\mathrm{Hom}}\\nolimits_{\\Lambda_1}(K_1, res(K_2)) $$ This equality either for objects living over $X_{\\acute{e}tale}$ or on $Y_{\\acute{e}tale}$ is a very special case of Cohomology on Sites, Lemma \\ref{sites-cohomology-lemma-adjoint}. ",
        "label": "remark-Rf-upper-shriek-change-of-rings",
        "tag": "0GLF",
        "url": "https://stacks.math.columbia.edu/tag/0GLF",
        "source_filename": "more-etale.tex"
    },
    {
        "theorem": "Definition 62.12.1.",
        "body": "  Let $X$ be a separated scheme of finite type over a field $k$. Let $\\Lambda$ be a ring. Let $K$ be an object of $D^+_{tors}(X_{\\acute{e}tale}, \\Lambda)$ or of $D(X_{\\acute{e}tale}, \\Lambda)$ in case $\\Lambda$ is torsion. The {\\it cohomology of $K$ with compact support} or the {\\it compactly supported cohomology of $K$} is $$ R\\Gamma_c(X, K) = R\\Gamma(\\mathop{\\mathrm{Spec}}(k), Rf_!K) $$ where $f : X \\to \\mathop{\\mathrm{Spec}}(k)$ is the structure morphism. We will write  $H^i_c(X, K) = H^i(R\\Gamma_c(X, K))$. ",
        "label": "definition-cohomology-compact-support",
        "tag": "0GJZ",
        "url": "https://stacks.math.columbia.edu/tag/0GJZ",
        "source_filename": "more-etale.tex"
    },
    {
        "theorem": "Lemma 62.12.2.",
        "body": "  Let $f : X \\to Y$ be a finite type separated morphism of schemes with $Y$ quasi-compact and quasi-separated. Let $K$ be an object of $D^+_{tors}(X_{\\acute{e}tale}, \\Lambda)$ or of $D(X_{\\acute{e}tale}, \\Lambda)$ in case $\\Lambda$ is torsion. Then there is a canonical isomorphism $$ (Rf_!K)_{\\overline{y}} \\longrightarrow R\\Gamma_c(X_{\\overline{y}}, K|_{X_{\\overline{y}}}) $$ in $D(\\Lambda)$ for any geometric point $\\overline{y} : \\mathop{\\mathrm{Spec}}(k) \\to Y$. ",
        "label": "lemma-stalk-R-f-shriek",
        "tag": "0GK0",
        "url": "https://stacks.math.columbia.edu/tag/0GK0",
        "source_filename": "more-etale.tex"
    },
    {
        "theorem": "Lemma 62.12.3.",
        "body": "  Let $X$ be a separated scheme of finite type over a field $k$. If $\\mathcal{F}$ is a torsion abelian sheaf, then the abelian group $H^0_c(X, \\mathcal{F})$ defined in Definition \\ref{definition-compact-support} agrees with the abelian group $H^0_c(X, \\mathcal{F})$ defined in Definition \\ref{definition-cohomology-compact-support}. ",
        "label": "lemma-compact-support-h0",
        "tag": "0GK1",
        "url": "https://stacks.math.columbia.edu/tag/0GK1",
        "source_filename": "more-etale.tex"
    },
    {
        "theorem": "Lemma 62.12.4.",
        "body": "  Let $k$ be an algebraically closed field. Let $X$ be a separated scheme of finite type type over $k$ of dimension $\\leq 1$. Let $\\Lambda$ be a Noetherian ring. Let $\\mathcal{F}$ be a constructible sheaf of $\\Lambda$-modules on $X$ which is torsion. Then $H^q_c(X, \\mathcal{F})$ is a finite $\\Lambda$-module. ",
        "label": "lemma-finiteness-curves",
        "tag": "0GKR",
        "url": "https://stacks.math.columbia.edu/tag/0GKR",
        "source_filename": "more-etale.tex"
    },
    {
        "theorem": "Remark 62.12.5.",
        "body": "[Covariance of compactly supported cohomology]  Let $k$ be a field. Let $f : X \\to Y$ be a morphism of separated schemes of finite type over $k$. If $X$, $Y$, and $f$ satisfies one of the following conditions \\begin{enumerate} \\item $f$ is \\'etale, or \\item $f$ is flat and quasi-finite, or \\item $f$ is quasi-finite and $Y$ is geometrically unibranch, or \\item $f$ is quasi-finite and there exists a weighting $w : X \\to \\mathbf{Z}$ of $f$ \\end{enumerate} then compactly supported cohomology is covariant with respect to $f$. More precisely, let $\\Lambda$ be a ring. Let $K$ be an object of $D^+_{tors}(Y_{\\acute{e}tale}, \\Lambda)$ or of $D(Y_{\\acute{e}tale}, \\Lambda)$ in case $\\Lambda$ is torsion. Under one of the assumptions (1) -- (4) there is a canonical map $$ \\text{Tr}_{f, w, K} : f_!f^{-1}K \\longrightarrow K $$ See Section \\ref{section-weightings} for the existence of the trace map and Examples \\ref{example-trace-for-flat-quasi-finite} and \\ref{example-trace-for-quasi-finite-over-normal} for cases (2) and (3). If $p : X \\to \\mathop{\\mathrm{Spec}}(k)$ and $q : Y \\to \\mathop{\\mathrm{Spec}}(k)$ denote the structure morphisms, then we have $Rq_! \\circ f_! = Rp_!$ by Lemma \\ref{lemma-shriek-composition} and the fact that $Rf_! = f_!$ for the quasi-finite separated morphism $f$ by Lemma \\ref{lemma-Rf-shriek-for-quasi-finite}. Hence we can look at the map \\begin{align*} R\\Gamma_c(X, f^{-1}K) & = R\\Gamma(\\mathop{\\mathrm{Spec}}(k), Rp_!f^{-1}K) \\\\ & = R\\Gamma(\\mathop{\\mathrm{Spec}}(k), Rq_!f_!f^{-1}K) \\\\ & \\xrightarrow{Rq_!\\text{Tr}_{f, w, K}} R\\Gamma(\\mathop{\\mathrm{Spec}}(k), Rq_!K) \\\\ & = R\\Gamma_c(Y, K) \\end{align*} In particular, if $\\Lambda$ is a torsion ring, then we obtain an arrow $$ \\text{Tr}_f : R\\Gamma_c(X, \\Lambda) \\longrightarrow R\\Gamma_c(Y, \\Lambda) $$ This map has lots of additional properties, for example it is compatible with taking ground field extensions. ",
        "label": "remark-covariance-compactly-supported",
        "tag": "0GKS",
        "url": "https://stacks.math.columbia.edu/tag/0GKS",
        "source_filename": "more-etale.tex"
    },
    {
        "theorem": "Lemma 62.13.1.",
        "body": "  Let $p$ be a prime number. Let $S$ be a scheme over $\\mathbf{F}_p$. Let $\\mathcal{E}$ be a finite locally free $\\mathcal{O}_S$-module viewed as an $\\mathcal{O}_S$-module on $S_{\\acute{e}tale}$. Let $F : \\mathcal{E} \\to \\mathcal{E}$ be a homomorphism of abelian sheaves on $S_{\\acute{e}tale}$ such that $F(a e) = a^pF(e)$ for local sections $a$, $e$ of $\\mathcal{O}_S$, $\\mathcal{E}$ on $S_{\\acute{e}tale}$. Then $$ \\mathop{\\mathrm{Coker}}(F - 1 : \\mathcal{E} \\to \\mathcal{E}) $$ is zero and $$ \\mathop{\\mathrm{Ker}}(F - 1 : \\mathcal{E} \\to \\mathcal{E}) $$ is a constructible abelian sheaf on $S_{\\acute{e}tale}$. ",
        "label": "lemma-frobenius-linear-on-vb",
        "tag": "0GKU",
        "url": "https://stacks.math.columbia.edu/tag/0GKU",
        "source_filename": "more-etale.tex"
    },
    {
        "theorem": "Lemma 62.13.2.",
        "body": "  Let $f : X \\to S$ be a proper smooth morphism of schemes with geometrically connected fibres of dimension $1$. Let $\\ell$ be a prime number. Then $R^qf_*\\underline{\\mathbf{Z}/\\ell\\mathbf{Z}}$ is a constructible. ",
        "label": "lemma-proper-smooth-family-curves",
        "tag": "0GKV",
        "url": "https://stacks.math.columbia.edu/tag/0GKV",
        "source_filename": "more-etale.tex"
    },
    {
        "theorem": "Lemma 62.13.3.",
        "body": "  Let $f : X \\to S$ be a proper smooth morphism of schemes with geometrically connected fibres of dimension $1$. Let $\\Lambda$ be a Noetherian ring. Let $M$ be a finite $\\Lambda$-module annihilated by an integer $n > 0$. Then $R^qf_*\\underline{M}$ is a constructible sheaf of $\\Lambda$-modules on $S$. ",
        "label": "lemma-proper-smooth-family-curves-modules",
        "tag": "0GKW",
        "url": "https://stacks.math.columbia.edu/tag/0GKW",
        "source_filename": "more-etale.tex"
    },
    {
        "theorem": "Lemma 62.14.1.",
        "body": "  Let $f : X \\to Y$ be a morphism of schemes which is locally quasi-finite and of finite presentation. The functor $f_! : D(X_{\\acute{e}tale}, \\Lambda) \\to D(Y_{\\acute{e}tale}, \\Lambda)$ of Lemma \\ref{lemma-lqf-shriek-derived} sends $D_c(X_{\\acute{e}tale}, \\Lambda)$ into $D_c(Y_{\\acute{e}tale}, \\Lambda)$. ",
        "label": "lemma-qf-f-shriek-constructible",
        "tag": "0GK3",
        "url": "https://stacks.math.columbia.edu/tag/0GK3",
        "source_filename": "more-etale.tex"
    },
    {
        "theorem": "Lemma 62.14.2.",
        "body": "  Let $S$ be a Noetherian affine scheme of finite dimension. Let $f : X \\to S$ be a separated, affine, smooth morphism of relative dimension $1$. Let $\\Lambda$ be a Noetherian ring which is torsion. Let $M$ be a finite $\\Lambda$-module. Then $Rf_!\\underline{M}$ has constructible cohomology sheaves. ",
        "label": "lemma-constant-shriek-rel-dim-1",
        "tag": "0GKX",
        "url": "https://stacks.math.columbia.edu/tag/0GKX",
        "source_filename": "more-etale.tex"
    },
    {
        "theorem": "Lemma 62.14.3.",
        "body": "  Let $Y$ be a Noetherian affine scheme of finite dimension. Let $\\Lambda$ be a Noetherian ring which is torsion. Let $\\mathcal{F}$ be a finite type, locally constant sheaf of $\\Lambda$-modules on an open subscheme $U \\subset \\mathbf{A}^1_Y$. Then $Rf_!\\mathcal{F}$ has constructible cohomology sheaves where $f : U \\to Y$ is the structure morphism. ",
        "label": "lemma-loc-constant-shriek-rel-dim-1",
        "tag": "0GKY",
        "url": "https://stacks.math.columbia.edu/tag/0GKY",
        "source_filename": "more-etale.tex"
    },
    {
        "theorem": "Lemma 62.14.4.",
        "body": "  Let $Y$ be an affine scheme. Let $\\Lambda$ be a Noetherian ring. Let $\\mathcal{F}$ be a constructible sheaf of $\\Lambda$-modules on $\\mathbf{A}^1_Y$ which is torsion. Then $Rf_!\\mathcal{F}$ has constructible cohomology sheaves where $f : \\mathbf{A}^1_Y \\to Y$ is the structure morphism. ",
        "label": "lemma-constructible-shriek-rel-dim-1",
        "tag": "0GKZ",
        "url": "https://stacks.math.columbia.edu/tag/0GKZ",
        "source_filename": "more-etale.tex"
    },
    {
        "theorem": "Theorem 62.14.5.",
        "body": "  Let $f : X \\to Y$ be a separated morphism of finite presentation of quasi-compact and quasi-separated schemes. Let $\\Lambda$ be a Noetherian ring. Let $K$ be an object of $D^+_{tors, c}(X_{\\acute{e}tale}, \\Lambda)$ or of $D_c(X_{\\acute{e}tale}, \\Lambda)$ in case $\\Lambda$ is torsion. Then $Rf_!K$ has constructible cohomology sheaves, i.e., $Rf_!K$ is in $D^+_{tors, c}(Y_{\\acute{e}tale}, \\Lambda)$ or in $D_c(Y_{\\acute{e}tale}, \\Lambda)$ in case $\\Lambda$ is torsion. ",
        "label": "theorem-constructible-shriek",
        "tag": "0GL0",
        "url": "https://stacks.math.columbia.edu/tag/0GL0",
        "source_filename": "more-etale.tex"
    },
    {
        "theorem": "Lemma 62.15.1.",
        "body": "  Let $k$ be an algebraically closed field. Let $X$ be a finite type separated scheme over $k$. Let $\\Lambda$ be a Noetherian ring. Let $K$ be an object of $D^+_{tors, c}(X_{\\acute{e}tale}, \\Lambda)$ or of $D_c(X_{\\acute{e}tale}, \\Lambda)$ in case $\\Lambda$ is torsion. Then $H^i_c(X, K)$ is a finite $\\Lambda$-module for all $i \\in \\mathbf{Z}$. ",
        "label": "lemma-finiteness-compactly-supported",
        "tag": "0GLH",
        "url": "https://stacks.math.columbia.edu/tag/0GLH",
        "source_filename": "more-etale.tex"
    },
    {
        "theorem": "Proposition 62.15.2.",
        "body": "  Let $f : X \\to S$ be a smooth proper morphism of schemes. Let $\\Lambda$ be a Noetherian ring. Let $\\mathcal{F}$ be a finite type, locally constant sheaf of $\\Lambda$-modules on $X_{\\acute{e}tale}$ such that for every geometric point $\\overline{x}$ of $X$ the stalk $\\mathcal{F}_{\\overline{x}}$ is annihilated by an integer $n > 0$ prime to the residue characteristic of $\\overline{x}$. Then $R^if_*\\mathcal{F}$ is a finite type, locally constant sheaf of $\\Lambda$-modules on $S_{\\acute{e}tale}$ for all $i \\in \\mathbf{Z}$. ",
        "label": "proposition-loc-cst-torsion",
        "tag": "0GLI",
        "url": "https://stacks.math.columbia.edu/tag/0GLI",
        "source_filename": "more-etale.tex"
    },
    {
        "theorem": "Lemma 62.16.1.",
        "body": "  Let $f : X \\to Y$ be a separated finite type morphism of quasi-compact and quasi-separated schemes. Let $\\Lambda$ be a torsion ring. Let $K \\in D(Y_{\\acute{e}tale}, \\Lambda)$. For $n \\in \\mathbf{Z}$ the cohomology sheaf $H^n(Rf^!K)$ restricted to $X_{affine, {\\acute{e}tale}}$ is the sheaf associated to the presheaf $$ U \\longmapsto \\mathop{\\mathrm{Hom}}\\nolimits_Y(R(U \\to Y)_!\\Lambda, K[n]) $$ See discussion above for the functorial nature of $R(U \\to Y)_!\\Lambda$. ",
        "label": "lemma-describe-Rf-upper-shriek",
        "tag": "0GLK",
        "url": "https://stacks.math.columbia.edu/tag/0GLK",
        "source_filename": "more-etale.tex"
    }
]