[
    {
        "theorem": "Lemma 61.3.1.",
        "body": "  Let $K/k$ be a field extension. Let $Z$ be an integral locally algebraic scheme over $k$. The multiplicity $m_{Z', Z_K}$ of an irreducible component $Z' \\subset Z_K$ is $1$ or a power of the characteristic of $k$. ",
        "label": "lemma-multiplicities-field-extension",
        "tag": "0H4F",
        "url": "https://stacks.math.columbia.edu/tag/0H4F",
        "source_filename": "relative-cycles.tex"
    },
    {
        "theorem": "Lemma 61.3.2.",
        "body": "  Let $k$ be a field of characteristic $p > 0$ with perfect closure $k^{perf}$. Let $X$ be an algebraic scheme over $k$. Let $r \\geq 0$ be an integer. The cokernel of the injective map $Z_r(X) \\to Z_r(X_{k^{perf}})$ is a $p$-power torsion module (More on Algebra, Definition \\ref{more-algebra-definition-f-power-torsion}). ",
        "label": "lemma-how-different",
        "tag": "0H4G",
        "url": "https://stacks.math.columbia.edu/tag/0H4G",
        "source_filename": "relative-cycles.tex"
    },
    {
        "theorem": "Lemma 61.4.1.",
        "body": "  Let $R$ be a discrete valuation ring with fraction field $K$ and residue field $\\kappa$. Let $X$ be a scheme locally of finite type over $R$. Let $r \\geq 0$. Let $\\mathcal{F}$ be a coherent $\\mathcal{O}_X$-module flat over $R$. Assume $\\dim(\\text{Supp}(\\mathcal{F}_K)) \\leq r$. Then $\\dim(\\text{Supp}(\\mathcal{F}_\\kappa)) \\leq r$ and $$ sp_{X/R}([\\mathcal{F}_K]_r) = [\\mathcal{F}_\\kappa]_r $$ ",
        "label": "lemma-specialization-module",
        "tag": "0H4I",
        "url": "https://stacks.math.columbia.edu/tag/0H4I",
        "source_filename": "relative-cycles.tex"
    },
    {
        "theorem": "Lemma 61.4.2.",
        "body": "  Let $R$ be a discrete valuation ring with fraction field $K$ and residue field $\\kappa$. Let $X$ be a scheme locally of finite type over $R$. Let $r \\geq 0$. Let $W \\subset X$ be a closed subscheme flat over $R$. Assume $\\dim(W_K) \\leq r$. Then $\\dim(W_\\kappa) \\leq r$ and $$ sp_{X/R}([W_K]_r) = [W_\\kappa]_r $$ ",
        "label": "lemma-specialization-closed",
        "tag": "0H4J",
        "url": "https://stacks.math.columbia.edu/tag/0H4J",
        "source_filename": "relative-cycles.tex"
    },
    {
        "theorem": "Lemma 61.4.3.",
        "body": "  Let $R'/R$ be an extension of discrete valuation rings inducing fraction field extension $K'/K$ and residue field extension $\\kappa'/\\kappa$ (More on Algebra, Definition \\ref{more-algebra-definition-extension-discrete-valuation-rings}). Let $X$ be locally of finite type over $R$. Denote $X' = X_{R'}$. Then the diagram $$ \\xymatrix{ Z_r(X'_{K'}) \\ar[rr]_{sp_{X'/R'}} & & Z_r(X'_{\\kappa'}) \\\\ Z_r(X_K) \\ar[rr]^{sp_{X/R}} \\ar[u] & & Z_r(X_\\kappa) \\ar[u] } $$ commutes where $r \\geq 0$ and the vertical arrows are base change maps. ",
        "label": "lemma-specialization-extension",
        "tag": "0H4K",
        "url": "https://stacks.math.columbia.edu/tag/0H4K",
        "source_filename": "relative-cycles.tex"
    },
    {
        "theorem": "Lemma 61.4.4.",
        "body": "  Let $R$ be a discrete valuation ring with fraction field $K$ and residue field $\\kappa$. Let $X$ be a scheme locally of finite type over $R$. Let $f : X' \\to X$ be a morphism which is locally of finite type, flat, and of relative dimension $e$. Then the diagram $$ \\xymatrix{ Z_{r + e}(X'_K) \\ar[rr]_{sp_{X'/R}} & & Z_{r + e}(X'_\\kappa) \\\\ Z_r(X_K) \\ar[rr]^{sp_{X/R}} \\ar[u] & & Z_r(X_\\kappa) \\ar[u] } $$ commutes where $r \\geq 0$ and the vertical arrows are given by flat pullback. ",
        "label": "lemma-specialization-flat-pullback",
        "tag": "0H4L",
        "url": "https://stacks.math.columbia.edu/tag/0H4L",
        "source_filename": "relative-cycles.tex"
    },
    {
        "theorem": "Lemma 61.4.5.",
        "body": "  Let $R$ be a discrete valuation ring with fraction field $K$ and residue field $\\kappa$. Let $f : X \\to Y$ be a proper morphism of schemes locally of finite type over $R$. Then the diagram $$ \\xymatrix{ Z_r(X_K) \\ar[rr]_{sp_{X/R}} \\ar[d] & & Z_r(X_\\kappa) \\ar[d] \\\\ Z_r(Y_K) \\ar[rr]^{sp_{Y/R}} & & Z_r(Y_\\kappa) } $$ commutes where $r \\geq 0$ and the vertical arrows are given by proper pushforward. ",
        "label": "lemma-specialization-proper-pushforward",
        "tag": "0H4M",
        "url": "https://stacks.math.columbia.edu/tag/0H4M",
        "source_filename": "relative-cycles.tex"
    },
    {
        "theorem": "Lemma 61.5.1.",
        "body": "  We have the following compatibilities between the operations above: (1) base change is functorial, (2) restriction is a combination of base change and (a special case of) flat pullback, (3) flat pullback commutes with base change, (4) flat pullback is functorial, (5) proper pushforward commutes with base change, (6) proper pushforward is functorial, and (7) proper pushforward commutes with flat pullback. ",
        "label": "lemma-compatibilities",
        "tag": "0H4P",
        "url": "https://stacks.math.columbia.edu/tag/0H4P",
        "source_filename": "relative-cycles.tex"
    },
    {
        "theorem": "Example 61.5.2.",
        "body": "  Let $f : X \\to S$ be a morphism of schemes which is locally of finite type. Let $r \\geq 0$ be an integer. Let $\\mathcal{F}$ be a quasi-coherent $\\mathcal{O}_X$-module of finite type. For $s \\in S$ denote $\\mathcal{F}_s$ the pullback of $\\mathcal{F}$ to $X_s$. Assume $\\dim(\\text{Supp}(\\mathcal{F}_s)) \\leq r$ for all $s \\in S$. Then we can associate to $\\mathcal{F}$ the family $[\\mathcal{F}/X/S]_r$ of $r$-cycles on fibres of $X/S$ defined by the formula $$ [\\mathcal{F}/X/S]_r = ([\\mathcal{F}_s]_r)_{s \\in S} $$ where $[\\mathcal{F}_s]_r$ is given by Chow Homology, Definition \\ref{chow-definition-cycle-associated-to-coherent-sheaf}. ",
        "label": "example-family-associated-module",
        "tag": "0H4Q",
        "url": "https://stacks.math.columbia.edu/tag/0H4Q",
        "source_filename": "relative-cycles.tex"
    },
    {
        "theorem": "Lemma 61.5.3.",
        "body": "  The construction in Example \\ref{example-family-associated-module} is compatible with base change, restriction, and flat pullback. ",
        "label": "lemma-family-associated-module",
        "tag": "0H4R",
        "url": "https://stacks.math.columbia.edu/tag/0H4R",
        "source_filename": "relative-cycles.tex"
    },
    {
        "theorem": "Example 61.5.4.",
        "body": "  Let $f : X \\to S$ be a morphism of schemes which is locally of finite type. Let $r \\geq 0$ be an integer. Let $Z \\subset X$ be a closed subscheme. For $s \\in S$ denote $Z_s$ the inverse image of $Z$ in $X_s$ or equivalently the scheme theoretic fibre of $Z$ at $s$ viewed as a closed subscheme of $X_s$. Assume $\\dim(Z_s) \\leq r$ for all $s \\in S$. Then we can associate to $Z$ the family $[Z/X/S]_r$ of $r$-cycles on fibres of $X/S$ defined by the formula $$ [Z/X/S]_r = ([Z_s]_r)_{s \\in S} $$ where $[Z_s]_r$ is given by Chow Homology, Definition \\ref{chow-definition-cycle-associated-to-closed-subscheme}. ",
        "label": "example-family-associated-closed",
        "tag": "0H4S",
        "url": "https://stacks.math.columbia.edu/tag/0H4S",
        "source_filename": "relative-cycles.tex"
    },
    {
        "theorem": "Lemma 61.5.5.",
        "body": "  The construction in Example \\ref{example-family-associated-closed} is compatible with base change, restriction, and flat pullback. ",
        "label": "lemma-family-associated-closed",
        "tag": "0H4T",
        "url": "https://stacks.math.columbia.edu/tag/0H4T",
        "source_filename": "relative-cycles.tex"
    },
    {
        "theorem": "Remark 61.5.6.",
        "body": "[Support]  Let $f : X \\to S$ be a morphism of schemes which is locally of finite type. Let $r \\geq 0$ be an integer. Let $\\alpha$ be a family of $r$-cycles on fibres of $X/S$. We define the {\\it support} of $\\alpha$ to be $$ \\text{Supp}(\\alpha) = \\bigcup\\nolimits_{s \\in S} \\text{Supp}(\\alpha_s) \\subset X $$ Here $\\text{Supp}(\\alpha_s) \\subset X_s$ is the support of the cycle $\\alpha_s$, see Chow Homology, Definition \\ref{chow-definition-support-cycle}. The support $\\text{Supp}(\\alpha)$ is rarely a closed subset of $X$. ",
        "label": "remark-supports-family",
        "tag": "0H4U",
        "url": "https://stacks.math.columbia.edu/tag/0H4U",
        "source_filename": "relative-cycles.tex"
    },
    {
        "theorem": "Lemma 61.5.7.",
        "body": "  Taking the support as in Remark \\ref{remark-supports-family} is compatible with base change, restriction, and flat pullback. ",
        "label": "lemma-support-family",
        "tag": "0H4V",
        "url": "https://stacks.math.columbia.edu/tag/0H4V",
        "source_filename": "relative-cycles.tex"
    },
    {
        "theorem": "Lemma 61.5.8.",
        "body": "  Let $f : X \\to S$ be a morphism of schemes which is locally of finite type. Let $r \\geq 0$ be an integer. Let $g : S' \\to S$ be a surjective morphism of schemes. Set $S'' = S' \\times_S S'$ and let $f' : X' \\to S'$ and $f'' : X'' \\to S''$ be the base changes of $f$. Let $x \\in X$ with $\\text{trdeg}_{\\kappa(f(x))}(\\kappa(x)) = r$. \\begin{enumerate} \\item There exists an $x' \\in X'$ mapping to $x$ with $\\text{trdeg}_{\\kappa(f'(x'))}(\\kappa(x')) = r$. \\item If $x'_1, x'_2 \\in X'$ are both as in (1), then there exists an $x'' \\in X''$ with $\\text{trdeg}_{\\kappa(f''(x''))}(\\kappa(x'')) = r$ and $\\text{pr}_i(x'') = x'_i$. \\end{enumerate} ",
        "label": "lemma-coequalizer-dim-r",
        "tag": "0H4W",
        "url": "https://stacks.math.columbia.edu/tag/0H4W",
        "source_filename": "relative-cycles.tex"
    },
    {
        "theorem": "Lemma 61.5.9.",
        "body": "  Let $f : X \\to S$ be a morphism of schemes which is locally of finite type. Let $r \\geq 0$ be an integer. Let $g : S' \\to S$ be a morphism of schemes and $X' = S' \\times_S X$. Assume that for every $s \\in S$ there exists a point $s' \\in S'$ with $g(s') = s$ and such that $\\kappa(s')/\\kappa(s)$ is a separable extension of fields. Then \\begin{enumerate} \\item For families $\\alpha_1$ and $\\alpha_2$ of $r$-cycles on fibres of $X/S$ if $g^*\\alpha_1 = g^*\\alpha_2$, then $\\alpha_1 = \\alpha_2$. \\item Given a family $\\alpha'$ of $r$-cycles on fibres of $X'/S'$ if $\\text{pr}_1^*\\alpha' = \\text{pr}_2^*\\alpha'$ as families of $r$-cycles on fibres of $(S' \\times_S S') \\times_S X / (S' \\times_S S')$, then there is a unique family $\\alpha$ of $r$-cycles on fibres of $X/S$ such that $g^*\\alpha = \\alpha'$. \\end{enumerate} ",
        "label": "lemma-descend-family",
        "tag": "0H4X",
        "url": "https://stacks.math.columbia.edu/tag/0H4X",
        "source_filename": "relative-cycles.tex"
    },
    {
        "theorem": "Lemma 61.5.10.",
        "body": "  Let $g : S' \\to S$ be a bijective morphism of schemes which induces isomorphisms of residue fields. Let $f : X \\to S$ be locally of finite type. Set $X' = S' \\times_S X$. Let $r \\geq 0$. Then base change by $g$ determines a bijection between the group of families of $r$-cycles on fibres of $X/S$ and the group of families of $r$-cycles on fibres of $X'/S'$. ",
        "label": "lemma-pullback-universally-bijective",
        "tag": "0H4Y",
        "url": "https://stacks.math.columbia.edu/tag/0H4Y",
        "source_filename": "relative-cycles.tex"
    },
    {
        "theorem": "Definition 61.6.1.",
        "body": "  Let $S$ be a locally Noetherian scheme. Let $f : X \\to S$ be a morphism of schemes which is locally of finite type. Let $r \\geq 0$ be an integer. A {\\it relative $r$-cycle on $X/S$} is a family $\\alpha$ of $r$-cycles on fibres of $X/S$ such that for every morphism $g : S' \\to S$ where $S'$ is the spectrum of a discrete valuation ring we have $$ sp_{X'/S'}(\\alpha_\\eta) = \\alpha_0 $$ where $sp_{X'/S'}$ is as in Section \\ref{section-specialization} and $\\alpha_\\eta$ (resp.\\ $\\alpha_0$) is the value of the base change $g^*\\alpha$ of $\\alpha$ at the generic (resp.\\ closed) point of $S'$. The group of all relative $r$-cycles on $X/S$ is denoted $z(X/S, r)$. ",
        "label": "definition-relative-cycles",
        "tag": "0H50",
        "url": "https://stacks.math.columbia.edu/tag/0H50",
        "source_filename": "relative-cycles.tex"
    },
    {
        "theorem": "Lemma 61.6.2.",
        "body": "  Let $\\alpha$ be a relative $r$-cycle on $X/S$ as in Definition \\ref{definition-relative-cycles}. Then any restriction, base change, flat pullback, or proper pushforward of $\\alpha$ is a relative $r$-cycle. ",
        "label": "lemma-relative-cycle-functoriality",
        "tag": "0H51",
        "url": "https://stacks.math.columbia.edu/tag/0H51",
        "source_filename": "relative-cycles.tex"
    },
    {
        "theorem": "Lemma 61.6.3.",
        "body": "  Let $f : X \\to S$ be a morphism of schemes. Assume $S$ locally Noetherian and $f$ locally of finite type. Let $r \\geq 0$ be an integer. Let $\\alpha$ be a family of $r$-cycles on fibres of $X/S$. Let $\\{g_i : S_i \\to S\\}$ be a h covering (More on Flatness, Definition \\ref{flat-definition-h-covering}). Then $\\alpha$ is a relative $r$-cycle if and only if each base change $g_i^*\\alpha$ is a relative $r$-cycle. ",
        "label": "lemma-relative-cycles-h-descent",
        "tag": "0H52",
        "url": "https://stacks.math.columbia.edu/tag/0H52",
        "source_filename": "relative-cycles.tex"
    },
    {
        "theorem": "Lemma 61.6.4.",
        "body": "  Let $f : X \\to S$ be a morphism of schemes. Assume $S$ locally Noetherian and $f$ locally of finite type. Let $r, e \\geq 0$ be integers. Let $\\alpha$ be a family of $r$-cycles on fibres of $X/S$. Let $\\{f_i : X_i \\to X\\}$ be a jointly surjective family of flat morphisms, locally of finite type, and of relative dimension $e$. Then $\\alpha$ is a relative $r$-cycle if and only if each flat pullback $f_i^*\\alpha$ is a relative $r$-cycle. ",
        "label": "lemma-families-specialization-fppf-descent",
        "tag": "0H53",
        "url": "https://stacks.math.columbia.edu/tag/0H53",
        "source_filename": "relative-cycles.tex"
    },
    {
        "theorem": "Lemma 61.6.5.",
        "body": "  Let $S$ be a locally Noetherian scheme. Let $i : X \\to Y$ be a closed immersion of schemes locally of finite type over $S$. Let $r \\geq 0$. Let $\\alpha$ be a family of $r$-cycles on fibres of $X/S$. Then $\\alpha$ is a relative $r$-cycle on $X/S$ if and only if $i_*\\alpha$ is a relative $r$-cycle on $Y/S$. ",
        "label": "lemma-check-after-closed",
        "tag": "0H54",
        "url": "https://stacks.math.columbia.edu/tag/0H54",
        "source_filename": "relative-cycles.tex"
    },
    {
        "theorem": "Lemma 61.6.6.",
        "body": "  Let $f : X \\to S$ be a morphism of schemes. Assume $S$ is locally Noetherian and $f$ locally of finite type. Let $r \\geq 0$. Let $\\alpha$ and $\\beta$ be relative $r$-cycles on $X/S$. The following are equivalent \\begin{enumerate} \\item $\\alpha = \\beta$, and \\item $\\alpha_\\eta = \\beta_\\eta$ for any generic point $\\eta \\in S$ of an irreducible component of $S$. \\end{enumerate} ",
        "label": "lemma-uniqueness-extension",
        "tag": "0H55",
        "url": "https://stacks.math.columbia.edu/tag/0H55",
        "source_filename": "relative-cycles.tex"
    },
    {
        "theorem": "Lemma 61.6.7.",
        "body": "  In the situation of Example \\ref{example-family-associated-module} assume $S$ is locally Noetherian and $\\mathcal{F}$ is flat over $S$ in dimensions $\\geq r$ (More on Flatness, Definition \\ref{flat-definition-flat-dimension-n}). Then $[\\mathcal{F}/X/S]_r$ is a relative $r$-cycle on $X/S$. ",
        "label": "lemma-family-associated-module-specialization",
        "tag": "0H56",
        "url": "https://stacks.math.columbia.edu/tag/0H56",
        "source_filename": "relative-cycles.tex"
    },
    {
        "theorem": "Lemma 61.6.8.",
        "body": "  In the situation of Example \\ref{example-family-associated-closed} assume $S$ is locally Noetherian and $Z$ is flat over $S$ in dimensions $\\geq r$. Then $[Z/X/S]_r$ is a relative $r$-cycle on $X/S$. ",
        "label": "lemma-family-associated-closed-specialization",
        "tag": "0H57",
        "url": "https://stacks.math.columbia.edu/tag/0H57",
        "source_filename": "relative-cycles.tex"
    },
    {
        "theorem": "Lemma 61.6.9.",
        "body": "  Let $f : X \\to S$ be a finite type morphism of schemes with $S$ Noetherian. Let $r \\geq 0$. Let $\\alpha$ be a relative $r$-cycle on $X/S$. Then there is a proper, completely decomposed (More on Morphisms, Definition \\ref{more-morphisms-definition-cd-morphism}) morphism $g : S' \\to S$ such that $g^*\\alpha$ is in the image of (\\ref{equation-cycle-classes}). ",
        "label": "lemma-get-cycles",
        "tag": "0H59",
        "url": "https://stacks.math.columbia.edu/tag/0H59",
        "source_filename": "relative-cycles.tex"
    },
    {
        "theorem": "Lemma 61.6.10.",
        "body": "  Let $f : X \\to S$ be a finite type morphism of schemes with $S$ the spectrum of a discrete valuation ring. Let $r \\geq 0$. Then (\\ref{equation-cycle-classes}) is surjective. ",
        "label": "lemma-get-cycles-dvr",
        "tag": "0H5A",
        "url": "https://stacks.math.columbia.edu/tag/0H5A",
        "source_filename": "relative-cycles.tex"
    },
    {
        "theorem": "Lemma 61.6.11.",
        "body": "  Let $f : X \\to S$ be a morphism of schemes. Let $r \\geq 0$. Assume $S$ locally Noetherian and $f$ smooth of relative dimension $r$. Let $\\alpha \\in z(X/S, r)$. Then the support of $\\alpha$ is open and closed in $X$ (see proof for a more precise result). ",
        "label": "lemma-relative-cycle-smooth",
        "tag": "0H5B",
        "url": "https://stacks.math.columbia.edu/tag/0H5B",
        "source_filename": "relative-cycles.tex"
    },
    {
        "theorem": "Lemma 61.6.12.",
        "body": "  Let $f : X \\to S$ be a morphism of schemes. Assume $S$ locally Noetherian and $f$ locally of finite type. Let $r \\geq 0$ and $\\alpha, \\beta \\in z(X/S, r)$. The set $E = \\{s \\in S : \\alpha_s = \\beta_s\\}$ is closed in $S$. ",
        "label": "lemma-relative-cycles-equal",
        "tag": "0H5C",
        "url": "https://stacks.math.columbia.edu/tag/0H5C",
        "source_filename": "relative-cycles.tex"
    },
    {
        "theorem": "Lemma 61.6.13.",
        "body": "  Let $S = \\mathop{\\mathrm{lim}}\\nolimits_{i \\in I} S_i$ be the limit of a directed inverse system of Noetherian schemes with affine transition morphisms. Let $0 \\in I$ and let $X_0 \\to S_0$ be a finite type morphism of schemes. For $i \\geq 0$ set $X_i = S_i \\times_{S_0} X_0$ and set $X = S \\times_{S_0} X_0$. If $S$ is Noetherian too, then $$ z(X/S, r) = \\mathop{\\mathrm{colim}}\\nolimits_{i \\geq 0} z(X_i/S_i, r) $$ where the transition maps are given by base change of relative $r$-cycles. ",
        "label": "lemma-descend-through-limit",
        "tag": "0H5D",
        "url": "https://stacks.math.columbia.edu/tag/0H5D",
        "source_filename": "relative-cycles.tex"
    },
    {
        "theorem": "Lemma 61.6.14.",
        "body": "  Let $S$ be a locally Noetherian scheme. Let $i : X \\to X'$ be a thickening of schemes locally of finite type over $S$. Let $r \\geq 0$. Then $i_* : z(X/S, r) \\to z(X'/S, r)$ is a bijection. ",
        "label": "lemma-thickening",
        "tag": "0H5E",
        "url": "https://stacks.math.columbia.edu/tag/0H5E",
        "source_filename": "relative-cycles.tex"
    },
    {
        "theorem": "Lemma 61.6.15.",
        "body": "  Let $S$ be a locally Noetherian scheme. Let $X$ be a scheme locally of finite type over $S$. Let $r \\geq 0$. Let $U \\subset X$ be an open such that $X \\setminus U$ has relative dimension $< r$ over $S$, i.e., $\\dim(X_s \\setminus U_s) < r$ for all $s \\in S$. Then restriction defines a bijection $z(X/S, r) \\to z(U/S, r)$. ",
        "label": "lemma-extend-to-larger",
        "tag": "0H5F",
        "url": "https://stacks.math.columbia.edu/tag/0H5F",
        "source_filename": "relative-cycles.tex"
    },
    {
        "theorem": "Lemma 61.6.16.",
        "body": "  Let $g : S' \\to S$ be a universal homeomorphism of locally Noetherian schemes which induces isomorphisms of residue fields. Let $f : X \\to S$ be locally of finite type. Set $X' = S' \\times_S X$. Let $r \\geq 0$. Then base change by $g$ determines a bijection $z(X/S, r) \\to z(X'/S', r)$. ",
        "label": "lemma-seminormalize-base",
        "tag": "0H5G",
        "url": "https://stacks.math.columbia.edu/tag/0H5G",
        "source_filename": "relative-cycles.tex"
    },
    {
        "theorem": "Definition 61.7.1.",
        "body": "  Let $f : X \\to S$ be a morphism of schemes. Assume $S$ is locally Noetherian and $f$ is locally of finite type. Let $r \\geq 0$ be an integer. We say a relative $r$-cycle $\\alpha$ on $X/S$ {\\it equidimensional} if the support of $\\alpha$ (Remark \\ref{remark-supports-family}) is contained in a closed subset $W \\subset X$ whose relative dimension over $S$ is $\\leq r$. The group of all equidimensional relative $r$-cycles on $X/S$ is denoted $z_{equi}(X/S, r)$. ",
        "label": "definition-equidimensional",
        "tag": "0H5I",
        "url": "https://stacks.math.columbia.edu/tag/0H5I",
        "source_filename": "relative-cycles.tex"
    },
    {
        "theorem": "Example 61.7.2.",
        "body": "  \\begin{reference} \\cite[Example 3.1.9]{SV} \\end{reference} There exist relative $r$-cycles which are not equidimensional. Namely, let $k$ be a field and let $X = \\mathop{\\mathrm{Spec}}(k[x, y, t])$ over $S = \\mathop{\\mathrm{Spec}}(k[x, y])$. Let $s$ be a point of $S$ and denote $a, b \\in \\kappa(s)$ the images of $x$ and $y$. Consider the family $\\alpha$ of $0$-cycles on $X/S$ defined by \\begin{enumerate} \\item $\\alpha_s = 0$ if $b = 0$ and otherwise \\item $\\alpha_s = [p] - [q]$ where $p$, resp.\\ $q$ is the $\\kappa(s)$-rational point of $\\mathop{\\mathrm{Spec}}(\\kappa(s)[t])$ with $t = a/b$, resp.\\ $t = (a + b^2)/b$. \\end{enumerate} We leave it to the reader to show that this is compatible with specializations; the idea is that $a/b$ and $(a + b^2)/b = a/b + b$ limit to the same point in $\\mathbf{P}^1$ over the residue field of any valuation $v$ on $\\kappa(s)$ with $v(b) > 0$. On the other hand, the closure of the support of $\\alpha$ contains the whole fibre over $(0, 0)$. ",
        "label": "example-not-equidimensional",
        "tag": "0H5J",
        "url": "https://stacks.math.columbia.edu/tag/0H5J",
        "source_filename": "relative-cycles.tex"
    },
    {
        "theorem": "Lemma 61.7.3.",
        "body": "  Let $f : X \\to S$ be a morphism of schemes. Assume $S$ is locally Noetherian and $f$ is locally of finite type. Let $r \\geq 0$ be an integer. Let $\\alpha$ be a relative $r$-cycle on $X/S$. If $\\alpha$ is equidimensional, then any restriction, base change, or flat pullback of $\\alpha$ is equidimensional. ",
        "label": "lemma-equidimensional-functoriality",
        "tag": "0H5K",
        "url": "https://stacks.math.columbia.edu/tag/0H5K",
        "source_filename": "relative-cycles.tex"
    },
    {
        "theorem": "Lemma 61.7.4.",
        "body": "  Let $f : X \\to S$ be a morphism of schemes. Assume $S$ locally Noetherian and $f$ locally of finite type. Let $r \\geq 0$ be an integer. Let $\\alpha$ be a relative $r$-cycle on $X/S$. Then to check that $\\alpha$ is equidimensional we may work Zariski locally on $X$ and $S$. ",
        "label": "lemma-check-equidimensional",
        "tag": "0H5L",
        "url": "https://stacks.math.columbia.edu/tag/0H5L",
        "source_filename": "relative-cycles.tex"
    },
    {
        "theorem": "Lemma 61.7.5.",
        "body": "  Let $f : X \\to S$ be a morphism of schemes. Assume $S$ locally Noetherian and $f$ locally of finite type. Let $r \\geq 0$ be an integer. Let $\\alpha$ be a relative $r$-cycle on $X/S$. Let $\\{g_i : S_i \\to S\\}$ be an fppf covering. Then $\\alpha$ is equidimensional if and only if each base change $g_i^*\\alpha$ is equidimensional. ",
        "label": "lemma-equidimensional-fppf-descent",
        "tag": "0H5M",
        "url": "https://stacks.math.columbia.edu/tag/0H5M",
        "source_filename": "relative-cycles.tex"
    },
    {
        "theorem": "Lemma 61.7.6.",
        "body": "  Let $f : X \\to S$ be a morphism of schemes. Assume $S$ locally Noetherian and $f$ locally of finite type. Let $r, e \\geq 0$ be integers. Let $\\alpha$ be a relative $r$-cycle on $X/S$. Let $\\{f_i : X_i \\to X\\}$ be a jointly surjective family of flat morphisms, locally of finite type, and of relative dimension $e$. Then $\\alpha$ is equidimensional if and only if each flat pullback $f_i^*\\alpha$ is equidimensional. ",
        "label": "lemma-equidimensional-descent-pullbacks",
        "tag": "0H5N",
        "url": "https://stacks.math.columbia.edu/tag/0H5N",
        "source_filename": "relative-cycles.tex"
    },
    {
        "theorem": "Lemma 61.7.7.",
        "body": "  Let $S$ be a locally Noetherian scheme. Let $f : X \\to S$ be a locally quasi-finite morphism of schemes. Let $\\alpha \\in z(X/S, 0)$. The map $w_\\alpha : X \\to \\mathbf{Z}$ constructed above is a weighting. Conversely, if $X$ is quasi-compact, then given a weighting $w : X \\to \\mathbf{Z}$ there exists an integer $n > 0$ such that $nw = w_\\alpha$ for some $\\alpha \\in z(X/S, 0)$. Finally, the integer $n$ may be chosen to be a power of the prime $p$ if $S$ is a scheme over $\\mathbf{F}_p$. ",
        "label": "lemma-weightings",
        "tag": "0H5P",
        "url": "https://stacks.math.columbia.edu/tag/0H5P",
        "source_filename": "relative-cycles.tex"
    },
    {
        "theorem": "Definition 61.8.1.",
        "body": "  Let $f : X \\to S$ be a morphism of schemes. Assume $S$ is locally Noetherian and $f$ is locally of finite type. Let $r \\geq 0$ be an integer. We say a relative $r$-cycle $\\alpha$ on $X/S$ {\\it effective} if $\\alpha_s$ is an effective cycle (Chow Homology, Definition \\ref{chow-definition-effective-cycle}) for all $s \\in S$. The monoid of all effective relative $r$-cycles on $X/S$ is denoted $z^{eff}(X/S, r)$. ",
        "label": "definition-effective",
        "tag": "0H5R",
        "url": "https://stacks.math.columbia.edu/tag/0H5R",
        "source_filename": "relative-cycles.tex"
    },
    {
        "theorem": "Lemma 61.8.2.",
        "body": "  Let $f : X \\to S$ be a morphism of schemes. Assume $S$ is locally Noetherian and $f$ is locally of finite type. Let $r \\geq 0$ be an integer. Let $\\alpha$ be a relative $r$-cycle on $X/S$. If $\\alpha$ is effective, then any restriction, base change, flat pullback, or proper pushforward of $\\alpha$ is effective. ",
        "label": "lemma-effective-functoriality",
        "tag": "0H5S",
        "url": "https://stacks.math.columbia.edu/tag/0H5S",
        "source_filename": "relative-cycles.tex"
    },
    {
        "theorem": "Lemma 61.8.3.",
        "body": "  Let $f : X \\to S$ be a morphism of schemes. Assume $S$ locally Noetherian and $f$ locally of finite type. Let $r \\geq 0$ be an integer. Let $\\alpha$ be a relative $r$-cycle on $X/S$. Then to check that $\\alpha$ is effective we may work Zariski locally on $X$ and $S$. ",
        "label": "lemma-check-effective",
        "tag": "0H5T",
        "url": "https://stacks.math.columbia.edu/tag/0H5T",
        "source_filename": "relative-cycles.tex"
    },
    {
        "theorem": "Lemma 61.8.4.",
        "body": "  Let $f : X \\to S$ be a morphism of schemes. Assume $S$ locally Noetherian and $f$ locally of finite type. Let $r \\geq 0$ be an integer. Let $\\alpha$ be a relative $r$-cycle on $X/S$. Let $g : S' \\to S$ be a surjective morphism. Then $\\alpha$ is effective if and only if the base change $g^*\\alpha$ is effective. ",
        "label": "lemma-effective-descent",
        "tag": "0H5U",
        "url": "https://stacks.math.columbia.edu/tag/0H5U",
        "source_filename": "relative-cycles.tex"
    },
    {
        "theorem": "Lemma 61.8.5.",
        "body": "  Let $f : X \\to S$ be a morphism of schemes. Assume $S$ locally Noetherian and $f$ locally of finite type. Let $r, e \\geq 0$ be integers. Let $\\alpha$ be a relative $r$-cycle on $X/S$. Let $\\{f_i : X_i \\to X\\}$ be a jointly surjective family of flat morphisms, locally of finite type, and of relative dimension $e$. Then $\\alpha$ is effective if and only if each flat pullback $f_i^*\\alpha$ is effective. ",
        "label": "lemma-effective-descent-pullbacks",
        "tag": "0H5V",
        "url": "https://stacks.math.columbia.edu/tag/0H5V",
        "source_filename": "relative-cycles.tex"
    },
    {
        "theorem": "Lemma 61.8.6.",
        "body": "  Let $f : X \\to S$ be a morphism of schemes. Assume $S$ locally Noetherian and $f$ locally of finite type. Let $r, e \\geq 0$ be integers. Let $\\alpha$ be a relative $r$-cycle on $X/S$. If $\\alpha$ is effective, then $\\text{Supp}(\\alpha)$ is closed in $X$. ",
        "label": "lemma-effective-support-closed",
        "tag": "0H5W",
        "url": "https://stacks.math.columbia.edu/tag/0H5W",
        "source_filename": "relative-cycles.tex"
    },
    {
        "theorem": "Lemma 61.8.7.",
        "body": "  Let $f : X \\to S$ be a morphism of schemes. Assume $S$ locally Noetherian and $f$ locally of finite type. Let $r, e \\geq 0$ be integers. Let $\\alpha$ be a relative $r$-cycle on $X/S$. If $\\alpha$ is effective, then $\\alpha$ is equidimensional. ",
        "label": "lemma-effective-equidimensional",
        "tag": "0H5X",
        "url": "https://stacks.math.columbia.edu/tag/0H5X",
        "source_filename": "relative-cycles.tex"
    },
    {
        "theorem": "Remark 61.8.8.",
        "body": "  Let $f : X \\to S$ be a morphism of schemes with $S$ locally Noetherian and $f$ locally of finite type. We can ask if the contravariant functor $$ \\begin{matrix} \\text{schemes }S'\\text{ locally} \\\\ \\text{of finite type over }S \\end{matrix} \\longrightarrow z^{eff}(X'/S', r)\\text{ where }X' = S' \\times_S X $$ is representable. Since $z(X'/S', r) = z(X'_{red}/S'_{red}, r)$ this cannot be true (we leave it to the reader to make an actual counter example). A better question would be if we can find a subcategory of the left hand side on which the functor is representable. Lemma \\ref{lemma-seminormalize-base} suggests we should restrict at least to the category of seminormal schemes over $S$. \\medskip\\noindent If $S/\\mathop{\\mathrm{Spec}}(\\mathbf{Q})$ is Nagata and $f$ is a projective morphism, then it turns out that $S' \\mapsto z^{eff}(X'/S', r)$ is representable on the category of seminormal $S'$. Roughly speaking this is the content of \\cite[Theorem 3.21]{KRC}. \\medskip\\noindent If $S$ has points of positive characteristic, then this no longer works even if we replace seminormality with weak normality; a locally Noetherian scheme $T$ is weakly normal if any birational universal homeomorphism $T' \\to T$ has a section. An example is to consider $0$-cycles of degree $2$ on $X = \\mathbf{A}^2_k$ over $S = \\mathop{\\mathrm{Spec}}(k)$ where $k$ is a field of characteristic $2$. Namely, over $W = X \\times_S X$ we have a canonical relative $0$-cycle $\\alpha \\in z^{eff}(X_W/W, 0)$: for $w = (x_1, x_2) \\in W = X^2$ we have the cycle $\\alpha_w = [x_1] + [x_2]$. This cycle is invariant under the involution $\\sigma : W \\to W$ switching the factors. Since $W$ is smooth (hence normal, hence weakly normal), if $z(-/-, r)$ was representable by $M$ on the category of weakly normal schemes of finite type over $k$ we would get a $\\sigma$-invariant morphism from $W$ to $M$. This in turn would define a morphism from the quotient scheme $\\text{Sym}^2_S(X) = W/\\langle \\sigma \\rangle$ to $M$. Since $\\text{Sym}^2_S(X)$ is normal, we would by the moduli property of $M$ obtain a relative $0$-cycle $\\beta$ on $X \\times_S \\text{Sym}^2_S(X) / \\text{Sym}^2_S(X)$ whose pullback to $W$ is $\\alpha$. However, there is no such cycle $\\beta$. Namely, writing $X = \\mathop{\\mathrm{Spec}}(k[u, v])$ the scheme $\\text{Sym}^2_S(X)$ is the spectrum of $$ k[u_1 + u_2, u_1u_2, v_1 + v_2, v_1v_2, u_1v_1 + u_2v_2] \\subset k[u_1, u_2, v_1, v_2] $$ The image of the diagonal $u_1 = u_2, v_1 = v_2$ in $\\text{Sym}^2_S(X)$ is the closed subscheme $V = \\mathop{\\mathrm{Spec}}(k[u_1^2, v_1^2])$; here we use that the characteristic of $k$ is $2$. Looking at the generic point $\\eta$ of $V$, the cycle $\\beta_\\eta$ would be a zero cycle of degree $2$ on $\\mathbf{A}^2_{k(u_1^2, v_1^2)}$ whose pullback to $\\mathbf{A}^2_{k(u_1, u_2)}$ would be $2[\\text{the point with coordinates} (u_1, v_2)]$. This is clearly impossible. \\medskip\\noindent The discussion above does not contradict \\cite[Theorem 4.13]{KRC} as the Chow variety in that theorem only coarsely represents a functor (in fact 2 distinct functors, only one of which agrees with ours for projective $X$ as one can see with some work). Similarly, in \\cite[Section 4.4]{SV} it is shown that for projective $X/S$ the $h$-sheafification of the presheaf $S' \\mapsto z^{eff}(S' \\times_S X/S', r)$ is equal to the $h$-sheafification of a representable functor. ",
        "label": "remark-representable",
        "tag": "0H5Y",
        "url": "https://stacks.math.columbia.edu/tag/0H5Y",
        "source_filename": "relative-cycles.tex"
    },
    {
        "theorem": "Remark 61.8.9.",
        "body": "  Let $f : X \\to S$ be a morphism of schemes. Let $r \\geq 0$. Let $Z \\subset X$ be a closed subscheme. Assume \\begin{enumerate} \\item $S$ is Noetherian and geometrically unibranch, \\item $f$ is of finite type, and \\item $Z \\to S$ has relative dimension $\\leq r$. \\end{enumerate} Then for all sufficiently divisible integers $n \\geq 1$ there exists a unique effective relative $r$-cycle $\\alpha$ on $X/S$ such that $\\alpha_\\eta = n[Z_\\eta]_r$ for every generic point $\\eta$ of $S$. This is a reformulation of \\cite[Theorem 3.4.2]{SV}. If we ever need this result, we will precisely state and prove it here. ",
        "label": "remark-equidimensional-over-geometrically-unibranch",
        "tag": "0H5Z",
        "url": "https://stacks.math.columbia.edu/tag/0H5Z",
        "source_filename": "relative-cycles.tex"
    },
    {
        "theorem": "Definition 61.9.1.",
        "body": "  Let $f : X \\to S$ be a morphism of schemes. Assume $S$ is locally Noetherian and $f$ is locally of finite type. Let $r \\geq 0$ be an integer. We say a relative $r$-cycle $\\alpha$ on $X/S$ is a {\\it proper relative cycle} if the support of $\\alpha$ (Remark \\ref{remark-supports-family}) is contained in a closed subset $W \\subset X$ proper over $S$ (Cohomology of Schemes, Definition \\ref{coherent-definition-proper-over-base}). The group of all proper relative $r$-cycles on $X/S$ is denoted $c(X/S, r)$. ",
        "label": "definition-proper",
        "tag": "0H61",
        "url": "https://stacks.math.columbia.edu/tag/0H61",
        "source_filename": "relative-cycles.tex"
    },
    {
        "theorem": "Lemma 61.9.2.",
        "body": "  Let $f : X \\to S$ be a morphism of schemes. Assume $S$ is locally Noetherian and $f$ is locally of finite type. Let $r \\geq 0$ be an integer. Let $\\alpha$ be a relative $r$-cycle on $X/S$. If $\\alpha$ is proper, then any base change $\\alpha$ is proper. ",
        "label": "lemma-proper-functoriality",
        "tag": "0H62",
        "url": "https://stacks.math.columbia.edu/tag/0H62",
        "source_filename": "relative-cycles.tex"
    },
    {
        "theorem": "Lemma 61.9.3.",
        "body": "  Let $f : X \\to S$ be a morphism of schemes. Assume $S$ locally Noetherian and $f$ locally of finite type. Let $r \\geq 0$ be an integer. Let $\\alpha$ be a relative $r$-cycle on $X/S$. Let $\\{g_i : S_i \\to S\\}$ be a h covering. Then $\\alpha$ is proper if and only if each base change $g_i^*\\alpha$ is proper. ",
        "label": "lemma-proper-h-descent",
        "tag": "0H63",
        "url": "https://stacks.math.columbia.edu/tag/0H63",
        "source_filename": "relative-cycles.tex"
    },
    {
        "theorem": "Lemma 61.11.1.",
        "body": "  The construction above is bilinear, i.e., we have $(\\alpha_1 + \\alpha_2) \\cap \\beta = \\alpha_1 \\cap \\beta + \\alpha_2 \\cap \\beta$ and $\\alpha \\cap (\\beta_1 + \\beta_2) = \\alpha \\cap \\beta_1 + \\alpha \\cap \\beta_2$. ",
        "label": "lemma-action-bilinear",
        "tag": "0H66",
        "url": "https://stacks.math.columbia.edu/tag/0H66",
        "source_filename": "relative-cycles.tex"
    },
    {
        "theorem": "Lemma 61.11.2.",
        "body": "  If $U \\subset X$ and $V \\subset Y$ are open and $f(U) \\subset V$, then $(\\alpha \\cap \\beta)|_U$ is equal to $\\alpha|_U \\cap \\beta|_V$. ",
        "label": "lemma-action-opens",
        "tag": "0H67",
        "url": "https://stacks.math.columbia.edu/tag/0H67",
        "source_filename": "relative-cycles.tex"
    },
    {
        "theorem": "Lemma 61.11.3.",
        "body": "  Forming $\\alpha \\cap \\beta$ is compatible with flat base change and flat pullback (see proof for elucidation). ",
        "label": "lemma-action-base-change",
        "tag": "0H68",
        "url": "https://stacks.math.columbia.edu/tag/0H68",
        "source_filename": "relative-cycles.tex"
    },
    {
        "theorem": "Lemma 61.11.4.",
        "body": "  Let $(S, \\delta)$ and $f : X \\to Y$ be as above. Let $\\mathcal{F}$ be a coherent $\\mathcal{O}_X$-module with $\\dim(\\text{Supp}(\\mathcal{F}_y)) \\leq r$ for all $y \\in Y$. Let $\\mathcal{G}$ be a coherent $\\mathcal{O}_Y$-module with $\\dim_\\delta(\\text{Supp}(\\mathcal{G})) \\leq e$. Set $\\alpha = [\\mathcal{F}/X/Y]_r$ (Example \\ref{example-family-associated-module}) and $\\beta = [\\mathcal{G}]_e$ (Chow Homology, Definition \\ref{chow-definition-cycle-associated-to-coherent-sheaf}). If $\\mathcal{F}$ is flat over $Y$, then $\\alpha \\cap \\beta = [\\mathcal{F} \\otimes_{\\mathcal{O}_X} f^*\\mathcal{G}]_{r + e}$. ",
        "label": "lemma-action-coherent",
        "tag": "0H69",
        "url": "https://stacks.math.columbia.edu/tag/0H69",
        "source_filename": "relative-cycles.tex"
    },
    {
        "theorem": "Lemma 61.11.5.",
        "body": "  Let $(S, \\delta)$ and $f : X \\to Y$ be as above. Let $Z \\subset X$ be a closed subscheme of relative dimension $\\leq r$ over $Y$. Set $\\alpha = [Z/X/Y]_r$ (Example \\ref{example-family-associated-closed}). Let $W \\subset Y$ be a closed subscheme of $\\delta$-dimension $\\leq e$. Set $\\beta = [W]_e$ (Chow Homology, Definition \\ref{chow-definition-cycle-associated-to-closed-subscheme}). If $Z$ is flat over $Y$, then $\\alpha \\cap \\beta = [Z \\times_Y W]_{r + e}$. ",
        "label": "lemma-action-closed",
        "tag": "0H6A",
        "url": "https://stacks.math.columbia.edu/tag/0H6A",
        "source_filename": "relative-cycles.tex"
    },
    {
        "theorem": "Lemma 61.11.6.",
        "body": "  Let $(S, \\delta)$ be as above. Let $$ \\xymatrix{ X' \\ar[r]_f \\ar[d] & X \\ar[d] \\\\ Y' \\ar[r]^g & Y } $$ be a cartesian diagram of schemes locally of finite type over $S$ with $g$ proper. Let $r, e \\geq 0$. Let $\\alpha$ be a family of $r$-cycles on the fibres of $X/Y$. Let $\\beta' \\in Z_e(Y')$. Then we have $f_*(g^*\\alpha \\cap \\beta') = \\alpha \\cap g_*\\beta'$. ",
        "label": "lemma-action-push-pull",
        "tag": "0H6B",
        "url": "https://stacks.math.columbia.edu/tag/0H6B",
        "source_filename": "relative-cycles.tex"
    },
    {
        "theorem": "Lemma 61.12.1.",
        "body": "  Let $(S, \\delta)$ be as in Section \\ref{section-action}. Let $f : X' \\to X$ be a proper morphism of schemes locally of finite type over $S$. Let $(\\mathcal{L}, s, i : D \\to X)$ be as in Chow Homology, Definition \\ref{chow-definition-gysin-homomorphism}. Form the diagram $$ \\xymatrix{ D' \\ar[d]_g \\ar[r]_{i'} & X' \\ar[d]^f \\\\ D \\ar[r]^i & X } $$ as in Chow Homology, Remark \\ref{chow-remark-pullback-pairs}. If $\\mathcal{L}|_D \\cong \\mathcal{O}_D$, then $i^*f_*\\alpha' = g_*(i')^*\\alpha'$ in $Z_k(D)$ for any $\\alpha' \\in Z_{k + 1}(X')$. ",
        "label": "lemma-closed-in-X-gysin",
        "tag": "0H6D",
        "url": "https://stacks.math.columbia.edu/tag/0H6D",
        "source_filename": "relative-cycles.tex"
    },
    {
        "theorem": "Lemma 61.12.2.",
        "body": "  Let $(S, \\delta)$ be as in Section \\ref{section-action}. Let $X \\to Y$ be a morphism of schemes locally of finite type over $S$. Let $r \\geq 0$ and let $\\alpha \\in z(X/Y, r)$ be a relative $r$-cycle on $X/Y$. Let $(\\mathcal{L}, s, i : D \\to Y)$ be as in Chow Homology, Definition \\ref{chow-definition-gysin-homomorphism}. Form the cartesian diagram $$ \\xymatrix{ E \\ar[d] \\ar[r]_j & X \\ar[d] \\\\ D \\ar[r]^i & Y } $$ See Chow Homology, Remark \\ref{chow-remark-pullback-pairs}. If $\\mathcal{L}|_D \\cong \\mathcal{O}_D$, then for $e \\in \\mathbf{Z}$ the diagram $$ \\xymatrix{ Z_e(D) \\ar[rr]_{i^*\\alpha \\cap -} & & Z_{e + r}(E) \\\\ Z_{e + 1}(Y) \\ar[u]^{i^*} \\ar[rr]^{\\alpha \\cap -} & & Z_{r + e + 1}(X) \\ar[u]_{j^*} } $$ commutes where the vertical arrows $i^*$ and $j^*$ are the Gysin maps on cycles as in Chow Homology, Remark \\ref{chow-remark-gysin-on-cycles}. ",
        "label": "lemma-action-gysin",
        "tag": "0H6E",
        "url": "https://stacks.math.columbia.edu/tag/0H6E",
        "source_filename": "relative-cycles.tex"
    },
    {
        "theorem": "Proposition 61.12.3.",
        "body": "  Let $(S, \\delta)$ be as in Section \\ref{section-action}. Let $X \\to Y$ be a morphism of schemes locally of finite type over $S$. Let $r \\geq 0$ and let $\\alpha \\in z(X/Y, r)$ be a relative $r$-cycle on $X/Y$. The rule that to every morphism $g : Y' \\to Y$ locally of finite type and every $e \\in \\mathbf{Z}$ associates the operation $$ g^*\\alpha \\cap - : Z_e(Y') \\to Z_{r + e}(X') $$ where $X' = Y' \\times_Y X$ factors through rational equivalence to define a bivariant class $c(\\alpha) \\in A^{-r}(X \\to Y)$. ",
        "label": "proposition-get-bivariant-class",
        "tag": "0H6F",
        "url": "https://stacks.math.columbia.edu/tag/0H6F",
        "source_filename": "relative-cycles.tex"
    },
    {
        "theorem": "Remark 61.12.4.",
        "body": "  Let $(S, \\delta)$ be as in Section \\ref{section-action}. Let $X \\to Y$ be a morphism of schemes locally of finite type over $S$. Let $r \\geq 0$. Let $c$ be a rule that to every morphism $g : Y' \\to Y$ locally of finite type and every $e \\in \\mathbf{Z}$ associates an operation $$ c \\cap - : Z_e(Y') \\to Z_{r + e}(X') $$ compatible with proper pushforward, flat pullback, and Gysin maps as in Lemma \\ref{lemma-action-gysin}. Then we claim there is a relative $r$-cycle $\\alpha$ on $X/Y$ such that $c \\cap = g^*\\alpha \\cap -$ for every $g$ as above. If we ever need this, we will carefully state and prove this here. ",
        "label": "remark-characterize-relative-cycles",
        "tag": "0H6G",
        "url": "https://stacks.math.columbia.edu/tag/0H6G",
        "source_filename": "relative-cycles.tex"
    },
    {
        "theorem": "Lemma 61.13.1.",
        "body": "  The construction above is bilinear, i.e., we have $(\\alpha_1 + \\alpha_2) \\circ \\beta \\alpha_1 \\circ \\beta + \\alpha_1 \\circ \\beta$ and $\\alpha \\circ (\\beta_1 + \\beta_2) = \\alpha \\circ \\beta_1 + \\alpha \\circ \\beta_2$. ",
        "label": "lemma-construction-bilinear",
        "tag": "0H6I",
        "url": "https://stacks.math.columbia.edu/tag/0H6I",
        "source_filename": "relative-cycles.tex"
    },
    {
        "theorem": "Lemma 61.13.2.",
        "body": "  If $U \\subset X$ and $V \\subset Y$ are open and $f(U) \\subset V$, then $(\\alpha \\circ \\beta)|_U$ is equal to $\\alpha|_U \\circ \\beta|_V$. ",
        "label": "lemma-construction-opens",
        "tag": "0H6J",
        "url": "https://stacks.math.columbia.edu/tag/0H6J",
        "source_filename": "relative-cycles.tex"
    },
    {
        "theorem": "Lemma 61.13.3.",
        "body": "  The formation of $\\alpha \\circ \\beta$ is compatible with base change. ",
        "label": "lemma-construction-base-change",
        "tag": "0H6K",
        "url": "https://stacks.math.columbia.edu/tag/0H6K",
        "source_filename": "relative-cycles.tex"
    },
    {
        "theorem": "Lemma 61.13.4.",
        "body": "  Let $f : X \\to Y$ and $Y \\to S$ be morphisms of schemes, both locally of finite type. Let $r, e \\geq 0$. Let $\\mathcal{F}$ be a quasi-coherent $\\mathcal{O}_X$-module of finite type, with $\\dim(\\text{Supp}(\\mathcal{F}_y)) \\leq r$ for all $y \\in Y$. Let $\\mathcal{G}$  be a quasi-coherent $\\mathcal{O}_Y$-module of finite type, with $\\dim(\\text{Supp}(\\mathcal{G}_s)) \\leq e$ for all $s \\in S$. If $\\alpha = [\\mathcal{F}/X/Y]_r$ and $\\beta = [\\mathcal{G}/Y/S]_e$ (Example \\ref{example-family-associated-module}) and $\\mathcal{F}$ is flat over $Y$, then $\\alpha \\circ \\beta = [\\mathcal{F} \\otimes_{\\mathcal{O}_X} f^*\\mathcal{G}/X/S]_{r + e}$. ",
        "label": "lemma-construction-coherent",
        "tag": "0H6L",
        "url": "https://stacks.math.columbia.edu/tag/0H6L",
        "source_filename": "relative-cycles.tex"
    },
    {
        "theorem": "Lemma 61.13.5.",
        "body": "  Let $f : X \\to Y$ and $Y \\to S$ be morphisms of schemes, both locally of finite type. Let $r, e \\geq 0$. Let $Z \\subset X$ be a closed subscheme of relative dimension $\\leq r$ over $Y$. Let $W \\subset Y$ be a closed subscheme of relative dimension $\\leq e$ over $S$. If $\\alpha = [Z/X/Y]_r$ and $\\beta = [W/Y/S]_e$ (Example \\ref{example-family-associated-closed}) and $Z$ is flat over $Y$, then $\\alpha \\circ \\beta = [Z \\times_Y W/X/S]_{r + e}$. ",
        "label": "lemma-construction-closed",
        "tag": "0H6M",
        "url": "https://stacks.math.columbia.edu/tag/0H6M",
        "source_filename": "relative-cycles.tex"
    },
    {
        "theorem": "Lemma 61.13.6.",
        "body": "  Let $S$ be a scheme. Let $$ \\xymatrix{ X' \\ar[r]_f \\ar[d] & X \\ar[d] \\\\ Y' \\ar[r]^g & Y } $$ be a cartesian diagram of schemes locally of finite type over $S$ with $g$ proper. Let $r, e \\geq 0$. Let $\\alpha$ be a family of $r$-cycles on the fibres of $X/Y$. Let $\\beta'$ be a family of $e$-cycles on the fibres of $Y'/S$. Then we have $f_*(g^*(\\alpha) \\circ \\beta') = \\alpha \\circ g_*\\beta'$. ",
        "label": "lemma-construction-push-pull",
        "tag": "0H6N",
        "url": "https://stacks.math.columbia.edu/tag/0H6N",
        "source_filename": "relative-cycles.tex"
    },
    {
        "theorem": "Lemma 61.13.7.",
        "body": "  Let $(S, \\delta)$ be as in Chow Homology, Situation \\ref{chow-situation-setup}. Let $X \\to Y \\to Z$ be morphisms of schemes locally of finite type over $S$. Let $r, s, e \\geq 0$. Then $$ (\\alpha \\circ \\beta) \\cap \\gamma = \\alpha \\cap (\\beta \\cap \\gamma) \\quad\\text{in}\\quad Z_{r + s + e}(X) $$ where $\\alpha$ is a family of $r$-cycles on fibres of $X/Y$, $\\beta$ is a family of $s$-cycles on fibres of $Y/Z$, and $\\gamma \\in Z_e(Z)$. ",
        "label": "lemma-construction-composition",
        "tag": "0H6P",
        "url": "https://stacks.math.columbia.edu/tag/0H6P",
        "source_filename": "relative-cycles.tex"
    },
    {
        "theorem": "Lemma 61.14.1.",
        "body": "  If $\\alpha$ and $\\beta$ are relative cycles, then so is $\\alpha \\circ \\beta$. ",
        "label": "lemma-well-defined",
        "tag": "0H6R",
        "url": "https://stacks.math.columbia.edu/tag/0H6R",
        "source_filename": "relative-cycles.tex"
    },
    {
        "theorem": "Lemma 61.14.2.",
        "body": "  Let $f : X \\to Y$ and $g : Y \\to S$ be a morphisms of schemes. Assume $S$ locally Noetherian, $g$ locally of finite type and flat of relative dimension $e \\ge 0$, and $f$ locally of finite type and flat of relative dimension $r \\geq 0$. Then $[X/X/Y]_r \\circ [Y/Y/S]_e = [X/X/S]_{r + e}$ in $z(X/S, r + e)$. ",
        "label": "lemma-composition-fundamental-cycles",
        "tag": "0H6S",
        "url": "https://stacks.math.columbia.edu/tag/0H6S",
        "source_filename": "relative-cycles.tex"
    },
    {
        "theorem": "Lemma 61.16.1.",
        "body": "  Let $S$ be a quasi-compact and quasi-separated scheme. Let $f : X \\to S$ be a morphism of finite presentation. Let $r \\geq 0$ and let $\\alpha$ be a family of $r$-cycles on fibres of $X/S$. The following are equivalent \\begin{enumerate} \\item there exists a cartesian diagram $$ \\xymatrix{ X \\ar[r] \\ar[d] & X_0 \\ar[d] \\\\ S \\ar[r] & S_0 } $$ where $X_0 \\to S_0$ is a finite type morphism of Noetherian schemes and $\\alpha_0 \\in z(X_0/S_0, r)$ such that $\\alpha$ is the base change of $\\alpha_0$ by $S \\to S_0$ \\item there exists a completely decomposed proper morphism $g : S' \\to S$ of finite presentation such that $g^*\\alpha$ is in the image of (\\ref{equation-cycle-classes-general}). \\end{enumerate} ",
        "label": "lemma-relative-r-cycle-general",
        "tag": "0H6W",
        "url": "https://stacks.math.columbia.edu/tag/0H6W",
        "source_filename": "relative-cycles.tex"
    }
]