[
    {
        "theorem": "Lemma 54.2.1.",
        "body": "  Let $\\varphi : R[x]/(x^p - a) \\to R[y]/(y^p - b)$ be an $R$-algebra homomorphism. Then $\\text{Tr}_x = \\text{Tr}_y \\circ \\varphi$. ",
        "label": "lemma-trace-well-defined",
        "tag": "0ADZ",
        "url": "https://stacks.math.columbia.edu/tag/0ADZ",
        "source_filename": "resolve.tex"
    },
    {
        "theorem": "Lemma 54.2.2.",
        "body": "  Let $\\mathbf{F}_p \\subset \\Lambda \\subset R \\subset S$ be ring extensions and assume that $S$ is isomorphic to $R[x]/(x^p - a)$ for some $a \\in R$. Then there are canonical $R$-linear maps $$ \\text{Tr} : \\Omega^{t + 1}_{S/\\Lambda} \\longrightarrow \\Omega_{R/\\Lambda}^{t + 1} $$ for $t \\geq 0$ such that $$ \\eta_1 \\wedge \\ldots \\wedge \\eta_t \\wedge x^i\\text{d}x \\longmapsto \\left\\{ \\begin{matrix} 0 & \\text{if} & 0 \\leq i \\leq p - 2, \\\\ \\eta_1 \\wedge \\ldots \\wedge \\eta_t \\wedge \\text{d}a & \\text{if} & i = p - 1 \\end{matrix} \\right. $$ for $\\eta_i \\in \\Omega_{R/\\Lambda}$ and such that $\\text{Tr}$ annihilates the image of $S \\otimes_R \\Omega_{R/\\Lambda}^{t + 1} \\to \\Omega_{S/\\Lambda}^{t + 1}$. ",
        "label": "lemma-trace-higher",
        "tag": "0AX5",
        "url": "https://stacks.math.columbia.edu/tag/0AX5",
        "source_filename": "resolve.tex"
    },
    {
        "theorem": "Remark 54.2.3.",
        "body": "  Let $\\mathbf{F}_p \\subset \\Lambda \\subset R \\subset S$ and $\\text{Tr}$ be as in Lemma \\ref{lemma-trace-higher}. By de Rham Cohomology, Proposition \\ref{derham-proposition-Garel} there is a canonical map of complexes $$ \\Theta_{S/R} : \\Omega_{S/\\Lambda}^\\bullet \\longrightarrow \\Omega_{R/\\Lambda}^\\bullet $$ The computation in de Rham Cohomology, Example \\ref{derham-example-Garel} shows that $\\Theta_{S/R}(x^i \\text{d}x) = \\text{Tr}_x(x^i\\text{d}x)$ for all $i$. Since $\\text{Trace}_{S/R} = \\Theta^0_{S/R}$ is identically zero and since $$ \\Theta_{S/R}(a \\wedge b) = a \\wedge \\Theta_{S/R}(b) $$ for $a \\in \\Omega^i_{R/\\Lambda}$ and $b \\in \\Omega^j_{S/\\Lambda}$ it follows that $\\text{Tr} = \\Theta_{S/R}$. The advantage of using $\\text{Tr}$ is that it is a good deal more elementary to construct. ",
        "label": "remark-compare-Garel",
        "tag": "0FLF",
        "url": "https://stacks.math.columbia.edu/tag/0FLF",
        "source_filename": "resolve.tex"
    },
    {
        "theorem": "Lemma 54.2.4.",
        "body": "  Let $S$ be a scheme over $\\mathbf{F}_p$. Let $f : Y \\to X$ be a finite morphism of Noetherian normal integral schemes over $S$. Assume \\begin{enumerate} \\item the extension of function fields is purely inseparable of degree $p$, and \\item $\\Omega_{X/S}$ is a coherent $\\mathcal{O}_X$-module (for example if $X$ is of finite type over $S$). \\end{enumerate} For $i \\geq 1$ there is a canonical map $$ \\text{Tr} : f_*\\Omega^i_{Y/S} \\longrightarrow (\\Omega_{X/S}^i)^{**} $$ whose stalk in the generic point of $X$ recovers the trace map of Lemma \\ref{lemma-trace-higher}. ",
        "label": "lemma-trace-extends",
        "tag": "0AX6",
        "url": "https://stacks.math.columbia.edu/tag/0AX6",
        "source_filename": "resolve.tex"
    },
    {
        "theorem": "Lemma 54.3.1.",
        "body": "  Let $(A, \\mathfrak m, \\kappa)$ be a regular local ring of dimension $2$. Let $f : X \\to S = \\mathop{\\mathrm{Spec}}(A)$ be the blowing up of $A$ in $\\mathfrak m$ wotj exceptional divisor $E$. There is a closed immersion $$ r : X \\longrightarrow \\mathbf{P}^1_S $$ over $S$ such that \\begin{enumerate} \\item $r|_E : E \\to \\mathbf{P}^1_\\kappa$ is an isomorphism, \\item $\\mathcal{O}_X(E) = \\mathcal{O}_X(-1) = r^*\\mathcal{O}_{\\mathbf{P}^1}(-1)$, and \\item $\\mathcal{C}_{E/X} = (r|_E)^*\\mathcal{O}_{\\mathbf{P}^1}(1)$ and $\\mathcal{N}_{E/X} = (r|_E)^*\\mathcal{O}_{\\mathbf{P}^1}(-1)$. \\end{enumerate} ",
        "label": "lemma-blowup",
        "tag": "0AGQ",
        "url": "https://stacks.math.columbia.edu/tag/0AGQ",
        "source_filename": "resolve.tex"
    },
    {
        "theorem": "Lemma 54.3.2.",
        "body": "  Let $(A, \\mathfrak m, \\kappa)$ be a regular local ring of dimension $2$. Let $f : X \\to S = \\mathop{\\mathrm{Spec}}(A)$ be the blowing up of $A$ in $\\mathfrak m$. Then $X$ is an irreducible regular scheme. ",
        "label": "lemma-blowup-regular",
        "tag": "0AGR",
        "url": "https://stacks.math.columbia.edu/tag/0AGR",
        "source_filename": "resolve.tex"
    },
    {
        "theorem": "Lemma 54.3.3.",
        "body": "  Let $(A, \\mathfrak m, \\kappa)$ be a regular local ring of dimension $2$. Let $f : X \\to S = \\mathop{\\mathrm{Spec}}(A)$ be the blowing up of $A$ in $\\mathfrak m$. Then $\\mathop{\\mathrm{Pic}}\\nolimits(X) = \\mathbf{Z}$ generated by $\\mathcal{O}_X(E)$. ",
        "label": "lemma-blowup-pic",
        "tag": "0C5G",
        "url": "https://stacks.math.columbia.edu/tag/0C5G",
        "source_filename": "resolve.tex"
    },
    {
        "theorem": "Lemma 54.3.4.",
        "body": "  Let $(A, \\mathfrak m, \\kappa)$ be a regular local ring of dimension $2$. Let $f : X \\to S = \\mathop{\\mathrm{Spec}}(A)$ be the blowing up of $A$ in $\\mathfrak m$. Let $\\mathcal{F}$ be a quasi-coherent $\\mathcal{O}_X$-module. \\begin{enumerate} \\item $H^p(X, \\mathcal{F}) = 0$ for $p \\not \\in \\{0, 1\\}$, \\item $H^1(X, \\mathcal{O}_X(n)) = 0$ for $n \\geq -1$, \\item $H^1(X, \\mathcal{F}) = 0$ if $\\mathcal{F}$ or $\\mathcal{F}(1)$ is globally generated, \\item $H^0(X, \\mathcal{O}_X(n)) = \\mathfrak m^{\\max(0, n)}$, \\item $\\text{length}_A H^1(X, \\mathcal{O}_X(n)) = -n(-n - 1)/2$ if $n < 0$. \\end{enumerate} ",
        "label": "lemma-cohomology-of-blowup",
        "tag": "0AGS",
        "url": "https://stacks.math.columbia.edu/tag/0AGS",
        "source_filename": "resolve.tex"
    },
    {
        "theorem": "Lemma 54.3.5.",
        "body": "  Let $(A, \\mathfrak m)$ be a regular local ring of dimension $2$. Let $f : X \\to S = \\mathop{\\mathrm{Spec}}(A)$ be the blowing up of $A$ in $\\mathfrak m$. Let $\\mathfrak m^n \\subset I \\subset \\mathfrak m$ be an ideal. Let $d \\geq 0$ be the largest integer such that $$ I \\mathcal{O}_X \\subset \\mathcal{O}_X(-dE) $$ where $E$ is the exceptional divisor. Set $\\mathcal{I}' = I\\mathcal{O}_X(dE) \\subset \\mathcal{O}_X$. Then $d > 0$, the sheaf $\\mathcal{O}_X/\\mathcal{I}'$ is supported in finitely many closed points $x_1, \\ldots, x_r$ of $X$, and \\begin{align*} \\text{length}_A(A/I) & > \\text{length}_A \\Gamma(X, \\mathcal{O}_X/\\mathcal{I}') \\\\ & \\geq \\sum\\nolimits_{i = 1, \\ldots, r} \\text{length}_{\\mathcal{O}_{X, x_i}} (\\mathcal{O}_{X, x_i}/\\mathcal{I}'_{x_i}) \\end{align*} ",
        "label": "lemma-blowup-improve",
        "tag": "0AGT",
        "url": "https://stacks.math.columbia.edu/tag/0AGT",
        "source_filename": "resolve.tex"
    },
    {
        "theorem": "Lemma 54.3.6.",
        "body": "  Let $(A, \\mathfrak m, \\kappa)$ be a regular local ring of dimension $2$. Let $f : X \\to S = \\mathop{\\mathrm{Spec}}(A)$ be the blowing up of $A$ in $\\mathfrak m$. Then $\\Omega_{X/S} = i_*\\Omega_{E/\\kappa}$, where $i : E \\to X$ is the immersion of the exceptional divisor. ",
        "label": "lemma-differentials-of-blowup",
        "tag": "0B4L",
        "url": "https://stacks.math.columbia.edu/tag/0B4L",
        "source_filename": "resolve.tex"
    },
    {
        "theorem": "Lemma 54.4.1.",
        "body": "  Let $X$ be a Noetherian scheme. Let $T \\subset X$ be a finite set of closed points $x$ such that $\\mathcal{O}_{X, x}$ is regular of dimension $2$ for $x \\in T$. Let $\\mathcal{I} \\subset \\mathcal{O}_X$ be a quasi-coherent sheaf of ideals such that $\\mathcal{O}_X/\\mathcal{I}$ is supported on $T$. Then there exists a sequence $$ X_n \\to X_{n - 1} \\to \\ldots \\to X_1 \\to X_0 = X $$ where $X_{i + 1} \\to X_i$ is the blowing up of $X_i$ at a closed point lying above a point of $T$ such that $\\mathcal{I}\\mathcal{O}_{X_n}$ is an invertible ideal sheaf. ",
        "label": "lemma-make-ideal-principal",
        "tag": "0AHH",
        "url": "https://stacks.math.columbia.edu/tag/0AHH",
        "source_filename": "resolve.tex"
    },
    {
        "theorem": "Lemma 54.4.2.",
        "body": "  Let $X$ be a Noetherian scheme. Let $T \\subset X$ be a finite set of closed points $x$ such that $\\mathcal{O}_{X, x}$ is a regular local ring of dimension $2$. Let $f : Y \\to X$ be a proper morphism of schemes which is an isomorphism over $U = X \\setminus T$. Then there exists a sequence $$ X_n \\to X_{n - 1} \\to \\ldots \\to X_1 \\to X_0 = X $$ where $X_{i + 1} \\to X_i$ is the blowing up of $X_i$ at a closed point $x_i$ lying above a point of $T$ and a factorization $X_n \\to Y \\to X$ of the composition. ",
        "label": "lemma-dominate-by-blowing-up-in-points",
        "tag": "0AHI",
        "url": "https://stacks.math.columbia.edu/tag/0AHI",
        "source_filename": "resolve.tex"
    },
    {
        "theorem": "Lemma 54.4.3.",
        "body": "  Let $S$ be a scheme. Let $X$ be a scheme over $S$ which is regular and has dimension $2$. Let $Y$ be a proper scheme over $S$. Given an $S$-rational map $f : U \\to Y$ from $X$ to $Y$ there exists a sequence $$ X_n \\to X_{n - 1} \\to \\ldots \\to X_1 \\to X_0 = X $$ and an $S$-morphism $f_n : X_n \\to Y$ such that $X_{i + 1} \\to X_i$ is the blowing up of $X_i$ at a closed point not lying over $U$ and $f_n$ and $f$ agree. ",
        "label": "lemma-extend-rational-map-blowing-up",
        "tag": "0C5H",
        "url": "https://stacks.math.columbia.edu/tag/0C5H",
        "source_filename": "resolve.tex"
    },
    {
        "theorem": "Definition 54.5.1.",
        "body": "  Let $X$ be a scheme such that every quasi-compact open has finitely many irreducible components. Let $x \\in X$ be a closed point. The {\\it normalized blowup of $X$ at $x$} is the composition $X'' \\to X' \\to X$ where $X' \\to X$ is the blowup of $X$ in $x$ and $X'' \\to X'$ is the normalization of $X'$. ",
        "label": "definition-normalized-blowup",
        "tag": "0BBS",
        "url": "https://stacks.math.columbia.edu/tag/0BBS",
        "source_filename": "resolve.tex"
    },
    {
        "theorem": "Lemma 54.5.2.",
        "body": "  In Definition \\ref{definition-normalized-blowup} if $X$ is Nagata, then the normalized blowing up of $X$ at $x$ is normal, Nagata, and proper over $X$. ",
        "label": "lemma-Nagata-normalized-blowup",
        "tag": "0BFT",
        "url": "https://stacks.math.columbia.edu/tag/0BFT",
        "source_filename": "resolve.tex"
    },
    {
        "theorem": "Lemma 54.5.3.",
        "body": "  Let $X$ be a scheme which is Noetherian, Nagata, and has dimension $2$. Let $f : Y \\to X$ be a proper birational morphism. Then there exists a commutative diagram $$ \\xymatrix{ X_n \\ar[r] \\ar[d] & X_{n - 1} \\ar[r] & \\ldots \\ar[r] & X_1 \\ar[r] & X_0 \\ar[d] \\\\ Y \\ar[rrrr]  & & & & X } $$ where $X_0 \\to X$ is the normalization and where $X_{i + 1} \\to X_i$ is the normalized blowing up of $X_i$ at a closed point. ",
        "label": "lemma-dominate-by-normalized-blowing-up",
        "tag": "0BBT",
        "url": "https://stacks.math.columbia.edu/tag/0BBT",
        "source_filename": "resolve.tex"
    },
    {
        "theorem": "Lemma 54.5.4.",
        "body": "  Let $S$ be a scheme. Let $X$ be a scheme over $S$ which is Noetherian, Nagata, and has dimension $2$. Let $Y$ be a proper scheme over $S$. Given an $S$-rational map $f : U \\to Y$ from $X$ to $Y$ there exists a sequence $$ X_n \\to X_{n - 1} \\to \\ldots \\to X_1 \\to X_0 \\to X $$ and an $S$-morphism $f_n : X_n \\to Y$ such that $X_0 \\to X$ is the normalization, $X_{i + 1} \\to X_i$ is the normalized blowing up of $X_i$ at a closed point, and $f_n$ and $f$ agree. ",
        "label": "lemma-extend-rational-map-normalized-blowing-up",
        "tag": "0C5I",
        "url": "https://stacks.math.columbia.edu/tag/0C5I",
        "source_filename": "resolve.tex"
    },
    {
        "theorem": "Lemma 54.6.1.",
        "body": "  The functor $F$ (\\ref{equation-equivalence}) is an equivalence. ",
        "label": "lemma-equivalence",
        "tag": "0BFV",
        "url": "https://stacks.math.columbia.edu/tag/0BFV",
        "source_filename": "resolve.tex"
    },
    {
        "theorem": "Lemma 54.6.2.",
        "body": "  Let $S, s_i, S_i$ be as in (\\ref{equation-equivalence}). If $f : X \\to S$ corresponds to $g_i : Y_i \\to S_i$ under $F$, then $f$ is separated, proper, finite, if and only if $g_i$ is so for $i = 1, \\ldots, n$. ",
        "label": "lemma-equivalence-properties",
        "tag": "0BFW",
        "url": "https://stacks.math.columbia.edu/tag/0BFW",
        "source_filename": "resolve.tex"
    },
    {
        "theorem": "Lemma 54.6.3.",
        "body": "  Let $S, s_i, S_i$ be as in (\\ref{equation-equivalence}). If $f : X \\to S$ corresponds to $g_i : Y_i \\to S_i$ under $F$, then $X_{s_i} \\cong (Y_i)_{s_i}$ as schemes over $\\kappa(s_i)$. ",
        "label": "lemma-equivalence-fibre",
        "tag": "0BFX",
        "url": "https://stacks.math.columbia.edu/tag/0BFX",
        "source_filename": "resolve.tex"
    },
    {
        "theorem": "Lemma 54.6.4.",
        "body": "  Let $S, s_i, S_i$ be as in (\\ref{equation-equivalence}) and assume $f : X \\to S$ corresponds to $g_i : Y_i \\to S_i$ under $F$. Then there exists a factorization $$ X = Z_m \\to Z_{m - 1} \\to \\ldots \\to Z_1 \\to Z_0 = S $$ of $f$ where $Z_{j + 1} \\to Z_j$ is the blowing up of $Z_j$ at a closed point $z_j$ lying over $\\{s_1, \\ldots, s_n\\}$ if and only if for each $i$ there exists a factorization $$ Y_i = Z_{i, m_i} \\to Z_{i, m_i - 1} \\to \\ldots \\to Z_{i, 1} \\to Z_{i, 0} = S_i $$ of $g_i$ where $Z_{i, j + 1} \\to Z_{i, j}$ is the blowing up of $Z_{i, j}$ at a closed point $z_{i, j}$ lying over $s_i$. ",
        "label": "lemma-equivalence-sequence-blowups",
        "tag": "0BFY",
        "url": "https://stacks.math.columbia.edu/tag/0BFY",
        "source_filename": "resolve.tex"
    },
    {
        "theorem": "Lemma 54.6.5.",
        "body": "  Let $S, s_i, S_i$ be as in (\\ref{equation-equivalence}) and assume $f : X \\to S$ corresponds to $g_i : Y_i \\to S_i$ under $F$. Assume every quasi-compact open of $S$ has finitely many irreducible components.  Then there exists a factorization $$ X = Z_m \\to Z_{m - 1} \\to \\ldots \\to Z_1 \\to Z_0 = S $$ of $f$ where $Z_{j + 1} \\to Z_j$ is the normalized blowing up of $Z_j$ at a closed point $z_j$ lying over $\\{x_1, \\ldots, x_n\\}$ if and only if for each $i$ there exists a factorization $$ Y_i = Z_{i, m_i} \\to Z_{i, m_i - 1} \\to \\ldots \\to Z_{i, 1} \\to Z_{i, 0} = S_i $$ of $g_i$ where $Z_{i, j + 1} \\to Z_{i, j}$ is the normalized blowing up of $Z_{i, j}$ at a closed point $z_{i, j}$ lying over $s_i$. ",
        "label": "lemma-equivalence-sequence-normalized-blowups",
        "tag": "0BFZ",
        "url": "https://stacks.math.columbia.edu/tag/0BFZ",
        "source_filename": "resolve.tex"
    },
    {
        "theorem": "Situation 54.7.1.",
        "body": "  Here $(A, \\mathfrak m, \\kappa)$ be a local Noetherian normal domain of dimension $2$. Let $s$ be the closed point of $S = \\mathop{\\mathrm{Spec}}(A)$ and $U = S \\setminus \\{s\\}$. Let $f : X \\to S$ be a modification. We denote $C_1, \\ldots, C_r$ the irreducible components of the special fibre $X_s$ of $f$. ",
        "label": "situation-vanishing",
        "tag": "0AX8",
        "url": "https://stacks.math.columbia.edu/tag/0AX8",
        "source_filename": "resolve.tex"
    },
    {
        "theorem": "Lemma 54.7.2.",
        "body": "  In Situation \\ref{situation-vanishing} there exists a $U$-admissible blowup $X' \\to S$ which dominates $X$. ",
        "label": "lemma-dominate-by-scheme-modification",
        "tag": "0B4M",
        "url": "https://stacks.math.columbia.edu/tag/0B4M",
        "source_filename": "resolve.tex"
    },
    {
        "theorem": "Lemma 54.7.3.",
        "body": "  In Situation \\ref{situation-vanishing} there exists a nonzero $f \\in \\mathfrak m$ such that for every $i = 1, \\ldots, r$ there exist \\begin{enumerate} \\item a closed point $x_i \\in C_i$ with $x_i \\not \\in C_j$ for $j \\not = i$, \\item a factorization $f = g_i f_i$ of $f$ in $\\mathcal{O}_{X, x_i}$ such that $g_i \\in \\mathfrak m_{x_i}$ maps to a nonzero element of $\\mathcal{O}_{C_i, x_i}$. \\end{enumerate} ",
        "label": "lemma-nice-meromorphic-function",
        "tag": "0AX9",
        "url": "https://stacks.math.columbia.edu/tag/0AX9",
        "source_filename": "resolve.tex"
    },
    {
        "theorem": "Lemma 54.7.4.",
        "body": "  In Situation \\ref{situation-vanishing} assume $X$ is normal. Let $Z \\subset X$ be a nonempty effective Cartier divisor such that $Z \\subset X_s$ set theoretically. Then the conormal sheaf of $Z$ is not trivial. More precisely, there exists an $i$ such that $C_i \\subset Z$ and $\\deg(\\mathcal{C}_{Z/X}|_{C_i}) > 0$. ",
        "label": "lemma-nontrivial-normal-bundle",
        "tag": "0AXA",
        "url": "https://stacks.math.columbia.edu/tag/0AXA",
        "source_filename": "resolve.tex"
    },
    {
        "theorem": "Lemma 54.7.5.",
        "body": "  In Situation \\ref{situation-vanishing} assume $X$ is normal and $A$ Nagata. The map $$ H^1(X, \\mathcal{O}_X) \\longrightarrow H^1(f^{-1}(U), \\mathcal{O}_X) $$ is injective. ",
        "label": "lemma-H1-injective",
        "tag": "0AXB",
        "url": "https://stacks.math.columbia.edu/tag/0AXB",
        "source_filename": "resolve.tex"
    },
    {
        "theorem": "Lemma 54.7.6.",
        "body": "  In Situation \\ref{situation-vanishing} assume $X$ is normal and $A$ Nagata. Then $$ \\mathop{\\mathrm{Hom}}\\nolimits_{D(A)}(\\kappa[-1], Rf_*\\mathcal{O}_X) $$ is zero. This uses $D(A) = D_\\mathit{QCoh}(\\mathcal{O}_S)$ to think of $Rf_*\\mathcal{O}_X$ as an object of $D(A)$. ",
        "label": "lemma-R1-injective",
        "tag": "0AXC",
        "url": "https://stacks.math.columbia.edu/tag/0AXC",
        "source_filename": "resolve.tex"
    },
    {
        "theorem": "Remark 54.7.7.",
        "body": "  Let $X$ be an integral Noetherian normal scheme of dimension $2$. In this case the following are equivalent \\begin{enumerate} \\item $X$ has a dualizing complex $\\omega_X^\\bullet$, \\item there is a coherent $\\mathcal{O}_X$-module $\\omega_X$ such that $\\omega_X[n]$ is a dualizing complex, where $n$ can be any integer. \\end{enumerate} This follows from the fact that $X$ is Cohen-Macaulay (Properties, Lemma \\ref{properties-lemma-normal-dimension-2-Cohen-Macaulay}) and Duality for Schemes, Lemma \\ref{duality-lemma-dualizing-module-CM-scheme}. In this situation we will say that $\\omega_X$ is a {\\it dualizing module} in accordance with Duality for Schemes, Section \\ref{duality-section-dualizing-module}. In particular, when $A$ is a Noetherian normal local domain of dimension $2$, then we say {\\it $A$ has a dualizing module $\\omega_A$} if the above is true. In this case, if $X \\to \\mathop{\\mathrm{Spec}}(A)$ is a normal modification, then $X$ has a dualizing module too, see Duality for Schemes, Example \\ref{duality-example-proper-over-local}. In this situation we always denote $\\omega_X$ the dualizing module normalized with respect to $\\omega_A$, i.e., such that $\\omega_X[2]$ is the dualizing complex normalized relative to $\\omega_A[2]$. See Duality for Schemes, Section \\ref{duality-section-glue}. ",
        "label": "remark-dualizing-setup",
        "tag": "0B4R",
        "url": "https://stacks.math.columbia.edu/tag/0B4R",
        "source_filename": "resolve.tex"
    },
    {
        "theorem": "Proposition 54.7.8.",
        "body": "[Grauert-Riemenschneider]  In Situation \\ref{situation-vanishing} assume \\begin{enumerate} \\item $X$ is a normal scheme, \\item $A$ is Nagata and has a dualizing complex $\\omega_A^\\bullet$. \\end{enumerate} Let $\\omega_X$ be the dualizing module of $X$ (Remark \\ref{remark-dualizing-setup}). Then $R^1f_*\\omega_X = 0$. ",
        "label": "proposition-Grauert-Riemenschneider",
        "tag": "0AXD",
        "url": "https://stacks.math.columbia.edu/tag/0AXD",
        "source_filename": "resolve.tex"
    },
    {
        "theorem": "Lemma 54.8.1.",
        "body": "  Let $(A, \\mathfrak m, \\kappa)$ be a Noetherian normal local domain of dimension $2$. Consider a commutative diagram $$ \\xymatrix{ X' \\ar[rd]_{f'} \\ar[rr]_g & & X \\ar[ld]^f \\\\ & \\mathop{\\mathrm{Spec}}(A) } $$ where $f$ and $f'$ are modifications as in Situation \\ref{situation-vanishing} and $X$ normal. Then we have a short exact sequence $$ 0 \\to H^1(X, \\mathcal{O}_X) \\to H^1(X', \\mathcal{O}_{X'}) \\to H^0(X, R^1g_*\\mathcal{O}_{X'}) \\to 0 $$ Also $\\dim(\\text{Supp}(R^1g_*\\mathcal{O}_{X'})) = 0$ and $R^1g_*\\mathcal{O}_{X'}$ is generated by global sections. ",
        "label": "lemma-exact-sequence",
        "tag": "0AXF",
        "url": "https://stacks.math.columbia.edu/tag/0AXF",
        "source_filename": "resolve.tex"
    },
    {
        "theorem": "Lemma 54.8.2.",
        "body": "  Let $(A, \\mathfrak m, \\kappa)$ be a local normal Nagata domain of dimension $2$. Let $a \\in A$ be nonzero. There exists an integer $N$ such that for every modification $f : X \\to \\mathop{\\mathrm{Spec}}(A)$ with $X$ normal the $A$-module $$ M_{X, a} = \\mathop{\\mathrm{Coker}}(A \\longrightarrow H^0(Z, \\mathcal{O}_Z)) $$ where $Z \\subset X$ is cut out by $a$ has length bounded by $N$. ",
        "label": "lemma-bound-a-torsion",
        "tag": "0AXJ",
        "url": "https://stacks.math.columbia.edu/tag/0AXJ",
        "source_filename": "resolve.tex"
    },
    {
        "theorem": "Definition 54.8.3.",
        "body": "  Let $(A, \\mathfrak m, \\kappa)$ be a local normal Nagata domain of dimension $2$. \\begin{enumerate} \\item We say $A$ {\\it defines a rational singularity} if for every normal modification $X \\to \\mathop{\\mathrm{Spec}}(A)$ we have $H^1(X, \\mathcal{O}_X) = 0$. \\item We say that {\\it reduction to rational singularities is possible for $A$} if the length of the $A$-modules $$ H^1(X, \\mathcal{O}_X) $$ is bounded for all modifications $X \\to \\mathop{\\mathrm{Spec}}(A)$ with $X$ normal. \\end{enumerate} ",
        "label": "definition-reduce-to-rational",
        "tag": "0B4N",
        "url": "https://stacks.math.columbia.edu/tag/0B4N",
        "source_filename": "resolve.tex"
    },
    {
        "theorem": "Lemma 54.8.4.",
        "body": "  Let $(A, \\mathfrak m, \\kappa)$ be a local normal Nagata domain of dimension $2$ which defines a rational singularity. Let $A \\subset B$ be a local extension of domains with the same fraction field which is essentially of finite type such that $\\dim(B) = 2$ and $B$ normal. Then $B$ defines a rational singularity. ",
        "label": "lemma-rational-propagates",
        "tag": "0BG0",
        "url": "https://stacks.math.columbia.edu/tag/0BG0",
        "source_filename": "resolve.tex"
    },
    {
        "theorem": "Lemma 54.8.5.",
        "body": "  Let $(A, \\mathfrak m, \\kappa)$ be a local normal Nagata domain of dimension $2$. If reduction to rational singularities is possible for $A$, then there exists a finite sequence of normalized blowups $$ X = X_n \\to X_{n - 1} \\to \\ldots \\to X_1 \\to X_0 = \\mathop{\\mathrm{Spec}}(A) $$ in closed points such that for any closed point $x \\in X$ the local ring $\\mathcal{O}_{X, x}$ defines a rational singularity. In particular $X \\to \\mathop{\\mathrm{Spec}}(A)$ is a modification and $X$ is a normal scheme projective over $A$. ",
        "label": "lemma-reduce-to-rational",
        "tag": "0B4P",
        "url": "https://stacks.math.columbia.edu/tag/0B4P",
        "source_filename": "resolve.tex"
    },
    {
        "theorem": "Lemma 54.8.6.",
        "body": "  Let $A \\to B$ be a finite injective local ring map of local normal Nagata domains of dimension $2$. Assume that the induced extension of fraction fields is separable. If reduction to rational singularities is possible for $A$ then it is possible for $B$. ",
        "label": "lemma-go-up-separable",
        "tag": "0AXL",
        "url": "https://stacks.math.columbia.edu/tag/0AXL",
        "source_filename": "resolve.tex"
    },
    {
        "theorem": "Lemma 54.8.7.",
        "body": "  Let $A$ be a Nagata regular local ring of dimension $2$. Then $A$ defines a rational singularity. ",
        "label": "lemma-regular-rational",
        "tag": "0B4Q",
        "url": "https://stacks.math.columbia.edu/tag/0B4Q",
        "source_filename": "resolve.tex"
    },
    {
        "theorem": "Lemma 54.8.8.",
        "body": "  Let $A$ be a local normal Nagata domain of dimension $2$ which has a dualizing complex $\\omega_A^\\bullet$. If there exists a nonzero $d \\in A$ such that for all normal modifications $X \\to \\mathop{\\mathrm{Spec}}(A)$ the cokernel of the trace map $$ \\Gamma(X, \\omega_X) \\to \\omega_A $$ is annihilated by $d$, then reduction to rational singularities is possible for $A$. ",
        "label": "lemma-bound-dualizing-implies-bound",
        "tag": "0B4S",
        "url": "https://stacks.math.columbia.edu/tag/0B4S",
        "source_filename": "resolve.tex"
    },
    {
        "theorem": "Lemma 54.8.9.",
        "body": "  Let $p$ be a prime number. Let $A$ be a regular local ring of dimension $2$ and characteristic $p$. Let $A_0 \\subset A$ be a subring such that $\\Omega_{A/A_0}$ is free of rank $r < \\infty$. Set $\\omega_A = \\Omega^r_{A/A_0}$. If $X \\to \\mathop{\\mathrm{Spec}}(A)$ is the result of a sequence of blowups in closed points, then there exists a map $$ \\varphi_X : (\\Omega^r_{X/\\mathop{\\mathrm{Spec}}(A_0)})^{**} \\longrightarrow \\omega_X $$ extending the given identification in the generic point. ",
        "label": "lemma-compare-differentials-dualizing",
        "tag": "0B4T",
        "url": "https://stacks.math.columbia.edu/tag/0B4T",
        "source_filename": "resolve.tex"
    },
    {
        "theorem": "Lemma 54.8.10.",
        "body": "  Let $p$ be a prime number. Let $A$ be a complete regular local ring of dimension $2$ and characteristic $p$. Let $L/K$ be a degree $p$ inseparable extension of the fraction field $K$ of $A$. Let $B \\subset L$ be the integral closure of $A$. Then reduction to rational singularities is possible for $B$. ",
        "label": "lemma-go-up-degree-p",
        "tag": "0B4U",
        "url": "https://stacks.math.columbia.edu/tag/0B4U",
        "source_filename": "resolve.tex"
    },
    {
        "theorem": "Situation 54.9.1.",
        "body": "  Here $(A, \\mathfrak m, \\kappa)$ be a local normal Nagata domain of dimension $2$ which defines a rational singularity. Let $s$ be the closed point of $S = \\mathop{\\mathrm{Spec}}(A)$ and $U = S \\setminus \\{s\\}$. Let $f : X \\to S$ be a modification with $X$ normal. We denote $C_1, \\ldots, C_r$ the irreducible components of the special fibre $X_s$ of $f$. ",
        "label": "situation-rational",
        "tag": "0B4W",
        "url": "https://stacks.math.columbia.edu/tag/0B4W",
        "source_filename": "resolve.tex"
    },
    {
        "theorem": "Lemma 54.9.2.",
        "body": "  In Situation \\ref{situation-rational}. Let $\\mathcal{F}$ be a quasi-coherent $\\mathcal{O}_X$-module. Then \\begin{enumerate} \\item $H^p(X, \\mathcal{F}) = 0$ for $p \\not \\in \\{0, 1\\}$, and \\item $H^1(X, \\mathcal{F}) = 0$ if $\\mathcal{F}$ is globally generated. \\end{enumerate} ",
        "label": "lemma-globally-generated",
        "tag": "0B4X",
        "url": "https://stacks.math.columbia.edu/tag/0B4X",
        "source_filename": "resolve.tex"
    },
    {
        "theorem": "Lemma 54.9.3.",
        "body": "  In Situation \\ref{situation-rational} assume $E = X_s$ is an effective Cartier divisor. Let $\\mathcal{I}$ be the ideal sheaf of $E$. Then $H^0(X, \\mathcal{I}^n) = \\mathfrak m^n$ and $H^1(X, \\mathcal{I}^n) = 0$. ",
        "label": "lemma-sections-powers-I-rational",
        "tag": "0B4Y",
        "url": "https://stacks.math.columbia.edu/tag/0B4Y",
        "source_filename": "resolve.tex"
    },
    {
        "theorem": "Lemma 54.9.4.",
        "body": "  In Situation \\ref{situation-rational} the blowup of $\\mathop{\\mathrm{Spec}}(A)$ in $\\mathfrak m$ is normal. ",
        "label": "lemma-blow-up-normal-rational",
        "tag": "0B4Z",
        "url": "https://stacks.math.columbia.edu/tag/0B4Z",
        "source_filename": "resolve.tex"
    },
    {
        "theorem": "Lemma 54.9.5.",
        "body": "  In Situation \\ref{situation-rational}. Let $X$ be the blowup of $\\mathop{\\mathrm{Spec}}(A)$ in $\\mathfrak m$. Let $E \\subset X$ be the exceptional divisor. With $\\mathcal{O}_X(1) = \\mathcal{I}$ as usual and $\\mathcal{O}_E(1) = \\mathcal{O}_X(1)|_E$ we have \\begin{enumerate} \\item $E$ is a proper Cohen-Macaulay curve over $\\kappa$. \\item $\\mathcal{O}_E(1)$ is very ample \\item $\\deg(\\mathcal{O}_E(1)) \\geq 1$ and equality holds only if $A$ is a regular local ring, \\item $H^1(E, \\mathcal{O}_E(n)) = 0$ for $n \\geq 0$, and \\item $H^0(E, \\mathcal{O}_E(n)) = \\mathfrak m^n/\\mathfrak m^{n + 1}$ for $n \\geq 0$. \\end{enumerate} ",
        "label": "lemma-cohomology-blow-up-rational",
        "tag": "0B63",
        "url": "https://stacks.math.columbia.edu/tag/0B63",
        "source_filename": "resolve.tex"
    },
    {
        "theorem": "Lemma 54.9.6.",
        "body": "  In Situation \\ref{situation-rational} assume $A$ has a dualizing complex $\\omega_A^\\bullet$. With $\\omega_X$ the dualizing module of $X$, the trace map $H^0(X, \\omega_X) \\to \\omega_A$ is an isomorphism and consequently there is a canonical map $f^*\\omega_A \\to \\omega_X$. ",
        "label": "lemma-dualizing-rational",
        "tag": "0BBU",
        "url": "https://stacks.math.columbia.edu/tag/0BBU",
        "source_filename": "resolve.tex"
    },
    {
        "theorem": "Lemma 54.9.7.",
        "body": "  In Situation \\ref{situation-rational} assume $A$ has a dualizing complex $\\omega_A^\\bullet$ and is not regular. Let $X$ be the blowup of $\\mathop{\\mathrm{Spec}}(A)$ in $\\mathfrak m$ with exceptional divisor $E \\subset X$. Let $\\omega_X$ be the dualizing module of $X$. Then \\begin{enumerate} \\item $\\omega_E = \\omega_X|_E \\otimes \\mathcal{O}_E(-1)$, \\item $H^1(X, \\omega_X(n)) = 0$ for $n \\geq 0$, \\item the map $f^*\\omega_A \\to \\omega_X$ of Lemma \\ref{lemma-dualizing-rational} is surjective. \\end{enumerate} ",
        "label": "lemma-dualizing-blow-up-rational",
        "tag": "0B64",
        "url": "https://stacks.math.columbia.edu/tag/0B64",
        "source_filename": "resolve.tex"
    },
    {
        "theorem": "Lemma 54.9.8.",
        "body": "  Let $(A, \\mathfrak m, \\kappa)$ be a local normal Nagata domain of dimension $2$ which defines a rational singularity. Assume $A$ has a dualizing complex. Then there exists a finite sequence of blowups in singular closed points $$ X = X_n \\to X_{n - 1} \\to \\ldots \\to X_1 \\to X_0 = \\mathop{\\mathrm{Spec}}(A) $$ such that $X_i$ is normal for each $i$ and such that the dualizing sheaf $\\omega_X$ of $X$ is an invertible $\\mathcal{O}_X$-module. ",
        "label": "lemma-rational-to-gorenstein",
        "tag": "0BBV",
        "url": "https://stacks.math.columbia.edu/tag/0BBV",
        "source_filename": "resolve.tex"
    },
    {
        "theorem": "Lemma 54.10.1.",
        "body": "  Let $X$ be a locally Noetherian scheme. Let $$ (X, p) = (X_0, p_0) \\leftarrow (X_1, p_1) \\leftarrow (X_2, p_2) \\leftarrow (X_3, p_3) \\leftarrow \\ldots $$ be a sequence of blowups such that \\begin{enumerate} \\item $p_i$ is closed, maps to $p_{i - 1}$, and $\\kappa(p_i) = \\kappa(p_{i - 1})$, \\item there exists an $x_1 \\in \\mathfrak m_p$ whose image in $\\mathfrak m_{p_i}$, $i > 0$ defines the exceptional divisor $E_i \\subset X_i$. \\end{enumerate} Then the sequence is obtained from a nonsingular arc $a : T \\to X$ as above. ",
        "label": "lemma-sequence-blowups",
        "tag": "0BG2",
        "url": "https://stacks.math.columbia.edu/tag/0BG2",
        "source_filename": "resolve.tex"
    },
    {
        "theorem": "Lemma 54.10.2.",
        "body": "  Let $(A, \\mathfrak m, \\kappa)$ be a Noetherian local domain of dimension $2$. Let $A \\to R$ be a surjection onto a complete discrete valuation ring. This defines a nonsingular arc $a : T = \\mathop{\\mathrm{Spec}}(R) \\to \\mathop{\\mathrm{Spec}}(A)$. Let $$ \\mathop{\\mathrm{Spec}}(A) = X_0 \\leftarrow X_1 \\leftarrow X_2 \\leftarrow X_3 \\leftarrow \\ldots $$ be the sequence of blowing ups constructed from $a$. If $A_\\mathfrak p$ is a regular local ring where $\\mathfrak p = \\mathop{\\mathrm{Ker}}(A \\to R)$, then for some $i$ the scheme $X_i$ is regular at $x_i$. ",
        "label": "lemma-sequence-blowups-along-arc-becomes-nonsingular",
        "tag": "0BG3",
        "url": "https://stacks.math.columbia.edu/tag/0BG3",
        "source_filename": "resolve.tex"
    },
    {
        "theorem": "Lemma 54.11.1.",
        "body": "  Let $(A, \\mathfrak m, \\kappa)$ be a local ring with finitely generated maximal ideal $\\mathfrak m$. Let $X$ be a scheme over $A$. Let $Y = X \\times_{\\mathop{\\mathrm{Spec}}(A)} \\mathop{\\mathrm{Spec}}(A^\\wedge)$ where $A^\\wedge$ is the $\\mathfrak m$-adic completion of $A$. For a point $q \\in Y$ with image $p \\in X$ lying over the closed point of $\\mathop{\\mathrm{Spec}}(A)$ the local ring map $\\mathcal{O}_{X, p} \\to \\mathcal{O}_{Y, q}$ induces an isomorphism on completions. ",
        "label": "lemma-iso-completions",
        "tag": "0BG5",
        "url": "https://stacks.math.columbia.edu/tag/0BG5",
        "source_filename": "resolve.tex"
    },
    {
        "theorem": "Lemma 54.11.2.",
        "body": "  Let $(A, \\mathfrak m, \\kappa)$ be a Noetherian local ring. Let $X \\to \\mathop{\\mathrm{Spec}}(A)$ be a morphism which is locally of finite type. Set $Y = X \\times_{\\mathop{\\mathrm{Spec}}(A)} \\mathop{\\mathrm{Spec}}(A^\\wedge)$. Let $y \\in Y$ with image $x \\in X$. Then \\begin{enumerate} \\item if $\\mathcal{O}_{Y, y}$ is regular, then $\\mathcal{O}_{X, x}$ is regular, \\item if $y$ is in the closed fibre, then $\\mathcal{O}_{Y, y}$ is regular $\\Leftrightarrow \\mathcal{O}_{X, x}$ is regular, and \\item If $X$ is proper over $A$, then $X$ is regular if and only if $Y$ is regular. \\end{enumerate} ",
        "label": "lemma-port-regularity-to-completion",
        "tag": "0BG6",
        "url": "https://stacks.math.columbia.edu/tag/0BG6",
        "source_filename": "resolve.tex"
    },
    {
        "theorem": "Lemma 54.11.3.",
        "body": "  Let $(A, \\mathfrak m)$ be a Noetherian local ring with completion $A^\\wedge$. Let $U \\subset \\mathop{\\mathrm{Spec}}(A)$ and $U^\\wedge \\subset \\mathop{\\mathrm{Spec}}(A^\\wedge)$ be the punctured spectra. If $Y \\to \\mathop{\\mathrm{Spec}}(A^\\wedge)$ is a $U^\\wedge$-admissible blowup, then there exists a $U$-admissible blowup $X \\to \\mathop{\\mathrm{Spec}}(A)$ such that $Y = X \\times_{\\mathop{\\mathrm{Spec}}(A)} \\mathop{\\mathrm{Spec}}(A^\\wedge)$. ",
        "label": "lemma-descend-admissible-blowup",
        "tag": "0AFK",
        "url": "https://stacks.math.columbia.edu/tag/0AFK",
        "source_filename": "resolve.tex"
    },
    {
        "theorem": "Lemma 54.11.4.",
        "body": "  Let $(A, \\mathfrak m, \\kappa)$ be a Nagata local normal domain of dimension $2$. Assume $A$ defines a rational singularity and that the completion $A^\\wedge$ of $A$ is normal. Then \\begin{enumerate} \\item $A^\\wedge$ defines a rational singularity, and \\item if $X \\to \\mathop{\\mathrm{Spec}}(A)$ is the blowing up in $\\mathfrak m$, then for a closed point $x \\in X$ the completion $\\mathcal{O}_{X, x}$ is normal. \\end{enumerate} ",
        "label": "lemma-blowup-still-good",
        "tag": "0BG7",
        "url": "https://stacks.math.columbia.edu/tag/0BG7",
        "source_filename": "resolve.tex"
    },
    {
        "theorem": "Lemma 54.11.5.",
        "body": "  Let $(A, \\mathfrak m)$ be a local Noetherian ring. Let $X$ be a scheme over $A$. Assume \\begin{enumerate} \\item $A$ is analytically unramified (Algebra, Definition \\ref{algebra-definition-analytically-unramified}), \\item $X$ is locally of finite type over $A$, and \\item $X \\to \\mathop{\\mathrm{Spec}}(A)$ is \\'etale at the generic points of irreducible components of $X$. \\end{enumerate} Then the normalization of $X$ is finite over $X$. ",
        "label": "lemma-formally-unramified",
        "tag": "0BG8",
        "url": "https://stacks.math.columbia.edu/tag/0BG8",
        "source_filename": "resolve.tex"
    },
    {
        "theorem": "Lemma 54.11.6.",
        "body": "  Let $(A, \\mathfrak m, \\kappa)$ be a Noetherian local ring. Let $X \\to \\mathop{\\mathrm{Spec}}(A)$ be a morphism which is locally of finite type. Set $Y = X \\times_{\\mathop{\\mathrm{Spec}}(A)} \\mathop{\\mathrm{Spec}}(A^\\wedge)$. If the complement of the special fibre in $Y$ is normal, then the normalization $X^\\nu \\to X$ is finite and the base change of $X^\\nu$ to $\\mathop{\\mathrm{Spec}}(A^\\wedge)$ recovers the normalization of $Y$. ",
        "label": "lemma-normalization-completion",
        "tag": "0BG9",
        "url": "https://stacks.math.columbia.edu/tag/0BG9",
        "source_filename": "resolve.tex"
    },
    {
        "theorem": "Lemma 54.11.7.",
        "body": "  Let $(A, \\mathfrak m, \\kappa)$ be a Noetherian local domain whose completion $A^\\wedge$ is normal. Then given any sequence $$ Y_n \\to Y_{n - 1} \\to \\ldots \\to Y_1 \\to \\mathop{\\mathrm{Spec}}(A^\\wedge) $$ of normalized blowups, there exists a sequence of (proper) normalized blowups $$ X_n \\to X_{n - 1} \\to \\ldots \\to X_1 \\to \\mathop{\\mathrm{Spec}}(A) $$ whose base change to $A^\\wedge$ recovers the given sequence. ",
        "label": "lemma-normalized-blowup-completion",
        "tag": "0BGA",
        "url": "https://stacks.math.columbia.edu/tag/0BGA",
        "source_filename": "resolve.tex"
    },
    {
        "theorem": "Situation 54.12.1.",
        "body": "  Here $(A, \\mathfrak m, \\kappa)$ be a Nagata local normal domain of dimension $2$ which defines a rational singularity, whose completion is normal, and which is Gorenstein. We assume $A$ is not regular. ",
        "label": "situation-rational-double-point",
        "tag": "0BGC",
        "url": "https://stacks.math.columbia.edu/tag/0BGC",
        "source_filename": "resolve.tex"
    },
    {
        "theorem": "Lemma 54.12.2.",
        "body": "  Let $\\kappa$ be a field. Let $I \\subset \\kappa[x, y]$ be an ideal. Let $$ a + b x + c y + d x^2 + exy + f y^2 \\in I^2 $$ for some $a, b, c, d, e, f \\in k$ not all zero. If the colength of $I$ in $\\kappa[x, y]$ is $> 1$, then $a + b x + c y + d x^2 + exy + f y^2 = j(g + hx + iy)^2$ for some $j, g, h, i \\in \\kappa$. ",
        "label": "lemma-issquare",
        "tag": "0BGD",
        "url": "https://stacks.math.columbia.edu/tag/0BGD",
        "source_filename": "resolve.tex"
    },
    {
        "theorem": "Lemma 54.12.3.",
        "body": "  Let $(A, \\mathfrak m, \\kappa)$ be a local normal Nagata domain of dimension $2$ which defines a rational singularity, whose completion is normal, and which is Gorenstein. Then there exists a finite sequence of blowups in singular closed points $$ X_n \\to X_{n - 1} \\to \\ldots \\to X_1 \\to X_0 = \\mathop{\\mathrm{Spec}}(A) $$ such that $X_n$ is regular and such that each intervening schemes $X_i$ is normal with finitely many singular points of the same type. ",
        "label": "lemma-resolve-rational-double-points",
        "tag": "0BGE",
        "url": "https://stacks.math.columbia.edu/tag/0BGE",
        "source_filename": "resolve.tex"
    },
    {
        "theorem": "Lemma 54.13.1.",
        "body": "  Let $Y$ be a Noetherian integral scheme. Assume there exists an alteration $f : X \\to Y$ with $X$ regular. Then the normalization $Y^\\nu \\to Y$ is finite and $Y$ has a dense open which is regular. ",
        "label": "lemma-regular-alteration-implies",
        "tag": "0BGG",
        "url": "https://stacks.math.columbia.edu/tag/0BGG",
        "source_filename": "resolve.tex"
    },
    {
        "theorem": "Lemma 54.13.2.",
        "body": "  Let $(A, \\mathfrak m)$ be a local Noetherian ring. Let $B \\subset C$ be finite $A$-algebras. Assume that (a) $B$ is a normal ring, and (b) the $\\mathfrak m$-adic completion $C^\\wedge$ is a normal ring. Then $B^\\wedge$ is a normal ring. ",
        "label": "lemma-algebra-helper",
        "tag": "0BGH",
        "url": "https://stacks.math.columbia.edu/tag/0BGH",
        "source_filename": "resolve.tex"
    },
    {
        "theorem": "Lemma 54.13.3.",
        "body": "  Let $(A, \\mathfrak m, \\kappa)$ be a local Noetherian domain. Assume there exists an alteration $f : X \\to \\mathop{\\mathrm{Spec}}(A)$ with $X$ regular. Then \\begin{enumerate} \\item there exists a nonzero $f \\in A$ such that $A_f$ is regular, \\item the integral closure $B$ of $A$ in its fraction field is finite over $A$, \\item the $\\mathfrak m$-adic completion of $B$ is a normal ring, i.e., the completions of $B$ at its maximal ideals are normal domains, and \\item the generic formal fibre of $A$ is regular. \\end{enumerate} ",
        "label": "lemma-regular-alteration-implies-local",
        "tag": "0BGI",
        "url": "https://stacks.math.columbia.edu/tag/0BGI",
        "source_filename": "resolve.tex"
    },
    {
        "theorem": "Definition 54.14.1.",
        "body": "  Let $Y$ be a Noetherian integral scheme. A {\\it resolution of singularities} of $Y$ is a modification $f : X \\to Y$ such that $X$ is regular. ",
        "label": "definition-resolution",
        "tag": "0BGK",
        "url": "https://stacks.math.columbia.edu/tag/0BGK",
        "source_filename": "resolve.tex"
    },
    {
        "theorem": "Definition 54.14.2.",
        "body": "  Let $Y$ be a $2$-dimensional Noetherian integral scheme. We say $Y$ has a {\\it resolution of singularities by normalized blowups} if there exists a sequence $$ Y_n \\to Y_{n - 1} \\to \\ldots \\to Y_1 \\to Y_0 \\to Y $$ where \\begin{enumerate} \\item $Y_i$ is proper over $Y$ for $i = 0, \\ldots, n$, \\item $Y_0 \\to Y$ is the normalization, \\item $Y_i \\to Y_{i - 1}$ is a normalized blowup for $i = 1, \\ldots, n$, and \\item $Y_n$ is regular. \\end{enumerate} ",
        "label": "definition-resolution-surface",
        "tag": "0BGL",
        "url": "https://stacks.math.columbia.edu/tag/0BGL",
        "source_filename": "resolve.tex"
    },
    {
        "theorem": "Lemma 54.14.3.",
        "body": "  Let $(A, \\mathfrak m, \\kappa)$ be a Noetherian local ring. Assume $A$ is normal and has dimension $2$. If $\\mathop{\\mathrm{Spec}}(A)$ has a resolution of singularities, then $\\mathop{\\mathrm{Spec}}(A)$ has a resolution by normalized blowups. ",
        "label": "lemma-existence-implies-existence-by-normalized-blowing-ups",
        "tag": "0BGM",
        "url": "https://stacks.math.columbia.edu/tag/0BGM",
        "source_filename": "resolve.tex"
    },
    {
        "theorem": "Lemma 54.14.4.",
        "body": "  Let $(A, \\mathfrak m, \\kappa)$ be a Noetherian complete local ring. Assume $A$ is a normal domain of dimension $2$. Then $\\mathop{\\mathrm{Spec}}(A)$ has a resolution of singularities. ",
        "label": "lemma-resolve-complete",
        "tag": "0BGN",
        "url": "https://stacks.math.columbia.edu/tag/0BGN",
        "source_filename": "resolve.tex"
    },
    {
        "theorem": "Theorem 54.14.5.",
        "body": "[Lipman]  \\begin{reference} \\cite[Theorem on page 151]{Lipman} \\end{reference} Let $Y$ be a two dimensional integral Noetherian scheme. The following are equivalent \\begin{enumerate} \\item there exists an alteration $X \\to Y$ with $X$ regular, \\item there exists a resolution of singularities of $Y$, \\item $Y$ has a resolution of singularities by normalized blowups, \\item the normalization $Y^\\nu \\to Y$ is finite, $Y^\\nu$ has finitely many singular points $y_1, \\ldots, y_m$, and for each $y_i$ the completion of $\\mathcal{O}_{Y^\\nu, y_i}$ is normal. \\end{enumerate} ",
        "label": "theorem-resolve",
        "tag": "0BGP",
        "url": "https://stacks.math.columbia.edu/tag/0BGP",
        "source_filename": "resolve.tex"
    },
    {
        "theorem": "Lemma 54.15.1.",
        "body": "  Let $Y$ be a one dimensional integral Noetherian scheme. The following are equivalent \\begin{enumerate} \\item there exists an alteration $X \\to Y$ with $X$ regular, \\item there exists a resolution of singularities of $Y$, \\item there exists a finite sequence $Y_n \\to Y_{n - 1} \\to \\ldots \\to Y_1 \\to Y$ of blowups in closed points with $Y_n$ regular, and \\item the normalization $Y^\\nu \\to Y$ is finite. \\end{enumerate} ",
        "label": "lemma-resolve-curve",
        "tag": "0BI4",
        "url": "https://stacks.math.columbia.edu/tag/0BI4",
        "source_filename": "resolve.tex"
    },
    {
        "theorem": "Lemma 54.15.2.",
        "body": "  Let $X$ be a Noetherian scheme. Let $Y \\subset X$ be an integral closed subscheme of dimension $1$ satisfying the equivalent conditions of Lemma \\ref{lemma-resolve-curve}. Then there exists a finite sequence $$ X_n \\to X_{n - 1} \\to \\ldots \\to X_1 \\to X $$ of blowups in closed points such that the strict transform of $Y$ in $X_n$ is a regular curve. ",
        "label": "lemma-blowup-curve",
        "tag": "0BI5",
        "url": "https://stacks.math.columbia.edu/tag/0BI5",
        "source_filename": "resolve.tex"
    },
    {
        "theorem": "Lemma 54.15.3.",
        "body": "  In the situation above let $X' \\to X$ be the blowing up of $X$ in $p$. Let $Y', Z' \\subset X'$ be the strict transforms of $Y, Z$. If $\\mathcal{O}_{Y, p}$ is regular, then \\begin{enumerate} \\item $Y' \\to Y$ is an isomorphism, \\item $Y'$ meets the exceptional fibre $E \\subset X'$ in one point $q$ and $m_q(Y \\cap E) = 1$, \\item if $q \\in Z'$ too, then $m_q(Y \\cap Z') < m_p(Y \\cap Z)$. \\end{enumerate} ",
        "label": "lemma-blowup-nonsingular-curves-meeting-at-point",
        "tag": "0BI7",
        "url": "https://stacks.math.columbia.edu/tag/0BI7",
        "source_filename": "resolve.tex"
    },
    {
        "theorem": "Lemma 54.15.4.",
        "body": "  Let $X$ be a Noetherian scheme. Let $Y_i \\subset X$, $i = 1, \\ldots, n$ be an integral closed subschemes of dimension $1$ each satisfying the equivalent conditions of Lemma \\ref{lemma-resolve-curve}. Then there exists a finite sequence $$ X_n \\to X_{n - 1} \\to \\ldots \\to X_1 \\to X $$ of blowups in closed points such that the strict transform $Y'_i \\subset X_n$ of $Y_i$ in $X_n$ are pairwise disjoint regular curves. ",
        "label": "lemma-blowup-curves",
        "tag": "0BI8",
        "url": "https://stacks.math.columbia.edu/tag/0BI8",
        "source_filename": "resolve.tex"
    },
    {
        "theorem": "Lemma 54.15.5.",
        "body": "  Let $X$ be a regular scheme of dimension $2$. Let $Z \\subset X$ be a proper closed subscheme. There exists a sequence $$ X_n \\to \\ldots \\to X_1 \\to X $$ of blowing ups in closed points such that the inverse image $Z_n$ of $Z$ in $X_n$ is an effective Cartier divisor. ",
        "label": "lemma-turn-into-effective-Cartier",
        "tag": "0BIB",
        "url": "https://stacks.math.columbia.edu/tag/0BIB",
        "source_filename": "resolve.tex"
    },
    {
        "theorem": "Lemma 54.15.6.",
        "body": "  Let $X$ be a regular scheme of dimension $2$. Let $Z \\subset X$ be a proper closed subscheme such that every irreducible component $Y \\subset Z$ of dimension $1$ satisfies the equivalent conditions of Lemma \\ref{lemma-resolve-curve}. Then there exists a sequence $$ X_n \\to \\ldots \\to X_1 \\to X $$ of blowups in closed points such that the inverse image $Z_n$ of $Z$ in $X_n$ is an effective Cartier divisor supported on a strict normal crossings divisor. ",
        "label": "lemma-embedded-resolution",
        "tag": "0BIC",
        "url": "https://stacks.math.columbia.edu/tag/0BIC",
        "source_filename": "resolve.tex"
    },
    {
        "theorem": "Lemma 54.16.1.",
        "body": "  Let $X$ be a Noetherian scheme. Let $E \\subset X$ be an exceptional curve of the first kind. If a contraction $X \\to X'$ of $E$ exists, then it has the following universal property: for every morphism $\\varphi : X \\to Y$ such that $\\varphi(E)$ is a point, there is a unique factorization $X \\to X' \\to Y$ of $\\varphi$. ",
        "label": "lemma-factor-through-contraction",
        "tag": "0C5J",
        "url": "https://stacks.math.columbia.edu/tag/0C5J",
        "source_filename": "resolve.tex"
    },
    {
        "theorem": "Lemma 54.16.2.",
        "body": "  Let $X$ be a Noetherian scheme. Let $E \\subset X$ be an exceptional curve of the first kind. If there exists a contraction of $E$, then it is unique up to unique isomorphism. ",
        "label": "lemma-contraction-unique",
        "tag": "0C5K",
        "url": "https://stacks.math.columbia.edu/tag/0C5K",
        "source_filename": "resolve.tex"
    },
    {
        "theorem": "Lemma 54.16.3.",
        "body": "  Let $X$ be a Noetherian scheme. Let $E \\subset X$ be an exceptional curve of the first kind. Let $E_n = nE$ and denote $\\mathcal{O}_n$ its structure sheaf. Then $$ A = \\mathop{\\mathrm{lim}}\\nolimits H^0(E_n, \\mathcal{O}_n) $$ is a complete local Noetherian regular local ring of dimension $2$ and $\\mathop{\\mathrm{Ker}}(A \\to H^0(E_n, \\mathcal{O}_n))$ is the $n$th power of its maximal ideal. ",
        "label": "lemma-exceptional-first-kind-local",
        "tag": "0C2K",
        "url": "https://stacks.math.columbia.edu/tag/0C2K",
        "source_filename": "resolve.tex"
    },
    {
        "theorem": "Lemma 54.16.4.",
        "body": "  Let $X$ be a Noetherian scheme. Let $E \\subset X$ be an exceptional curve of the first kind. If there exists a morphism $f : X \\to Y$ such that \\begin{enumerate} \\item $Y$ is Noetherian, \\item $f$ is proper, \\item $f$ maps $E$ to a point $y$ of $Y$, \\item $f$ is quasi-finite at every point not in $E$, \\end{enumerate} Then there exists a contraction of $E$ and it is the Stein factorization of $f$. ",
        "label": "lemma-contraction",
        "tag": "0C2L",
        "url": "https://stacks.math.columbia.edu/tag/0C2L",
        "source_filename": "resolve.tex"
    },
    {
        "theorem": "Lemma 54.16.5.",
        "body": "  Let $b : X \\to X'$ be the contraction of an exceptional curve of the first kind $E \\subset X$. Then there is a short exact sequence $$ 0 \\to \\mathop{\\mathrm{Pic}}\\nolimits(X') \\to \\mathop{\\mathrm{Pic}}\\nolimits(X) \\to \\mathbf{Z} \\to 0 $$ where the first map is pullback by $b$ and the second map sends $\\mathcal{L}$ to the degree of $\\mathcal{L}$ on the exceptional curve $E$. The sequence is split by the map $n \\mapsto \\mathcal{O}_X(-nE)$. ",
        "label": "lemma-pic-blowup",
        "tag": "0C5L",
        "url": "https://stacks.math.columbia.edu/tag/0C5L",
        "source_filename": "resolve.tex"
    },
    {
        "theorem": "Remark 54.16.6.",
        "body": "  Let $b : X \\to X'$ be the contraction of an exceptional curve of the first kind $E \\subset X$. From Lemma \\ref{lemma-pic-blowup} we obtain an identification $$ \\mathop{\\mathrm{Pic}}\\nolimits(X) = \\mathop{\\mathrm{Pic}}\\nolimits(X') \\oplus \\mathbf{Z} $$ where $\\mathcal{L}$ corresponds to the pair $(\\mathcal{L}', n)$ if and only if $\\mathcal{L} = (b^*\\mathcal{L}')(-nE)$, i.e., $\\mathcal{L}(nE) = b^*\\mathcal{L}'$. In fact the proof of Lemma \\ref{lemma-pic-blowup} shows that $\\mathcal{L}' = b_*\\mathcal{L}(nE)$. Of course the assignment $\\mathcal{L} \\mapsto \\mathcal{L}'$ is a group homomorphism. ",
        "label": "remark-pic-blowup",
        "tag": "0C5M",
        "url": "https://stacks.math.columbia.edu/tag/0C5M",
        "source_filename": "resolve.tex"
    },
    {
        "theorem": "Lemma 54.16.7.",
        "body": "  Let $X$ be a Noetherian scheme. Let $E \\subset X$ be an exceptional curve of the first kind. Let $\\mathcal{L}$ be an invertible $\\mathcal{O}_X$-module. Let $n$ be the integer such that $\\mathcal{L}|_E$ has degree $n$ viewed as an invertible module on $\\mathbf{P}^1$. Then \\begin{enumerate} \\item If $H^1(X, \\mathcal{L}) = 0$ and $n \\geq 0$, then $H^1(X, \\mathcal{L}(iE)) = 0$ for $0 \\leq i \\leq n + 1$. \\item If $n \\leq 0$, then $H^1(X, \\mathcal{L}) \\subset H^1(X, \\mathcal{L}(E))$. \\end{enumerate} ",
        "label": "lemma-lift-sections-and-h1",
        "tag": "0C2J",
        "url": "https://stacks.math.columbia.edu/tag/0C2J",
        "source_filename": "resolve.tex"
    },
    {
        "theorem": "Lemma 54.16.8.",
        "body": "  Let $S = \\mathop{\\mathrm{Spec}}(R)$ be an affine Noetherian scheme. Let $X \\to S$ be a proper morphism. Let $\\mathcal{L}$ be an ample invertible sheaf on $X$. Let $E \\subset X$ be an exceptional curve of the first kind. Then \\begin{enumerate} \\item there exists a contraction $b : X \\to X'$ of $E$, \\item $X'$ is proper over $S$, and \\item the invertible $\\mathcal{O}_{X'}$-module $\\mathcal{L}'$ is ample with $\\mathcal{L}'$ as in Remark \\ref{remark-pic-blowup}. \\end{enumerate} ",
        "label": "lemma-contract-ample",
        "tag": "0C2M",
        "url": "https://stacks.math.columbia.edu/tag/0C2M",
        "source_filename": "resolve.tex"
    },
    {
        "theorem": "Lemma 54.16.9.",
        "body": "  Let $S$ be a Noetherian scheme. Let $f : X \\to S$ be a morphism of finite type. Let $E \\subset X$ be an exceptional curve of the first kind which is in a fibre of $f$. \\begin{enumerate} \\item If $X$ is projective over $S$, then there exists a contraction $X \\to X'$ of $E$ and $X'$ is projective over $S$. \\item If $X$ is quasi-projective over $S$, then there exists a contraction $X \\to X'$ of $E$ and $X'$ is quasi-projective over $S$. \\end{enumerate} ",
        "label": "lemma-contract-when-quasi-projective",
        "tag": "0C2N",
        "url": "https://stacks.math.columbia.edu/tag/0C2N",
        "source_filename": "resolve.tex"
    },
    {
        "theorem": "Lemma 54.16.10.",
        "body": "  Let $S$ be a Noetherian scheme. Let $f : X \\to S$ be a separated morphism of finite type with $X$ regular of dimension $2$. Then $X$ is quasi-projective over $S$. ",
        "label": "lemma-regular-dim-2-quasi-projective",
        "tag": "0C5N",
        "url": "https://stacks.math.columbia.edu/tag/0C5N",
        "source_filename": "resolve.tex"
    },
    {
        "theorem": "Lemma 54.16.11.",
        "body": "  Let $S$ be a Noetherian scheme. Let $f : X \\to S$ be a proper morphism with $X$ regular of dimension $2$. Then $X$ is projective over $S$. ",
        "label": "lemma-regular-dim-2-projective",
        "tag": "0C5P",
        "url": "https://stacks.math.columbia.edu/tag/0C5P",
        "source_filename": "resolve.tex"
    },
    {
        "theorem": "Lemma 54.17.1.",
        "body": "  Let $f : X \\to Y$ be a proper birational morphism between integral Noetherian schemes regular of dimension $2$. Then $f$ is a sequence of blowups in closed points. ",
        "label": "lemma-proper-birational-regular-surfaces",
        "tag": "0C5R",
        "url": "https://stacks.math.columbia.edu/tag/0C5R",
        "source_filename": "resolve.tex"
    },
    {
        "theorem": "Lemma 54.17.2.",
        "body": "  Let $S$ be a Noetherian scheme. Let $X$ and $Y$ be proper integral schemes over $S$ which are regular of dimension $2$. Then $X$ and $Y$ are $S$-birational if and only if there exists a diagram of $S$-morphisms $$ X = X_0 \\leftarrow X_1 \\leftarrow \\ldots \\leftarrow X_n = Y_m \\to \\ldots \\to Y_1 \\to Y_0 = Y $$ where each morphism is a blowup in a closed point. ",
        "label": "lemma-birational-regular-surfaces",
        "tag": "0C5S",
        "url": "https://stacks.math.columbia.edu/tag/0C5S",
        "source_filename": "resolve.tex"
    }
]