[
    {
        "theorem": "Definition 24.3.1.",
        "body": "  Let $(\\mathcal{C}, \\mathcal{O})$ be a ringed site. A {\\it sheaf of graded $\\mathcal{O}$-algebras} or a {\\it sheaf of graded algebras} on $(\\mathcal{C}, \\mathcal{O})$ is given by a family $\\mathcal{A}^n$ indexed by $n \\in \\mathbf{Z}$ of $\\mathcal{O}$-modules endowed with $\\mathcal{O}$-bilinear maps $$ \\mathcal{A}^n \\times \\mathcal{A}^m \\to \\mathcal{A}^{n + m},\\quad (a, b) \\longmapsto ab $$ called the multiplication maps with the following properties \\begin{enumerate} \\item multiplication is associative, and \\item there is a global section $1$ of $\\mathcal{A}^0$ which is a two-sided identity for multiplication. \\end{enumerate} We often denote such a structure $\\mathcal{A}$. A {\\it homomorphism of graded $\\mathcal{O}$-algebras} $f : \\mathcal{A} \\to \\mathcal{B}$ is a family of maps $f^n : \\mathcal{A}^n \\to \\mathcal{B}^n$ of $\\mathcal{O}$-modules compatible with the multiplication maps. ",
        "label": "definition-ga",
        "tag": "0FQW",
        "url": "https://stacks.math.columbia.edu/tag/0FQW",
        "source_filename": "sdga.tex"
    },
    {
        "theorem": "Remark 24.3.2.",
        "body": "  Let $(f, f^\\sharp) : (\\mathop{\\mathit{Sh}}\\nolimits(\\mathcal{C}), \\mathcal{O}_\\mathcal{C}) \\to (\\mathop{\\mathit{Sh}}\\nolimits(\\mathcal{D}), \\mathcal{O}_\\mathcal{D})$ be a morphism of ringed topoi. We have \\begin{enumerate} \\item Let $\\mathcal{A}$ be a graded $\\mathcal{O}_\\mathcal{C}$-algebra. The multiplication maps of $\\mathcal{A}$ induce multiplication maps $f_*\\mathcal{A}^n \\times f_*\\mathcal{A}^m \\to f_*\\mathcal{A}^{n + m}$ and via $f^\\sharp$ we may view these as $\\mathcal{O}_\\mathcal{D}$-bilinear maps. We will denote $f_*\\mathcal{A}$ the graded $\\mathcal{O}_\\mathcal{D}$-algebra we so obtain. \\item Let $\\mathcal{B}$ be a graded $\\mathcal{O}_\\mathcal{D}$-algebra. The multiplication maps of $\\mathcal{B}$ induce multiplication maps $f^*\\mathcal{B}^n \\times f^*\\mathcal{B}^m \\to f^*\\mathcal{B}^{n + m}$ and using $f^\\sharp$ we may view these as $\\mathcal{O}_\\mathcal{C}$-bilinear maps. We will denote $f^*\\mathcal{B}$ the graded $\\mathcal{O}_\\mathcal{C}$-algebra we so obtain. \\item The set of homomorphisms $f^*\\mathcal{B} \\to \\mathcal{A}$ of graded $\\mathcal{O}_\\mathcal{C}$-algebras is in $1$-to-$1$ correspondence with the set of homomorphisms $\\mathcal{B} \\to f_*\\mathcal{A}$ of graded $\\mathcal{O}_\\mathcal{C}$-algebras. \\end{enumerate} Part (3) follows immediately from the usual adjunction between $f^*$ and $f_*$ on sheaves of modules. ",
        "label": "remark-functoriality-ga",
        "tag": "0FQX",
        "url": "https://stacks.math.columbia.edu/tag/0FQX",
        "source_filename": "sdga.tex"
    },
    {
        "theorem": "Definition 24.4.1.",
        "body": "  Let $(\\mathcal{C}, \\mathcal{O})$ be a ringed site. Let $\\mathcal{A}$ be a sheaf of graded algebras on $(\\mathcal{C}, \\mathcal{O})$. A (right) {\\it graded $\\mathcal{A}$-module} or (right) {\\it graded module} over $\\mathcal{A}$ is given by a family $\\mathcal{M}^n$ indexed by $n \\in \\mathbf{Z}$ of $\\mathcal{O}$-modules endowed with $\\mathcal{O}$-bilinear maps $$ \\mathcal{M}^n \\times \\mathcal{A}^m \\to \\mathcal{M}^{n + m},\\quad (x, a) \\longmapsto xa $$ called the multiplication maps with the following properties \\begin{enumerate} \\item multiplication satisfies $(xa)a' = x(aa')$, \\item the identity section $1$ of $\\mathcal{A}^0$ acts as the identity on $\\mathcal{M}^n$ for all $n$. \\end{enumerate} We often say ``let $\\mathcal{M}$ be a graded $\\mathcal{A}$-module'' to indicate this situation. A {\\it homomorphism of graded $\\mathcal{A}$-modules} $f : \\mathcal{M} \\to \\mathcal{N}$ is a family of maps $f^n : \\mathcal{M}^n \\to \\mathcal{N}^n$ of $\\mathcal{O}$-modules compatible with the multiplication maps. The category of (right) graded $\\mathcal{A}$-modules is denoted $\\textit{Mod}(\\mathcal{A})$. ",
        "label": "definition-gm",
        "tag": "0FQZ",
        "url": "https://stacks.math.columbia.edu/tag/0FQZ",
        "source_filename": "sdga.tex"
    },
    {
        "theorem": "Lemma 24.4.2.",
        "body": "  Let $(\\mathcal{C}, \\mathcal{O})$ be a ringed site. Let $\\mathcal{A}$ be a graded $\\mathcal{O}$-algebra. The category $\\textit{Mod}(\\mathcal{A})$ is an abelian category with the following properties \\begin{enumerate} \\item $\\textit{Mod}(\\mathcal{A})$ has arbitrary direct sums, \\item $\\textit{Mod}(\\mathcal{A})$ has arbitrary colimits, \\item filtered colimit in $\\textit{Mod}(\\mathcal{A})$ are exact, \\item $\\textit{Mod}(\\mathcal{A})$ has arbitrary products, \\item $\\textit{Mod}(\\mathcal{A})$ has arbitrary limits. \\end{enumerate} The functor $$ \\textit{Mod}(\\mathcal{A}) \\longrightarrow \\textit{Mod}(\\mathcal{O}),\\quad \\mathcal{M} \\longmapsto \\mathcal{M}^n $$ sending a graded $\\mathcal{A}$-module to its $n$th term commutes with all limits and colimits. ",
        "label": "lemma-gm-abelian",
        "tag": "0FR0",
        "url": "https://stacks.math.columbia.edu/tag/0FR0",
        "source_filename": "sdga.tex"
    },
    {
        "theorem": "Definition 24.8.1.",
        "body": "  Let $(\\mathcal{C}, \\mathcal{O})$ be a ringed site. Let $\\mathcal{A}$ and $\\mathcal{B}$ be a sheaves of graded algebras on $(\\mathcal{C}, \\mathcal{O})$. A {\\it graded $(\\mathcal{A}, \\mathcal{B})$-bimodule} is given by a family $\\mathcal{M}^n$ indexed by $n \\in \\mathbf{Z}$ of $\\mathcal{O}$-modules endowed with $\\mathcal{O}$-bilinear maps $$ \\mathcal{M}^n \\times \\mathcal{B}^m \\to \\mathcal{M}^{n + m},\\quad (x, b) \\longmapsto xb $$ and $$ \\mathcal{A}^n \\times \\mathcal{M}^m \\to \\mathcal{M}^{n + m},\\quad (a, x) \\longmapsto ax $$ called the multiplication maps with the following properties \\begin{enumerate} \\item multiplication satisfies $a(a'x) = (aa')x$ and $(xb)b' = x(bb')$, \\item $(ax)b = a(xb)$, \\item the identity section $1$ of $\\mathcal{A}^0$ acts as the identity by multiplication, and \\item the identity section $1$ of $\\mathcal{B}^0$ acts as the identity by multiplication. \\end{enumerate} We often denote such a structure $\\mathcal{M}$. A {\\it homomorphism of graded $(\\mathcal{A}, \\mathcal{B})$-bimodules} $f : \\mathcal{M} \\to \\mathcal{N}$ is a family of maps $f^n : \\mathcal{M}^n \\to \\mathcal{N}^n$ of $\\mathcal{O}$-modules compatible with the multiplication maps. ",
        "label": "definition-bimodule",
        "tag": "0FR5",
        "url": "https://stacks.math.columbia.edu/tag/0FR5",
        "source_filename": "sdga.tex"
    },
    {
        "theorem": "Lemma 24.8.2.",
        "body": "  Let $(\\mathcal{C}, \\mathcal{O})$ be a ringed site. Let $\\mathcal{A}$ and $\\mathcal{B}$ be a sheaves of graded algebras on $(\\mathcal{C}, \\mathcal{O})$. Let $\\mathcal{M}$ be a right graded $\\mathcal{A}$-module. Let $\\mathcal{N}$ be a graded $(\\mathcal{A}, \\mathcal{B})$-bimodule. Let $\\mathcal{L}$ be a right graded $\\mathcal{B}$-module. With conventions as above we have $$ \\mathop{\\mathrm{Hom}}\\nolimits_{\\textit{Mod}^{gr}(\\mathcal{B})}( \\mathcal{M} \\otimes_\\mathcal{A} \\mathcal{N}, \\mathcal{L}) = \\mathop{\\mathrm{Hom}}\\nolimits_{\\textit{Mod}^{gr}(\\mathcal{A})}( \\mathcal{M}, \\mathop{\\mathcal{H}\\!\\mathit{om}}\\nolimits_\\mathcal{B}^{gr}(\\mathcal{N}, \\mathcal{L})) $$ and $$ \\mathop{\\mathcal{H}\\!\\mathit{om}}\\nolimits_\\mathcal{B}^{gr}( \\mathcal{M} \\otimes_\\mathcal{A} \\mathcal{N}, \\mathcal{L}) = \\mathop{\\mathcal{H}\\!\\mathit{om}}\\nolimits_\\mathcal{A}^{gr}( \\mathcal{M}, \\mathop{\\mathcal{H}\\!\\mathit{om}}\\nolimits_\\mathcal{B}^{gr}(\\mathcal{N}, \\mathcal{L})) $$ functorially in $\\mathcal{M}$, $\\mathcal{N}$, $\\mathcal{L}$. ",
        "label": "lemma-tensor-hom-adjunction-gr",
        "tag": "0FR6",
        "url": "https://stacks.math.columbia.edu/tag/0FR6",
        "source_filename": "sdga.tex"
    },
    {
        "theorem": "Lemma 24.9.1.",
        "body": "  In the situation above we have $$ \\mathop{\\mathrm{Hom}}\\nolimits_{\\textit{Mod}^{gr}(\\mathcal{B})}( \\mathcal{N}, f_*\\mathcal{M}) = \\mathop{\\mathrm{Hom}}\\nolimits_{\\textit{Mod}^{gr}(\\mathcal{A})}( f^*\\mathcal{N}, \\mathcal{M}) $$ ",
        "label": "lemma-adjunction-push-pull-gr",
        "tag": "0FR8",
        "url": "https://stacks.math.columbia.edu/tag/0FR8",
        "source_filename": "sdga.tex"
    },
    {
        "theorem": "Lemma 24.10.1.",
        "body": "  In the situation above we have $$ \\mathop{\\mathrm{Hom}}\\nolimits_{\\textit{Mod}^{gr}(\\mathcal{A})}( j_!\\mathcal{M}, \\mathcal{N}) = \\mathop{\\mathrm{Hom}}\\nolimits_{\\textit{Mod}^{gr}(\\mathcal{A}_U)}( \\mathcal{M}, j^*\\mathcal{N}) $$ ",
        "label": "lemma-extension-by-zero-graded",
        "tag": "0FRA",
        "url": "https://stacks.math.columbia.edu/tag/0FRA",
        "source_filename": "sdga.tex"
    },
    {
        "theorem": "Lemma 24.10.2.",
        "body": "  In the situation above, let $\\mathcal{M}$ be a right graded $\\mathcal{A}_U$-module and let $\\mathcal{N}$ be a left graded $\\mathcal{A}$-module. Then $$ j_!\\mathcal{M} \\otimes_\\mathcal{A} \\mathcal{N} = j_!(\\mathcal{M} \\otimes_{\\mathcal{A}_U} \\mathcal{N}|_U) $$ as graded $\\mathcal{O}$-modules functorially in $\\mathcal{M}$ and $\\mathcal{N}$. ",
        "label": "lemma-tensor-with-extension-by-zero",
        "tag": "0FRB",
        "url": "https://stacks.math.columbia.edu/tag/0FRB",
        "source_filename": "sdga.tex"
    },
    {
        "theorem": "Lemma 24.11.1.",
        "body": "  Let $(\\mathcal{C}, \\mathcal{O})$ be a ringed site. Let $\\mathcal{A}$ be a graded $\\mathcal{O}$-algebra. The category $\\textit{Mod}(\\mathcal{A})$ is a Grothendieck abelian category. ",
        "label": "lemma-gm-grothendieck-abelian",
        "tag": "0FRD",
        "url": "https://stacks.math.columbia.edu/tag/0FRD",
        "source_filename": "sdga.tex"
    },
    {
        "theorem": "Definition 24.12.1.",
        "body": "  Let $(\\mathcal{C}, \\mathcal{O})$ be a ringed site. A {\\it sheaf of differential graded $\\mathcal{O}$-algebras} or a {\\it sheaf of differential graded algebras} on $(\\mathcal{C}, \\mathcal{O})$ is a cochain complex $\\mathcal{A}^\\bullet$ of $\\mathcal{O}$-modules endowed with $\\mathcal{O}$-bilinear maps $$ \\mathcal{A}^n \\times \\mathcal{A}^m \\to \\mathcal{A}^{n + m},\\quad (a, b) \\longmapsto ab $$ called the multiplication maps with the following properties \\begin{enumerate} \\item multiplication is associative, \\item there is a global section $1$ of $\\mathcal{A}^0$ which is a two-sided identity for multiplication, \\item for $U \\in \\mathop{\\mathrm{Ob}}\\nolimits(\\mathcal{C})$, $a \\in \\mathcal{A}^n(U)$, and $b \\in \\mathcal{A}^m(U)$ we have $$ \\text{d}^{n + m}(ab) = \\text{d}^n(a)b + (-1)^n a\\text{d}^m(b) $$ \\end{enumerate} We often denote such a structure $(\\mathcal{A}, \\text{d})$. A {\\it homomorphism of differential graded $\\mathcal{O}$-algebras} from $(\\mathcal{A}, \\text{d})$ to $(\\mathcal{B}, \\text{d})$ is a map $f : \\mathcal{A}^\\bullet \\to \\mathcal{B}^\\bullet$ of complexes of $\\mathcal{O}$-modules compatible with the multiplication maps. ",
        "label": "definition-dga",
        "tag": "0FRF",
        "url": "https://stacks.math.columbia.edu/tag/0FRF",
        "source_filename": "sdga.tex"
    },
    {
        "theorem": "Remark 24.12.2.",
        "body": "  Let $(f, f^\\sharp) : (\\mathop{\\mathit{Sh}}\\nolimits(\\mathcal{C}), \\mathcal{O}_\\mathcal{C}) \\to (\\mathop{\\mathit{Sh}}\\nolimits(\\mathcal{D}), \\mathcal{O}_\\mathcal{D})$ be a morphism of ringed topoi. \\begin{enumerate} \\item Let $(\\mathcal{A}, \\text{d})$ be a differential graded $\\mathcal{O}_\\mathcal{C}$-algebra. The pushforward will be the differential graded $\\mathcal{O}_\\mathcal{D}$-algebra $(f_*\\mathcal{A}, \\text{d})$ where $f_*\\mathcal{A}$ is as in Remark \\ref{remark-functoriality-ga} and $\\text{d} = f_*\\text{d}$ as maps $f_*\\mathcal{A}^n \\to f_*\\mathcal{A}^{n + 1}$. We omit the verification that the Leibniz rule is satisfied. \\item Let $\\mathcal{B}$ be a differential graded $\\mathcal{O}_\\mathcal{D}$-algebra. The pullback will be the differential graded $\\mathcal{O}_\\mathcal{C}$-algebra $(f^*\\mathcal{B}, \\text{d})$ where $f^*\\mathcal{B}$ is as in Remark \\ref{remark-functoriality-ga} and $\\text{d} = f^*\\text{d}$ as maps $f^*\\mathcal{B}^n \\to f^*\\mathcal{B}^{n + 1}$. We omit the verification that the Leibniz rule is satisfied. \\item The set of homomorphisms $f^*\\mathcal{B} \\to \\mathcal{A}$ of differential graded $\\mathcal{O}_\\mathcal{C}$-algebras is in $1$-to-$1$ correspondence with the set of homomorphisms $\\mathcal{B} \\to f_*\\mathcal{A}$ of differential graded $\\mathcal{O}_\\mathcal{D}$-algebras. \\end{enumerate} Part (3) follows immediately from the usual adjunction between $f^*$ and $f_*$ on sheaves of modules. ",
        "label": "remark-functoriality-dga",
        "tag": "0FRG",
        "url": "https://stacks.math.columbia.edu/tag/0FRG",
        "source_filename": "sdga.tex"
    },
    {
        "theorem": "Definition 24.13.1.",
        "body": "  Let $(\\mathcal{C}, \\mathcal{O})$ be a ringed site. Let $(\\mathcal{A}, \\text{d})$ be a sheaf of differential graded algebras on $(\\mathcal{C}, \\mathcal{O})$. A (right) {\\it differential graded $\\mathcal{A}$-module} or (right) {\\it differential graded module} over $\\mathcal{A}$ is a cochain complex $\\mathcal{M}^\\bullet$ endowed with $\\mathcal{O}$-bilinear maps $$ \\mathcal{M}^n \\times \\mathcal{A}^m \\to \\mathcal{M}^{n + m},\\quad (x, a) \\longmapsto xa $$ called the multiplication maps with the following properties \\begin{enumerate} \\item multiplication satisfies $(xa)a' = x(aa')$, \\item the identity section $1$ of $\\mathcal{A}^0$ acts as the identity on $\\mathcal{M}^n$ for all $n$, \\item for $U \\in \\mathop{\\mathrm{Ob}}\\nolimits(\\mathcal{C})$, $x \\in \\mathcal{M}^n(U)$, and $a \\in \\mathcal{A}^m(U)$ we have $$ \\text{d}^{n + m}(xa) = \\text{d}^n(x)a + (-1)^n x\\text{d}^m(a) $$ \\end{enumerate} We often say ``let $\\mathcal{M}$ be a differential graded $\\mathcal{A}$-module'' to indicate this situation. A {\\it homomorphism of differential graded $\\mathcal{A}$-modules} from $\\mathcal{M}$ to $\\mathcal{N}$ is a map $f : \\mathcal{M}^\\bullet \\to \\mathcal{N}^\\bullet$ of complexes of $\\mathcal{O}$-modules compatible with the multiplication maps. The category of (right) differential graded $\\mathcal{A}$-modules is denoted $\\textit{Mod}(\\mathcal{A}, \\text{d})$. ",
        "label": "definition-dgm",
        "tag": "0FRI",
        "url": "https://stacks.math.columbia.edu/tag/0FRI",
        "source_filename": "sdga.tex"
    },
    {
        "theorem": "Lemma 24.13.2.",
        "body": "  Let $(\\mathcal{C}, \\mathcal{O})$ be a ringed site. Let $(\\mathcal{A}, \\text{d})$ be a differential graded $\\mathcal{O}$-algebra. The category $\\textit{Mod}(\\mathcal{A}, \\text{d})$ is an abelian category with the following properties \\begin{enumerate} \\item $\\textit{Mod}(\\mathcal{A}, \\text{d})$ has arbitrary direct sums, \\item $\\textit{Mod}(\\mathcal{A}, \\text{d})$ has arbitrary colimits, \\item filtered colimit in $\\textit{Mod}(\\mathcal{A}, \\text{d})$ are exact, \\item $\\textit{Mod}(\\mathcal{A}, \\text{d})$ has arbitrary products, \\item $\\textit{Mod}(\\mathcal{A}, \\text{d})$ has arbitrary limits. \\end{enumerate} The forgetful functor $$ \\textit{Mod}(\\mathcal{A}, \\text{d}) \\longrightarrow \\textit{Mod}(\\mathcal{A}) $$ sending a differential graded $\\mathcal{A}$-module to its underlying graded module commutes with all limits and colimits. ",
        "label": "lemma-dgm-abelian",
        "tag": "0FRJ",
        "url": "https://stacks.math.columbia.edu/tag/0FRJ",
        "source_filename": "sdga.tex"
    },
    {
        "theorem": "Definition 24.17.1.",
        "body": "  Let $(\\mathcal{C}, \\mathcal{O})$ be a ringed site. Let $\\mathcal{A}$ and $\\mathcal{B}$ be a sheaves of differential graded algebras on $(\\mathcal{C}, \\mathcal{O})$. A {\\it differential graded $(\\mathcal{A}, \\mathcal{B})$-bimodule} is given by a complex $\\mathcal{M}^\\bullet$ of $\\mathcal{O}$-modules endowed with $\\mathcal{O}$-bilinear maps $$ \\mathcal{M}^n \\times \\mathcal{B}^m \\to \\mathcal{M}^{n + m},\\quad (x, b) \\longmapsto xb $$ and $$ \\mathcal{A}^n \\times \\mathcal{M}^m \\to \\mathcal{M}^{n + m},\\quad (a, x) \\longmapsto ax $$ called the multiplication maps with the following properties \\begin{enumerate} \\item multiplication satisfies $a(a'x) = (aa')x$ and $(xb)b' = x(bb')$, \\item $(ax)b = a(xb)$, \\item $\\text{d}(ax) = \\text{d}(a) x + (-1)^{\\deg(a)}a \\text{d}(x)$ and $\\text{d}(xb) = \\text{d}(x) b + (-1)^{\\deg(x)}x \\text{d}(b)$, \\item the identity section $1$ of $\\mathcal{A}^0$ acts as the identity by multiplication, and \\item the identity section $1$ of $\\mathcal{B}^0$ acts as the identity by multiplication. \\end{enumerate} We often denote such a structure $\\mathcal{M}$ and sometimes we write ${}_\\mathcal{A}\\mathcal{M}_\\mathcal{B}$. A {\\it homomorphism of differential graded $(\\mathcal{A}, \\mathcal{B})$-bimodules} $f : \\mathcal{M} \\to \\mathcal{N}$ is a map of complexes $f : \\mathcal{M}^\\bullet \\to \\mathcal{N}^\\bullet$ of $\\mathcal{O}$-modules compatible with the multiplication maps. ",
        "label": "definition-dg-bimodule",
        "tag": "0FRQ",
        "url": "https://stacks.math.columbia.edu/tag/0FRQ",
        "source_filename": "sdga.tex"
    },
    {
        "theorem": "Lemma 24.17.2.",
        "body": "  Let $(\\mathcal{C}, \\mathcal{O})$ be a ringed site. Let $\\mathcal{A}$ and $\\mathcal{B}$ be a sheaves of differential graded algebras on $(\\mathcal{C}, \\mathcal{O})$. Let $\\mathcal{N}$ be a right differential graded $\\mathcal{B}$-module. There is a $1$-to-$1$ correspondence between $(\\mathcal{A}, \\mathcal{B})$-bimodule structures on $\\mathcal{N}$ compatible with the given differential graded $\\mathcal{B}$-module structure and homomorphisms $$ \\mathcal{A} \\longrightarrow \\mathop{\\mathcal{H}\\!\\mathit{om}}\\nolimits^{dg}_\\mathcal{B}(\\mathcal{N}, \\mathcal{N}) $$ of differential graded $\\mathcal{O}$-algebras. ",
        "label": "lemma-what-makes-a-bimodule-dg",
        "tag": "0FRR",
        "url": "https://stacks.math.columbia.edu/tag/0FRR",
        "source_filename": "sdga.tex"
    },
    {
        "theorem": "Lemma 24.17.3.",
        "body": "  Let $(\\mathcal{C}, \\mathcal{O})$ be a ringed site. Let $\\mathcal{A}$ and $\\mathcal{B}$ be a sheaves of differential graded algebras on $(\\mathcal{C}, \\mathcal{O})$. Let $\\mathcal{M}$ be a right differential graded $\\mathcal{A}$-module. Let $\\mathcal{N}$ be a differential graded $(\\mathcal{A}, \\mathcal{B})$-bimodule. Let $\\mathcal{L}$ be a right differential graded $\\mathcal{B}$-module. With conventions as above we have $$ \\mathop{\\mathrm{Hom}}\\nolimits_{\\textit{Mod}^{dg}(\\mathcal{B}, \\text{d})}( \\mathcal{M} \\otimes_\\mathcal{A} \\mathcal{N}, \\mathcal{L}) = \\mathop{\\mathrm{Hom}}\\nolimits_{\\textit{Mod}^{dg}(\\mathcal{A}, \\text{d})}( \\mathcal{M}, \\mathop{\\mathcal{H}\\!\\mathit{om}}\\nolimits_\\mathcal{B}^{dg}(\\mathcal{N}, \\mathcal{L})) $$ and $$ \\mathop{\\mathcal{H}\\!\\mathit{om}}\\nolimits_\\mathcal{B}^{dg}( \\mathcal{M} \\otimes_\\mathcal{A} \\mathcal{N}, \\mathcal{L}) = \\mathop{\\mathcal{H}\\!\\mathit{om}}\\nolimits_\\mathcal{A}^{dg}( \\mathcal{M}, \\mathop{\\mathcal{H}\\!\\mathit{om}}\\nolimits_\\mathcal{B}^{dg}(\\mathcal{N}, \\mathcal{L})) $$ functorially in $\\mathcal{M}$, $\\mathcal{N}$, $\\mathcal{L}$. ",
        "label": "lemma-tensor-hom-adjunction-dg",
        "tag": "0FRS",
        "url": "https://stacks.math.columbia.edu/tag/0FRS",
        "source_filename": "sdga.tex"
    },
    {
        "theorem": "Lemma 24.18.1.",
        "body": "  In the situation above we have $$ \\mathop{\\mathrm{Hom}}\\nolimits_{\\textit{Mod}^{dg}(\\mathcal{B}, \\text{d})}( \\mathcal{N}, f_*\\mathcal{M}) = \\mathop{\\mathrm{Hom}}\\nolimits_{\\textit{Mod}^{dg}(\\mathcal{A}, \\text{d})}( f^*\\mathcal{N}, \\mathcal{M}) $$ ",
        "label": "lemma-adjunction-push-pull-dg",
        "tag": "0FRU",
        "url": "https://stacks.math.columbia.edu/tag/0FRU",
        "source_filename": "sdga.tex"
    },
    {
        "theorem": "Lemma 24.19.1.",
        "body": "  In the situation above we have $$ \\mathop{\\mathrm{Hom}}\\nolimits_{\\textit{Mod}^{dg}(\\mathcal{A}, \\text{d})}( j_!\\mathcal{M}, \\mathcal{N}) = \\mathop{\\mathrm{Hom}}\\nolimits_{\\textit{Mod}^{dg}(\\mathcal{A}_U, \\text{d})}( \\mathcal{M}, j^*\\mathcal{N}) $$ ",
        "label": "lemma-extension-by-zero-dg",
        "tag": "0FRW",
        "url": "https://stacks.math.columbia.edu/tag/0FRW",
        "source_filename": "sdga.tex"
    },
    {
        "theorem": "Lemma 24.19.2.",
        "body": "  In the situation above, let $\\mathcal{M}$ be a right differential graded $\\mathcal{A}_U$-module and let $\\mathcal{N}$ be a left differential graded $\\mathcal{A}$-module. Then $$ j_!\\mathcal{M} \\otimes_\\mathcal{A} \\mathcal{N} = j_!(\\mathcal{M} \\otimes_{\\mathcal{A}_U} \\mathcal{N}|_U) $$ as complexes of $\\mathcal{O}$-modules functorially in $\\mathcal{M}$ and $\\mathcal{N}$. ",
        "label": "lemma-tensor-with-extension-by-zero-dg",
        "tag": "0FRX",
        "url": "https://stacks.math.columbia.edu/tag/0FRX",
        "source_filename": "sdga.tex"
    },
    {
        "theorem": "Definition 24.21.1.",
        "body": "  Let $(\\mathcal{C}, \\mathcal{O})$ be a ringed site. Let $\\mathcal{A}$ be a sheaf of differential graded algebras on $(\\mathcal{C}, \\mathcal{O})$. Let $f, g : \\mathcal{M} \\to \\mathcal{N}$ be homomorphisms of differential graded $\\mathcal{A}$-modules. A {\\it homotopy between $f$ and $g$} is a graded $\\mathcal{A}$-module map $h : \\mathcal{M} \\to \\mathcal{N}$ homogeneous of degree $-1$ such that $$ f - g = \\text{d}_\\mathcal{N} \\circ h + h \\circ \\text{d}_\\mathcal{M} $$ If a homotopy exists, then we say $f$ and $g$ are {\\it homotopic}. ",
        "label": "definition-homotopy",
        "tag": "0FS0",
        "url": "https://stacks.math.columbia.edu/tag/0FS0",
        "source_filename": "sdga.tex"
    },
    {
        "theorem": "Definition 24.21.2.",
        "body": "  Let $(\\mathcal{C}, \\mathcal{O})$ be a ringed site. Let $\\mathcal{A}$ be a sheaf of differential graded algebras on $(\\mathcal{C}, \\mathcal{O})$. The {\\it homotopy category}, denoted $K(\\textit{Mod}(\\mathcal{A}, \\text{d}))$, is the category whose objects are the objects of $\\textit{Mod}(\\mathcal{A}, \\text{d})$ and whose morphisms are homotopy classes of homomorphisms of differential graded $\\mathcal{A}$-modules. ",
        "label": "definition-complexes-notation",
        "tag": "0FS1",
        "url": "https://stacks.math.columbia.edu/tag/0FS1",
        "source_filename": "sdga.tex"
    },
    {
        "theorem": "Lemma 24.21.3.",
        "body": "  Let $(\\mathcal{C}, \\mathcal{O})$ be a ringed site. Let $\\mathcal{A}$ be a sheaf of differential graded algebras on $(\\mathcal{C}, \\mathcal{O})$. The homotopy category $K(\\textit{Mod}(\\mathcal{A}, \\text{d}))$ has direct sums and products. ",
        "label": "lemma-homotopy-direct-sums",
        "tag": "0FS2",
        "url": "https://stacks.math.columbia.edu/tag/0FS2",
        "source_filename": "sdga.tex"
    },
    {
        "theorem": "Lemma 24.22.1.",
        "body": "  Let $(\\mathcal{C}, \\mathcal{O})$ be a ringed site. Let $\\mathcal{A}$ be a sheaf of differential graded algebras on $(\\mathcal{C}, \\mathcal{O})$. The differential graded category $\\textit{Mod}^{dg}(\\mathcal{A}, \\text{d})$ satisfies axioms (A) and (B) of Differential Graded Algebra, Section \\ref{dga-section-review}. ",
        "label": "lemma-axioms-AB",
        "tag": "0FS4",
        "url": "https://stacks.math.columbia.edu/tag/0FS4",
        "source_filename": "sdga.tex"
    },
    {
        "theorem": "Definition 24.22.2.",
        "body": "  Let $(\\mathcal{C}, \\mathcal{O})$ be a ringed site. Let $\\mathcal{A}$ be a sheaf of differential graded algebras on $(\\mathcal{C}, \\mathcal{O})$. Let $f : \\mathcal{K} \\to \\mathcal{L}$ be a homomorphism of differential graded $\\mathcal{A}$-modules. The {\\it cone} of $f$ is the differential graded $\\mathcal{A}$-module $C(f)$ defined as follows: \\begin{enumerate} \\item the underlying complex of $\\mathcal{O}$-modules is the cone of the corresponding map $f : \\mathcal{K}^\\bullet \\to \\mathcal{L}^\\bullet$ of complexes of $\\mathcal{A}$-modules, i.e., we have $C(f)^n = \\mathcal{L}^n \\oplus \\mathcal{K}^{n + 1}$ and differential $$ d_{C(f)} = \\left( \\begin{matrix} \\text{d}_\\mathcal{L} & f \\\\ 0 & -\\text{d}_\\mathcal{K} \\end{matrix} \\right) $$ \\item the multiplication map $$ C(f)^n \\times \\mathcal{A}^m \\to C(f)^{n + m} $$ is the direct sum of the multiplication map $\\mathcal{L}^n \\times \\mathcal{A}^m \\to \\mathcal{L}^{n + m}$ and the multiplication map $\\mathcal{K}^{n + 1} \\times \\mathcal{A}^m \\to \\mathcal{K}^{n + 1 + m}$. \\end{enumerate} It comes equipped with canonical hommorphisms of differential graded $\\mathcal{A}$-modules $i : \\mathcal{L} \\to C(f)$ and $p : C(f) \\to \\mathcal{K}[1]$ induced by the obvious maps. ",
        "label": "definition-cone",
        "tag": "0FS5",
        "url": "https://stacks.math.columbia.edu/tag/0FS5",
        "source_filename": "sdga.tex"
    },
    {
        "theorem": "Lemma 24.22.3.",
        "body": "  Let $(\\mathcal{C}, \\mathcal{O})$ be a ringed site. Let $\\mathcal{A}$ be a sheaf of differential graded algebras on $(\\mathcal{C}, \\mathcal{O})$. The differential graded category $\\textit{Mod}^{dg}(\\mathcal{A}, \\text{d})$ satisfies axiom (C) formulated in Differential Graded Algebra, Situation \\ref{dga-situation-ABC}. ",
        "label": "lemma-axiom-C",
        "tag": "0FS6",
        "url": "https://stacks.math.columbia.edu/tag/0FS6",
        "source_filename": "sdga.tex"
    },
    {
        "theorem": "Proposition 24.22.4.",
        "body": "  Let $(\\mathcal{C}, \\mathcal{O})$ be a ringed site. Let $\\mathcal{A}$ be a sheaf of differential graded algebras on $(\\mathcal{C}, \\mathcal{O})$. The homotopy category $K(\\textit{Mod}(\\mathcal{A}, \\text{d}))$ is a triangulated category where \\begin{enumerate} \\item the shift functors are those constructed in Section \\ref{section-shift-dg}, \\item the distinguished triangles are those triangles in $K(\\textit{Mod}(\\mathcal{A}, \\text{d}))$ which are isomorphic as a triangle to a triangle $$ \\mathcal{K} \\to \\mathcal{L} \\to \\mathcal{N} \\xrightarrow{\\delta} \\mathcal{K}[1],\\quad\\quad \\delta = \\pi \\circ \\text{d}_\\mathcal{L} \\circ s $$ constructed from an admissible short exact sequence $0 \\to \\mathcal{K} \\to \\mathcal{L} \\to \\mathcal{N} \\to 0$ in $\\textit{Mod}(\\mathcal{A}, \\text{d})$ above. \\end{enumerate} ",
        "label": "proposition-homotopy-category-triangulated",
        "tag": "0FS7",
        "url": "https://stacks.math.columbia.edu/tag/0FS7",
        "source_filename": "sdga.tex"
    },
    {
        "theorem": "Remark 24.22.5.",
        "body": "  Let $(\\mathcal{C}, \\mathcal{O})$ be a ringed site. Let $\\mathcal{A}$ be a sheaf of differential graded algebras on $(\\mathcal{C}, \\mathcal{O})$. Let $C = C(\\text{id}_\\mathcal{A})$ be the cone on the identity map $\\mathcal{A} \\to \\mathcal{A}$ viewed as a map of differential graded $\\mathcal{A}$-modules. Then $$ \\mathop{\\mathrm{Hom}}\\nolimits_{\\textit{Mod}(\\mathcal{A}, \\text{d})}(C, \\mathcal{M}) = \\{(x, y) \\in \\Gamma(\\mathcal{C}, \\mathcal{M}^0) \\times \\Gamma(\\mathcal{C}, \\mathcal{M}^{-1}) \\mid x = \\text{d}(y)\\} $$ where the map from left to right sends $f$ to the pair $(x, y)$ where $x$ is the image of the global section $(0, 1)$ of $C^{-1} = \\mathcal{A}^{-1} \\oplus \\mathcal{A}^0$ and where $y$ is the image of the global section $(1, 0)$ of $C^0 = \\mathcal{A}^0 \\oplus \\mathcal{A}^1$. ",
        "label": "remark-cone-identity",
        "tag": "0FS8",
        "url": "https://stacks.math.columbia.edu/tag/0FS8",
        "source_filename": "sdga.tex"
    },
    {
        "theorem": "Lemma 24.22.6.",
        "body": "  Let $(\\mathcal{C}, \\mathcal{O})$ be a ringed site. Let $(\\mathcal{A}, \\text{d})$ be a differential graded $\\mathcal{O}$-algebra. The category $\\textit{Mod}(\\mathcal{A}, \\text{d})$ is a Grothendieck abelian category. ",
        "label": "lemma-dgm-grothendieck-abelian",
        "tag": "0FS9",
        "url": "https://stacks.math.columbia.edu/tag/0FS9",
        "source_filename": "sdga.tex"
    },
    {
        "theorem": "Lemma 24.23.1.",
        "body": "  Let $(\\mathcal{C}, \\mathcal{O})$ be a ringed site. Let $\\mathcal{A}$ be a sheaf of differential graded algebras on $(\\mathcal{C}, \\mathcal{O})$. Let $U \\in \\mathop{\\mathrm{Ob}}\\nolimits(\\mathcal{C})$. Then $j_!\\mathcal{A}_U$ is a good differential graded $\\mathcal{A}$-module. ",
        "label": "lemma-supply-good",
        "tag": "0FSB",
        "url": "https://stacks.math.columbia.edu/tag/0FSB",
        "source_filename": "sdga.tex"
    },
    {
        "theorem": "Lemma 24.23.2.",
        "body": "  et $(\\mathcal{C}, \\mathcal{O})$ be a ringed site. Let $\\mathcal{A}$ be a sheaf of differential graded algebras on $(\\mathcal{C}, \\mathcal{O})$. Let $0 \\to \\mathcal{P} \\to \\mathcal{P}' \\to \\mathcal{P}'' \\to 0$ be an admissible short exact sequence of differential graded $\\mathcal{A}$-modules. If two-out-of-three of these modules are good, so is the third. ",
        "label": "lemma-good-admissible-ses",
        "tag": "0FSC",
        "url": "https://stacks.math.columbia.edu/tag/0FSC",
        "source_filename": "sdga.tex"
    },
    {
        "theorem": "Lemma 24.23.3.",
        "body": "  Let $(\\mathcal{C}, \\mathcal{O})$ be a ringed site. Let $\\mathcal{A}$ be a sheaf of differential graded algebras on $(\\mathcal{C}, \\mathcal{O})$. An arbitrary direct sum of good differential graded $\\mathcal{A}$-modules is good. A filtered colimit of good differential graded $\\mathcal{A}$-modules is good. ",
        "label": "lemma-good-direct-sum",
        "tag": "0FSD",
        "url": "https://stacks.math.columbia.edu/tag/0FSD",
        "source_filename": "sdga.tex"
    },
    {
        "theorem": "Lemma 24.23.4.",
        "body": "  Let $(\\mathcal{C}, \\mathcal{O})$ be a ringed site. Let $\\mathcal{A}$ be a sheaf of differential graded algebras on $(\\mathcal{C}, \\mathcal{O})$. Let $\\mathcal{M}$ be a differential graded $\\mathcal{A}$-module. There exists a homomorphism $\\mathcal{P} \\to \\mathcal{M}$ of differential graded $\\mathcal{A}$-modules with the following properties \\begin{enumerate} \\item $\\mathcal{P} \\to \\mathcal{M}$ is surjective, \\item $\\mathop{\\mathrm{Ker}}(\\text{d}_\\mathcal{P}) \\to \\mathop{\\mathrm{Ker}}(\\text{d}_\\mathcal{M})$ is surjective, and \\item $\\mathcal{P}$ is good. \\end{enumerate} ",
        "label": "lemma-good-quotient",
        "tag": "0FSE",
        "url": "https://stacks.math.columbia.edu/tag/0FSE",
        "source_filename": "sdga.tex"
    },
    {
        "theorem": "Remark 24.23.5.",
        "body": "  Let $(\\mathcal{C}, \\mathcal{O})$ be a ringed site. A {\\it sheaf of graded sets} on $\\mathcal{C}$ is a sheaf of sets $\\mathcal{S}$ endowed with a map $\\deg : \\mathcal{S} \\to \\underline{\\mathbf{Z}}$ of sheaves of sets. Let us denote $\\mathcal{O}[\\mathcal{S}]$ the graded $\\mathcal{O}$-module which is the free $\\mathcal{O}$-module on the graded sheaf of sets $\\mathcal{S}$. More precisely, the $n$th graded part of $\\mathcal{O}[\\mathcal{S}]$ is the sheafification of the rule $$ U \\longmapsto \\bigoplus\\nolimits_{s \\in \\mathcal{S}(U),\\ \\deg(s) = n} s \\cdot \\mathcal{O}(U) $$ With zero differential we also may consider this as a differential graded $\\mathcal{O}$-module. Let $\\mathcal{A}$ be a sheaf of graded $\\mathcal{O}$-algebras Then we similarly define $\\mathcal{A}[\\mathcal{S}]$ to be the graded $\\mathcal{A}$-module whose $n$th graded part is the sheafification of the rule $$ U \\longmapsto \\bigoplus\\nolimits_{s \\in \\mathcal{S}(U)} s \\cdot \\mathcal{A}^{n - \\deg(s)}(U) $$ If $\\mathcal{A}$ is a differential graded $\\mathcal{O}$-algebra, the we turn this into a differential graded $\\mathcal{O}$-module by setting $\\text{d}(s) = 0$ for all $s \\in \\mathcal{S}(U)$ and sheafifying. ",
        "label": "remark-sheaf-graded-sets",
        "tag": "0FSF",
        "url": "https://stacks.math.columbia.edu/tag/0FSF",
        "source_filename": "sdga.tex"
    },
    {
        "theorem": "Lemma 24.23.6.",
        "body": "  Let $(\\mathcal{C}, \\mathcal{O})$ be a ringed site. Let $\\mathcal{A}$ be a differential graded $\\mathcal{A}$-algebra. Let $\\mathcal{S}$ be a sheaf of graded sets on $\\mathcal{C}$. Then the free graded module $\\mathcal{A}[\\mathcal{S}]$ on $\\mathcal{S}$ endowed with differential as in Remark \\ref{remark-sheaf-graded-sets} is a good differential graded $\\mathcal{A}$-module. ",
        "label": "lemma-free-graded-module-good",
        "tag": "0FSG",
        "url": "https://stacks.math.columbia.edu/tag/0FSG",
        "source_filename": "sdga.tex"
    },
    {
        "theorem": "Lemma 24.23.7.",
        "body": "  Let $(\\mathcal{C}, \\mathcal{O})$ be a ringed site. Let $\\mathcal{A}$ be a sheaf of differential graded algebras on $(\\mathcal{C}, \\mathcal{O})$. Let $\\mathcal{M}$ be a differential graded $\\mathcal{A}$-module. There exists a homomorphism $\\mathcal{P} \\to \\mathcal{M}$ of differential graded $\\mathcal{A}$-modules with the following properties \\begin{enumerate} \\item $\\mathcal{P} \\to \\mathcal{M}$ is a quasi-isomorphism, and \\item $\\mathcal{P}$ is good. \\end{enumerate} ",
        "label": "lemma-resolve",
        "tag": "0FSH",
        "url": "https://stacks.math.columbia.edu/tag/0FSH",
        "source_filename": "sdga.tex"
    },
    {
        "theorem": "Lemma 24.23.8.",
        "body": "  Let $(\\mathcal{C}, \\mathcal{O})$ be a ringed site. Let $\\mathcal{A}$ be a sheaf of differential graded algebras on $(\\mathcal{C}, \\mathcal{O})$. Let $\\mathcal{P}$ be a good acyclic right differential graded $\\mathcal{A}$-module. \\begin{enumerate} \\item for any differential graded left $\\mathcal{A}$-module $\\mathcal{N}$ the tensor product $\\mathcal{P} \\otimes_\\mathcal{A} \\mathcal{N}$ is acyclic, \\item for any morphism $(f, f^\\sharp) : (\\mathop{\\mathit{Sh}}\\nolimits(\\mathcal{C}'), \\mathcal{O}') \\to (\\mathop{\\mathit{Sh}}\\nolimits(\\mathcal{C}), \\mathcal{O})$ of ringed topoi and any differential graded $\\mathcal{O}'$-algebra $\\mathcal{A}'$ and any map $\\varphi : f^{-1}\\mathcal{A} \\to \\mathcal{A}'$ of differential graded $f^{-1}\\mathcal{O}$-algebras the pullback $f^*\\mathcal{P}$ is acyclic and good. \\end{enumerate} ",
        "label": "lemma-acyclic-good",
        "tag": "0FSI",
        "url": "https://stacks.math.columbia.edu/tag/0FSI",
        "source_filename": "sdga.tex"
    },
    {
        "theorem": "Lemma 24.24.1.",
        "body": "  Let $(\\mathcal{C}, \\mathcal{O})$ be a ringed site. Let $\\mathcal{A}$ be a sheaf of differential graded algebras on $(\\mathcal{C}, \\mathcal{O})$. The forgetful functor $F : \\textit{Mod}(\\mathcal{A}, \\text{d}) \\to \\textit{Mod}(\\mathcal{A})$ has a left adjoint $G : \\textit{Mod}(\\mathcal{A}) \\to \\textit{Mod}(\\mathcal{A}, \\text{d})$. ",
        "label": "lemma-dg-hull",
        "tag": "0FSK",
        "url": "https://stacks.math.columbia.edu/tag/0FSK",
        "source_filename": "sdga.tex"
    },
    {
        "theorem": "Lemma 24.24.2.",
        "body": "  The functors $F, G$ of Lemma \\ref{lemma-dg-hull} have the following properties. Given a graded $\\mathcal{A}$-module $\\mathcal{N}$ we have \\begin{enumerate} \\item the counit $\\mathcal{N} \\to F(G(\\mathcal{N}))$ is injective, \\item the map $\\overline{\\text{d}} : \\mathcal{N} \\to \\mathop{\\mathrm{Coker}}(\\mathcal{N} \\to F(G(\\mathcal{N})))[1]$ is an isomorphism, and \\item $G(\\mathcal{N})$ is an acyclic differential graded $\\mathcal{A}$-module. \\end{enumerate} ",
        "label": "lemma-dg-hull-acyclic",
        "tag": "0FSL",
        "url": "https://stacks.math.columbia.edu/tag/0FSL",
        "source_filename": "sdga.tex"
    },
    {
        "theorem": "Lemma 24.25.1.",
        "body": "  Let $(\\mathcal{C}, \\mathcal{O})$ be a ringed site. Let $\\mathcal{A}$ be a sheaf of graded algebras on $(\\mathcal{C}, \\mathcal{O})$. There exists a set $T$ and for each $t \\in T$ an injective map $\\mathcal{N}_t \\to \\mathcal{N}'_t$ of graded $\\mathcal{A}$-modules such that an object $\\mathcal{I}$ of $\\textit{Mod}(\\mathcal{A})$ is injective if and only if for every solid diagram $$ \\xymatrix{ \\mathcal{N}_t \\ar[r] \\ar[d] & \\mathcal{I} \\\\ \\mathcal{N}'_t \\ar@{..>}[ru] } $$ a dotted arrow exists in $\\textit{Mod}(\\mathcal{A})$ making the diagram commute. ",
        "label": "lemma-characterize-injectives",
        "tag": "0FSN",
        "url": "https://stacks.math.columbia.edu/tag/0FSN",
        "source_filename": "sdga.tex"
    },
    {
        "theorem": "Definition 24.25.2.",
        "body": "  Let $(\\mathcal{C}, \\mathcal{O})$ be a ringed site. Let $(\\mathcal{A}, \\text{d})$ be a sheaf of differential graded algebras on $(\\mathcal{C}, \\mathcal{O})$. A diffential graded $\\mathcal{A}$-module $\\mathcal{I}$ is said to be {\\it graded injective}\\footnote{This may be nonstandard terminology.} if $\\mathcal{M}$ viewed as a graded $\\mathcal{A}$-module is an injective object of the category $\\textit{Mod}(\\mathcal{A})$ of graded $\\mathcal{A}$-modules. ",
        "label": "definition-graded-injective",
        "tag": "0FSP",
        "url": "https://stacks.math.columbia.edu/tag/0FSP",
        "source_filename": "sdga.tex"
    },
    {
        "theorem": "Remark 24.25.3.",
        "body": "  Let $(\\mathcal{C}, \\mathcal{O})$ be a ringed site. Let $(\\mathcal{A}, \\text{d})$ be a sheaf of differential graded algebras on $(\\mathcal{C}, \\mathcal{O})$. Let $\\mathcal{I}$ be a graded injective diffential graded $\\mathcal{A}$-module. Let $$ 0 \\to \\mathcal{M}_1 \\to \\mathcal{M}_2 \\to \\mathcal{M}_3 \\to 0 $$ be a short exact sequence of differential graded $\\mathcal{A}$-modules. Since $\\mathcal{I}$ is graded injective we obtain a short exact sequence of complexes $$ 0 \\to \\mathop{\\mathrm{Hom}}\\nolimits_{\\textit{Mod}^{dg}(\\mathcal{A}, \\text{d})}(\\mathcal{M}_3, \\mathcal{I}) \\to \\mathop{\\mathrm{Hom}}\\nolimits_{\\textit{Mod}^{dg}(\\mathcal{A}, \\text{d})}(\\mathcal{M}_2, \\mathcal{I}) \\to \\mathop{\\mathrm{Hom}}\\nolimits_{\\textit{Mod}^{dg}(\\mathcal{A}, \\text{d})}(\\mathcal{M}_1, \\mathcal{I}) \\to 0 $$ of $\\Gamma(\\mathcal{C}, \\mathcal{O})$-modules. Taking cohomology we obtain a long exact sequence $$ \\xymatrix{ \\mathop{\\mathrm{Hom}}\\nolimits_{K(\\textit{Mod}(\\mathcal{A}, \\text{d}))}(\\mathcal{M}_3, \\mathcal{I}) \\ar[d] & \\mathop{\\mathrm{Hom}}\\nolimits_{K(\\textit{Mod}(\\mathcal{A}, \\text{d}))}(\\mathcal{M}_3, \\mathcal{I})[1] \\ar[d] \\\\ \\mathop{\\mathrm{Hom}}\\nolimits_{K(\\textit{Mod}(\\mathcal{A}, \\text{d}))}(\\mathcal{M}_2, \\mathcal{I}) \\ar[d] & \\mathop{\\mathrm{Hom}}\\nolimits_{K(\\textit{Mod}(\\mathcal{A}, \\text{d}))}(\\mathcal{M}_2, \\mathcal{I})[1] \\ar[d] \\\\ \\mathop{\\mathrm{Hom}}\\nolimits_{K(\\textit{Mod}(\\mathcal{A}, \\text{d}))}(\\mathcal{M}_1, \\mathcal{I}) \\ar[ruu] & \\mathop{\\mathrm{Hom}}\\nolimits_{K(\\textit{Mod}(\\mathcal{A}, \\text{d}))}(\\mathcal{M}_1, \\mathcal{I})[1] } $$ of groups of homomorphisms in the homotopy category. The point is that we get this even though we didn't assume that our short exact sequence is admissible (so the short exact sequence in general does not define a distinguished triangle in the homotopy category). ",
        "label": "remark-why-graded-injective",
        "tag": "0FSQ",
        "url": "https://stacks.math.columbia.edu/tag/0FSQ",
        "source_filename": "sdga.tex"
    },
    {
        "theorem": "Lemma 24.25.4.",
        "body": "  Let $(\\mathcal{C}, \\mathcal{O})$ be a ringed site. Let $(\\mathcal{A}, \\text{d})$ be a sheaf of differential graded algebras on $(\\mathcal{C}, \\mathcal{O})$. Let $T$ be a set and for each $t \\in T$ let $\\mathcal{I}_t$ be a graded injective diffential graded $\\mathcal{A}$-module. Then $\\prod \\mathcal{I}_t$ is a graded injective differential graded $\\mathcal{A}$-module. ",
        "label": "lemma-product-graded-injective",
        "tag": "0FSR",
        "url": "https://stacks.math.columbia.edu/tag/0FSR",
        "source_filename": "sdga.tex"
    },
    {
        "theorem": "Lemma 24.25.5.",
        "body": "  Let $(\\mathcal{C}, \\mathcal{O})$ be a ringed site. Let $(\\mathcal{A}, \\text{d})$ be a sheaf of differential graded algebras on $(\\mathcal{C}, \\mathcal{O})$. There exists a set $T$ and for each $t \\in T$ an injective map $\\mathcal{M}_t \\to \\mathcal{M}'_t$ of acyclic differential graded $\\mathcal{A}$-modules such that for an object $\\mathcal{I}$ of $\\textit{Mod}(\\mathcal{A}, \\text{d})$ the following are equivalent \\begin{enumerate} \\item $\\mathcal{I}$ is graded injective, and \\item for every solid diagram $$ \\xymatrix{ \\mathcal{M}_t \\ar[r] \\ar[d] & \\mathcal{I} \\\\ \\mathcal{M}'_t \\ar@{..>}[ru] } $$ a dotted arrow exists in $\\textit{Mod}(\\mathcal{A}, \\text{d})$ making the diagram commute. \\end{enumerate} ",
        "label": "lemma-characterize-graded-injectives-in-dg",
        "tag": "0FSS",
        "url": "https://stacks.math.columbia.edu/tag/0FSS",
        "source_filename": "sdga.tex"
    },
    {
        "theorem": "Lemma 24.25.6.",
        "body": "  Let $(\\mathcal{C}, \\mathcal{O})$ be a ringed site. Let $(\\mathcal{A}, \\text{d})$ be a sheaf of differential graded algebras on $(\\mathcal{C}, \\mathcal{O})$. There exists a set $S$ and for each $s$ an acyclic differential graded $\\mathcal{A}$-module $\\mathcal{M}_s$ such that for every nonzero acyclic differential graded $\\mathcal{A}$-module $\\mathcal{M}$ there is an $s \\in S$ and an injective map $\\mathcal{M}_s \\to \\mathcal{M}$ in $\\textit{Mod}(\\mathcal{A}, \\text{d})$. ",
        "label": "lemma-small-acyclics",
        "tag": "0FST",
        "url": "https://stacks.math.columbia.edu/tag/0FST",
        "source_filename": "sdga.tex"
    },
    {
        "theorem": "Definition 24.25.7.",
        "body": "  Let $(\\mathcal{C}, \\mathcal{O})$ be a ringed site. Let $(\\mathcal{A}, \\text{d})$ be a sheaf of differential graded algebras on $(\\mathcal{C}, \\mathcal{O})$. A diffential graded $\\mathcal{A}$-module $\\mathcal{I}$ is {\\it K-injective} if for every acyclic differential graded $\\mathcal{M}$ we have $$ \\mathop{\\mathrm{Hom}}\\nolimits_{K(\\textit{Mod}(\\mathcal{A}, \\text{d}))}(\\mathcal{M}, \\mathcal{I}) = 0 $$ ",
        "label": "definition-K-injective",
        "tag": "0FSU",
        "url": "https://stacks.math.columbia.edu/tag/0FSU",
        "source_filename": "sdga.tex"
    },
    {
        "theorem": "Lemma 24.25.8.",
        "body": "  Let $(\\mathcal{C}, \\mathcal{O})$ be a ringed site. Let $(\\mathcal{A}, \\text{d})$ be a sheaf of differential graded algebras on $(\\mathcal{C}, \\mathcal{O})$. Let $T$ be a set and for each $t \\in T$ let $\\mathcal{I}_t$ be a K-injective diffential graded $\\mathcal{A}$-module. Then $\\prod \\mathcal{I}_t$ is a K-injective differential graded $\\mathcal{A}$-module. ",
        "label": "lemma-product-K-injective",
        "tag": "0FSV",
        "url": "https://stacks.math.columbia.edu/tag/0FSV",
        "source_filename": "sdga.tex"
    },
    {
        "theorem": "Lemma 24.25.9.",
        "body": "  Let $(\\mathcal{C}, \\mathcal{O})$ be a ringed site. Let $(\\mathcal{A}, \\text{d})$ be a sheaf of differential graded algebras on $(\\mathcal{C}, \\mathcal{O})$. Let $\\mathcal{I}$ be a K-injective and graded injective object of $\\textit{Mod}(\\mathcal{A}, \\text{d})$. For every solid diagram in $\\textit{Mod}(\\mathcal{A}, \\text{d})$ $$ \\xymatrix{ \\mathcal{M} \\ar[r]_a \\ar[d]_b & \\mathcal{I} \\\\ \\mathcal{M}' \\ar@{..>}[ru] } $$ where $b$ is injective and $\\mathcal{M}$ is acyclic a dotted arrow exists making the diagram commute. ",
        "label": "lemma-first-property-dg-injective",
        "tag": "0FSW",
        "url": "https://stacks.math.columbia.edu/tag/0FSW",
        "source_filename": "sdga.tex"
    },
    {
        "theorem": "Lemma 24.25.10.",
        "body": "  Let $(\\mathcal{C}, \\mathcal{O})$ be a ringed site. Let $(\\mathcal{A}, \\text{d})$ be a sheaf of differential graded algebras on $(\\mathcal{C}, \\mathcal{O})$. Let $\\mathcal{I}$ be a K-injective and graded injective object of $\\textit{Mod}(\\mathcal{A}, \\text{d})$. For every solid diagram in $\\textit{Mod}(\\mathcal{A}, \\text{d})$ $$ \\xymatrix{ \\mathcal{M} \\ar[r]_a \\ar[d]_b & \\mathcal{I} \\\\ \\mathcal{M}' \\ar@{..>}[ru] } $$ where $b$ is a quasi-isomorphism a dotted arrow exists making the diagram commute up to homotopy. ",
        "label": "lemma-second-property-dg-injective",
        "tag": "0FSX",
        "url": "https://stacks.math.columbia.edu/tag/0FSX",
        "source_filename": "sdga.tex"
    },
    {
        "theorem": "Lemma 24.25.11.",
        "body": "  Let $(\\mathcal{C}, \\mathcal{O})$ be a ringed site. Let $(\\mathcal{A}, \\text{d})$ be a sheaf of differential graded algebras on $(\\mathcal{C}, \\mathcal{O})$. There exists a set $R$ and for each $r \\in R$ an injective map $\\mathcal{M}_r \\to \\mathcal{M}'_r$ of acyclic differential graded $\\mathcal{A}$-modules such that for an object $\\mathcal{I}$ of $\\textit{Mod}(\\mathcal{A}, \\text{d})$ the following are equivalent \\begin{enumerate} \\item $\\mathcal{I}$ is K-injective and graded injective, and \\item for every solid diagram $$ \\xymatrix{ \\mathcal{M}_r \\ar[r] \\ar[d] & \\mathcal{I} \\\\ \\mathcal{M}'_r \\ar@{..>}[ru] } $$ a dotted arrow exists in $\\textit{Mod}(\\mathcal{A}, \\text{d})$ making the diagram commute. \\end{enumerate} ",
        "label": "lemma-better-set-of-monos",
        "tag": "0FSY",
        "url": "https://stacks.math.columbia.edu/tag/0FSY",
        "source_filename": "sdga.tex"
    },
    {
        "theorem": "Lemma 24.25.12.",
        "body": "  Let $(\\mathcal{C}, \\mathcal{O})$ be a ringed site. Let $(\\mathcal{A}, \\text{d})$ be a sheaf of differential graded algebras on $(\\mathcal{C}, \\mathcal{O})$. Let $R$ be a set and for each $r \\in R$ let an injective map $\\mathcal{M}_r \\to \\mathcal{M}'_r$ of acyclic differential graded $\\mathcal{A}$-modules be given. There exists a functor $M : \\textit{Mod}(\\mathcal{A}, \\text{d}) \\to \\textit{Mod}(\\mathcal{A}, \\text{d})$ and a natural transformation $j : \\text{id} \\to M$ such that \\begin{enumerate} \\item $j_\\mathcal{M} : \\mathcal{M} \\to M(\\mathcal{M})$ is injective and a quasi-isomorphism, \\item for every solid diagram $$ \\xymatrix{ \\mathcal{M}_r \\ar[r] \\ar[d] & \\mathcal{M} \\ar[d]^{j_\\mathcal{M}} \\\\ \\mathcal{M}'_r \\ar@{..>}[r] & M(\\mathcal{M}) } $$ a dotted arrow exists in $\\textit{Mod}(\\mathcal{A}, \\text{d})$ making the diagram commute. \\end{enumerate} ",
        "label": "lemma-functor-set-of-monos",
        "tag": "0FSZ",
        "url": "https://stacks.math.columbia.edu/tag/0FSZ",
        "source_filename": "sdga.tex"
    },
    {
        "theorem": "Theorem 24.25.13.",
        "body": "  Let $(\\mathcal{C}, \\mathcal{O})$ be a ringed site. Let $(\\mathcal{A}, \\text{d})$ be a sheaf of differential graded algebras on $(\\mathcal{C}, \\mathcal{O})$. For every differential graded $\\mathcal{A}$-module $\\mathcal{M}$ there exists a quasi-isomorphism $\\mathcal{M} \\to \\mathcal{I}$ where $\\mathcal{I}$ is a graded injective and K-injective differential graded $\\mathcal{A}$-module. Moreover, the construction is functorial in $\\mathcal{M}$. ",
        "label": "theorem-qis-into-dg-injective",
        "tag": "0FT0",
        "url": "https://stacks.math.columbia.edu/tag/0FT0",
        "source_filename": "sdga.tex"
    },
    {
        "theorem": "Lemma 24.26.1.",
        "body": "  Let $(\\mathcal{C}, \\mathcal{O})$ be a ringed site. Let $(\\mathcal{A}, \\text{d})$ be a sheaf of differential graded algebras on $(\\mathcal{C}, \\mathcal{O})$. The functor $H^0 : \\textit{Mod}(\\mathcal{A}, \\text{d}) \\to \\textit{Mod}(\\mathcal{O})$ of Section \\ref{section-modules} factors through a functor $$ H^0 : K(\\textit{Mod}(\\mathcal{A}, \\text{d})) \\to \\textit{Mod}(\\mathcal{O}) $$ which is homological in the sense of Derived Categories, Definition \\ref{derived-definition-homological}. ",
        "label": "lemma-cohomology-homological",
        "tag": "0FT2",
        "url": "https://stacks.math.columbia.edu/tag/0FT2",
        "source_filename": "sdga.tex"
    },
    {
        "theorem": "Lemma 24.26.2.",
        "body": "  Let $(\\mathcal{C}, \\mathcal{O})$ be a ringed site. Let $(\\mathcal{A}, \\text{d})$ be a sheaf of differential graded algebras on $(\\mathcal{C}, \\mathcal{O})$. The full subcategory $\\text{Ac}$ of the homotopy category $K(\\textit{Mod}(\\mathcal{A}, \\text{d}))$ consisting of acyclic modules is a strictly full saturated triangulated subcategory of $K(\\textit{Mod}(\\mathcal{A}, \\text{d}))$. ",
        "label": "lemma-acyclics",
        "tag": "0FT3",
        "url": "https://stacks.math.columbia.edu/tag/0FT3",
        "source_filename": "sdga.tex"
    },
    {
        "theorem": "Lemma 24.26.3.",
        "body": "  Let $(\\mathcal{C}, \\mathcal{O})$ be a ringed site. Let $(\\mathcal{A}, \\text{d})$ be a sheaf of differential graded algebras on $(\\mathcal{C}, \\mathcal{O})$. Consider the subclass $\\text{Qis} \\subset \\text{Arrows}(K(\\textit{Mod}(\\mathcal{A}, \\text{d})))$ consisting of quasi-isomorphisms. This is a saturated multiplicative system compatible with the triangulated structure on $K(\\textit{Mod}(\\mathcal{A}, \\text{d}))$. ",
        "label": "lemma-qis",
        "tag": "0FT4",
        "url": "https://stacks.math.columbia.edu/tag/0FT4",
        "source_filename": "sdga.tex"
    },
    {
        "theorem": "Definition 24.26.4.",
        "body": "  Let $(\\mathcal{C}, \\mathcal{O})$ be a ringed site. Let $(\\mathcal{A}, \\text{d})$ be a sheaf of differential graded algebras on $(\\mathcal{C}, \\mathcal{O})$. Let $\\text{Qis}$ be as in Lemma \\ref{lemma-qis}. The {\\it derived category of $(\\mathcal{A}, \\text{d})$} is the triangulated category $$ D(\\mathcal{A}, \\text{d}) = \\text{Qis}^{-1}K(\\textit{Mod}(\\mathcal{A}, \\text{d})) $$ discussed in more detail above. ",
        "label": "definition-derived-category",
        "tag": "0FT5",
        "url": "https://stacks.math.columbia.edu/tag/0FT5",
        "source_filename": "sdga.tex"
    },
    {
        "theorem": "Lemma 24.26.5.",
        "body": "  In Definition \\ref{definition-derived-category} the kernel of the localization functor $Q : K(\\textit{Mod}(\\mathcal{A}, \\text{d})) \\to D(\\mathcal{A}, \\text{d})$ is the category $\\text{Ac}$ of Lemma \\ref{lemma-acyclics}. ",
        "label": "lemma-kernel-localization",
        "tag": "0FT6",
        "url": "https://stacks.math.columbia.edu/tag/0FT6",
        "source_filename": "sdga.tex"
    },
    {
        "theorem": "Lemma 24.26.6.",
        "body": "  In Definition \\ref{definition-derived-category} the functor $H^0 : K(\\textit{Mod}(\\mathcal{A}, \\text{d})) \\to \\textit{Mod}(\\mathcal{O})$ factors through a homological functor $H^0 : D(\\mathcal{A}, \\text{d}) \\to \\textit{Mod}(\\mathcal{O})$. ",
        "label": "lemma-H0-over-D",
        "tag": "0FT7",
        "url": "https://stacks.math.columbia.edu/tag/0FT7",
        "source_filename": "sdga.tex"
    },
    {
        "theorem": "Lemma 24.26.7.",
        "body": "  Let $(\\mathcal{C}, \\mathcal{O})$ be a ringed site. Let $(\\mathcal{A}, \\text{d})$ be a sheaf of differential graded algebras on $(\\mathcal{C}, \\mathcal{O})$. Let $\\mathcal{M}$ and $\\mathcal{N}$ be differential graded $\\mathcal{A}$-modules. Let $\\mathcal{N} \\to \\mathcal{I}$ be a quasi-isomorphism with $\\mathcal{I}$ a graded injective and K-injective differential graded $\\mathcal{A}$-module. Then $$ \\mathop{\\mathrm{Hom}}\\nolimits_{D(\\mathcal{A}, \\text{d})}(\\mathcal{M}, \\mathcal{N}) = \\mathop{\\mathrm{Hom}}\\nolimits_{K(\\textit{Mod}(\\mathcal{A}, \\text{d}))}(\\mathcal{M}, \\mathcal{I}) $$ ",
        "label": "lemma-hom-derived",
        "tag": "0FT8",
        "url": "https://stacks.math.columbia.edu/tag/0FT8",
        "source_filename": "sdga.tex"
    },
    {
        "theorem": "Lemma 24.26.8.",
        "body": "  Let $(\\mathcal{C}, \\mathcal{O})$ be a ringed site. Let $(\\mathcal{A}, \\text{d})$ be a sheaf of differential graded algebras on $(\\mathcal{C}, \\mathcal{O})$. Then \\begin{enumerate} \\item $D(\\mathcal{A}, \\text{d})$ has both direct sums and products, \\item direct sums are obtained by taking direct sums of differential graded $\\mathcal{A}$-modules, \\item products are obtained by taking products of K-injective differential graded modules. \\end{enumerate} ",
        "label": "lemma-derived-products",
        "tag": "0FT9",
        "url": "https://stacks.math.columbia.edu/tag/0FT9",
        "source_filename": "sdga.tex"
    },
    {
        "theorem": "Lemma 24.27.1.",
        "body": "  Let $(\\mathcal{C}, \\mathcal{O})$ be a ringed site. Let $(\\mathcal{A}, \\text{d})$ be a sheaf of differential graded algebras on $(\\mathcal{C}, \\mathcal{O})$. The localization functor $\\textit{Mod}(\\mathcal{A}, \\text{d}) \\to D(\\mathcal{A}, \\text{d})$ has the natural structure of a $\\delta$-functor, with $$ \\delta_{\\mathcal{K} \\to \\mathcal{L} \\to \\mathcal{M}} = - p \\circ q^{-1} $$ with $p$ and $q$ as explained above. ",
        "label": "lemma-derived-canonical-delta-functor",
        "tag": "0FTB",
        "url": "https://stacks.math.columbia.edu/tag/0FTB",
        "source_filename": "sdga.tex"
    },
    {
        "theorem": "Lemma 24.27.2.",
        "body": "  Let $(\\mathcal{C}, \\mathcal{O})$ be a ringed site. Let $(\\mathcal{A}, \\text{d})$ be a sheaf of differential graded algebras on $(\\mathcal{C}, \\mathcal{O})$. Let $\\mathcal{M}_n$ be a system of differential graded $\\mathcal{A}$-modules. Then the derived colimit $\\text{hocolim} \\mathcal{M}_n$ in $D(\\mathcal{A}, \\text{d})$ is represented by the differential graded module $\\mathop{\\mathrm{colim}}\\nolimits \\mathcal{M}_n$. ",
        "label": "lemma-homotopy-colimit",
        "tag": "0FTC",
        "url": "https://stacks.math.columbia.edu/tag/0FTC",
        "source_filename": "sdga.tex"
    },
    {
        "theorem": "Lemma 24.28.1.",
        "body": "  In the situation above, the functor (\\ref{equation-pullback}) composed with the localization functor $K(\\textit{Mod}(\\mathcal{A}', \\text{d})) \\to D(\\mathcal{A}', \\text{d})$ has a left derived extension $D(\\mathcal{B}, \\text{d}) \\to D(\\mathcal{A}', \\text{d})$ whose value on a good right differential graded $\\mathcal{B}$-module $\\mathcal{P}$ is $f^*\\mathcal{P} \\otimes_\\mathcal{A} \\mathcal{N}$. ",
        "label": "lemma-derived-tensor-product",
        "tag": "0FTF",
        "url": "https://stacks.math.columbia.edu/tag/0FTF",
        "source_filename": "sdga.tex"
    },
    {
        "theorem": "Definition 24.28.2.",
        "body": "  Derived tensor product and derived pullback. \\begin{enumerate} \\item Let $(\\mathcal{C}, \\mathcal{O})$ be a ringed site. Let $\\mathcal{A}$, $\\mathcal{B}$ be differential graded $\\mathcal{O}$-algebras. Let $\\mathcal{N}$ be a  differential graded $(\\mathcal{A}, \\mathcal{B})$-bimodule. The functor $D(\\mathcal{A}, \\text{d}) \\to D(\\mathcal{B}, \\text{d})$ constructed in Lemma \\ref{lemma-derived-tensor-product} is called the {\\it derived tensor product} and denoted $- \\otimes_\\mathcal{A}^\\mathbf{L} \\mathcal{N}$. \\item Let $(f, f^\\sharp) : (\\mathop{\\mathit{Sh}}\\nolimits(\\mathcal{C}), \\mathcal{O}_\\mathcal{C}) \\to (\\mathop{\\mathit{Sh}}\\nolimits(\\mathcal{D}), \\mathcal{O}_\\mathcal{D})$ be a morphism of ringed topoi. Let $\\mathcal{A}$ be a differential graded $\\mathcal{O}_\\mathcal{C}$-algebra. Let $\\mathcal{B}$ be a differential graded $\\mathcal{O}_\\mathcal{D}$-algebra. Let $\\varphi : \\mathcal{B} \\to f_*\\mathcal{A}$ be a homomorphism of differential graded $\\mathcal{O}_\\mathcal{D}$-algebras. The functor $D(\\mathcal{B}, \\text{d}) \\to D(\\mathcal{A}, \\text{d})$ constructed in Lemma \\ref{lemma-derived-tensor-product} is called {\\it derived pullback} and denote $Lf^*$. \\end{enumerate} ",
        "label": "definition-pullback",
        "tag": "0FTG",
        "url": "https://stacks.math.columbia.edu/tag/0FTG",
        "source_filename": "sdga.tex"
    },
    {
        "theorem": "Lemma 24.28.3.",
        "body": "  In Lemma \\ref{lemma-derived-tensor-product} the functor $D(\\mathcal{B}, \\text{d}) \\to D(\\mathcal{A}', \\text{d})$ is equal to $\\mathcal{M} \\mapsto Lf^*\\mathcal{M} \\otimes_\\mathcal{A}^\\mathbf{L} \\mathcal{N}$. ",
        "label": "lemma-compose-pullback-tensor",
        "tag": "0FTH",
        "url": "https://stacks.math.columbia.edu/tag/0FTH",
        "source_filename": "sdga.tex"
    },
    {
        "theorem": "Lemma 24.28.4.",
        "body": "  Let $(f, f^\\sharp) : (\\mathop{\\mathit{Sh}}\\nolimits(\\mathcal{C}), \\mathcal{O}) \\to (\\mathop{\\mathit{Sh}}\\nolimits(\\mathcal{C}'), \\mathcal{O}')$ and $(g, g^\\sharp) : (\\mathop{\\mathit{Sh}}\\nolimits(\\mathcal{C}'), \\mathcal{O}') \\to (\\mathop{\\mathit{Sh}}\\nolimits(\\mathcal{C}''), \\mathcal{O}'')$ be morphisms of ringed topoi. Let $\\mathcal{A}$, $\\mathcal{A}'$, and $\\mathcal{A}''$ be a differential graded $\\mathcal{O}$-algebra, $\\mathcal{O}'$-algebra, and $\\mathcal{O}''$-algebra. Let $\\varphi : \\mathcal{A}' \\to f_*\\mathcal{A}$ and $\\varphi' : \\mathcal{A}'' \\to g_*\\mathcal{A}'$ be a homomorphism of differential graded $\\mathcal{O}'$-algebras and $\\mathcal{O}''$-algebras. Then we have $L(g \\circ f)^* = Lf^* \\circ Lg^* : D(\\mathcal{A}'', \\text{d}) \\to D(\\mathcal{A}, \\text{d})$. ",
        "label": "lemma-compose-pullback",
        "tag": "0FTI",
        "url": "https://stacks.math.columbia.edu/tag/0FTI",
        "source_filename": "sdga.tex"
    },
    {
        "theorem": "Lemma 24.28.5.",
        "body": "  In the situation above, if $\\mathcal{N} \\to \\mathcal{N}'$ is an isomorphism on cohomology sheaves, then $t$ is an isomorphism of functors $(- \\otimes_\\mathcal{A}^\\mathbf{L} \\mathcal{N}) \\to (- \\otimes_\\mathcal{A}^\\mathbf{L} \\mathcal{N}')$. ",
        "label": "lemma-tensor-symmetry",
        "tag": "0FTJ",
        "url": "https://stacks.math.columbia.edu/tag/0FTJ",
        "source_filename": "sdga.tex"
    },
    {
        "theorem": "Lemma 24.28.6.",
        "body": "  Let $(\\mathcal{C}, \\mathcal{O})$ be a ringed site. Let $\\mathcal{A}$, $\\mathcal{B}$ be differential graded $\\mathcal{O}$-algebras. Let $\\mathcal{N}$ be a  differential graded $(\\mathcal{A}, \\mathcal{B})$-bimodule. If $\\mathcal{N}$ is good as a left differential graded $\\mathcal{A}$-module, then we have $\\mathcal{M} \\otimes_\\mathcal{A}^\\mathbf{L} \\mathcal{N} = \\mathcal{M} \\otimes_\\mathcal{A} \\mathcal{N}$ for all differential graded $\\mathcal{A}$-modules $\\mathcal{M}$. ",
        "label": "lemma-good-on-other-side",
        "tag": "0FTK",
        "url": "https://stacks.math.columbia.edu/tag/0FTK",
        "source_filename": "sdga.tex"
    },
    {
        "theorem": "Lemma 24.28.7.",
        "body": "  Let $(\\mathcal{C}, \\mathcal{O})$ be a ringed site. Let $\\mathcal{A}$, $\\mathcal{A}'$, $\\mathcal{A}''$ be differential graded $\\mathcal{O}$-algebras. Let $\\mathcal{N}$ and $\\mathcal{N}'$ be a differential graded $(\\mathcal{A}, \\mathcal{A}')$-bimodule and $(\\mathcal{A}', \\mathcal{A}'')$-bimodule. Assume that the canonical map $$ \\mathcal{N} \\otimes_{\\mathcal{A}'}^\\mathbf{L} \\mathcal{N}' \\longrightarrow \\mathcal{N} \\otimes_{\\mathcal{A}'} \\mathcal{N}' $$ in $D(\\mathcal{A}'', \\text{d})$ is a quasi-isomorphism. Then we have $$ (\\mathcal{M} \\otimes_\\mathcal{A}^\\mathbf{L} \\mathcal{N}) \\otimes_{\\mathcal{A}'}^\\mathbf{L} \\mathcal{N}' = \\mathcal{M} \\otimes_\\mathcal{A}^\\mathbf{L} (\\mathcal{N} \\otimes_{\\mathcal{A}'} \\mathcal{N}') $$ as functors $D(\\mathcal{A}, \\text{d}) \\to D(\\mathcal{A}'', \\text{d})$. ",
        "label": "lemma-compose-tensor",
        "tag": "0FTL",
        "url": "https://stacks.math.columbia.edu/tag/0FTL",
        "source_filename": "sdga.tex"
    },
    {
        "theorem": "Lemma 24.29.1.",
        "body": "  Let $(\\mathcal{C}, \\mathcal{O})$ be a ringed site. Let $(\\mathcal{A}, \\text{d})$ be a sheaf of differential graded algebras on $(\\mathcal{C}, \\mathcal{O})$. Then any exact functor $$ T : K(\\textit{Mod}(\\mathcal{A}, \\text{d})) \\longrightarrow \\mathcal{D} $$ of triangulated categories has a right derived extension $RT : D(\\mathcal{A}, \\text{d}) \\to \\mathcal{D}$ whose value on a graded injective and K-injective differential graded $\\mathcal{A}$-module $\\mathcal{I}$ is $T(\\mathcal{I})$. ",
        "label": "lemma-right-derived",
        "tag": "0FTN",
        "url": "https://stacks.math.columbia.edu/tag/0FTN",
        "source_filename": "sdga.tex"
    },
    {
        "theorem": "Definition 24.29.2.",
        "body": "  Derived internal hom and derived pushforward. \\begin{enumerate} \\item Let $(\\mathcal{C}, \\mathcal{O})$ be a ringed site. Let $\\mathcal{A}$, $\\mathcal{B}$ be differential graded $\\mathcal{O}$-algebras. Let $\\mathcal{N}$ be a  differential graded $(\\mathcal{A}, \\mathcal{B})$-bimodule. The right derived extension $$ R\\mathop{\\mathcal{H}\\!\\mathit{om}}\\nolimits_\\mathcal{B}(\\mathcal{N}, -) : D(\\mathcal{B}, \\text{d}) \\longrightarrow D(\\mathcal{A}, \\text{d}) $$ of the internal hom functor $\\mathop{\\mathcal{H}\\!\\mathit{om}}\\nolimits_\\mathcal{B}^{dg}(\\mathcal{N}, -)$ is called {\\it derived internal hom}. \\item Let $(f, f^\\sharp) : (\\mathop{\\mathit{Sh}}\\nolimits(\\mathcal{C}), \\mathcal{O}_\\mathcal{C}) \\to (\\mathop{\\mathit{Sh}}\\nolimits(\\mathcal{D}), \\mathcal{O}_\\mathcal{D})$ be a morphism of ringed topoi. Let $\\mathcal{A}$ be a differential graded $\\mathcal{O}_\\mathcal{C}$-algebra. Let $\\mathcal{B}$ be a differential graded $\\mathcal{O}_\\mathcal{D}$-algebra. Let $\\varphi : \\mathcal{B} \\to f_*\\mathcal{A}$ be a homomorphism of differential graded $\\mathcal{O}_\\mathcal{D}$-algebras. The right derived extension $$ Rf_* : D(\\mathcal{A}, \\text{d}) \\longrightarrow D(\\mathcal{B}, \\text{d}) $$ of the pushforward $f_*$ is called {\\it derived pushforward}. \\end{enumerate} ",
        "label": "definition-pushforward",
        "tag": "0FTP",
        "url": "https://stacks.math.columbia.edu/tag/0FTP",
        "source_filename": "sdga.tex"
    },
    {
        "theorem": "Lemma 24.29.3.",
        "body": "  Let $(\\mathcal{C}, \\mathcal{O})$ be a ringed site. Let $\\mathcal{A}$, $\\mathcal{B}$ be differential graded $\\mathcal{O}$-algebras. Let $\\mathcal{N}$ be a  differential graded $(\\mathcal{A}, \\mathcal{B})$-bimodule. Then $$ R\\mathop{\\mathcal{H}\\!\\mathit{om}}\\nolimits_\\mathcal{B}(\\mathcal{N}, -) : D(\\mathcal{B}, \\text{d}) \\longrightarrow D(\\mathcal{A}, \\text{d}) $$ is right adjoint to $$ - \\otimes_\\mathcal{A}^\\mathbf{L} \\mathcal{N} : D(\\mathcal{A}, \\text{d}) \\longrightarrow D(\\mathcal{B}, \\text{d}) $$ ",
        "label": "lemma-derived-adjoint-tensor-hom",
        "tag": "0FTQ",
        "url": "https://stacks.math.columbia.edu/tag/0FTQ",
        "source_filename": "sdga.tex"
    },
    {
        "theorem": "Lemma 24.29.4.",
        "body": "  Let $(f, f^\\sharp) : (\\mathop{\\mathit{Sh}}\\nolimits(\\mathcal{C}), \\mathcal{O}_\\mathcal{C}) \\to (\\mathop{\\mathit{Sh}}\\nolimits(\\mathcal{D}), \\mathcal{O}_\\mathcal{D})$ be a morphism of ringed topoi. Let $\\mathcal{A}$ be a differential graded $\\mathcal{O}_\\mathcal{C}$-algebra. Let $\\mathcal{B}$ be a differential graded $\\mathcal{O}_\\mathcal{D}$-algebra. Let $\\varphi : \\mathcal{B} \\to f_*\\mathcal{A}$ be a homomorphism of differential graded $\\mathcal{O}_\\mathcal{D}$-algebras. Then $$ Rf_* : D(\\mathcal{A}, \\text{d}) \\longrightarrow D(\\mathcal{B}, \\text{d}) $$ is right adjoint to $$ Lf^* : D(\\mathcal{B}, \\text{d}) \\longrightarrow D(\\mathcal{A}, \\text{d}) $$ ",
        "label": "lemma-derived-adjoint-push-pull",
        "tag": "0FTR",
        "url": "https://stacks.math.columbia.edu/tag/0FTR",
        "source_filename": "sdga.tex"
    },
    {
        "theorem": "Lemma 24.29.5.",
        "body": "  In the situation above, denote $RT : D(\\mathcal{A}', \\text{d}) \\to D(\\mathcal{B}, \\text{d})$ the right derived extension of (\\ref{equation-pushforward}). Then we have $$ RT(\\mathcal{M}) = Rf_* R\\mathop{\\mathcal{H}\\!\\mathit{om}}\\nolimits(\\mathcal{N}, \\mathcal{M}) $$ functorially in $\\mathcal{M}$. ",
        "label": "lemma-compose-pushforward-hom",
        "tag": "0FTT",
        "url": "https://stacks.math.columbia.edu/tag/0FTT",
        "source_filename": "sdga.tex"
    },
    {
        "theorem": "Lemma 24.29.6.",
        "body": "  Let $(f, f^\\sharp) : (\\mathop{\\mathit{Sh}}\\nolimits(\\mathcal{C}), \\mathcal{O}) \\to (\\mathop{\\mathit{Sh}}\\nolimits(\\mathcal{C}'), \\mathcal{O}')$ and $(g, g^\\sharp) : (\\mathop{\\mathit{Sh}}\\nolimits(\\mathcal{C}'), \\mathcal{O}') \\to (\\mathop{\\mathit{Sh}}\\nolimits(\\mathcal{C}''), \\mathcal{O}'')$ be morphisms of ringed topoi. Let $\\mathcal{A}$, $\\mathcal{A}'$, and $\\mathcal{A}''$ be a differential graded $\\mathcal{O}$-algebra, $\\mathcal{O}'$-algebra, and $\\mathcal{O}''$-algebra. Let $\\varphi : \\mathcal{A}' \\to f_*\\mathcal{A}$ and $\\varphi' : \\mathcal{A}'' \\to g_*\\mathcal{A}'$ be a homomorphism of differential graded $\\mathcal{O}'$-algebras and $\\mathcal{O}''$-algebras. Then we have $R(g \\circ f)_* = Rg_* \\circ Rf_* : D(\\mathcal{A}, \\text{d}) \\to D(\\mathcal{A}'', \\text{d})$. ",
        "label": "lemma-compose-pushforward",
        "tag": "0FTU",
        "url": "https://stacks.math.columbia.edu/tag/0FTU",
        "source_filename": "sdga.tex"
    },
    {
        "theorem": "Lemma 24.29.7.",
        "body": "  Let $(\\mathcal{C}, \\mathcal{O})$ be a ringed site. Let $\\mathcal{A}$, $\\mathcal{A}'$, $\\mathcal{A}''$ be differential graded $\\mathcal{O}$-algebras. Let $\\mathcal{N}$ and $\\mathcal{N}'$ be a differential graded $(\\mathcal{A}, \\mathcal{A}')$-bimodule and $(\\mathcal{A}', \\mathcal{A}'')$-bimodule. Assume that the canonical map $$ \\mathcal{N} \\otimes_{\\mathcal{A}'}^\\mathbf{L} \\mathcal{N}' \\longrightarrow \\mathcal{N} \\otimes_{\\mathcal{A}'} \\mathcal{N}' $$ in $D(\\mathcal{A}'', \\text{d})$ is a quasi-isomorphism. Then we have $$ R\\mathop{\\mathcal{H}\\!\\mathit{om}}\\nolimits_{\\mathcal{A}''} (\\mathcal{N} \\otimes_{\\mathcal{A}'} \\mathcal{N}', -) = R\\mathop{\\mathcal{H}\\!\\mathit{om}}\\nolimits_{\\mathcal{A}'}(\\mathcal{N}, R\\mathop{\\mathcal{H}\\!\\mathit{om}}\\nolimits_{\\mathcal{A}''}(\\mathcal{N}', -)) $$ as functors $D(\\mathcal{A}'', \\text{d}) \\to D(\\mathcal{A}, \\text{d})$. ",
        "label": "lemma-compose-hom",
        "tag": "0FTV",
        "url": "https://stacks.math.columbia.edu/tag/0FTV",
        "source_filename": "sdga.tex"
    },
    {
        "theorem": "Lemma 24.29.8.",
        "body": "  Let $(f, f^\\sharp) : (\\mathop{\\mathit{Sh}}\\nolimits(\\mathcal{C}), \\mathcal{O}_\\mathcal{C}) \\to (\\mathop{\\mathit{Sh}}\\nolimits(\\mathcal{D}), \\mathcal{O}_\\mathcal{D})$ be a morphism of ringed topoi. Let $\\mathcal{A}$ be a differential graded $\\mathcal{O}_\\mathcal{C}$-algebra. Let $\\mathcal{B}$ be a differential graded $\\mathcal{O}_\\mathcal{D}$-algebra. Let $\\varphi : \\mathcal{B} \\to f_*\\mathcal{A}$ be a homomorphism of differential graded $\\mathcal{O}_\\mathcal{D}$-algebras. The diagram $$ \\xymatrix{ D(\\mathcal{A}, \\text{d}) \\ar[d]_{Rf_*} \\ar[rr]_{forget} & & D(\\mathcal{O}_\\mathcal{C}) \\ar[d]^{Rf_*} \\\\ D(\\mathcal{B}, \\text{d}) \\ar[rr]^{forget} & & D(\\mathcal{O}_\\mathcal{D}) } $$ commutes. ",
        "label": "lemma-pushforward-agrees",
        "tag": "0FTW",
        "url": "https://stacks.math.columbia.edu/tag/0FTW",
        "source_filename": "sdga.tex"
    },
    {
        "theorem": "Lemma 24.29.9.",
        "body": "  Let $(\\mathcal{C}, \\mathcal{O})$ be a ringed site. Let $\\mathcal{A}$ be a differential graded $\\mathcal{O}$-algebra. Let $\\mathcal{M}$ be a differential graded $\\mathcal{A}$-module. Let $n \\in \\mathbf{Z}$. We have $$ H^n(\\mathcal{C}, \\mathcal{M}) = \\mathop{\\mathrm{Hom}}\\nolimits_{D(\\mathcal{A}, \\text{d})}(\\mathcal{A}, \\mathcal{M}[n]) $$ where on the left hand side we have the cohomology of $\\mathcal{M}$ viewed as a complex of $\\mathcal{O}$-modules. ",
        "label": "lemma-cohomology-ext",
        "tag": "0FTX",
        "url": "https://stacks.math.columbia.edu/tag/0FTX",
        "source_filename": "sdga.tex"
    },
    {
        "theorem": "Lemma 24.30.1.",
        "body": "  Let $(\\mathcal{C}, \\mathcal{O})$ be a ringed site. If $\\varphi : \\mathcal{A} \\to \\mathcal{B}$ is a homomorphism of differential graded $\\mathcal{O}$-algebras which induces an isomorphism on cohomology sheaves, then $$ D(\\mathcal{A}, \\text{d}) \\longrightarrow D(\\mathcal{B}, \\text{d}), \\quad \\mathcal{M} \\longmapsto \\mathcal{M} \\otimes_\\mathcal{A}^\\mathbf{L} \\mathcal{B} $$ is an equivalence of categories. ",
        "label": "lemma-qis-equivalence",
        "tag": "0FTZ",
        "url": "https://stacks.math.columbia.edu/tag/0FTZ",
        "source_filename": "sdga.tex"
    },
    {
        "theorem": "Lemma 24.31.1.",
        "body": "  In the situation above the differential graded $\\mathcal{O}$-algebra $$ \\mathcal{A} = \\mathop{\\mathrm{colim}}\\nolimits \\mathcal{A}_i $$ has the following property: for any morphism $(f, f^\\sharp) : (\\mathop{\\mathit{Sh}}\\nolimits(\\mathcal{C}'), \\mathcal{O}') \\to (\\mathop{\\mathit{Sh}}\\nolimits(\\mathcal{C}), \\mathcal{O})$ of ringed topoi, the pullback $f^*\\mathcal{A}$ is flat as a graded $\\mathcal{O}'$-module and is K-flat as a complex of $\\mathcal{O}'$-modules. ",
        "label": "lemma-special-good",
        "tag": "0FU1",
        "url": "https://stacks.math.columbia.edu/tag/0FU1",
        "source_filename": "sdga.tex"
    },
    {
        "theorem": "Lemma 24.31.2.",
        "body": "  Let $(\\mathcal{C}, \\mathcal{O})$ be a ringed site. Let $(\\mathcal{B}, \\text{d})$ be a differential graded $\\mathcal{O}$-algebra. There exists a quasi-isomorphism of differential graded $\\mathcal{O}$-algebras $(\\mathcal{A}, \\text{d}) \\to (\\mathcal{B}, \\text{d})$ such that $\\mathcal{A}$ is graded flat and K-flat as a complex of $\\mathcal{O}$-modules and such that the same is true after pullback by any morphism of ringed topoi. ",
        "label": "lemma-good-dga",
        "tag": "0FU2",
        "url": "https://stacks.math.columbia.edu/tag/0FU2",
        "source_filename": "sdga.tex"
    },
    {
        "theorem": "Definition 24.33.1.",
        "body": "  In the situation above, we denote {\\it $\\mathit{QC}(\\mathcal{A}, \\text{d})$} the full subcategory of $D(\\mathcal{A}, \\text{d})$ consisting of objects $M$ such that for all $U \\to V$ in $\\mathcal{C}$ the canonical map $$ R\\Gamma(V, M) \\otimes_{\\mathcal{A}(V)}^\\mathbf{L} \\mathcal{A}(U) \\longrightarrow R\\Gamma(U, M) $$ is an isomorphism in $D(\\mathcal{A}(U), \\text{d})$. ",
        "label": "definition-cartesian",
        "tag": "0GZ9",
        "url": "https://stacks.math.columbia.edu/tag/0GZ9",
        "source_filename": "sdga.tex"
    },
    {
        "theorem": "Lemma 24.33.2.",
        "body": "  In the situation above, the subcategory $\\mathit{QC}(\\mathcal{A}, \\text{d})$ is a strictly full, saturated, triangulated subcategory of $D(\\mathcal{A}, \\text{d})$ preserved by arbitrary direct sums. ",
        "label": "lemma-cartesian-good-sub",
        "tag": "0GZA",
        "url": "https://stacks.math.columbia.edu/tag/0GZA",
        "source_filename": "sdga.tex"
    },
    {
        "theorem": "Remark 24.33.3.",
        "body": "  As above, let $\\mathcal{C}$ be a category viewed as a site with the chaotic topology, let $\\mathcal{O}$ be a sheaf of rings on $\\mathcal{C}$, and let $(\\mathcal{A}, \\text{d})$ be a sheaf of differential graded $\\mathcal{O}$-algebras. Then the analogue of Cohomology on Sites, Proposition \\ref{sites-cohomology-proposition-cartesian-brown} holds for $\\mathit{QC}(\\mathcal{A}, \\text{d})$ with almost exactly the same proof: \\begin{enumerate} \\item any contravariant cohomological functor $H : \\mathit{QC}(\\mathcal{A}, \\text{d}) \\to \\textit{Ab}$ which transforms direct sums into products is representable, \\item any exact functor $F : \\mathit{QC}(\\mathcal{A}, \\text{d}) \\to \\mathcal{D}$ of triangulated categories which transforms direct sums into direct sums has an exact right adjoint, and \\item the inclusion functor $\\mathit{QC}(\\mathcal{A}, \\text{d}) \\to D(\\mathcal{A}, \\text{d})$ has an exact right adjoint. \\end{enumerate} If we ever need this we will precisely formulate and prove this here. ",
        "label": "remark-cartesian-brown",
        "tag": "0GZB",
        "url": "https://stacks.math.columbia.edu/tag/0GZB",
        "source_filename": "sdga.tex"
    },
    {
        "theorem": "Lemma 24.33.4.",
        "body": "  Let $g : (\\mathop{\\mathit{Sh}}\\nolimits(\\mathcal{C}'), \\mathcal{O}') \\to (\\mathop{\\mathit{Sh}}\\nolimits(\\mathcal{C}), \\mathcal{O})$ and $\\varphi : g^*\\mathcal{A} \\to \\mathcal{A}'$ be as above. Then the functor $Lg^* : D(\\mathcal{A}, \\text{d}) \\to D(\\mathcal{A}', \\text{d})$ maps $\\mathit{QC}(\\mathcal{A}, \\text{d})$ into $\\mathit{QC}(\\mathcal{A}', \\text{d})$. ",
        "label": "lemma-cartesian-functorial",
        "tag": "0GZC",
        "url": "https://stacks.math.columbia.edu/tag/0GZC",
        "source_filename": "sdga.tex"
    },
    {
        "theorem": "Lemma 24.34.1.",
        "body": "  Let $\\mathcal{C}, \\mathcal{O}, \\mathcal{A}$ be as in Section \\ref{section-modules-cohomology}. Let $\\mathcal{C}' \\subset \\mathcal{C}$ be a full subcategory with the following property: for every $U \\in \\mathop{\\mathrm{Ob}}\\nolimits(\\mathcal{C})$ the category $U/\\mathcal{C}'$ of arrows $U \\to U'$ is cofiltered. Denote $\\mathcal{O}', \\mathcal{A}'$ the restrictions of $\\mathcal{O}, \\mathcal{A}$ to $\\mathcal{C}'$. Then restrictions induces an equivalence $\\mathit{QC}(\\mathcal{A}, \\text{d}) \\to \\mathit{QC}(\\mathcal{A}', \\text{d})$. ",
        "label": "lemma-cartesian-cofinal-subcategory",
        "tag": "0GZE",
        "url": "https://stacks.math.columbia.edu/tag/0GZE",
        "source_filename": "sdga.tex"
    },
    {
        "theorem": "Lemma 24.34.2.",
        "body": "  Let $\\mathcal{C}, \\mathcal{O}$ be as in Section \\ref{section-modules-cohomology}. Let $\\varphi : \\mathcal{A} \\to \\mathcal{B}$ be a homomorphism of differential graded $\\mathcal{O}$-algebras which induces an isomorphism on cohomology sheaves, then the equivalence $D(\\mathcal{A}, \\text{d}) \\to D(\\mathcal{B}, \\text{d})$ of Lemma \\ref{lemma-qis-equivalence} induces an equivalence $\\mathit{QC}(\\mathcal{A}, \\text{d}) \\to \\mathit{QC}(\\mathcal{B}, \\text{d})$. ",
        "label": "lemma-cartesian-qis-equivalence",
        "tag": "0GZF",
        "url": "https://stacks.math.columbia.edu/tag/0GZF",
        "source_filename": "sdga.tex"
    },
    {
        "theorem": "Lemma 24.35.1.",
        "body": "  In the situation above, suppose that $\\mathcal{A} = (A_n)$ and $\\mathcal{B} = (B_n)$ are inverse systems of differential graded $R$-algebras. If $\\varphi : (A_n) \\to (B_n)$ is an isomorphism of pro-objects, then the functor $\\mathit{QC}(\\mathcal{A}, \\text{d}) \\to \\mathit{QC}(\\mathcal{B}, \\text{d})$ constructed above is an equivalence. ",
        "label": "lemma-pro-isomorphic",
        "tag": "0GZH",
        "url": "https://stacks.math.columbia.edu/tag/0GZH",
        "source_filename": "sdga.tex"
    },
    {
        "theorem": "Lemma 24.35.2.",
        "body": "  If $(N_n)$ and $(N'_n)$ are pro-isomorphic in the derived category as defined above, then for every object $(M_n)$ of $D(\\mathbf{N}, \\mathcal{A})$ we have $$ R\\mathop{\\mathrm{lim}}\\nolimits (M_n \\otimes_{A_n}^\\mathbf{L} N_n) = R\\mathop{\\mathrm{lim}}\\nolimits (M_n \\otimes_{A_n}^\\mathbf{L} N'_n) $$ in $D(R)$. ",
        "label": "lemma-pro-isomorphic-systems-tensor",
        "tag": "0GZI",
        "url": "https://stacks.math.columbia.edu/tag/0GZI",
        "source_filename": "sdga.tex"
    },
    {
        "theorem": "Lemma 24.35.3.",
        "body": "  \\begin{reference} This is a variant of \\cite[Lemma 3.5.4]{BS} \\end{reference} Let $R$ be a ring. Let $f_1, \\ldots, f_r \\in R$. Let $K_n$ be the Koszul complex on $f_1^n, \\ldots, f_r^n$ viewed as a differential graded $R$-algebra. Let $(M_n)$ be an object of $D(\\mathbf{N}, (K_n))$. Then for any $t \\geq 1$ we have $$ R\\mathop{\\mathrm{lim}}\\nolimits (M_n \\otimes_R^\\mathbf{L} K_t) = R\\mathop{\\mathrm{lim}}\\nolimits (M_n \\otimes_{K_n}^\\mathbf{L} K_t) $$ in $D(R)$. ",
        "label": "lemma-different-tensors",
        "tag": "0GZJ",
        "url": "https://stacks.math.columbia.edu/tag/0GZJ",
        "source_filename": "sdga.tex"
    },
    {
        "theorem": "Proposition 24.35.4.",
        "body": "  Let $R$ be a Noetherian ring. Let $I \\subset R$ be an ideal. The following three categories are canonically equivalent: \\begin{enumerate} \\item Let $\\mathcal{A}$ be the sheaf of $R$-algebras on $\\mathbf{N}$ corresponding to the inverse system of $R$-algebras $A_n = R/I^n$. The category $\\mathit{QC}(\\mathcal{A})$. \\item Choose generators $f_1, \\ldots, f_r$ of $I$. Let $\\mathcal{B}$ be the sheaf of differential graded $R$-algebras on $\\mathbf{N}$ corresponding to the inverse system of Koszul algebras on $f_1^n, \\ldots, f_r^n$. The category $\\mathit{QC}(\\mathcal{B})$. \\item The full subcategory $D_{comp}(R, I) \\subset D(R)$ of derived complete objects, see More on Algebra, Definition \\ref{more-algebra-definition-derived-complete} and text following. \\end{enumerate} ",
        "label": "proposition-derived-complete",
        "tag": "0GZK",
        "url": "https://stacks.math.columbia.edu/tag/0GZK",
        "source_filename": "sdga.tex"
    },
    {
        "theorem": "Remark 24.35.5.",
        "body": "  Let $R$ be a ring and let $f_1, \\ldots, f_r \\in R$ be a sequence of elements generating an ideal $I$. Let $K_n$ be the Koszul complex on $f_1^n, \\ldots, f_r^n$ viewed as a differential graded $R$-algebra. We say $f_1, \\ldots, f_r$ is a {\\it weakly proregular sequence} if for all $n$ there is an $m > n$ such that $K_m \\to K_n$ induces the zero map on cohomology except in degree $0$. If so, then the arguments in the proof of Proposition \\ref{proposition-derived-complete} continue to work even when $R$ is not Noetherian. In particular we see that $\\mathit{QC}(\\{R/I^n\\})$ is equivalent as an $R$-linear triangulated category to the category $D_{comp}(R, I)$ of derived complete objects, provided $I$ can be generated by a weakly proregular sequence. If the need arises, we will precisely state and prove this here. ",
        "label": "remark-proregular",
        "tag": "0H1E",
        "url": "https://stacks.math.columbia.edu/tag/0H1E",
        "source_filename": "sdga.tex"
    }
]