[
    {
        "theorem": "Lemma 3.5.1.",
        "body": "  Every set is an element of $V_\\alpha$ for some ordinal $\\alpha$. ",
        "label": "lemma-axiom-regularity",
        "tag": "000C",
        "url": "https://stacks.math.columbia.edu/tag/000C",
        "source_filename": "sets.tex"
    },
    {
        "theorem": "Lemma 3.7.1.",
        "body": "  Suppose that $T = \\mathop{\\mathrm{colim}}\\nolimits_{\\alpha < \\beta} T_\\alpha$ is a colimit of sets indexed by ordinals less than a given ordinal $\\beta$. Suppose that $\\varphi : S \\to T$ is a map of sets. Then $\\varphi$ lifts to a map into $T_\\alpha$ for some $\\alpha < \\beta$ provided that $\\beta$ is not a limit of ordinals indexed by $S$, in other words, if $\\beta$ is an ordinal with $\\text{cf}(\\beta) > |S|$. ",
        "label": "lemma-map-from-set-lifts",
        "tag": "05N2",
        "url": "https://stacks.math.columbia.edu/tag/05N2",
        "source_filename": "sets.tex"
    },
    {
        "theorem": "Proposition 3.7.2.",
        "body": "  Let $\\kappa$ be a cardinal. Then there exists an ordinal whose cofinality is bigger than $\\kappa$. ",
        "label": "proposition-exist-ordinals-large-cofinality",
        "tag": "05N3",
        "url": "https://stacks.math.columbia.edu/tag/05N3",
        "source_filename": "sets.tex"
    },
    {
        "theorem": "Theorem 3.8.1.",
        "body": "  Suppose given $\\phi_1(x_1, \\ldots, x_n), \\ldots, \\phi_m(x_1, \\ldots, x_n)$ a {\\bf finite} collection of formulas of set theory. Let $M_0$ be a set. There exists a set $M$ such that $M_0 \\subset M$ and $\\forall x_1, \\ldots, x_n \\in M$, we have $$ \\forall i = 1, \\ldots, m, \\ \\phi_i^{M}(x_1, \\ldots, x_n) \\Leftrightarrow \\forall i = 1, \\ldots, m, \\ \\phi_i(x_1, \\ldots, x_n). $$ In fact we may take $M = V_\\alpha$ for some limit ordinal $\\alpha$. ",
        "label": "theorem-reflection-principle",
        "tag": "000G",
        "url": "https://stacks.math.columbia.edu/tag/000G",
        "source_filename": "sets.tex"
    },
    {
        "theorem": "Lemma 3.9.1.",
        "body": "  For every cardinal $\\kappa$, there exists a set $A$ such that every element of $A$ is a scheme and such that for every scheme $S$ with $\\text{size}(S) \\leq \\kappa$, there is an element $X \\in A$ such that $X \\cong S$ (isomorphism of schemes). ",
        "label": "lemma-bounded-size",
        "tag": "000I",
        "url": "https://stacks.math.columbia.edu/tag/000I",
        "source_filename": "sets.tex"
    },
    {
        "theorem": "Lemma 3.9.2.",
        "body": "  With notations $\\text{size}$, $Bound$ and $\\mathit{Sch}_\\alpha$ as above. Let $S_0$ be a set of schemes. There exists a limit ordinal $\\alpha$ with the following properties: \\begin{enumerate} \\item \\label{item-inclusion} We have $S_0 \\subset V_\\alpha$; in other words, $S_0 \\subset \\mathop{\\mathrm{Ob}}\\nolimits(\\mathit{Sch}_\\alpha)$. \\item \\label{item-bounded} For any $S \\in \\mathop{\\mathrm{Ob}}\\nolimits(\\mathit{Sch}_\\alpha)$ and any scheme $T$ with $\\text{size}(T) \\leq Bound(\\text{size}(S))$, there exists a scheme $S' \\in \\mathop{\\mathrm{Ob}}\\nolimits(\\mathit{Sch}_\\alpha)$ such that $T \\cong S'$. \\item \\label{item-limit} For any countable\\footnote{Both the set of objects and the morphism sets are countable. In fact you can prove the lemma with $\\aleph_0$ replaced by any cardinal whatsoever in (3) and (4).} diagram category $\\mathcal{I}$ and any functor $F : \\mathcal{I} \\to \\mathit{Sch}_\\alpha$, the limit $\\mathop{\\mathrm{lim}}\\nolimits_\\mathcal{I} F$ exists in $\\mathit{Sch}_\\alpha$ if and only if it exists in $\\mathit{Sch}$ and moreover, in this case, the natural morphism between them is an isomorphism. \\item \\label{item-colimit} For any countable index category $\\mathcal{I}$ and any functor $F : \\mathcal{I} \\to \\mathit{Sch}_\\alpha$, the colimit $\\mathop{\\mathrm{colim}}\\nolimits_\\mathcal{I} F$ exists in $\\mathit{Sch}_\\alpha$ if and only if it exists in $\\mathit{Sch}$ and moreover, in this case, the natural morphism between them is an isomorphism. \\end{enumerate} ",
        "label": "lemma-construct-category",
        "tag": "000J",
        "url": "https://stacks.math.columbia.edu/tag/000J",
        "source_filename": "sets.tex"
    },
    {
        "theorem": "Remark 3.9.3.",
        "body": "  The lemma above can also be proved using the reflection principle. However, one has to be careful. Namely, suppose the sentence $\\phi_{scheme}(X)$ expresses the property ``$X$ is a scheme'', then what does the formula $\\phi_{scheme}^{V_\\alpha}(X)$ mean? It is true that the reflection principle says we can find $\\alpha$ such that for all $X \\in V_\\alpha$ we have $\\phi_{scheme}(X) \\leftrightarrow \\phi_{scheme}^{V_\\alpha}(X)$ but this is entirely useless. It is only by combining two such statements that something interesting happens. For example suppose $\\phi_{red}(X, Y)$ expresses the property ``$X$, $Y$ are schemes, and $Y$ is the reduction of $X$'' (see Schemes, Definition \\ref{schemes-definition-reduced-induced-scheme}). Suppose we apply the reflection principle to the pair of formulas $\\phi_1(X, Y) = \\phi_{red}(X, Y)$, $\\phi_2(X) = \\exists Y, \\phi_1(X, Y)$. Then it is easy to see that any $\\alpha$ produced by the reflection principle has the property that given $X \\in \\mathop{\\mathrm{Ob}}\\nolimits(\\mathit{Sch}_\\alpha)$ the reduction of $X$ is also an object of $\\mathit{Sch}_\\alpha$ (left as an exercise). ",
        "label": "remark-how-to-use-reflection",
        "tag": "000O",
        "url": "https://stacks.math.columbia.edu/tag/000O",
        "source_filename": "sets.tex"
    },
    {
        "theorem": "Lemma 3.9.4.",
        "body": "  Let $S$ be an affine scheme. Let $R = \\Gamma(S, \\mathcal{O}_S)$. Then the size of $S$ is equal to $\\max\\{ \\aleph_0, |R|\\}$. ",
        "label": "lemma-bound-affine",
        "tag": "000P",
        "url": "https://stacks.math.columbia.edu/tag/000P",
        "source_filename": "sets.tex"
    },
    {
        "theorem": "Lemma 3.9.5.",
        "body": "  Let $S$ be a scheme. Let $S = \\bigcup_{i \\in I} S_i$ be an open covering. Then $\\text{size}(S) \\leq \\max\\{|I|, \\sup_i\\{\\text{size}(S_i)\\}\\}$. ",
        "label": "lemma-bound-size",
        "tag": "000Q",
        "url": "https://stacks.math.columbia.edu/tag/000Q",
        "source_filename": "sets.tex"
    },
    {
        "theorem": "Lemma 3.9.6.",
        "body": "  Let $f : X \\to S$, $g : Y \\to S$ be morphisms of schemes. Then we have $\\text{size}(X \\times_S Y) \\leq \\max\\{\\text{size}(X), \\text{size}(Y)\\}$. ",
        "label": "lemma-bound-size-fibre-product",
        "tag": "04T6",
        "url": "https://stacks.math.columbia.edu/tag/04T6",
        "source_filename": "sets.tex"
    },
    {
        "theorem": "Lemma 3.9.7.",
        "body": "  Let $S$ be a scheme. Let $f : X \\to S$ be locally of finite type with $X$ quasi-compact. Then $\\text{size}(X) \\leq \\text{size}(S)$. ",
        "label": "lemma-bound-finite-type",
        "tag": "04T7",
        "url": "https://stacks.math.columbia.edu/tag/04T7",
        "source_filename": "sets.tex"
    },
    {
        "theorem": "Lemma 3.9.8.",
        "body": "  Let $f : X \\to Y$ be a monomorphism of schemes. If at least one of the following properties holds, then $\\text{size}(X) \\leq \\text{size}(Y)$: \\begin{enumerate} \\item $f$ is quasi-compact, \\item $f$ is locally of finite presentation, \\item add more here as needed. \\end{enumerate} But the bound does not hold for monomorphisms which are locally of finite type. ",
        "label": "lemma-bound-monomorphism",
        "tag": "04VA",
        "url": "https://stacks.math.columbia.edu/tag/04VA",
        "source_filename": "sets.tex"
    },
    {
        "theorem": "Lemma 3.9.9.",
        "body": "  Let $\\alpha$ be an ordinal as in Lemma \\ref{lemma-construct-category} above. The category $\\mathit{Sch}_\\alpha$ satisfies the following properties: \\begin{enumerate} \\item If $X, Y, S \\in \\mathop{\\mathrm{Ob}}\\nolimits(\\mathit{Sch}_\\alpha)$, then for any morphisms $f : X \\to S$, $g : Y \\to S$ the fibre product $X \\times_S Y$ in $\\mathit{Sch}_\\alpha$ exists and is a fibre product in the category of schemes. \\item Given any at most countable collection $S_1, S_2, \\ldots$ of elements of $\\mathop{\\mathrm{Ob}}\\nolimits(\\mathit{Sch}_\\alpha)$, the coproduct $\\coprod_i S_i$ exists in $\\mathop{\\mathrm{Ob}}\\nolimits(\\mathit{Sch}_\\alpha)$ and is a coproduct in the category of schemes. \\item For any $S \\in \\mathop{\\mathrm{Ob}}\\nolimits(\\mathit{Sch}_\\alpha)$ and any open immersion $U \\to S$, there exists a $V \\in \\mathop{\\mathrm{Ob}}\\nolimits(\\mathit{Sch}_\\alpha)$ with $V \\cong U$. \\item For any $S \\in \\mathop{\\mathrm{Ob}}\\nolimits(\\mathit{Sch}_\\alpha)$ and any closed immersion $T \\to S$, there exists an $S' \\in \\mathop{\\mathrm{Ob}}\\nolimits(\\mathit{Sch}_\\alpha)$ with $S' \\cong T$. \\item For any $S \\in \\mathop{\\mathrm{Ob}}\\nolimits(\\mathit{Sch}_\\alpha)$ and any finite type morphism $T \\to S$, there exists an $S' \\in \\mathop{\\mathrm{Ob}}\\nolimits(\\mathit{Sch}_\\alpha)$ with $S' \\cong T$. \\item Suppose $S$ is a scheme which has an open covering $S = \\bigcup_{i \\in I} S_i$ such that there exists a $T \\in \\mathop{\\mathrm{Ob}}\\nolimits(\\mathit{Sch}_\\alpha)$ with (a) $\\text{size}(S_i) \\leq \\text{size}(T)^{\\aleph_0}$ for all $i \\in I$, and (b) $|I| \\leq \\text{size}(T)^{\\aleph_0}$. Then $S$ is isomorphic to an object of $\\mathit{Sch}_\\alpha$. \\item For any $S \\in \\mathop{\\mathrm{Ob}}\\nolimits(\\mathit{Sch}_\\alpha)$ and any morphism $f : T \\to S$ locally of finite type such that $T$ can be covered by at most $\\text{size}(S)^{\\aleph_0}$ open affines, there exists an $S' \\in \\mathop{\\mathrm{Ob}}\\nolimits(\\mathit{Sch}_\\alpha)$ with $S' \\cong T$. For example this holds if $T$ can be covered by at most $|\\mathbf{R}| = 2^{\\aleph_0} = \\aleph_0^{\\aleph_0}$ open affines. \\item For any $S \\in \\mathop{\\mathrm{Ob}}\\nolimits(\\mathit{Sch}_\\alpha)$ and any monomorphism $T \\to S$ which is either locally of finite presentation or quasi-compact, there exists an $S' \\in \\mathop{\\mathrm{Ob}}\\nolimits(\\mathit{Sch}_\\alpha)$ with $S' \\cong T$. \\item Suppose that $T \\in \\mathop{\\mathrm{Ob}}\\nolimits(\\mathit{Sch}_\\alpha)$ is affine. Write $R = \\Gamma(T, \\mathcal{O}_T)$. Then any of the following schemes is isomorphic to a scheme in $\\mathit{Sch}_\\alpha$: \\begin{enumerate} \\item For any ideal $I \\subset R$ with completion $R^* = \\mathop{\\mathrm{lim}}\\nolimits_n R/I^n$, the scheme $\\mathop{\\mathrm{Spec}}(R^*)$. \\item For any finite type $R$-algebra $R'$, the scheme $\\mathop{\\mathrm{Spec}}(R')$. \\item For any localization $S^{-1}R$, the scheme $\\mathop{\\mathrm{Spec}}(S^{-1}R)$. \\item For any prime $\\mathfrak p \\subset R$, the scheme $\\mathop{\\mathrm{Spec}}(\\overline{\\kappa(\\mathfrak p)})$. \\item For any subring $R' \\subset R$, the scheme $\\mathop{\\mathrm{Spec}}(R')$. \\item Any scheme of finite type over a ring of cardinality at most $|R|^{\\aleph_0}$. \\item And so on. \\end{enumerate} \\end{enumerate} ",
        "label": "lemma-what-is-in-it",
        "tag": "000R",
        "url": "https://stacks.math.columbia.edu/tag/000R",
        "source_filename": "sets.tex"
    },
    {
        "theorem": "Remark 3.9.10.",
        "body": "  Let $R$ be a ring. Suppose we consider the ring $\\prod_{\\mathfrak p \\in \\mathop{\\mathrm{Spec}}(R)} \\kappa(\\mathfrak p)$. The cardinality of this ring is bounded by $|R|^{2^{|R|}}$, but is not bounded by $|R|^{\\aleph_0}$ in general. For example if $R = \\mathbf{C}[x]$ it is not bounded by $|R|^{\\aleph_0}$ and if $R = \\prod_{n \\in \\mathbf{N}} \\mathbf{F}_2$ it is not bounded by $|R|^{|R|}$. Thus the ``And so on'' of Lemma \\ref{lemma-what-is-in-it} above should be taken with a grain of salt. Of course, if it ever becomes necessary to consider these rings in arguments pertaining to fppf/\\'etale cohomology, then we can change the function $Bound$ above into the function $\\kappa \\mapsto \\kappa^{2^\\kappa}$. ",
        "label": "remark-what-is-not-in-it",
        "tag": "000S",
        "url": "https://stacks.math.columbia.edu/tag/000S",
        "source_filename": "sets.tex"
    },
    {
        "theorem": "Lemma 3.9.11.",
        "body": "  Let $f : X \\to Y$ be a morphism of schemes. Assume there exists an fpqc covering $\\{g_j : Y_j \\to Y\\}_{j \\in J}$ such that $g_j$ factors through $f$. Then $\\text{size}(Y) \\leq \\text{size}(X)$. ",
        "label": "lemma-bound-by-covering",
        "tag": "0AHK",
        "url": "https://stacks.math.columbia.edu/tag/0AHK",
        "source_filename": "sets.tex"
    },
    {
        "theorem": "Lemma 3.9.12.",
        "body": "  Let $\\{f_i : X_i \\to X\\}_{i \\in I}$ be an fppf covering of a scheme. There exists an fppf covering $\\{W_j \\to X\\}_{j \\in J}$ which is a refinement of $\\{X_i \\to X\\}_{i \\in I}$ such that $\\text{size}(\\coprod W_j) \\leq \\text{size}(X)$. ",
        "label": "lemma-bound-fppf-covering",
        "tag": "0AHL",
        "url": "https://stacks.math.columbia.edu/tag/0AHL",
        "source_filename": "sets.tex"
    },
    {
        "theorem": "Lemma 3.10.1.",
        "body": "  With notations $G$, $G\\textit{-Sets}_\\alpha$, $\\text{size}$, and $Bound$ as above. Let $S_0$ be a set of $G$-sets. There exists a limit ordinal $\\alpha$ with the following properties: \\begin{enumerate} \\item We have $S_0 \\cup \\{{}_GG\\} \\subset \\mathop{\\mathrm{Ob}}\\nolimits(G\\textit{-Sets}_\\alpha)$. \\item For any $S \\in \\mathop{\\mathrm{Ob}}\\nolimits(G\\textit{-Sets}_\\alpha)$ and any $G$-set $T$ with $\\text{size}(T) \\leq Bound(\\text{size}(S))$, there exists an $S' \\in \\mathop{\\mathrm{Ob}}\\nolimits(G\\textit{-Sets}_\\alpha)$ that is isomorphic to $T$. \\item For any countable index category $\\mathcal{I}$ and any functor $F : \\mathcal{I} \\to G\\textit{-Sets}_\\alpha$, the limit $\\mathop{\\mathrm{lim}}\\nolimits_\\mathcal{I} F$ and colimit $\\mathop{\\mathrm{colim}}\\nolimits_\\mathcal{I} F$ exist in $G\\textit{-Sets}_\\alpha$ and are the same as in $G\\textit{-Sets}$. \\end{enumerate} ",
        "label": "lemma-sets-with-group-action",
        "tag": "000U",
        "url": "https://stacks.math.columbia.edu/tag/000U",
        "source_filename": "sets.tex"
    },
    {
        "theorem": "Lemma 3.10.2.",
        "body": "  Let $\\alpha$ be an ordinal as in Lemma \\ref{lemma-sets-with-group-action} above. The category $G\\textit{-Sets}_\\alpha$ satisfies the following properties: \\begin{enumerate} \\item The $G$-set ${}_GG$ is an object of $G\\textit{-Sets}_\\alpha$. \\item (Co)Products, fibre products, and pushouts exist in $G\\textit{-Sets}_\\alpha$ and are the same as their counterparts in $G\\textit{-Sets}$. \\item Given an object $U$ of $G\\textit{-Sets}_\\alpha$, any $G$-stable subset $O \\subset U$  is isomorphic to an object of $G\\textit{-Sets}_\\alpha$. \\end{enumerate} ",
        "label": "lemma-what-is-in-it-G-sets",
        "tag": "000V",
        "url": "https://stacks.math.columbia.edu/tag/000V",
        "source_filename": "sets.tex"
    },
    {
        "theorem": "Lemma 3.11.1.",
        "body": "  With notations as above. Let $\\text{Cov}_0 \\subset \\text{Cov}(\\mathcal{C})$ be a set contained in $\\text{Cov}(\\mathcal{C})$. There exist a cardinal $\\kappa$ and a limit ordinal $\\alpha$ with the following properties: \\begin{enumerate} \\item We have $\\text{Cov}_0 \\subset \\text{Cov}(\\mathcal{C})_{\\kappa, \\alpha}$. \\item The set of coverings $\\text{Cov}(\\mathcal{C})_{\\kappa, \\alpha}$ satisfies (1), (2), and (3) of Sites, Definition \\ref{sites-definition-site} (see above). In other words $(\\mathcal{C}, \\text{Cov}(\\mathcal{C})_{\\kappa, \\alpha})$ is a site. \\item Every covering in $\\text{Cov}(\\mathcal{C})$ is combinatorially equivalent to a covering in $\\text{Cov}(\\mathcal{C})_{\\kappa, \\alpha}$. \\end{enumerate} ",
        "label": "lemma-coverings-site",
        "tag": "000X",
        "url": "https://stacks.math.columbia.edu/tag/000X",
        "source_filename": "sets.tex"
    },
    {
        "theorem": "Remark 3.11.2.",
        "body": "  It is likely the case that, for some limit ordinal $\\alpha$, the set of coverings $\\text{Cov}(\\mathcal{C})_\\alpha$ satisfies the conditions of the lemma. This is after all what an application of the reflection principle would appear to give (modulo caveats as described at the end of Section \\ref{section-reflection-principle} and in Remark \\ref{remark-how-to-use-reflection}). ",
        "label": "remark-better",
        "tag": "000Y",
        "url": "https://stacks.math.columbia.edu/tag/000Y",
        "source_filename": "sets.tex"
    },
    {
        "theorem": "Lemma 3.12.1.",
        "body": "  Suppose given a big category $\\mathcal{A}$ (see Categories, Remark \\ref{categories-remark-big-categories}). Assume $\\mathcal{A}$ is abelian and has enough injectives. See Homology, Definitions \\ref{homology-definition-abelian-category} and \\ref{homology-definition-enough-injectives}. Then for any given set of objects $\\{A_s\\}_{s\\in S}$ of $\\mathcal{A}$, there is an abelian subcategory $\\mathcal{A}' \\subset \\mathcal{A}$ with the following properties: \\begin{enumerate} \\item the inclusion functor $\\mathcal{A}' \\to \\mathcal{A}$ is exact, \\item $\\mathop{\\mathrm{Ob}}\\nolimits(\\mathcal{A}')$ is a set, \\item $\\mathop{\\mathrm{Ob}}\\nolimits(\\mathcal{A}')$ contains $A_s$ for each $s \\in S$, \\item $\\mathcal{A}'$ has enough injectives, and \\item an object of $\\mathcal{A}'$ is injective if and only if it is an injective object of $\\mathcal{A}$. \\end{enumerate} ",
        "label": "lemma-abelian-injectives",
        "tag": "0010",
        "url": "https://stacks.math.columbia.edu/tag/0010",
        "source_filename": "sets.tex"
    }
]