[
    {
        "theorem": "Definition 16.2.1.",
        "body": "  Let $R \\to A$ be a ring map. The {\\it singular ideal of $A$ over $R$}, denoted $H_{A/R}$ is the unique radical ideal $H_{A/R} \\subset A$ with $$ V(H_{A/R}) = \\{\\mathfrak q \\in \\mathop{\\mathrm{Spec}}(A) \\mid R \\to A \\text{ not smooth at }\\mathfrak q\\} $$ ",
        "label": "definition-singular-ideal",
        "tag": "07C5",
        "url": "https://stacks.math.columbia.edu/tag/07C5",
        "source_filename": "smoothing.tex"
    },
    {
        "theorem": "Lemma 16.2.2.",
        "body": "  Let $R$ be a ring. Let $A = R[x_1, \\ldots, x_n]/(f_1, \\ldots, f_m)$. Let $\\mathfrak q \\subset A$ be a prime ideal. Assume $R \\to A$ is smooth at $\\mathfrak q$. Then there exists an $a \\in A$, $a \\not \\in \\mathfrak q$, an integer $c$, $0 \\leq c \\leq \\min(n, m)$, subsets $U \\subset \\{1, \\ldots, n\\}$, $V \\subset \\{1, \\ldots, m\\}$ of cardinality $c$ such that $$ a = a' \\det(\\partial f_j/\\partial x_i)_{j \\in V, i \\in U} $$ for some $a' \\in A$ and $$ a f_\\ell \\in (f_j, j \\in V) + (f_1, \\ldots, f_m)^2 $$ for all $\\ell \\in \\{1, \\ldots, m\\}$. ",
        "label": "lemma-find-strictly-standard",
        "tag": "07C6",
        "url": "https://stacks.math.columbia.edu/tag/07C6",
        "source_filename": "smoothing.tex"
    },
    {
        "theorem": "Definition 16.2.3.",
        "body": "  Let $R \\to A$ be a ring map of finite presentation. We say an element $a \\in A$ is {\\it elementary standard in $A$ over $R$} if there exists a presentation $A = R[x_1, \\ldots, x_n]/(f_1, \\ldots, f_m)$ and $0 \\leq c \\leq \\min(n, m)$ such that \\begin{equation} \\label{equation-elementary-standard-one} a = a' \\det(\\partial f_j/\\partial x_i)_{i, j = 1, \\ldots, c} \\end{equation} for some $a' \\in A$ and \\begin{equation} \\label{equation-elementary-standard-two} a f_{c + j} \\in (f_1, \\ldots, f_c) + (f_1, \\ldots, f_m)^2 \\end{equation} for $j = 1, \\ldots, m - c$. We say $a \\in A$ is {\\it strictly standard in $A$ over $R$} if there exists a presentation $A = R[x_1, \\ldots, x_n]/(f_1, \\ldots, f_m)$ and $0 \\leq c \\leq \\min(n, m)$ such that \\begin{equation} \\label{equation-strictly-standard-one} a = \\sum\\nolimits_{I \\subset \\{1, \\ldots, n\\},\\ |I| = c} a_I \\det(\\partial f_j/\\partial x_i)_{j = 1, \\ldots, c,\\ i \\in I} \\end{equation} for some $a_I \\in A$ and \\begin{equation} \\label{equation-strictly-standard-two} a f_{c + j} \\in (f_1, \\ldots, f_c) + (f_1, \\ldots, f_m)^2 \\end{equation} for $j = 1, \\ldots, m - c$. ",
        "label": "definition-strictly-standard",
        "tag": "07C7",
        "url": "https://stacks.math.columbia.edu/tag/07C7",
        "source_filename": "smoothing.tex"
    },
    {
        "theorem": "Lemma 16.2.4.",
        "body": "  Let $R$ be a ring. Let $A = R[x_1, \\ldots, x_n]/(f_1, \\ldots, f_m)$ and write $I = (f_1, \\ldots, f_m)$. Let $a \\in A$. Then (\\ref{equation-strictly-standard-one}) implies there exists an $A$-linear map $\\psi : \\bigoplus\\nolimits_{i = 1, \\ldots, n} A \\text{d}x_i \\to A^{\\oplus c}$ such that the composition $$ A^{\\oplus c} \\xrightarrow{(f_1, \\ldots, f_c)} I/I^2 \\xrightarrow{f \\mapsto \\text{d}f} \\bigoplus\\nolimits_{i = 1, \\ldots, n} A \\text{d}x_i \\xrightarrow{\\psi} A^{\\oplus c} $$ is multiplication by $a$. Conversely, if such a $\\psi$ exists, then $a^c$ satisfies (\\ref{equation-strictly-standard-one}). ",
        "label": "lemma-parse-equation-strictly-standard-one",
        "tag": "07ET",
        "url": "https://stacks.math.columbia.edu/tag/07ET",
        "source_filename": "smoothing.tex"
    },
    {
        "theorem": "Lemma 16.2.5.",
        "body": "[Elkik]  Let $R \\to A$ be a ring map of finite presentation. The singular ideal $H_{A/R}$ is the radical of the ideal generated by strictly standard elements in $A$ over $R$ and also the radical of the ideal generated by elementary standard elements in $A$ over $R$. ",
        "label": "lemma-elkik",
        "tag": "07CA",
        "url": "https://stacks.math.columbia.edu/tag/07CA",
        "source_filename": "smoothing.tex"
    },
    {
        "theorem": "Example 16.2.6.",
        "body": "  The set of points where a finitely presented ring map is smooth needn't be a quasi-compact open. For example, let $R = k[x, y_1, y_2, y_3, \\ldots]/(xy_i)$ and $A = R/(x)$. Then the smooth locus of $R \\to A$ is $\\bigcup D(y_i)$ which is not quasi-compact. ",
        "label": "example-not-quasi-compact",
        "tag": "07CB",
        "url": "https://stacks.math.columbia.edu/tag/07CB",
        "source_filename": "smoothing.tex"
    },
    {
        "theorem": "Lemma 16.2.7.",
        "body": "  Let $R \\to A$ be a ring map of finite presentation. Let $R \\to R'$ be a ring map. If $a \\in A$ is elementary, resp.\\ strictly standard in $A$ over $R$, then $a \\otimes 1$ is elementary, resp.\\ strictly standard in $A \\otimes_R R'$ over $R'$. ",
        "label": "lemma-strictly-standard-base-change",
        "tag": "07CC",
        "url": "https://stacks.math.columbia.edu/tag/07CC",
        "source_filename": "smoothing.tex"
    },
    {
        "theorem": "Lemma 16.2.8.",
        "body": "  Let $R \\to A \\to \\Lambda$ be ring maps with $A$ of finite presentation over $R$. Assume that $H_{A/R} \\Lambda = \\Lambda$. Then there exists a factorization $A \\to B \\to \\Lambda$ with $B$ smooth over $R$. ",
        "label": "lemma-final-solve",
        "tag": "07EU",
        "url": "https://stacks.math.columbia.edu/tag/07EU",
        "source_filename": "smoothing.tex"
    },
    {
        "theorem": "Lemma 16.3.1.",
        "body": "  Let $R$ be a ring and let $A$ be a finitely presented $R$-algebra. There exists finite type $R$-algebra map $A \\to C$ which has a retraction with the following two properties \\begin{enumerate} \\item for each $a \\in A$ such that $R \\to A_a$ is a local complete intersection (More on Algebra, Definition \\ref{more-algebra-definition-local-complete-intersection}) the ring $C_a$ is smooth over $A_a$ and has a presentation $C_a = R[y_1, \\ldots, y_m]/J$ such that $J/J^2$ is free over $C_a$, and \\item for each $a \\in A$ such that $A_a$ is smooth over $R$ the module $\\Omega_{C_a/R}$ is free over $C_a$. \\end{enumerate} ",
        "label": "lemma-improve-presentation",
        "tag": "07CE",
        "url": "https://stacks.math.columbia.edu/tag/07CE",
        "source_filename": "smoothing.tex"
    },
    {
        "theorem": "Proposition 16.3.2.",
        "body": "  \\begin{slogan} Smooth and syntomic algebras lift along surjections \\end{slogan} Let $R \\to R_0$ be a surjective ring map with kernel $I$. \\begin{enumerate} \\item If $R_0 \\to A_0$ is a syntomic ring map, then there exists a syntomic ring map $R \\to A$ such that $A/IA \\cong A_0$. \\item If $R_0 \\to A_0$ is a smooth ring map, then there exists a smooth ring map $R \\to A$ such that $A/IA \\cong A_0$. \\end{enumerate} ",
        "label": "proposition-lift-smooth",
        "tag": "07M8",
        "url": "https://stacks.math.columbia.edu/tag/07M8",
        "source_filename": "smoothing.tex"
    },
    {
        "theorem": "Lemma 16.3.3.",
        "body": "  Let $R \\to A$ be a syntomic ring map. Then there exists a smooth $R$-algebra map $A \\to C$ with a retraction such that $C$ is a global relative complete intersection over $R$, i.e., $$ C \\cong R[x_1, \\ldots, x_n]/(f_1, \\ldots, f_c) $$ flat over $R$ and all fibres of dimension $n - c$. ",
        "label": "lemma-syntomic-complete-intersection",
        "tag": "07CG",
        "url": "https://stacks.math.columbia.edu/tag/07CG",
        "source_filename": "smoothing.tex"
    },
    {
        "theorem": "Lemma 16.3.4.",
        "body": "  Let $R \\to A$ be a smooth ring map. Then there exists a smooth $R$-algebra map $A \\to B$ with a retraction such that $B$ is standard smooth over $R$, i.e., $$ B \\cong R[x_1, \\ldots, x_n]/(f_1, \\ldots, f_c) $$ and $\\det(\\partial f_j/\\partial x_i)_{i, j = 1, \\ldots, c}$ is invertible in $B$. ",
        "label": "lemma-smooth-standard-smooth",
        "tag": "07CH",
        "url": "https://stacks.math.columbia.edu/tag/07CH",
        "source_filename": "smoothing.tex"
    },
    {
        "theorem": "Lemma 16.3.5.",
        "body": "  Let $R \\to \\Lambda$ be a ring map. If $\\Lambda$ is a filtered colimit of smooth $R$-algebras, then $\\Lambda$ is a filtered colimit of standard smooth $R$-algebras. ",
        "label": "lemma-colimit-standard-smooth",
        "tag": "07CI",
        "url": "https://stacks.math.columbia.edu/tag/07CI",
        "source_filename": "smoothing.tex"
    },
    {
        "theorem": "Lemma 16.3.6.",
        "body": "  Let $R \\to A$ be a standard smooth ring map. Let $E \\subset A$ be a finite subset of order $|E| = n$. Then there exists a presentation $A = R[x_1, \\ldots, x_{n + m}]/(f_1, \\ldots, f_c)$ with $c \\geq n$, with $\\det(\\partial f_j/\\partial x_i)_{i, j = 1, \\ldots, c}$ invertible in $A$, and such that $E$ is the set of congruence classes of $x_1, \\ldots, x_n$. ",
        "label": "lemma-standard-smooth-include-generators",
        "tag": "07EY",
        "url": "https://stacks.math.columbia.edu/tag/07EY",
        "source_filename": "smoothing.tex"
    },
    {
        "theorem": "Lemma 16.3.7.",
        "body": "  Let $R \\to A$ be a ring map of finite presentation. Let $a \\in A$. Consider the following conditions on $a$: \\begin{enumerate} \\item $A_a$ is smooth over $R$, \\item $A_a$ is smooth over $R$ and $\\Omega_{A_a/R}$ is stably free, \\item $A_a$ is smooth over $R$ and $\\Omega_{A_a/R}$ is free, \\item $A_a$ is standard smooth over $R$, \\item $a$ is strictly standard in $A$ over $R$, \\item $a$ is elementary standard in $A$ over $R$. \\end{enumerate} Then we have \\begin{enumerate} \\item[(a)] (4) $\\Rightarrow$ (3) $\\Rightarrow$ (2) $\\Rightarrow$ (1), \\item[(b)] (6) $\\Rightarrow$ (5), \\item[(c)] (6) $\\Rightarrow$ (4), \\item[(d)] (5) $\\Rightarrow$ (2), \\item[(e)] (2) $\\Rightarrow$ the elements $a^e$, $e \\geq e_0$ are strictly standard in $A$ over $R$, \\item[(f)] (4) $\\Rightarrow$ the elements $a^e$, $e \\geq e_0$ are elementary standard in $A$ over $R$. \\end{enumerate} ",
        "label": "lemma-compare-standard",
        "tag": "07EZ",
        "url": "https://stacks.math.columbia.edu/tag/07EZ",
        "source_filename": "smoothing.tex"
    },
    {
        "theorem": "Situation 16.4.1.",
        "body": "  Here $R \\subset \\Lambda$ is an extension of discrete valuation rings with ramification index $1$ (More on Algebra, Definition \\ref{more-algebra-definition-extension-discrete-valuation-rings}). We assume given a factorization $$ R \\to A \\xrightarrow{\\varphi} \\Lambda $$ with $R \\to A$ flat and of finite type. Let $\\mathfrak q = \\mathop{\\mathrm{Ker}}(\\varphi)$ and $\\mathfrak p = \\varphi^{-1}(\\mathfrak m_\\Lambda)$. ",
        "label": "situation-neron",
        "tag": "0BJ2",
        "url": "https://stacks.math.columbia.edu/tag/0BJ2",
        "source_filename": "smoothing.tex"
    },
    {
        "theorem": "Lemma 16.4.2.",
        "body": "  In Situation \\ref{situation-neron} N\\'eron's blowup is functorial in the following sense \\begin{enumerate} \\item if $a \\in A$, $a \\not \\in \\mathfrak p$, then N\\'eron's blowup of $A_a$ is $A'_a$, and \\item if $B \\to A$ is a surjection of flat finite type $R$-algebras with kernel $I$, then $A'$ is the quotient of $B'/IB'$ by its $\\pi$-power torsion. \\end{enumerate} ",
        "label": "lemma-neron-functorial",
        "tag": "0BJ3",
        "url": "https://stacks.math.columbia.edu/tag/0BJ3",
        "source_filename": "smoothing.tex"
    },
    {
        "theorem": "Lemma 16.4.3.",
        "body": "  In Situation \\ref{situation-neron} assume that $R \\to A$ is smooth at $\\mathfrak p$ and that $R/\\pi R \\subset \\Lambda/\\pi \\Lambda$ is a separable field extension. Then $R \\to A'$ is smooth at $\\mathfrak p'$ and there is a short exact sequence $$ 0 \\to \\Omega_{A/R} \\otimes_A A'_{\\mathfrak p'} \\to \\Omega_{A'/R, \\mathfrak p'} \\to (A'/\\pi A')_{\\mathfrak p'}^{\\oplus c} \\to 0 $$ where $c = \\dim((A/\\pi A)_\\mathfrak p)$. ",
        "label": "lemma-neron-blowup-smooth",
        "tag": "0BJ4",
        "url": "https://stacks.math.columbia.edu/tag/0BJ4",
        "source_filename": "smoothing.tex"
    },
    {
        "theorem": "Lemma 16.4.4.",
        "body": "  In Situation \\ref{situation-neron} assume that $R \\to A$ is smooth at $\\mathfrak q$ and that we have a surjection of $R$-algebras $B \\to A$ with kernel $I$. Assume $R \\to B$ smooth at $\\mathfrak p_B = (B \\to A)^{-1}\\mathfrak p$. If the cokernel of $$ I/I^2 \\otimes_A \\Lambda \\to \\Omega_{B/R} \\otimes_B \\Lambda $$ is a free $\\Lambda$-module, then $R \\to A$ is smooth at $\\mathfrak p$. ",
        "label": "lemma-neron-when-smooth",
        "tag": "0BJ5",
        "url": "https://stacks.math.columbia.edu/tag/0BJ5",
        "source_filename": "smoothing.tex"
    },
    {
        "theorem": "Lemma 16.4.5.",
        "body": "  In Situation \\ref{situation-neron} assume that $R \\to A$ is smooth at $\\mathfrak q$ and that $R/\\pi R \\subset \\Lambda/\\pi \\Lambda$ is a separable extension of fields. Then after a finite number of affine N\\'eron blowups the algebra $A$ becomes smooth over $R$ at $\\mathfrak p$. ",
        "label": "lemma-neron-desingularization",
        "tag": "0BJ6",
        "url": "https://stacks.math.columbia.edu/tag/0BJ6",
        "source_filename": "smoothing.tex"
    },
    {
        "theorem": "Lemma 16.4.6.",
        "body": "  \\begin{slogan} Unramified extensions of DVRs are ind-smooth AKA N\\'eron desingularization \\end{slogan} Let $R \\subset \\Lambda$ be an extension of discrete valuation rings which has ramification index $1$ and induces a separable extension of residue fields and of fraction fields. Then $\\Lambda$ is a filtered colimit of smooth $R$-algebras. ",
        "label": "lemma-neron-colimit",
        "tag": "0BJ7",
        "url": "https://stacks.math.columbia.edu/tag/0BJ7",
        "source_filename": "smoothing.tex"
    },
    {
        "theorem": "Lemma 16.5.1.",
        "body": "  Let $R \\to \\Lambda$ be a ring map. Let $I \\subset R$ be an ideal. Assume that \\begin{enumerate} \\item $I^2 = 0$, and \\item $\\Lambda/I\\Lambda$ is a filtered colimit of smooth $R/I$-algebras. \\end{enumerate} Let $\\varphi : A \\to \\Lambda$ be an $R$-algebra map with $A$ of finite presentation over $R$. Then there exists a factorization $$ A \\to B/J \\to \\Lambda $$ where $B$ is a smooth $R$-algebra and $J \\subset IB$ is a finitely generated ideal. ",
        "label": "lemma-lift-once",
        "tag": "07CK",
        "url": "https://stacks.math.columbia.edu/tag/07CK",
        "source_filename": "smoothing.tex"
    },
    {
        "theorem": "Lemma 16.5.2.",
        "body": "  Let $R \\to \\Lambda$ be a ring map. Let $I \\subset R$ be an ideal. Assume that \\begin{enumerate} \\item $I^2 = 0$, \\item $\\Lambda/I\\Lambda$ is a filtered colimit of smooth $R/I$-algebras, and \\item $R \\to \\Lambda$ is flat. \\end{enumerate} Let $\\varphi : B \\to \\Lambda$ be an $R$-algebra map with $B$ smooth over $R$. Let $J \\subset IB$ be a finitely generated ideal such that $\\varphi(J) = 0$. Then there exists $R$-algebra maps $$ B \\xrightarrow{\\alpha} B' \\xrightarrow{\\beta} \\Lambda $$ such that $B'$ is smooth over $R$, such that $\\alpha(J) = 0$ and such that $\\beta \\circ \\alpha = \\varphi \\bmod I\\Lambda$. ",
        "label": "lemma-lift-twice",
        "tag": "07CL",
        "url": "https://stacks.math.columbia.edu/tag/07CL",
        "source_filename": "smoothing.tex"
    },
    {
        "theorem": "Proposition 16.5.3.",
        "body": "  \\begin{slogan} Ind-smoothness of an algebra is stable under infinitesimal deformations \\end{slogan} Let $R \\to \\Lambda$ be a ring map. Let $I \\subset R$ be an ideal. Assume that \\begin{enumerate} \\item $I$ is nilpotent, \\item $\\Lambda/I\\Lambda$ is a filtered colimit of smooth $R/I$-algebras, and \\item $R \\to \\Lambda$ is flat. \\end{enumerate} Then $\\Lambda$ is a filtered colimit of smooth $R$-algebras. ",
        "label": "proposition-lift",
        "tag": "07CM",
        "url": "https://stacks.math.columbia.edu/tag/07CM",
        "source_filename": "smoothing.tex"
    },
    {
        "theorem": "Lemma 16.6.1.",
        "body": "  Let $R$ be a Noetherian ring. Let $\\Lambda$ be an $R$-algebra. Let $\\pi \\in R$ and assume that $\\text{Ann}_R(\\pi) = \\text{Ann}_R(\\pi^2)$ and $\\text{Ann}_\\Lambda(\\pi) = \\text{Ann}_\\Lambda(\\pi^2)$. Suppose we have $R$-algebra maps $R/\\pi^2R \\to \\bar C \\to \\Lambda/\\pi^2\\Lambda$ with $\\bar C$ of finite presentation. Then there exists an $R$-algebra homomorphism $D \\to \\Lambda$ and a commutative diagram $$ \\xymatrix{ R/\\pi^2R \\ar[r] \\ar[d] & \\bar C \\ar[r] \\ar[d] & \\Lambda/\\pi^2\\Lambda \\ar[d] \\\\ R/\\pi R \\ar[r] & D/\\pi D \\ar[r] & \\Lambda/\\pi \\Lambda } $$ with the following properties \\begin{enumerate} \\item[(a)] $D$ is of finite presentation, \\item[(b)] $R \\to D$ is smooth at any prime $\\mathfrak q$ with $\\pi \\not \\in \\mathfrak q$, \\item[(c)] $R \\to D$ is smooth at any prime $\\mathfrak q$ with $\\pi \\in \\mathfrak q$ lying over a prime of $\\bar C$ where $R/\\pi^2 R \\to \\bar C$ is smooth, and \\item[(d)] $\\bar C/\\pi \\bar C \\to D/\\pi D$ is smooth at any prime lying over a prime of $\\bar C$ where $R/\\pi^2R \\to \\bar C$ is smooth. \\end{enumerate} ",
        "label": "lemma-lifting",
        "tag": "07CP",
        "url": "https://stacks.math.columbia.edu/tag/07CP",
        "source_filename": "smoothing.tex"
    },
    {
        "theorem": "Lemma 16.7.1.",
        "body": "  Let $R$ be a Noetherian ring. Let $\\Lambda$ be an $R$-algebra. Let $\\pi \\in R$ and assume that $\\text{Ann}_\\Lambda(\\pi) = \\text{Ann}_\\Lambda(\\pi^2)$. Let $A \\to \\Lambda$ be an $R$-algebra map with $A$ of finite presentation. Assume \\begin{enumerate} \\item the image of $\\pi$ is strictly standard in $A$ over $R$, and \\item there exists a section $\\rho : A/\\pi^4 A \\to R/\\pi^4 R$ which is compatible with the map to $\\Lambda/\\pi^4 \\Lambda$. \\end{enumerate} Then we can find $R$-algebra maps $A \\to B \\to \\Lambda$ with $B$ of finite presentation such that $\\mathfrak a B \\subset H_{B/R}$ where $\\mathfrak a = \\text{Ann}_R(\\text{Ann}_R(\\pi^2)/\\text{Ann}_R(\\pi))$. ",
        "label": "lemma-desingularize",
        "tag": "07CR",
        "url": "https://stacks.math.columbia.edu/tag/07CR",
        "source_filename": "smoothing.tex"
    },
    {
        "theorem": "Lemma 16.7.2.",
        "body": "  Let $R$ be a Noetherian ring. Let $\\Lambda$ be an $R$-algebra. Let $\\pi \\in R$ and assume that $\\text{Ann}_R(\\pi) = \\text{Ann}_R(\\pi^2)$ and $\\text{Ann}_\\Lambda(\\pi) = \\text{Ann}_\\Lambda(\\pi^2)$. Let $A \\to \\Lambda$ and $D \\to \\Lambda$ be $R$-algebra maps with $A$ and $D$ of finite presentation. Assume \\begin{enumerate} \\item $\\pi$ is strictly standard in $A$ over $R$, and \\item there exists an $R$-algebra map $A/\\pi^4 A \\to D/\\pi^4 D$ compatible with the maps to $\\Lambda/\\pi^4 \\Lambda$. \\end{enumerate} Then we can find an $R$-algebra map $B \\to \\Lambda$ with $B$ of finite presentation and $R$-algebra maps $A \\to B$ and $D \\to B$ compatible with the maps to $\\Lambda$ such that $H_{D/R}B \\subset H_{B/D}$ and $H_{D/R}B \\subset H_{B/R}$. ",
        "label": "lemma-desingularize-strictly-standard",
        "tag": "07CT",
        "url": "https://stacks.math.columbia.edu/tag/07CT",
        "source_filename": "smoothing.tex"
    },
    {
        "theorem": "Lemma 16.7.3.",
        "body": "  Let $R$ be a Noetherian ring. Let $\\Lambda$ be an $R$-algebra. Let $\\pi \\in R$ and assume that $\\text{Ann}_R(\\pi) = \\text{Ann}_R(\\pi^2)$ and $\\text{Ann}_\\Lambda(\\pi) = \\text{Ann}_\\Lambda(\\pi^2)$. Let $A \\to \\Lambda$ be an $R$-algebra map with $A$ of finite presentation and assume $\\pi$ is strictly standard in $A$ over $R$. Let $$ A/\\pi^8A \\to \\bar C \\to \\Lambda/\\pi^8\\Lambda $$ be a factorization with $\\bar C$ of finite presentation. Then we can find a factorization $A \\to B \\to \\Lambda$ with $B$ of finite presentation such that $R_\\pi \\to B_\\pi$ is smooth and such that $$ H_{\\bar C/(R/\\pi^8 R)} \\cdot \\Lambda/\\pi^8\\Lambda \\subset \\sqrt{H_{B/R} \\Lambda} \\bmod \\pi^8\\Lambda. $$ ",
        "label": "lemma-desingularize-lifting-apply",
        "tag": "07F0",
        "url": "https://stacks.math.columbia.edu/tag/07F0",
        "source_filename": "smoothing.tex"
    },
    {
        "theorem": "Situation 16.8.1.",
        "body": "  Here $R \\to \\Lambda$ is a regular ring map of Noetherian rings. ",
        "label": "situation-global",
        "tag": "07F2",
        "url": "https://stacks.math.columbia.edu/tag/07F2",
        "source_filename": "smoothing.tex"
    },
    {
        "theorem": "Lemma 16.8.2.",
        "body": "  Let $R_i \\to \\Lambda_i$, $i = 1, 2$ be as in Situation \\ref{situation-global}. If PT holds for $R_i \\to \\Lambda_i$, $i = 1, 2$, then PT holds for $R_1 \\times R_2 \\to \\Lambda_1 \\times \\Lambda_2$. ",
        "label": "lemma-product",
        "tag": "07F3",
        "url": "https://stacks.math.columbia.edu/tag/07F3",
        "source_filename": "smoothing.tex"
    },
    {
        "theorem": "Lemma 16.8.3.",
        "body": "  Let $R \\to A \\to \\Lambda$ be ring maps with $A$ of finite presentation over $R$. Let $S \\subset R$ be a multiplicative set. Let $S^{-1}A \\to B' \\to S^{-1}\\Lambda$ be a factorization with $B'$ smooth over $S^{-1}R$. Then we can find a factorization $A \\to B \\to \\Lambda$ such that some $s \\in S$ maps to an elementary standard element (Definition \\ref{definition-strictly-standard}) in $B$ over $R$. ",
        "label": "lemma-delocalize-base",
        "tag": "07F4",
        "url": "https://stacks.math.columbia.edu/tag/07F4",
        "source_filename": "smoothing.tex"
    },
    {
        "theorem": "Lemma 16.8.4.",
        "body": "  \\begin{slogan} Proving Popescu approximation reduces to algebras over a field \\end{slogan} If for every Situation \\ref{situation-global} where $R$ is a field PT holds, then PT holds in general. ",
        "label": "lemma-reduce-to-field",
        "tag": "07F5",
        "url": "https://stacks.math.columbia.edu/tag/07F5",
        "source_filename": "smoothing.tex"
    },
    {
        "theorem": "Situation 16.9.1.",
        "body": "  We are given a Noetherian ring $R$ and an $R$-algebra map $A \\to \\Lambda$ and a prime $\\mathfrak q \\subset \\Lambda$. We assume $A$ is of finite presentation over $R$. In this situation we denote $\\mathfrak h_A = \\sqrt{H_{A/R} \\Lambda}$. ",
        "label": "situation-local",
        "tag": "07F7",
        "url": "https://stacks.math.columbia.edu/tag/07F7",
        "source_filename": "smoothing.tex"
    },
    {
        "theorem": "Lemma 16.9.2.",
        "body": "  Let $R \\to A \\to \\Lambda \\supset \\mathfrak q$ be as in Situation \\ref{situation-local}. Let $r \\geq 1$ and $\\pi_1, \\ldots, \\pi_r \\in R$ map to elements of $\\mathfrak q$. Assume \\begin{enumerate} \\item for $i = 1, \\ldots, r$ we have $$ \\text{Ann}_{R/(\\pi_1^8, \\ldots, \\pi_{i - 1}^8)R}(\\pi_i) = \\text{Ann}_{R/(\\pi_1^8, \\ldots, \\pi_{i - 1}^8)R}(\\pi_i^2) $$ and $$ \\text{Ann}_{\\Lambda/(\\pi_1^8, \\ldots, \\pi_{i - 1}^8)\\Lambda}(\\pi_i) = \\text{Ann}_{\\Lambda/(\\pi_1^8, \\ldots, \\pi_{i - 1}^8)\\Lambda}(\\pi_i^2) $$ \\item for $i = 1, \\ldots, r$ the element $\\pi_i$ maps to a strictly standard element in $A$ over $R$. \\end{enumerate} Then, if $$ R/(\\pi_1^8, \\ldots, \\pi_r^8)R \\to A/(\\pi_1^8, \\ldots, \\pi_r^8)A \\to \\Lambda/(\\pi_1^8, \\ldots, \\pi_r^8)\\Lambda \\supset \\mathfrak q/(\\pi_1^8, \\ldots, \\pi_r^8)\\Lambda $$ can be resolved, so can $R \\to A \\to \\Lambda \\supset \\mathfrak q$. ",
        "label": "lemma-lift-solution",
        "tag": "07F8",
        "url": "https://stacks.math.columbia.edu/tag/07F8",
        "source_filename": "smoothing.tex"
    },
    {
        "theorem": "Lemma 16.9.3.",
        "body": "  \\begin{reference} \\cite[Lemma 12.2]{swan} or \\cite[Lemma 2]{popescu-GND} \\end{reference} Let $R \\to A \\to \\Lambda \\supset \\mathfrak q$ be as in Situation \\ref{situation-local}. Let $\\mathfrak p = R \\cap \\mathfrak q$. Assume that $\\mathfrak q$ is minimal over $\\mathfrak h_A$ and that $R_\\mathfrak p \\to A_\\mathfrak p \\to \\Lambda_\\mathfrak q \\supset \\mathfrak q\\Lambda_\\mathfrak q$ can be resolved. Then there exists a factorization $A \\to C \\to \\Lambda$ with $C$ of finite presentation such that $H_{C/R} \\Lambda \\not \\subset \\mathfrak q$. ",
        "label": "lemma-delocalize-weak",
        "tag": "07F9",
        "url": "https://stacks.math.columbia.edu/tag/07F9",
        "source_filename": "smoothing.tex"
    },
    {
        "theorem": "Lemma 16.9.4.",
        "body": "  Let $R \\to A \\to \\Lambda \\supset \\mathfrak q$ be as in Situation \\ref{situation-local}. Let $\\mathfrak p = R \\cap \\mathfrak q$. Assume \\begin{enumerate} \\item $\\mathfrak q$ is minimal over $\\mathfrak h_A$, \\item $R_\\mathfrak p \\to A_\\mathfrak p \\to \\Lambda_\\mathfrak q \\supset \\mathfrak q\\Lambda_\\mathfrak q$ can be resolved, and \\item $\\dim(\\Lambda_\\mathfrak q) = 0$. \\end{enumerate} Then $R \\to A \\to \\Lambda \\supset \\mathfrak q$ can be resolved. ",
        "label": "lemma-delocalize-height-zero",
        "tag": "07FA",
        "url": "https://stacks.math.columbia.edu/tag/07FA",
        "source_filename": "smoothing.tex"
    },
    {
        "theorem": "Lemma 16.10.1.",
        "body": "[Ogoma]  Let $A$ be a Noetherian ring and let $M$ be a finite $A$-module. Let $S \\subset A$ be a multiplicative set. If $\\pi \\in A$ and $\\mathop{\\mathrm{Ker}}(\\pi : S^{-1}M \\to S^{-1}M) = \\mathop{\\mathrm{Ker}}(\\pi^2 : S^{-1}M \\to S^{-1}M)$ then there exists an $s \\in S$ such that for any $n > 0$ we have $\\mathop{\\mathrm{Ker}}(s^n\\pi : M \\to M) = \\mathop{\\mathrm{Ker}}((s^n\\pi)^2 : M \\to M)$. ",
        "label": "lemma-ogoma",
        "tag": "07FC",
        "url": "https://stacks.math.columbia.edu/tag/07FC",
        "source_filename": "smoothing.tex"
    },
    {
        "theorem": "Lemma 16.10.2.",
        "body": "  Let $\\Lambda$ be a Noetherian ring. Let $I \\subset \\Lambda$ be an ideal. Let $I \\subset \\mathfrak q$ be a prime. Let $n, e$ be positive integers Assume that $\\mathfrak q^n\\Lambda_\\mathfrak q \\subset I\\Lambda_\\mathfrak q$ and that $\\Lambda_\\mathfrak q$ is a regular local ring of dimension $d$. Then there exists an $n > 0$ and $\\pi_1, \\ldots, \\pi_d \\in \\Lambda$ such that \\begin{enumerate} \\item $(\\pi_1, \\ldots, \\pi_d)\\Lambda_\\mathfrak q = \\mathfrak q\\Lambda_\\mathfrak q$, \\item $\\pi_1^n, \\ldots, \\pi_d^n \\in I$, and \\item for $i = 1, \\ldots, d$ we have $$ \\text{Ann}_{\\Lambda/(\\pi_1^e, \\ldots, \\pi_{i - 1}^e)\\Lambda}(\\pi_i) = \\text{Ann}_{\\Lambda/(\\pi_1^e, \\ldots, \\pi_{i - 1}^e)\\Lambda}(\\pi_i^2). $$ \\end{enumerate} ",
        "label": "lemma-find-sequence",
        "tag": "07FD",
        "url": "https://stacks.math.columbia.edu/tag/07FD",
        "source_filename": "smoothing.tex"
    },
    {
        "theorem": "Lemma 16.10.3.",
        "body": "  Let $k \\to A \\to \\Lambda \\supset \\mathfrak q$ be as in Situation \\ref{situation-local} where \\begin{enumerate} \\item $k$ is a field, \\item $\\Lambda$ is Noetherian, \\item $\\mathfrak q$ is minimal over $\\mathfrak h_A$, \\item $\\Lambda_\\mathfrak q$ is a regular local ring, and \\item the field extension $\\kappa(\\mathfrak q)/k$ is separable. \\end{enumerate} Then $k \\to A \\to \\Lambda \\supset \\mathfrak q$ can be resolved. ",
        "label": "lemma-resolve-special",
        "tag": "07FE",
        "url": "https://stacks.math.columbia.edu/tag/07FE",
        "source_filename": "smoothing.tex"
    },
    {
        "theorem": "Lemma 16.11.1.",
        "body": "  Let $k$ be a field of characteristic $p > 0$. Let $(\\Lambda, \\mathfrak m, K)$ be an Artinian local $k$-algebra. Assume that $\\dim H_1(L_{K/k}) < \\infty$. Then $\\Lambda$ is a filtered colimit of Artinian local $k$-algebras $A$ with each map $A \\to \\Lambda$ flat, with $\\mathfrak m_A \\Lambda = \\mathfrak m$, and with $A$ essentially of finite type over $k$. ",
        "label": "lemma-helper",
        "tag": "07FG",
        "url": "https://stacks.math.columbia.edu/tag/07FG",
        "source_filename": "smoothing.tex"
    },
    {
        "theorem": "Lemma 16.11.2.",
        "body": "  Let $k$ be a field of characteristic $p > 0$. Let $\\Lambda$ be a Noetherian geometrically regular $k$-algebra. Let $\\mathfrak q \\subset \\Lambda$ be a prime ideal. Let $n \\geq 1$ be an integer and let $E \\subset \\Lambda_\\mathfrak q/\\mathfrak q^n\\Lambda_\\mathfrak q$ be a finite subset. Then we can find $m \\geq 0$ and $\\varphi : k[y_1, \\ldots, y_m] \\to \\Lambda$ with the following properties \\begin{enumerate} \\item setting $\\mathfrak p = \\varphi^{-1}(\\mathfrak q)$ we have $\\mathfrak q\\Lambda_\\mathfrak q = \\mathfrak p \\Lambda_\\mathfrak q$ and $k[y_1, \\ldots, y_m]_\\mathfrak p \\to \\Lambda_\\mathfrak q$ is flat, \\item there is a factorization by homomorphisms of local Artinian rings $$ k[y_1, \\ldots, y_m]_\\mathfrak p/\\mathfrak p^n k[y_1, \\ldots, y_m]_\\mathfrak p \\to D \\to \\Lambda_\\mathfrak q/\\mathfrak q^n\\Lambda_\\mathfrak q $$ where the first arrow is essentially smooth and the second is flat, \\item $E$ is contained in $D$ modulo $\\mathfrak q^n\\Lambda_\\mathfrak q$. \\end{enumerate} ",
        "label": "lemma-solution-modulo",
        "tag": "07FH",
        "url": "https://stacks.math.columbia.edu/tag/07FH",
        "source_filename": "smoothing.tex"
    },
    {
        "theorem": "Lemma 16.11.3.",
        "body": "  Let $\\varphi : k[y_1, \\ldots, y_m] \\to \\Lambda$, $n$, $\\mathfrak q$, $\\mathfrak p$ and $$ k[y_1, \\ldots, y_m]_\\mathfrak p/\\mathfrak p^n \\to D \\to \\Lambda_\\mathfrak q/\\mathfrak q^n \\Lambda_\\mathfrak q $$ be as in Lemma \\ref{lemma-solution-modulo}. Then for any $\\lambda \\in \\Lambda \\setminus \\mathfrak q$ there exists an integer $q > 0$ and a factorization $$ k[y_1, \\ldots, y_m]_\\mathfrak p/\\mathfrak p^n \\to D \\to D' \\to \\Lambda_\\mathfrak q/\\mathfrak q^n \\Lambda_\\mathfrak q $$ such that $D \\to D'$ is an essentially smooth map of local Artinian rings, the last arrow is flat, and $\\lambda^q$ is in $D'$. ",
        "label": "lemma-enlarge-solution-modulo",
        "tag": "07FI",
        "url": "https://stacks.math.columbia.edu/tag/07FI",
        "source_filename": "smoothing.tex"
    },
    {
        "theorem": "Lemma 16.11.4.",
        "body": "  Let $k \\to A \\to \\Lambda \\supset \\mathfrak q$ be as in Situation \\ref{situation-local} where \\begin{enumerate} \\item $k$ is a field of characteristic $p > 0$, \\item $\\Lambda$ is Noetherian and geometrically regular over $k$, \\item $\\mathfrak q$ is minimal over $\\mathfrak h_A$. \\end{enumerate} Then $k \\to A \\to \\Lambda \\supset \\mathfrak q$ can be resolved. ",
        "label": "lemma-resolve-general",
        "tag": "07FJ",
        "url": "https://stacks.math.columbia.edu/tag/07FJ",
        "source_filename": "smoothing.tex"
    },
    {
        "theorem": "Theorem 16.12.1.",
        "body": "[Popescu]  Any regular homomorphism of Noetherian rings is a filtered colimit of smooth ring maps. ",
        "label": "theorem-popescu",
        "tag": "07GC",
        "url": "https://stacks.math.columbia.edu/tag/07GC",
        "source_filename": "smoothing.tex"
    },
    {
        "theorem": "Theorem 16.13.1.",
        "body": "  Let $R$ be a Noetherian local ring. Let $f_1, \\ldots, f_m \\in R[x_1, \\ldots, x_n]$. Suppose that $(a_1, \\ldots, a_n) \\in (R^\\wedge)^n$ is a solution in $R^\\wedge$. If $R$ is a henselian G-ring, then for every integer $N$ there exists a solution $(b_1, \\ldots, b_n) \\in R^n$ in $R$ such that $a_i - b_i \\in \\mathfrak m^NR^\\wedge$. ",
        "label": "theorem-approximation-property",
        "tag": "07QY",
        "url": "https://stacks.math.columbia.edu/tag/07QY",
        "source_filename": "smoothing.tex"
    },
    {
        "theorem": "Theorem 16.13.2.",
        "body": "  Let $R$ be a Noetherian local ring. Let $f_1, \\ldots, f_m \\in R[x_1, \\ldots, x_n]$. Suppose that $(a_1, \\ldots, a_n) \\in (R^\\wedge)^n$ is a solution. If $R$ is a G-ring, then for every integer $N$ there exist \\begin{enumerate} \\item an \\'etale ring map $R \\to R'$, \\item a maximal ideal $\\mathfrak m' \\subset R'$ lying over $\\mathfrak m$ \\item a solution $(b_1, \\ldots, b_n) \\in (R')^n$ in $R'$ \\end{enumerate} such that $\\kappa(\\mathfrak m) = \\kappa(\\mathfrak m')$ and $a_i - b_i \\in (\\mathfrak m')^NR^\\wedge$. ",
        "label": "theorem-approximation-property-variant",
        "tag": "07QZ",
        "url": "https://stacks.math.columbia.edu/tag/07QZ",
        "source_filename": "smoothing.tex"
    },
    {
        "theorem": "Example 16.13.3.",
        "body": "  Let $(R, \\mathfrak m)$ be a Noetherian local ring with henselization $R^h$. The map on completions $R^\\wedge \\to (R^h)^\\wedge$ is an isomorphism, see More on Algebra, Lemma \\ref{more-algebra-lemma-henselization-noetherian}. Since also $R^h$ is Noetherian (ibid.) we may think of $R^h$ as a subring of its completion (because the completion is faithfully flat). In this way we see that we may identify $R^h$ with a subring of $R^\\wedge$. \\medskip\\noindent Let us try to understand which elements of $R^\\wedge$ are in $R^h$. For simplicity we assume $R$ is a domain with fraction field $K$. Clearly, every element $f$ of $R^h$ is algebraic over $R$, in the sense that there exists an equation of the form $a_n f^n + \\ldots + a_1 f + a_0 = 0$ for some $a_i \\in R$ with $n > 0$ and $a_n \\not = 0$. \\medskip\\noindent Conversely, assume that $f \\in R^\\wedge$, $n \\in \\mathbf{N}$, and $a_0, \\ldots, a_n \\in R$ with $a_n \\not = 0$ such that $a_n f^n + \\ldots + a_1 f + a_0 = 0$. If $R$ is a G-ring, then, for every $N > 0$ there exists an element $g \\in R^h$ with $a_n g^n + \\ldots + a_1 g + a_0 = 0$ and $f - g \\in \\mathfrak m^N R^\\wedge$, see Theorem \\ref{theorem-approximation-property-variant}. We'd like to conclude that $f = g$ when $N \\gg 0$. If this is not true, then we find infinitely many roots $g$ of $P(T)$ in $R^h$. This is impossible because (1) $R^h \\subset R^h \\otimes_R K$ and (2) $R^h \\otimes_R K$ is a finite product of field extensions of $K$. Namely, $R \\to K$ is injective and $R \\to R^h$ is flat, hence $R^h \\to R^h \\otimes_R K$ is injective and (2) follows from More on Algebra, Lemma \\ref{more-algebra-lemma-fibres-henselization}. \\medskip\\noindent Conclusion: If $R$ is a Noetherian local domain with fraction field $K$ and a G-ring, then $R^h \\subset R^\\wedge$ is the set of all elements which are algebraic over $K$. ",
        "label": "example-describe-henselian",
        "tag": "0A1W",
        "url": "https://stacks.math.columbia.edu/tag/0A1W",
        "source_filename": "smoothing.tex"
    },
    {
        "theorem": "Lemma 16.13.4.",
        "body": "  Let $R$ be a Noetherian ring. Let $\\mathfrak p \\subset R$ be a prime ideal. Let $f_1, \\ldots, f_m \\in R[x_1, \\ldots, x_n]$. Suppose that $(a_1, \\ldots, a_n) \\in ((R_\\mathfrak p)^\\wedge)^n$ is a solution. If $R_\\mathfrak p$ is a G-ring, then for every integer $N$ there exist \\begin{enumerate} \\item an \\'etale ring map $R \\to R'$, \\item a prime ideal $\\mathfrak p' \\subset R'$ lying over $\\mathfrak p$ \\item a solution $(b_1, \\ldots, b_n) \\in (R')^n$ in $R'$ \\end{enumerate} such that $\\kappa(\\mathfrak p) = \\kappa(\\mathfrak p')$ and $a_i - b_i \\in (\\mathfrak p')^N(R'_{\\mathfrak p'})^\\wedge$. ",
        "label": "lemma-approximation-property-variant",
        "tag": "0CAR",
        "url": "https://stacks.math.columbia.edu/tag/0CAR",
        "source_filename": "smoothing.tex"
    },
    {
        "theorem": "Lemma 16.14.1.",
        "body": "  \\begin{slogan} Approximation for henselian pairs. \\end{slogan} Let $(A, I)$ be a henselian pair with $A$ Noetherian. Let $A^\\wedge$ be the $I$-adic completion of $A$. Assume at least one of the following conditions holds \\begin{enumerate} \\item $A \\to A^\\wedge$ is a regular ring map, \\item $A$ is a Noetherian G-ring, or \\item $(A, I)$ is the henselization (More on Algebra, Lemma \\ref{more-algebra-lemma-henselization}) of a pair $(B, J)$ where $B$ is a Noetherian G-ring. \\end{enumerate} Given $f_1, \\ldots, f_m \\in A[x_1, \\ldots, x_n]$ and $\\hat{a}_1, \\ldots, \\hat{a}_n \\in A^\\wedge$ such that $f_j(\\hat{a}_1, \\ldots, \\hat{a}_n) = 0$ for $j = 1, \\ldots, m$, for every $N \\geq 1$ there exist $a_1, \\ldots, a_n \\in A$ such that $\\hat{a}_i - a_i \\in I^N$ and such that $f_j(a_1, \\ldots, a_n) = 0$ for $j = 1, \\ldots, m$. ",
        "label": "lemma-henselian-pair",
        "tag": "0AH5",
        "url": "https://stacks.math.columbia.edu/tag/0AH5",
        "source_filename": "smoothing.tex"
    }
]