[
    {
        "theorem": "Lemma 79.4.1.",
        "body": "  The map $I/I^2 \\to J/J^2$ induced by $c$ is the composition $$ I/I^2 \\xrightarrow{(1, 1)} I/I^2 \\oplus I/I^2 \\to J/J^2 $$ where the second arrow comes from the equality $J = (I \\otimes B + B \\otimes I)C$. The map $i : B \\to B$ induces the map $-1 : I/I^2 \\to I/I^2$. ",
        "label": "lemma-first-order-structure-c",
        "tag": "0CKA",
        "url": "https://stacks.math.columbia.edu/tag/0CKA",
        "source_filename": "spaces-more-groupoids.tex"
    },
    {
        "theorem": "Lemma 79.5.1.",
        "body": "  In the situation discussed in this section, let $\\delta \\in \\Gamma_0$ and $f = t \\circ \\delta : U \\to U$. If $s, t$ are flat, then the canonical map $\\mathcal{C}_{U_0/U} \\to \\mathcal{C}_{U_0/U}$ induced by $f$ (More on Morphisms of Spaces, Lemma \\ref{spaces-more-morphisms-lemma-conormal-functorial}) is the identity map. ",
        "label": "lemma-idenity-on-conormal",
        "tag": "0CKD",
        "url": "https://stacks.math.columbia.edu/tag/0CKD",
        "source_filename": "spaces-more-groupoids.tex"
    },
    {
        "theorem": "Lemma 79.5.2.",
        "body": "  The bijection (\\ref{equation-isomorphism}) is an isomorphism of groups. ",
        "label": "lemma-composition-is-addition",
        "tag": "0CKF",
        "url": "https://stacks.math.columbia.edu/tag/0CKF",
        "source_filename": "spaces-more-groupoids.tex"
    },
    {
        "theorem": "Lemma 79.6.1.",
        "body": "  Let $B \\to S$ be as in Section \\ref{section-notation}. Let $(U, R, s, t, c)$ be a groupoid in algebraic spaces over $B$. Let $\\tau \\in \\{fppf, \\linebreak[0] {\\acute{e}tale}, \\linebreak[0] smooth, \\linebreak[0] syntomic\\}$. Let $\\mathcal{P}$ be a property of morphisms of algebraic spaces which is $\\tau$-local on the target (Descent on Spaces, Definition \\ref{spaces-descent-definition-property-morphisms-local}). Assume $\\{s : R \\to U\\}$ and $\\{t : R \\to U\\}$ are coverings for the $\\tau$-topology. Let $W \\subset U$ be the maximal open subspace such that $s^{-1}(W) \\to W$ has property $\\mathcal{P}$. Then $W$ is $R$-invariant (Groupoids in Spaces, Definition \\ref{spaces-groupoids-definition-invariant-open}). ",
        "label": "lemma-property-invariant",
        "tag": "044Z",
        "url": "https://stacks.math.columbia.edu/tag/044Z",
        "source_filename": "spaces-more-groupoids.tex"
    },
    {
        "theorem": "Lemma 79.6.2.",
        "body": "  Let $B \\to S$ be as in Section \\ref{section-notation}. Let $(U, R, s, t, c)$ be a groupoid in algebraic spaces over $B$. Let $G \\to U$ be its stabilizer group algebraic space. Let $\\tau \\in \\{fppf, \\linebreak[0] {\\acute{e}tale}, \\linebreak[0] smooth, \\linebreak[0] syntomic\\}$. Let $\\mathcal{P}$ be a property of morphisms of algebraic spaces which is $\\tau$-local on the target. Assume $\\{s : R \\to U\\}$ and $\\{t : R \\to U\\}$ are coverings for the $\\tau$-topology. Let $W \\subset U$ be the maximal open subspace such that $G_W \\to W$ has property $\\mathcal{P}$. Then $W$ is $R$-invariant (see Groupoids in Spaces, Definition \\ref{spaces-groupoids-definition-invariant-open}). ",
        "label": "lemma-property-G-invariant",
        "tag": "06R4",
        "url": "https://stacks.math.columbia.edu/tag/06R4",
        "source_filename": "spaces-more-groupoids.tex"
    },
    {
        "theorem": "Lemma 79.7.1.",
        "body": "  Let $B \\to S$ be as in Section \\ref{section-notation}. Let $(U, R, s, t, c)$ be a groupoid in algebraic spaces over $B$. Let $K$ be a field and let $r, r' : \\mathop{\\mathrm{Spec}}(K) \\to R$ be morphisms such that $t \\circ r = t \\circ r' : \\mathop{\\mathrm{Spec}}(K) \\to U$. Set $u = s \\circ r$, $u' = s \\circ r'$ and denote $F_u = \\mathop{\\mathrm{Spec}}(K) \\times_{u, U, s} R$ and $F_{u'} = \\mathop{\\mathrm{Spec}}(K) \\times_{u', U, s} R$ the fibre products. Then $F_u \\cong F_{u'}$ as algebraic spaces over $K$. ",
        "label": "lemma-two-fibres",
        "tag": "0452",
        "url": "https://stacks.math.columbia.edu/tag/0452",
        "source_filename": "spaces-more-groupoids.tex"
    },
    {
        "theorem": "Lemma 79.8.1.",
        "body": "  Let $S$ be a scheme. Let $B$ be an algebraic space over $S$. Let $(U, R, s, t, c)$ be a groupoid in algebraic spaces over $B$. Let $g : U' \\to U$ be a morphism of algebraic spaces over $B$. Let $(U', R', s', t', c')$ be the restriction of $(U, R, s, t, c)$ via $g$. \\begin{enumerate} \\item If $s, t$ are locally of finite type and $g$ is locally of finite type, then $s', t'$ are locally of finite type. \\item If $s, t$ are locally of finite presentation and $g$ is locally of finite presentation, then $s', t'$ are locally of finite presentation. \\item If $s, t$ are flat and $g$ is flat, then $s', t'$ are flat. \\item Add more here. \\end{enumerate} ",
        "label": "lemma-restrict-preserves-type",
        "tag": "04RP",
        "url": "https://stacks.math.columbia.edu/tag/04RP",
        "source_filename": "spaces-more-groupoids.tex"
    },
    {
        "theorem": "Situation 79.9.1.",
        "body": "  Here $S$ is a scheme, $k$ is a field over $S$, and $(G, m)$ is a group algebraic space over $\\mathop{\\mathrm{Spec}}(k)$. ",
        "label": "situation-group-over-field",
        "tag": "06DX",
        "url": "https://stacks.math.columbia.edu/tag/06DX",
        "source_filename": "spaces-more-groupoids.tex"
    },
    {
        "theorem": "Situation 79.9.2.",
        "body": "  Here $S$ is a scheme, $B$ is an algebraic space, and $(U, R, s, t, c)$ is a groupoid in algebraic spaces over $B$ with $U = \\mathop{\\mathrm{Spec}}(k)$ for some field $k$. ",
        "label": "situation-groupoid-on-field",
        "tag": "06DY",
        "url": "https://stacks.math.columbia.edu/tag/06DY",
        "source_filename": "spaces-more-groupoids.tex"
    },
    {
        "theorem": "Lemma 79.9.3.",
        "body": "  In Situation \\ref{situation-groupoid-on-field} the composition morphism $c : R \\times_{s, U, t} R \\to R$ is flat and universally open. In Situation \\ref{situation-group-over-field} the group law $m : G \\times_k G \\to G$ is flat and universally open. ",
        "label": "lemma-groupoid-on-field-open-multiplication",
        "tag": "06E0",
        "url": "https://stacks.math.columbia.edu/tag/06E0",
        "source_filename": "spaces-more-groupoids.tex"
    },
    {
        "theorem": "Lemma 79.9.4.",
        "body": "  In Situation \\ref{situation-groupoid-on-field} assume $R$ is a decent space. Then $R$ is a separated algebraic space. In Situation \\ref{situation-group-over-field} assume that $G$ is a decent algebraic space. Then $G$ is separated algebraic space. ",
        "label": "lemma-group-scheme-over-field-separated",
        "tag": "08BH",
        "url": "https://stacks.math.columbia.edu/tag/08BH",
        "source_filename": "spaces-more-groupoids.tex"
    },
    {
        "theorem": "Lemma 79.9.5.",
        "body": "  In Situation \\ref{situation-groupoid-on-field}. Let $k'/k$ be a field extension, $U' = \\mathop{\\mathrm{Spec}}(k')$ and let $(U', R', s', t', c')$ be the restriction of $(U, R, s, t, c)$ via $U' \\to U$. In the defining diagram $$ \\xymatrix{ R' \\ar[d] \\ar[r] \\ar@/_3pc/[dd]_{t'} \\ar@/^1pc/[rr]^{s'} \\ar@{..>}[rd] & R \\times_{s, U} U' \\ar[r] \\ar[d] & U' \\ar[d] \\\\ U' \\times_{U, t} R \\ar[d] \\ar[r] & R \\ar[r]^s \\ar[d]_t & U \\\\ U' \\ar[r] & U } $$ all the morphisms are surjective, flat, and universally open. The dotted arrow $R' \\to R$ is in addition affine. ",
        "label": "lemma-restrict-groupoid-on-field",
        "tag": "06E1",
        "url": "https://stacks.math.columbia.edu/tag/06E1",
        "source_filename": "spaces-more-groupoids.tex"
    },
    {
        "theorem": "Lemma 79.9.6.",
        "body": "  In Situation \\ref{situation-groupoid-on-field}. For any point $r \\in |R|$ there exist \\begin{enumerate} \\item a field extension $k'/k$ with $k'$ algebraically closed, \\item a point $r' : \\mathop{\\mathrm{Spec}}(k') \\to R'$ where $(U', R', s', t', c')$ is the restriction of $(U, R, s, t, c)$ via $\\mathop{\\mathrm{Spec}}(k') \\to \\mathop{\\mathrm{Spec}}(k)$ \\end{enumerate} such that \\begin{enumerate} \\item the point $r'$ maps to $r$ under the morphism $R' \\to R$, and \\item the maps $s' \\circ r', t' \\circ r' : \\mathop{\\mathrm{Spec}}(k') \\to \\mathop{\\mathrm{Spec}}(k')$ are automorphisms. \\end{enumerate} ",
        "label": "lemma-groupoid-on-field-explain-points",
        "tag": "06E2",
        "url": "https://stacks.math.columbia.edu/tag/06E2",
        "source_filename": "spaces-more-groupoids.tex"
    },
    {
        "theorem": "Lemma 79.9.7.",
        "body": "  In Situation \\ref{situation-groupoid-on-field}. If $r : \\mathop{\\mathrm{Spec}}(k) \\to R$ is a morphism such that $s \\circ r, t \\circ r$ are automorphisms of $\\mathop{\\mathrm{Spec}}(k)$, then the map $$ R \\longrightarrow R, \\quad x \\longmapsto c(r, x) $$ is an automorphism $R \\to R$ which maps $e$ to $r$. ",
        "label": "lemma-groupoid-on-field-move-point",
        "tag": "06E3",
        "url": "https://stacks.math.columbia.edu/tag/06E3",
        "source_filename": "spaces-more-groupoids.tex"
    },
    {
        "theorem": "Lemma 79.9.8.",
        "body": "  In Situation \\ref{situation-groupoid-on-field} the algebraic space $R$ is geometrically unibranch. In Situation \\ref{situation-group-over-field} the algebraic space $G$ is geometrically unibranch. ",
        "label": "lemma-groupoid-on-field-geometrically-irreducible",
        "tag": "06E4",
        "url": "https://stacks.math.columbia.edu/tag/06E4",
        "source_filename": "spaces-more-groupoids.tex"
    },
    {
        "theorem": "Lemma 79.9.9.",
        "body": "  In Situation \\ref{situation-groupoid-on-field} assume $s, t$ are locally of finite type. For all $r \\in |R|$ \\begin{enumerate} \\item $\\dim(R) = \\dim_r(R)$, \\item the transcendence degree of $r$ over $\\mathop{\\mathrm{Spec}}(k)$ via $s$ equals the transcendence degree of $r$ over $\\mathop{\\mathrm{Spec}}(k)$ via $t$, and \\item if the transcendence degree mentioned in (2) is $0$, then $\\dim(R) = \\dim(\\mathcal{O}_{R, \\overline{r}})$. \\end{enumerate} ",
        "label": "lemma-groupoid-on-field-locally-finite-type-dimension",
        "tag": "06FD",
        "url": "https://stacks.math.columbia.edu/tag/06FD",
        "source_filename": "spaces-more-groupoids.tex"
    },
    {
        "theorem": "Lemma 79.9.10.",
        "body": "  In Situation \\ref{situation-group-over-field} assume $G$ locally of finite type. For all $g \\in |G|$ \\begin{enumerate} \\item $\\dim(G) = \\dim_g(G)$, \\item if the transcendence degree of $g$ over $k$ is $0$, then $\\dim(G) = \\dim(\\mathcal{O}_{G, \\overline{g}})$. \\end{enumerate} ",
        "label": "lemma-group-over-field-locally-finite-type-dimension",
        "tag": "06FE",
        "url": "https://stacks.math.columbia.edu/tag/06FE",
        "source_filename": "spaces-more-groupoids.tex"
    },
    {
        "theorem": "Lemma 79.9.11.",
        "body": "  In Situation \\ref{situation-groupoid-on-field} assume $s, t$ are locally of finite type. Let $G = \\mathop{\\mathrm{Spec}}(k) \\times_{\\Delta, \\mathop{\\mathrm{Spec}}(k) \\times_B \\mathop{\\mathrm{Spec}}(k), t \\times s} R$ be the stabilizer group algebraic space. Then we have $\\dim(R) = \\dim(G)$. ",
        "label": "lemma-groupoid-on-field-dimension-equal-stabilizer",
        "tag": "06FF",
        "url": "https://stacks.math.columbia.edu/tag/06FF",
        "source_filename": "spaces-more-groupoids.tex"
    },
    {
        "theorem": "Lemma 79.10.1.",
        "body": "  Let $k$ be a field with algebraic closure $\\overline{k}$. Let $G$ be a group algebraic space over $k$ which is separated\\footnote{It is enough to assume $G$ is decent, e.g., locally separated or quasi-separated by Lemma \\ref{lemma-group-scheme-over-field-separated}.}. Then $G_{\\overline{k}}$ is a scheme. ",
        "label": "lemma-group-space-scheme-over-kbar",
        "tag": "0B8E",
        "url": "https://stacks.math.columbia.edu/tag/0B8E",
        "source_filename": "spaces-more-groupoids.tex"
    },
    {
        "theorem": "Lemma 79.10.2.",
        "body": "  Let $k$ be a field. Let $G$ be a group algebraic space over $k$. If $G$ is separated and locally of finite type over $k$, then $G$ is a scheme. ",
        "label": "lemma-group-space-scheme-locally-finite-type-over-k",
        "tag": "0B8F",
        "url": "https://stacks.math.columbia.edu/tag/0B8F",
        "source_filename": "spaces-more-groupoids.tex"
    },
    {
        "theorem": "Proposition 79.10.3.",
        "body": "  Let $k$ be a field. Let $G$ be a group algebraic space over $k$. If $G$ is separated, then $G$ is a scheme. ",
        "label": "proposition-group-space-scheme-over-field",
        "tag": "0B8G",
        "url": "https://stacks.math.columbia.edu/tag/0B8G",
        "source_filename": "spaces-more-groupoids.tex"
    },
    {
        "theorem": "Lemma 79.11.1.",
        "body": "  Let $S$ be a scheme. Let $B$ be an algebraic space over $S$. Let $f : X \\to Y$ and $g : X \\to Z$ be morphisms of algebraic spaces over $B$. Assume \\begin{enumerate} \\item $Y \\to B$ is separated, \\item $g$ is surjective, flat, and locally of finite presentation, \\item there is a scheme theoretically dense open $V \\subset Z$ such that $f|_{g^{-1}(V)} : g^{-1}(V) \\to Y$ factors through $V$. \\end{enumerate} Then $f$ factors through $g$. ",
        "label": "lemma-factor-through-over-open",
        "tag": "0AEL",
        "url": "https://stacks.math.columbia.edu/tag/0AEL",
        "source_filename": "spaces-more-groupoids.tex"
    },
    {
        "theorem": "Lemma 79.11.2.",
        "body": "  \\begin{slogan} A morphism from a nonempty product of projective lines over a field to a separated finite type algebraic space over a field factors as a finite morphism after a projection to a product of projective lines. \\end{slogan} Let $k$ be a field. Let $n \\geq 1$ and let $(\\mathbf{P}^1_k)^n$ be the $n$-fold self product over $\\mathop{\\mathrm{Spec}}(k)$. Let $f : (\\mathbf{P}^1_k)^n \\to Z$ be a morphism of algebraic spaces over $k$. If $Z$ is separated of finite type over $k$, then $f$ factors as $$ (\\mathbf{P}^1_k)^n \\xrightarrow{projection} (\\mathbf{P}^1_k)^m \\xrightarrow{finite} Z. $$ ",
        "label": "lemma-quotient-power-P1",
        "tag": "0AEM",
        "url": "https://stacks.math.columbia.edu/tag/0AEM",
        "source_filename": "spaces-more-groupoids.tex"
    },
    {
        "theorem": "Lemma 79.11.3.",
        "body": "  \\begin{slogan} No complete rational curves on groups. \\end{slogan} Let $k$ be a field. Let $G$ be a separated group algebraic space locally of finite type over $k$. There does not exist a nonconstant morphism $f : \\mathbf{P}^1_k \\to G$ over $\\mathop{\\mathrm{Spec}}(k)$. ",
        "label": "lemma-no-nonconstant-morphism-from-P1-to-group",
        "tag": "0AEN",
        "url": "https://stacks.math.columbia.edu/tag/0AEN",
        "source_filename": "spaces-more-groupoids.tex"
    },
    {
        "theorem": "Lemma 79.12.1.",
        "body": "  Let $S$ be a scheme. Let $f : X \\to Y$ be a morphism of algebraic spaces over $S$. Then we have \\begin{enumerate} \\item The presheaf $(X/Y)_{fin}$ satisfies the sheaf condition for the fppf topology. \\item If $T$ is an algebraic space over $S$, then there is a canonical bijection $$ \\mathop{\\mathrm{Mor}}\\nolimits_{\\mathop{\\mathit{Sh}}\\nolimits((\\mathit{Sch}/S)_{fppf})}(T, (X/Y)_{fin}) = \\{(a, Z)\\text{ satisfying \\ref{equation-finite-conditions}}\\} $$ \\end{enumerate} ",
        "label": "lemma-finite-sheaf",
        "tag": "04PE",
        "url": "https://stacks.math.columbia.edu/tag/04PE",
        "source_filename": "spaces-more-groupoids.tex"
    },
    {
        "theorem": "Lemma 79.12.2.",
        "body": "  Let $S$ be a scheme. Consider a commutative diagram $$ \\xymatrix{ X' \\ar[rr]_j \\ar[rd] & & X \\ar[ld] \\\\ & Y } $$ of algebraic spaces over $S$. If $j$ is an open immersion, then there is a canonical injective map of sheaves $j : (X'/Y)_{fin} \\to (X/Y)_{fin}$. ",
        "label": "lemma-finite-open",
        "tag": "04PF",
        "url": "https://stacks.math.columbia.edu/tag/04PF",
        "source_filename": "spaces-more-groupoids.tex"
    },
    {
        "theorem": "Lemma 79.12.3.",
        "body": "  Let $S$ be a scheme. Let $f : X \\to Y$ be a morphism of algebraic spaces over $S$ which is locally of finite type. Let $X' \\subset X$ be the maximal open subspace over which $f$ is locally quasi-finite, see Morphisms of Spaces, Lemma \\ref{spaces-morphisms-lemma-locally-finite-type-quasi-finite-part}. Then $(X/Y)_{fin} = (X'/Y)_{fin}$. ",
        "label": "lemma-finite-lives-on-locally-quasi-finite-part",
        "tag": "04PG",
        "url": "https://stacks.math.columbia.edu/tag/04PG",
        "source_filename": "spaces-more-groupoids.tex"
    },
    {
        "theorem": "Lemma 79.12.4.",
        "body": "  Let $S$ be a scheme. Let $f : X \\to Y$ be a morphism of algebraic spaces over $S$. Let $T$ be an algebraic space over $S$, and let $(a, Z)$ be a pair as in \\ref{equation-finite-conditions}. If $f$ is separated, then $Z$ is closed in $T \\times_Y X$. ",
        "label": "lemma-finite-separated",
        "tag": "04PH",
        "url": "https://stacks.math.columbia.edu/tag/04PH",
        "source_filename": "spaces-more-groupoids.tex"
    },
    {
        "theorem": "Remark 79.12.5.",
        "body": "  Let $f : X \\to Y$ be a separated morphism of algebraic spaces. The sheaf $(X/Y)_{fin}$ comes with a natural map $(X/Y)_{fin} \\to Y$ by mapping the pair $(a, Z) \\in (X/Y)_{fin}(T)$ to the element $a \\in Y(T)$. We can use Lemma \\ref{lemma-finite-separated} to define operations $$ \\star_i : (X/Y)_{fin} \\times_Y (X/Y)_{fin} \\longrightarrow (X/Y)_{fin} $$ by the rules \\begin{align*} \\star_1 : ((a, Z_1), (a, Z_2)) & \\longmapsto (a, Z_1 \\cup Z_2) \\\\ \\star_2 : ((a, Z_1), (a, Z_2)) & \\longmapsto (a, Z_1 \\cap Z_2) \\\\ \\star_3 : ((a, Z_1), (a, Z_2)) & \\longmapsto (a, Z_1 \\setminus Z_2) \\\\ \\star_4 : ((a, Z_1), (a, Z_2)) & \\longmapsto (a, Z_2 \\setminus Z_1). \\end{align*} The reason this works is that $Z_1 \\cap Z_2$ is both open and closed inside $Z_1$ and $Z_2$ (which also implies that $Z_1 \\cup Z_2$ is the disjoint union of the other three pieces). Thus we can think of $(X/Y)_{fin}$ as an $\\mathbf{F}_2$-algebra (without unit) over $Y$ with multiplication given by $ss' = \\star_2(s, s')$, and addition given by $$ s + s' = \\star_1(\\star_3(s, s'), \\star_4(s, s')) $$ which boils down to taking the symmetric difference. Note that in this sheaf of algebras $0 = (1_Y, \\emptyset)$ and that indeed $s + s = 0$ for any local section $s$. If $f : X \\to Y$ is finite, then this algebra has a unit namely $1 = (1_Y, X)$ and $\\star_3(s, s') = s(1 + s')$, and $\\star_4(s, s') = (1 + s)s'$. ",
        "label": "remark-finite-monoid",
        "tag": "04PI",
        "url": "https://stacks.math.columbia.edu/tag/04PI",
        "source_filename": "spaces-more-groupoids.tex"
    },
    {
        "theorem": "Remark 79.12.6.",
        "body": "  Let $f : X \\to Y$ be a separated, locally quasi-finite morphism of schemes. In this case the sheaf $(X/Y)_{fin}$ is closely related to the sheaf $f_!\\mathbf{F}_2$ (insert future reference here) on $Y_{\\acute{e}tale}$. Namely, if $V \\to Y$ is \\'etale, and $s \\in \\Gamma(V, f_!\\mathbf{F}_2)$, then $s \\in \\Gamma(V \\times_Y X, \\mathbf{F}_2)$ is a section with proper support $Z = \\text{Supp}(s)$ over $V$. Since $f$ is also locally quasi-finite we see that the projection $Z \\to V$ is actually finite. Since the support of a section of a constant abelian sheaf is open we see that the pair $(V \\to Y, \\text{Supp}(s))$ satisfies \\ref{equation-finite-conditions}. In fact, $f_!\\mathbf{F}_2 \\cong (X/Y)_{fin}|_{Y_{\\acute{e}tale}}$ in this case which also explains the $\\mathbf{F}_2$-algebra structure introduced in Remark \\ref{remark-finite-monoid}. ",
        "label": "remark-finite-quasi-finite-separated-morphism-schemes",
        "tag": "04PJ",
        "url": "https://stacks.math.columbia.edu/tag/04PJ",
        "source_filename": "spaces-more-groupoids.tex"
    },
    {
        "theorem": "Lemma 79.12.7.",
        "body": "  Let $S$ be a scheme. Let $f : X \\to Y$ be a morphism of algebraic spaces over $S$. The diagonal of $(X/Y)_{fin} \\to Y$ $$ (X/Y)_{fin} \\longrightarrow (X/Y)_{fin} \\times_Y (X/Y)_{fin} $$ is representable (by schemes) and an open immersion and the ``absolute'' diagonal $$ (X/Y)_{fin} \\longrightarrow (X/Y)_{fin} \\times (X/Y)_{fin} $$ is representable (by schemes). ",
        "label": "lemma-finite-diagonal",
        "tag": "04PK",
        "url": "https://stacks.math.columbia.edu/tag/04PK",
        "source_filename": "spaces-more-groupoids.tex"
    },
    {
        "theorem": "Lemma 79.12.8.",
        "body": "  Let $S$ be a scheme. Let $f : X \\to Y$ be a morphism of algebraic spaces over $S$. Suppose that $U$ is a scheme, $U \\to Y$ is an \\'etale morphism and $Z \\subset U \\times_Y X$ is an open subspace finite over $U$. Then the induced morphism $U \\to (X/Y)_{fin}$ is \\'etale. ",
        "label": "lemma-finite-criterion-etale",
        "tag": "04QE",
        "url": "https://stacks.math.columbia.edu/tag/04QE",
        "source_filename": "spaces-more-groupoids.tex"
    },
    {
        "theorem": "Lemma 79.12.9.",
        "body": "  Let $S$ be a scheme. Let $$ \\xymatrix{ X' \\ar[d] \\ar[r] & X \\ar[d] \\\\ Y' \\ar[r] & Y } $$ be a fibre product square of algebraic spaces over $S$. Then $$ \\xymatrix{ (X'/Y')_{fin} \\ar[d] \\ar[r] & (X/Y)_{fin} \\ar[d] \\\\ Y' \\ar[r] & Y } $$ is a fibre product square of sheaves on $(\\mathit{Sch}/S)_{fppf}$. ",
        "label": "lemma-finite-pullback",
        "tag": "04QF",
        "url": "https://stacks.math.columbia.edu/tag/04QF",
        "source_filename": "spaces-more-groupoids.tex"
    },
    {
        "theorem": "Lemma 79.12.10.",
        "body": "  Let $S$ be a scheme. Let $f : X \\to Y$ be a morphism of algebraic spaces over $S$. If $f$ is separated and locally quasi-finite, then there exists a scheme $U$ \\'etale over $Y$ and a surjective \\'etale morphism $U \\to (X/Y)_{fin}$ over $Y$. ",
        "label": "lemma-finite-surjective-etale-cover",
        "tag": "04QG",
        "url": "https://stacks.math.columbia.edu/tag/04QG",
        "source_filename": "spaces-more-groupoids.tex"
    },
    {
        "theorem": "Proposition 79.12.11.",
        "body": "  Let $S$ be a scheme. Let $f : X \\to Y$ be a morphism of algebraic spaces over $S$ which is separated and locally of finite type. Then $(X/Y)_{fin}$ is an algebraic space. Moreover, the morphism $(X/Y)_{fin} \\to Y$ is \\'etale. ",
        "label": "proposition-finite-algebraic-space",
        "tag": "04QH",
        "url": "https://stacks.math.columbia.edu/tag/04QH",
        "source_filename": "spaces-more-groupoids.tex"
    },
    {
        "theorem": "Remark 79.12.12.",
        "body": "  The condition that $f$ be separated cannot be dropped from Proposition \\ref{proposition-finite-algebraic-space}. An example is to take $X$ the affine line with zero doubled, see Schemes, Example \\ref{schemes-example-affine-space-zero-doubled}, $Y = \\mathbf{A}^1_k$ the affine line, and $X \\to Y$ the obvious map. Recall that over $0 \\in Y$ there are two points $0_1$ and $0_2$ in $X$. Thus $(X/Y)_{fin}$ has four points over $0$, namely $\\emptyset, \\{0_1\\}, \\{0_2\\}, \\{0_1, 0_2\\}$. Of these four points only three can be lifted to an open subscheme of $U \\times_Y X$ finite over $U$ for $U \\to Y$ \\'etale, namely $\\emptyset, \\{0_1\\}, \\{0_2\\}$. This shows that $(X/Y)_{fin}$ if representable by an algebraic space is not \\'etale over $Y$. Similar arguments show that $(X/Y)_{fin}$ is really not an algebraic space. Details omitted. ",
        "label": "remark-warning",
        "tag": "04QI",
        "url": "https://stacks.math.columbia.edu/tag/04QI",
        "source_filename": "spaces-more-groupoids.tex"
    },
    {
        "theorem": "Remark 79.12.13.",
        "body": "  Let $Y = \\mathbf{A}^1_{\\mathbf{R}}$ be the affine line over the real numbers, and let $X = \\mathop{\\mathrm{Spec}}(\\mathbf{C})$ mapping to the $\\mathbf{R}$-rational point $0$ in $Y$. In this case the morphism $f : X \\to Y$ is finite, but it is not the case that $(X/Y)_{fin}$ is a scheme. Namely, one can show that in this case the algebraic space $(X/Y)_{fin}$ is isomorphic to the algebraic space of Spaces, Example \\ref{spaces-example-non-representable-descent} associated to the extension $\\mathbf{R} \\subset \\mathbf{C}$. Thus it is really necessary to leave the category of schemes in order to represent the sheaf $(X/Y)_{fin}$, even when $f$ is a finite morphism. ",
        "label": "remark-not-scheme",
        "tag": "04QJ",
        "url": "https://stacks.math.columbia.edu/tag/04QJ",
        "source_filename": "spaces-more-groupoids.tex"
    },
    {
        "theorem": "Lemma 79.12.14.",
        "body": "  Let $S$ be a scheme. Let $f : X \\to Y$ be a morphism of algebraic spaces over $S$ which is separated, flat, and locally of finite presentation. In this case \\begin{enumerate} \\item $(X/Y)_{fin} \\to Y$ is separated, representable, and \\'etale, and \\item if $Y$ is a scheme, then $(X/Y)_{fin}$ is (representable by) a scheme. \\end{enumerate} ",
        "label": "lemma-finite-separated-flat-locally-finite-presentation",
        "tag": "04RI",
        "url": "https://stacks.math.columbia.edu/tag/04RI",
        "source_filename": "spaces-more-groupoids.tex"
    },
    {
        "theorem": "Lemma 79.12.15.",
        "body": "  Let $S$ be a scheme. Let $f : X \\to Y$ be a morphism of algebraic spaces over $S$. Let $\\sigma : Y \\to X$ be a section of $f$. Consider the transformation of functors $$ t : (X/Y, \\sigma)_{fin} \\longrightarrow (X/Y)_{fin}. $$ defined above. Then \\begin{enumerate} \\item $t$ is representable by open immersions, \\item if $f$ is separated, then $t$ is representable by open and closed immersions, \\item if $(X/Y)_{fin}$ is an algebraic space, then $(X/Y, \\sigma)_{fin}$ is an algebraic space and an open subspace of $(X/Y)_{fin}$, and \\item if $(X/Y)_{fin}$ is a scheme, then $(X/Y, \\sigma)_{fin}$ is an open subscheme of it. \\end{enumerate} ",
        "label": "lemma-finite-plus-section",
        "tag": "04RR",
        "url": "https://stacks.math.columbia.edu/tag/04RR",
        "source_filename": "spaces-more-groupoids.tex"
    },
    {
        "theorem": "Lemma 79.14.1.",
        "body": "  Let $S$ be a scheme. Let $B$ be an algebraic space over $S$. Let $(U, R, s, t, c, e, i)$ be a groupoid in algebraic spaces over $B$. Assume the morphisms $s, t$ are separated and locally of finite type. There exists a canonical morphism $$ (U', Z_{univ}, s', t', c', e', i') \\longrightarrow (U, R, s, t, c, e, i) $$ of groupoids in algebraic spaces over $B$ where \\begin{enumerate} \\item $g : U' \\to U$ is identified with $(R_s/U, e)_{fin} \\to U$, and \\item $Z_{univ} \\subset R \\times_{s, U, g} U'$ is the universal open (and closed) subspace finite over $U'$ which contains the base change of the unit $e$. \\end{enumerate} ",
        "label": "lemma-finite-part-groupoid",
        "tag": "04RU",
        "url": "https://stacks.math.columbia.edu/tag/04RU",
        "source_filename": "spaces-more-groupoids.tex"
    },
    {
        "theorem": "Definition 79.15.1.",
        "body": "  Let $S$ be a scheme. Let $B$ be an algebraic space over $S$ Let $(U, R, s, t, c)$ be a groupoid in algebraic spaces over $B$. Let $u \\in |U|$ be a point. \\begin{enumerate} \\item We say $R$ is {\\it strongly split over $u$} if there exists an open subspace $P \\subset R$ such that \\begin{enumerate} \\item $(U, P, s|_P, t|_P, c|_{P \\times_{s, U, t} P})$ is a groupoid in algebraic spaces over $B$, \\item $s|_P$, $t|_P$ are finite, and \\item $\\{r \\in |R| : s(r) = u, t(r) = u\\} \\subset |P|$. \\end{enumerate} The choice of such a $P$ will be called a {\\it strong splitting of $R$ over $u$}. \\item We say $R$ is {\\it split over $u$} if there exists an open subspace $P \\subset R$ such that \\begin{enumerate} \\item $(U, P, s|_P, t|_P, c|_{P \\times_{s, U, t} P})$ is a groupoid in algebraic spaces over $B$, \\item $s|_P$, $t|_P$ are finite, and \\item $\\{g \\in |G| : g\\text{ maps to }u\\} \\subset |P|$ where $G \\to U$ is the stabilizer. \\end{enumerate} The choice of such a $P$ will be called a {\\it splitting of $R$ over $u$}. \\item We say $R$ is {\\it quasi-split over $u$} if there exists an open subspace $P \\subset R$ such that \\begin{enumerate} \\item $(U, P, s|_P, t|_P, c|_{P \\times_{s, U, t} P})$ is a groupoid in algebraic spaces over $B$, \\item $s|_P$, $t|_P$ are finite, and \\item $e(u) \\in |P|$\\footnote{This condition is implied by (a).}. \\end{enumerate} The choice of such a $P$ will be called a {\\it quasi-splitting of $R$ over $u$}. \\end{enumerate} ",
        "label": "definition-split-at-point",
        "tag": "04RK",
        "url": "https://stacks.math.columbia.edu/tag/04RK",
        "source_filename": "spaces-more-groupoids.tex"
    },
    {
        "theorem": "Situation 79.15.2.",
        "body": "[Strong splitting]  Let $S$ be a scheme. Let $(U, R, s, t, c)$ be a groupoid scheme over $S$. Let $u \\in U$ be a point. Assume that \\begin{enumerate} \\item $s, t : R \\to U$ are separated, \\item $s$, $t$ are locally of finite type, \\item the set $\\{r \\in R : s(r) = u, t(r) = u\\}$ is finite, and \\item $s$ is quasi-finite at each point of the set in (3). \\end{enumerate} Note that assumptions (3) and (4) are implied by the assumption that the fibre $s^{-1}(\\{u\\})$ is finite, see Morphisms, Lemma \\ref{morphisms-lemma-finite-fibre}. ",
        "label": "situation-strong-splitting",
        "tag": "04RL",
        "url": "https://stacks.math.columbia.edu/tag/04RL",
        "source_filename": "spaces-more-groupoids.tex"
    },
    {
        "theorem": "Situation 79.15.3.",
        "body": "[Splitting]  Let $S$ be a scheme. Let $(U, R, s, t, c)$ be a groupoid scheme over $S$. Let $u \\in U$ be a point. Assume that \\begin{enumerate} \\item $s, t : R \\to U$ are separated, \\item $s$, $t$ are locally of finite type, \\item the set $\\{g \\in G : g\\text{ maps to }u\\}$ is finite where $G \\to U$ is the stabilizer, and \\item $s$ is quasi-finite at each point of the set in (3). \\end{enumerate} ",
        "label": "situation-splitting",
        "tag": "0DTB",
        "url": "https://stacks.math.columbia.edu/tag/0DTB",
        "source_filename": "spaces-more-groupoids.tex"
    },
    {
        "theorem": "Situation 79.15.4.",
        "body": "[Quasi-splitting]  Let $S$ be a scheme. Let $(U, R, s, t, c)$ be a groupoid scheme over $S$. Let $u \\in U$ be a point. Assume that \\begin{enumerate} \\item $s, t : R \\to U$ are separated, \\item $s$, $t$ are locally of finite type, and \\item $s$ is quasi-finite at $e(u)$. \\end{enumerate} ",
        "label": "situation-quasi-splitting",
        "tag": "04RV",
        "url": "https://stacks.math.columbia.edu/tag/04RV",
        "source_filename": "spaces-more-groupoids.tex"
    },
    {
        "theorem": "Lemma 79.15.5.",
        "body": "[Existence of strong splitting]  In Situation \\ref{situation-strong-splitting} there exists an algebraic space $U'$, an \\'etale morphism $U' \\to U$, and a point $u' : \\mathop{\\mathrm{Spec}}(\\kappa(u)) \\to U'$ lying over $u : \\mathop{\\mathrm{Spec}}(\\kappa(u)) \\to U$ such that the restriction $R' = R|_{U'}$ of $R$ to $U'$ is strongly split over $u'$. ",
        "label": "lemma-strong-splitting",
        "tag": "03FM",
        "url": "https://stacks.math.columbia.edu/tag/03FM",
        "source_filename": "spaces-more-groupoids.tex"
    },
    {
        "theorem": "Lemma 79.15.6.",
        "body": "[Existence of splitting]  In Situation \\ref{situation-splitting} there exists an algebraic space $U'$, an \\'etale morphism $U' \\to U$, and a point $u' : \\mathop{\\mathrm{Spec}}(\\kappa(u)) \\to U'$ lying over $u : \\mathop{\\mathrm{Spec}}(\\kappa(u)) \\to U$ such that the restriction $R' = R|_{U'}$ of $R$ to $U'$ is split over $u'$. ",
        "label": "lemma-splitting",
        "tag": "0DTC",
        "url": "https://stacks.math.columbia.edu/tag/0DTC",
        "source_filename": "spaces-more-groupoids.tex"
    },
    {
        "theorem": "Lemma 79.15.7.",
        "body": "[Existence of quasi-splitting]  In Situation \\ref{situation-quasi-splitting} there exists an algebraic space $U'$, an \\'etale morphism $U' \\to U$, and a point $u' : \\mathop{\\mathrm{Spec}}(\\kappa(u)) \\to U'$ lying over $u : \\mathop{\\mathrm{Spec}}(\\kappa(u)) \\to U$ such that the restriction $R' = R|_{U'}$ of $R$ to $U'$ is quasi-split over $u'$. ",
        "label": "lemma-quasi-splitting",
        "tag": "04RW",
        "url": "https://stacks.math.columbia.edu/tag/04RW",
        "source_filename": "spaces-more-groupoids.tex"
    },
    {
        "theorem": "Lemma 79.15.8.",
        "body": "  In Situation \\ref{situation-strong-splitting} assume in addition that $s, t$ are flat and locally of finite presentation. Then there exists a scheme $U'$, a separated \\'etale morphism $U' \\to U$, and a point $u' \\in U'$ lying over $u$ with $\\kappa(u) = \\kappa(u')$ such that the restriction $R' = R|_{U'}$ of $R$ to $U'$ is strongly split over $u'$. ",
        "label": "lemma-strong-splitting-scheme",
        "tag": "04RX",
        "url": "https://stacks.math.columbia.edu/tag/04RX",
        "source_filename": "spaces-more-groupoids.tex"
    },
    {
        "theorem": "Lemma 79.15.9.",
        "body": "  In Situation \\ref{situation-splitting} assume in addition that $s, t$ are flat and locally of finite presentation. Then there exists a scheme $U'$, a separated \\'etale morphism $U' \\to U$, and a point $u' \\in U'$ lying over $u$ with $\\kappa(u) = \\kappa(u')$ such that the restriction $R' = R|_{U'}$ of $R$ to $U'$ is split over $u'$. ",
        "label": "lemma-splitting-scheme",
        "tag": "0DTD",
        "url": "https://stacks.math.columbia.edu/tag/0DTD",
        "source_filename": "spaces-more-groupoids.tex"
    },
    {
        "theorem": "Lemma 79.15.10.",
        "body": "  In Situation \\ref{situation-quasi-splitting} assume in addition that $s, t$ are flat and locally of finite presentation. Then there exists a scheme $U'$, a separated \\'etale morphism $U' \\to U$, and a point $u' \\in U'$ lying over $u$ with $\\kappa(u) = \\kappa(u')$ such that the restriction $R' = R|_{U'}$ of $R$ to $U'$ is quasi-split over $u'$. ",
        "label": "lemma-quasi-splitting-scheme",
        "tag": "04RY",
        "url": "https://stacks.math.columbia.edu/tag/04RY",
        "source_filename": "spaces-more-groupoids.tex"
    },
    {
        "theorem": "Lemma 79.15.11.",
        "body": "  In Situation \\ref{situation-strong-splitting} assume in addition that $s, t$ are flat and locally of finite presentation and that $U$ is affine. Then there exists an affine scheme $U'$, an \\'etale morphism $U' \\to U$, and a point $u' \\in U'$ lying over $u$ with $\\kappa(u) = \\kappa(u')$ such that the restriction $R' = R|_{U'}$ of $R$ to $U'$ is strongly split over $u'$. ",
        "label": "lemma-strong-splitting-affine-scheme",
        "tag": "04RZ",
        "url": "https://stacks.math.columbia.edu/tag/04RZ",
        "source_filename": "spaces-more-groupoids.tex"
    },
    {
        "theorem": "Lemma 79.15.12.",
        "body": "  In Situation \\ref{situation-splitting} assume in addition that $s, t$ are flat and locally of finite presentation and that $U$ is affine. Then there exists an affine scheme $U'$, an \\'etale morphism $U' \\to U$, and a point $u' \\in U'$ lying over $u$ with $\\kappa(u) = \\kappa(u')$ such that the restriction $R' = R|_{U'}$ of $R$ to $U'$ is split over $u'$. ",
        "label": "lemma-splitting-affine-scheme",
        "tag": "0DTE",
        "url": "https://stacks.math.columbia.edu/tag/0DTE",
        "source_filename": "spaces-more-groupoids.tex"
    },
    {
        "theorem": "Lemma 79.15.13.",
        "body": "  In Situation \\ref{situation-quasi-splitting} assume in addition that $s, t$ are flat and locally of finite presentation and that $U$ is affine. Then there exists an affine scheme $U'$, an \\'etale morphism $U' \\to U$, and a point $u' \\in U'$ lying over $u$ with $\\kappa(u) = \\kappa(u')$ such that the restriction $R' = R|_{U'}$ of $R$ to $U'$ is quasi-split over $u'$. ",
        "label": "lemma-quasi-splitting-affine-scheme",
        "tag": "04S0",
        "url": "https://stacks.math.columbia.edu/tag/04S0",
        "source_filename": "spaces-more-groupoids.tex"
    }
]