[
    {
        "theorem": "Situation 77.2.1.",
        "body": "  Let $S$ be a scheme. Let $f : X \\to Y$ be a finite type, decent\\footnote{Quasi-separated morphisms are decent, see Decent Spaces, Lemma \\ref{decent-spaces-lemma-properties-trivial-implications}. For any morphism $\\mathop{\\mathrm{Spec}}(k) \\to Y$ where $k$ is a field, the algebraic space $X_k$ is of finite presentation over $k$ because it is of finite type over $k$ and quasi-separated by Decent Spaces, Lemma \\ref{decent-spaces-lemma-locally-Noetherian-decent-quasi-separated}.} morphism of algebraic spaces over $S$. Also, $\\mathcal{F}$ is a finite type quasi-coherent $\\mathcal{O}_X$-module. Finally $y \\in |Y|$ is a point of $Y$. ",
        "label": "situation-pre-pure",
        "tag": "0CV6",
        "url": "https://stacks.math.columbia.edu/tag/0CV6",
        "source_filename": "spaces-flat.tex"
    },
    {
        "theorem": "Definition 77.2.2.",
        "body": "  In Situation \\ref{situation-pre-pure} we say a diagram (\\ref{equation-impurity}) defines an {\\it impurity of $\\mathcal{F}$ above $y$} if $\\xi \\in \\text{Ass}_{X_T/T}(\\mathcal{F}_T)$ and $t \\not \\in f_T(\\overline{\\{\\xi\\}})$. We will indicate this by saying ``let $(g : T \\to Y, t' \\leadsto t, \\xi)$ be an impurity of $\\mathcal{F}$ above $y$''. ",
        "label": "definition-impurity",
        "tag": "0CV8",
        "url": "https://stacks.math.columbia.edu/tag/0CV8",
        "source_filename": "spaces-flat.tex"
    },
    {
        "theorem": "Lemma 77.2.3.",
        "body": "  In Situation \\ref{situation-pre-pure}. Let $(g : T \\to S, t' \\leadsto t, \\xi)$ be an impurity of $\\mathcal{F}$ above $y$. Assume $T = \\mathop{\\mathrm{lim}}\\nolimits_{i \\in I} T_i$ is a directed limit of affine schemes over $Y$. Then for some $i$ the triple $(T_i \\to Y, t'_i \\leadsto t_i, \\xi_i)$ is an impurity of $\\mathcal{F}$ above $y$. ",
        "label": "lemma-impure-limit",
        "tag": "0CV9",
        "url": "https://stacks.math.columbia.edu/tag/0CV9",
        "source_filename": "spaces-flat.tex"
    },
    {
        "theorem": "Lemma 77.2.4.",
        "body": "  In Situation \\ref{situation-pre-pure}. Let $(Y_1, y_1) \\to (Y, y)$ be a morphism of pointed algebraic spaces over $S$. Assume $Y_1 \\to Y$ is flat at $y_1$. If $(T \\to Y, t' \\leadsto t, \\xi)$ is an impurity of $\\mathcal{F}$ above $y$, then there exists an impurity $(T_1 \\to Y_1, t_1' \\leadsto t_1, \\xi_1)$ of the pullback $\\mathcal{F}_1$ of $\\mathcal{F}$ to $X_1 = Y_1 \\times_Y X$ over $y_1$ such that $T_1$ is \\'etale over $Y_1 \\times_Y T$. ",
        "label": "lemma-flat-ascent-impurity",
        "tag": "0CVA",
        "url": "https://stacks.math.columbia.edu/tag/0CVA",
        "source_filename": "spaces-flat.tex"
    },
    {
        "theorem": "Lemma 77.2.5.",
        "body": "  In Situation \\ref{situation-pre-pure}. Let $\\overline{y}$ be a geometric point lying over $y$. Let $\\mathcal{O} = \\mathcal{O}_{Y, \\overline{y}}$ be the \\'etale local ring of $Y$ at $\\overline{y}$. Denote $Y^{sh} = \\mathop{\\mathrm{Spec}}(\\mathcal{O})$, $X^{sh} = X \\times_Y Y^{sh}$, and $\\mathcal{F}^{sh}$ the pullback of $\\mathcal{F}$ to $X^{sh}$. The following are equivalent \\begin{enumerate} \\item there exists an impurity $(Y^{sh} \\to Y, y' \\leadsto \\overline{y}, \\xi)$ of $\\mathcal{F}$ above $y$, \\item every point of $\\text{Ass}_{X^{sh}/Y^{sh}}(\\mathcal{F}^{sh})$ specializes to a point of the closed fibre $X_{\\overline{y}}$, \\item there exists an impurity $(T \\to Y, t' \\leadsto t, \\xi)$ of $\\mathcal{F}$ above $y$ such that $(T, t) \\to (Y, y)$ is an \\'etale neighbourhood, and \\item there exists an impurity $(T \\to Y, t' \\leadsto t, \\xi)$ of $\\mathcal{F}$ above $y$ such that $T \\to Y$ is quasi-finite at $t$. \\end{enumerate} ",
        "label": "lemma-pure-along-X-y",
        "tag": "0CVB",
        "url": "https://stacks.math.columbia.edu/tag/0CVB",
        "source_filename": "spaces-flat.tex"
    },
    {
        "theorem": "Definition 77.3.1.",
        "body": "  In Situation \\ref{situation-pre-pure}. \\begin{enumerate} \\item We say $\\mathcal{F}$ is {\\it pure above $y$} if {\\bf none} of the equivalent conditions of Lemma \\ref{lemma-pure-along-X-y} hold. \\item We say $\\mathcal{F}$ is {\\it universally pure above $y$} if there does not exist any impurity of $\\mathcal{F}$ above $y$. \\item We say that $X$ is {\\it pure above $y$} if $\\mathcal{O}_X$ is pure above $y$. \\item We say $\\mathcal{F}$ is {\\it universally $Y$-pure}, or {\\it universally pure relative to $Y$} if $\\mathcal{F}$ is universally pure above $y$ for every $y \\in |Y|$. \\item We say $\\mathcal{F}$ is {\\it $Y$-pure}, or {\\it pure relative to $Y$} if $\\mathcal{F}$ is pure above $y$ for every $y \\in |Y|$. \\item We say that $X$ is {\\it $Y$-pure} or {\\it pure relative to $Y$} if $\\mathcal{O}_X$ is pure relative to $Y$. \\end{enumerate} ",
        "label": "definition-pure",
        "tag": "0CVD",
        "url": "https://stacks.math.columbia.edu/tag/0CVD",
        "source_filename": "spaces-flat.tex"
    },
    {
        "theorem": "Lemma 77.3.2.",
        "body": "  In Situation \\ref{situation-pre-pure}. \\begin{enumerate} \\item $\\mathcal{F}$ is universally pure above $y$, and \\item for every morphism $(Y', y') \\to (Y, y)$ of pointed algebraic spaces the pullback $\\mathcal{F}_{Y'}$ is pure above $y'$. \\end{enumerate} In particular, $\\mathcal{F}$ is universally pure relative to $Y$ if and only if every base change $\\mathcal{F}_{Y'}$ of $\\mathcal{F}$ is pure relative to $Y'$. ",
        "label": "lemma-base-change-universally",
        "tag": "0CVE",
        "url": "https://stacks.math.columbia.edu/tag/0CVE",
        "source_filename": "spaces-flat.tex"
    },
    {
        "theorem": "Lemma 77.3.3.",
        "body": "  In Situation \\ref{situation-pre-pure}. Let $(Y', y') \\to (Y, y)$ be a morphism of pointed algebraic spaces. If $Y' \\to Y$ is quasi-finite at $y'$ and $\\mathcal{F}$ is pure above $y$, then $\\mathcal{F}_{Y'}$ is pure above $y'$. ",
        "label": "lemma-quasi-finite-base-change",
        "tag": "0CVF",
        "url": "https://stacks.math.columbia.edu/tag/0CVF",
        "source_filename": "spaces-flat.tex"
    },
    {
        "theorem": "Lemma 77.3.4.",
        "body": "  In Situation \\ref{situation-pre-pure}. Let $(Y_1, y_1) \\to (Y, y)$ be a morphism of pointed algebraic spaces. Assume $Y_1 \\to Y$ is flat at $y_1$. \\begin{enumerate} \\item If $\\mathcal{F}_{Y_1}$ is pure above $y_1$, then $\\mathcal{F}$ is pure above $y$. \\item If $\\mathcal{F}_{Y_1}$ is universally pure above $y_1$, then $\\mathcal{F}$ is universally pure above $y$. \\end{enumerate} ",
        "label": "lemma-flat-descend-pure",
        "tag": "0CVG",
        "url": "https://stacks.math.columbia.edu/tag/0CVG",
        "source_filename": "spaces-flat.tex"
    },
    {
        "theorem": "Lemma 77.3.5.",
        "body": "  In Situation \\ref{situation-pre-pure}. Let $i : Z \\to X$ be a closed immersion and assume that $\\mathcal{F} = i_*\\mathcal{G}$ for some finite type, quasi-coherent sheaf $\\mathcal{G}$ on $Z$. Then $\\mathcal{G}$ is (universally) pure above $y$ if and only if $\\mathcal{F}$ is (universally) pure above $y$. ",
        "label": "lemma-supported-on-closed",
        "tag": "0CVH",
        "url": "https://stacks.math.columbia.edu/tag/0CVH",
        "source_filename": "spaces-flat.tex"
    },
    {
        "theorem": "Lemma 77.3.6.",
        "body": "  In Situation \\ref{situation-pre-pure}. \\begin{enumerate} \\item If the support of $\\mathcal{F}$ is proper over $Y$, then $\\mathcal{F}$ is universally pure relative to $Y$. \\item If $f$ is proper, then $\\mathcal{F}$ is universally pure relative to $Y$. \\item If $f$ is proper, then $X$ is universally pure relative to $Y$. \\end{enumerate} ",
        "label": "lemma-proper-pure",
        "tag": "0CVI",
        "url": "https://stacks.math.columbia.edu/tag/0CVI",
        "source_filename": "spaces-flat.tex"
    },
    {
        "theorem": "Lemma 77.4.1.",
        "body": "  Let $S$ be a scheme. Let $X \\to Y$ be a finite type morphism of algebraic spaces over $S$. Let $\\mathcal{F}$ be a finite type quasi-coherent $\\mathcal{O}_X$-module. Let $y \\in |Y|$ be a point. There exists an \\'etale morphism $(Y', y') \\to (Y, y)$ with $Y'$ an affine scheme and \\'etale morphisms $h_i : W_i \\to X_{Y'}$, $i = 1, \\ldots, n$ such that for each $i$ there exists a complete d\\'evissage of $\\mathcal{F}_i/W_i/Y'$ over $y'$, where $\\mathcal{F}_i$ is the pullback of $\\mathcal{F}$ to $W_i$ and such that $|(X_{Y'})_{y'}| \\subset \\bigcup h_i(W_i)$. ",
        "label": "lemma-existence-complete",
        "tag": "0CWJ",
        "url": "https://stacks.math.columbia.edu/tag/0CWJ",
        "source_filename": "spaces-flat.tex"
    },
    {
        "theorem": "Lemma 77.4.2.",
        "body": "  Let $S$ be a scheme. Let $f : X \\to Y$ be a morphism of algebraic spaces over $S$ which is locally of finite type. Let $\\mathcal{F}$ be a quasi-coherent $\\mathcal{O}_X$-module of finite type. Let $y \\in |Y|$ and $F = f^{-1}(\\{y\\}) \\subset |X|$. Then the set $$ \\{x \\in F \\mid \\mathcal{F} \\text{ flat over }Y\\text{ at }x\\} $$ is open in $F$. ",
        "label": "lemma-open-in-fibre-where-flat",
        "tag": "0CWK",
        "url": "https://stacks.math.columbia.edu/tag/0CWK",
        "source_filename": "spaces-flat.tex"
    },
    {
        "theorem": "Lemma 77.4.3.",
        "body": "  Let $S$ be a scheme. Let $f : X \\to Y$ be a morphism of algebraic spaces over $S$ which is locally of finite type. Let $x \\in |X|$ with image $y \\in |Y|$. Let $\\mathcal{F}$ be a finite type quasi-coherent sheaf on $X$. Let $\\mathcal{G}$ be a quasi-coherent sheaf on $Y$. If $\\mathcal{F}$ is flat at $x$ over $Y$, then $$ x \\in \\text{WeakAss}_X(\\mathcal{F} \\otimes_{\\mathcal{O}_X} f^*\\mathcal{G}) \\Leftrightarrow y \\in \\text{WeakAss}_Y(\\mathcal{G}) \\text{ and } x \\in \\text{Ass}_{X/Y}(\\mathcal{F}). $$ ",
        "label": "lemma-bourbaki-finite-type-general-base-at-point",
        "tag": "0CVK",
        "url": "https://stacks.math.columbia.edu/tag/0CVK",
        "source_filename": "spaces-flat.tex"
    },
    {
        "theorem": "Lemma 77.4.4.",
        "body": "  Let $S$ be a scheme. Let $f : X \\to Y$ be a morphism of algebraic spaces over $S$ which is locally of finite type. Let $\\mathcal{F}$ be a finite type quasi-coherent sheaf on $X$ which is flat over $Y$. Let $\\mathcal{G}$ be a quasi-coherent sheaf on $Y$. Then we have $$ \\text{WeakAss}_X(\\mathcal{F} \\otimes_{\\mathcal{O}_X} f^*\\mathcal{G}) = \\text{Ass}_{X/Y}(\\mathcal{F}) \\cap |f|^{-1}(\\text{WeakAss}_Y(\\mathcal{G})) $$ ",
        "label": "lemma-bourbaki-finite-type-general-base",
        "tag": "0CVL",
        "url": "https://stacks.math.columbia.edu/tag/0CVL",
        "source_filename": "spaces-flat.tex"
    },
    {
        "theorem": "Theorem 77.4.5.",
        "body": "  Let $S$ be a scheme. Let $f : X \\to Y$ be a morphism of algebraic spaces over $S$. Let $\\mathcal{F}$ be a quasi-coherent $\\mathcal{O}_X$-module. Assume \\begin{enumerate} \\item $X \\to Y$ is locally of finite presentation, \\item $\\mathcal{F}$ is an $\\mathcal{O}_X$-module of finite type, and \\item the set of weakly associated points of $Y$ is locally finite in $Y$. \\end{enumerate} Then $U = \\{x \\in |X| : \\mathcal{F}\\text{ flat at }x\\text{ over }Y\\}$ is open in $X$ and $\\mathcal{F}|_U$ is an $\\mathcal{O}_U$-module of finite presentation and flat over $Y$. ",
        "label": "theorem-finite-type-flat",
        "tag": "0DLR",
        "url": "https://stacks.math.columbia.edu/tag/0DLR",
        "source_filename": "spaces-flat.tex"
    },
    {
        "theorem": "Lemma 77.4.6.",
        "body": "  Let $S$ be a scheme. Let $f : X \\to Y$ be a morphism of algebraic spaces over $S$. Let $\\mathcal{F}$ be a quasi-coherent sheaf on $X$. Let $y \\in |Y|$. Set $F = f^{-1}(\\{y\\}) \\subset |X|$. Assume that \\begin{enumerate} \\item $f$ is of finite type, \\item $\\mathcal{F}$ is of finite type, and \\item $\\mathcal{F}$ is flat over $Y$ at all $x \\in F$. \\end{enumerate} Then there exists an \\'etale morphism $(Y', y') \\to (Y, y)$ where $Y'$ is a scheme and a commutative diagram of algebraic spaces $$ \\xymatrix{ X \\ar[d] & X' \\ar[l]^g \\ar[d] \\\\ Y & \\mathop{\\mathrm{Spec}}(\\mathcal{O}_{Y', y'}) \\ar[l] } $$ such that $X' \\to X \\times_Y \\mathop{\\mathrm{Spec}}(\\mathcal{O}_{Y', y'})$ is \\'etale, $|X'_{y'}| \\to F$ is surjective, $X'$ is affine, and $\\Gamma(X', g^*\\mathcal{F})$ is a free $\\mathcal{O}_{Y', y'}$-module. ",
        "label": "lemma-finite-type-flat-along-fibre-free-variant",
        "tag": "0CVW",
        "url": "https://stacks.math.columbia.edu/tag/0CVW",
        "source_filename": "spaces-flat.tex"
    },
    {
        "theorem": "Theorem 77.4.7.",
        "body": "  Let $S$ be a scheme. Let $f : X \\to Y$ be a morphism of algebraic spaces over $S$ which is locally of finite type. Let $\\mathcal{F}$ be a quasi-coherent $\\mathcal{O}_X$-module of finite type. Let $x \\in |X|$ with image $y \\in |Y|$. Set $F = f^{-1}(\\{y\\}) \\subset |X|$. Consider the conditions \\begin{enumerate} \\item $\\mathcal{F}$ is flat at $x$ over $Y$, and \\item for every $x' \\in F \\cap \\text{Ass}_{X/Y}(\\mathcal{F})$ which specializes to $x$ we have that $\\mathcal{F}$ is flat at $x'$ over $Y$. \\end{enumerate} Then we always have (2) $\\Rightarrow$ (1). If $X$ and $Y$ are decent, then (1) $\\Rightarrow$ (2). ",
        "label": "theorem-check-flatness-at-associated-points",
        "tag": "0CWL",
        "url": "https://stacks.math.columbia.edu/tag/0CWL",
        "source_filename": "spaces-flat.tex"
    },
    {
        "theorem": "Lemma 77.4.8.",
        "body": "  Let $S$ be a local scheme with closed point $s$. Let $f : X \\to S$ be a morphism from an algebraic space $X$ to $S$ which is locally of finite type. Let $\\mathcal{F}$ be a finite type quasi-coherent $\\mathcal{O}_X$-module. Assume that \\begin{enumerate} \\item every point of $\\text{Ass}_{X/S}(\\mathcal{F})$ specializes to a point of the closed fibre $X_s$\\footnote{For example this holds if $f$ is finite type and $\\mathcal{F}$ is pure along $X_s$, or if $f$ is proper.}, \\item $\\mathcal{F}$ is flat over $S$ at every point of $X_s$. \\end{enumerate} Then $\\mathcal{F}$ is flat over $S$. ",
        "label": "lemma-check-along-closed-fibre",
        "tag": "0CWM",
        "url": "https://stacks.math.columbia.edu/tag/0CWM",
        "source_filename": "spaces-flat.tex"
    },
    {
        "theorem": "Proposition 77.5.1.",
        "body": "  Let $S$ be a scheme. Let $f : X \\to Y$ be a morphism of algebraic spaces over $S$. Let $\\mathcal{F}$ be a quasi-coherent sheaf on $X$. Let $x \\in |X|$ with image $y \\in |Y|$. Assume that \\begin{enumerate} \\item $f$ is locally of finite presentation, \\item $\\mathcal{F}$ is of finite presentation, and \\item $\\mathcal{F}$ is flat at $x$ over $Y$. \\end{enumerate} Then there exists a commutative diagram of pointed schemes $$ \\xymatrix{ (X, x) \\ar[d] & (X', x') \\ar[l]^g \\ar[d] \\\\ (Y, y) & (Y', y') \\ar[l] } $$ whose horizontal arrows are \\'etale such that $X'$, $Y'$ are affine and such that $\\Gamma(X', g^*\\mathcal{F})$ is a projective $\\Gamma(Y', \\mathcal{O}_{Y'})$-module. ",
        "label": "proposition-finite-presentation-flat-at-point",
        "tag": "0CVY",
        "url": "https://stacks.math.columbia.edu/tag/0CVY",
        "source_filename": "spaces-flat.tex"
    },
    {
        "theorem": "Lemma 77.5.2.",
        "body": "  Let $S$ be a scheme. Let $f : X \\to Y$ be a morphism of algebraic spaces over $S$. Let $\\mathcal{F}$ be a quasi-coherent sheaf on $X$. Let $y \\in |Y|$. Set $F = f^{-1}(\\{y\\}) \\subset |X|$. Assume that \\begin{enumerate} \\item $f$ is of finite presentation, \\item $\\mathcal{F}$ is of finite presentation, and \\item $\\mathcal{F}$ is flat over $Y$ at all $x \\in F$. \\end{enumerate} Then there exists a commutative diagram of algebraic spaces $$ \\xymatrix{ X \\ar[d] & X' \\ar[l]^g \\ar[d] \\\\ Y & Y' \\ar[l]_h } $$ such that $h$ and $g$ are \\'etale, there is a point $y' \\in |Y'|$ mapping to $y$, we have $F \\subset g(|X'|)$, the algebraic spaces $X'$, $Y'$ are affine, and $\\Gamma(X', g^*\\mathcal{F})$ is a projective $\\Gamma(Y', \\mathcal{O}_{Y'})$-module. ",
        "label": "lemma-finite-presentation-flat-along-fibre",
        "tag": "0CVZ",
        "url": "https://stacks.math.columbia.edu/tag/0CVZ",
        "source_filename": "spaces-flat.tex"
    },
    {
        "theorem": "Lemma 77.6.1.",
        "body": "  Let $S$ be a scheme. Let $X$ be a decent algebraic space locally of finite type over $S$. Let $\\mathcal{F}$ be a finite type, quasi-coherent $\\mathcal{O}_X$-module. Let $s \\in S$ such that $\\mathcal{F}$ is flat over $S$ at all points of $X_s$. Let $x' \\in \\text{Ass}_{X/S}(\\mathcal{F})$. If the closure of $\\{x'\\}$ in $|X|$ meets $|X_s|$, then the closure meets $\\text{Ass}_{X/S}(\\mathcal{F}) \\cap |X_s|$. ",
        "label": "lemma-associated-point-specializes",
        "tag": "0CW1",
        "url": "https://stacks.math.columbia.edu/tag/0CW1",
        "source_filename": "spaces-flat.tex"
    },
    {
        "theorem": "Lemma 77.6.2.",
        "body": "  Let $Y$ be an algebraic space over a scheme $S$. Let $g : X' \\to X$ be a morphism of algebraic spaces over $Y$ with $X$ locally of finite type over $Y$. Let $\\mathcal{F}$ be a quasi-coherent $\\mathcal{O}_X$-module. If $\\text{Ass}_{X/Y}(\\mathcal{F}) \\subset g(|X'|)$, then for any morphism $Z \\to Y$ we have $\\text{Ass}_{X_Z/Z}(\\mathcal{F}_Z) \\subset g_Z(|X'_Z|)$. ",
        "label": "lemma-contains-relative-ass-after-base-change",
        "tag": "0CW2",
        "url": "https://stacks.math.columbia.edu/tag/0CW2",
        "source_filename": "spaces-flat.tex"
    },
    {
        "theorem": "Lemma 77.6.3.",
        "body": "  Let $Y$ be an algebraic space over a scheme $S$. Let $g : X' \\to X$ be an \\'etale morphism of algebraic spaces over $Y$. Assume the structure morphisms $X' \\to Y$ and $X \\to Y$ are decent and of finite type. Let $\\mathcal{F}$ be a finite type, quasi-coherent $\\mathcal{O}_X$-module. Let $y \\in |Y|$. Set $F = f^{-1}(\\{y\\}) \\subset |X|$. \\begin{enumerate} \\item If $\\text{Ass}_{X/Y}(\\mathcal{F}) \\subset g(|X'|)$ and $g^*\\mathcal{F}$ is (universally) pure above $y$, then $\\mathcal{F}$ is (universally) pure above $y$. \\item If $\\mathcal{F}$ is pure above $y$, $g(|X'|)$ contains $F$, and $Y$ is affine local with closed point $y$, then $\\text{Ass}_{X/Y}(\\mathcal{F}) \\subset g(|X'|)$. \\item If $\\mathcal{F}$ is pure above $y$, $\\mathcal{F}$ is flat at all points of $F$, $g(|X'|)$ contains $\\text{Ass}_{X/Y}(\\mathcal{F}) \\cap F$, and $Y$ is affine local with closed point $y$, then $\\text{Ass}_{X/Y}(\\mathcal{F}) \\subset g(|X'|)$. \\item Add more here. \\end{enumerate} ",
        "label": "lemma-pure-on-top",
        "tag": "0CW3",
        "url": "https://stacks.math.columbia.edu/tag/0CW3",
        "source_filename": "spaces-flat.tex"
    },
    {
        "theorem": "Lemma 77.6.4.",
        "body": "  Let $S$ be a scheme. Let $f : X \\to Y$ be a morphism of algebraic spaces over $S$. Let $\\mathcal{F}$ be a quasi-coherent $\\mathcal{O}_X$-module. Let $y \\in |Y|$. Assume \\begin{enumerate} \\item $f$ is decent and of finite type, \\item $\\mathcal{F}$ is of finite type, \\item $\\mathcal{F}$ is flat over $Y$ at all points lying over $y$, and \\item $\\mathcal{F}$ is pure above $y$. \\end{enumerate} Then $\\mathcal{F}$ is universally pure above $y$. ",
        "label": "lemma-finite-type-flat-pure-along-fibre-is-universal",
        "tag": "0CW4",
        "url": "https://stacks.math.columbia.edu/tag/0CW4",
        "source_filename": "spaces-flat.tex"
    },
    {
        "theorem": "Lemma 77.6.5.",
        "body": "  Let $S$ be a scheme. Let $f : X \\to Y$ be a decent, finite type morphism of algebraic spaces over $S$. Let $\\mathcal{F}$ be a finite type quasi-coherent $\\mathcal{O}_X$-module. Assume $\\mathcal{F}$ is flat over $Y$. In this case $\\mathcal{F}$ is pure relative to $Y$ if and only if $\\mathcal{F}$ is universally pure relative to $Y$. ",
        "label": "lemma-finite-type-flat-pure-is-universal",
        "tag": "0CW5",
        "url": "https://stacks.math.columbia.edu/tag/0CW5",
        "source_filename": "spaces-flat.tex"
    },
    {
        "theorem": "Lemma 77.6.6.",
        "body": "  Let $Y$ be an algebraic space over a scheme $S$. Let $g : X' \\to X$ be a flat morphism of algebraic spaces over $Y$ with $X$ locally of finite type over $Y$. Let $\\mathcal{F}$ be a finite type quasi-coherent $\\mathcal{O}_X$-module which is flat over $Y$. If $\\text{Ass}_{X/Y}(\\mathcal{F}) \\subset g(|X'|)$ then the canonical map $$ \\mathcal{F} \\longrightarrow g_*g^*\\mathcal{F} $$ is injective, and remains injective after any base change. ",
        "label": "lemma-universally-separating",
        "tag": "0CW6",
        "url": "https://stacks.math.columbia.edu/tag/0CW6",
        "source_filename": "spaces-flat.tex"
    },
    {
        "theorem": "Situation 77.7.1.",
        "body": "  Let $S$ be a scheme. Let $f : X \\to B$ be a morphism of algebraic spaces over $S$. Let $u : \\mathcal{F} \\to \\mathcal{G}$ be a homomorphism of quasi-coherent $\\mathcal{O}_X$-modules. For any scheme $T$ over $B$ we will denote $u_T : \\mathcal{F}_T \\to \\mathcal{G}_T$ the base change of $u$ to $T$, in other words, $u_T$ is the pullback of $u$ via the projection morphism $X_T = X \\times_B T \\to X$. In this situation we can consider the functor \\begin{equation} \\label{equation-iso} F_{iso} : (\\mathit{Sch}/B)^{opp} \\longrightarrow \\textit{Sets}, \\quad T \\longrightarrow \\left\\{ \\begin{matrix} \\{*\\} & \\text{if }u_T\\text{ is an isomorphism}, \\\\ \\emptyset & \\text{else.} \\end{matrix} \\right. \\end{equation} There are variants $F_{inj}$, $F_{surj}$, $F_{zero}$ where we ask that $u_T$ is injective, surjective, or zero. ",
        "label": "situation-iso",
        "tag": "083F",
        "url": "https://stacks.math.columbia.edu/tag/083F",
        "source_filename": "spaces-flat.tex"
    },
    {
        "theorem": "Lemma 77.7.2.",
        "body": "  In Situation \\ref{situation-iso}. Each of the functors $F_{iso}$, $F_{inj}$, $F_{surj}$, $F_{zero}$ satisfies the sheaf property for the fpqc topology. ",
        "label": "lemma-iso-sheaf",
        "tag": "083H",
        "url": "https://stacks.math.columbia.edu/tag/083H",
        "source_filename": "spaces-flat.tex"
    },
    {
        "theorem": "Lemma 77.7.3.",
        "body": "  In Situation \\ref{situation-iso} let $X' \\to X$ be a flat morphism of algebraic spaces. Denote $u' : \\mathcal{F}' \\to \\mathcal{G}'$ the pullback of $u$ to $X'$. Denote $F'_{iso}$, $F'_{inj}$, $F'_{surj}$, $F'_{zero}$ the functors on $\\mathit{Sch}/B$ associated to $u'$. \\begin{enumerate} \\item If $\\mathcal{G}$ is of finite type and the image of $|X'| \\to |X|$ contains the support of $\\mathcal{G}$, then $F_{surj} = F'_{surj}$ and $F_{zero} = F'_{zero}$. \\item If $\\mathcal{F}$ is of finite type and the image of $|X'| \\to |X|$ contains the support of $\\mathcal{F}$, then $F_{inj} = F'_{inj}$ and $F_{zero} = F'_{zero}$. \\item If $\\mathcal{F}$ and $\\mathcal{G}$ are of finite type and the image of $|X'| \\to |X|$ contains the supports of $\\mathcal{F}$ and $\\mathcal{G}$, then $F_{iso} = F'_{iso}$. \\end{enumerate} ",
        "label": "lemma-iso-go-up",
        "tag": "083I",
        "url": "https://stacks.math.columbia.edu/tag/083I",
        "source_filename": "spaces-flat.tex"
    },
    {
        "theorem": "Lemma 77.7.4.",
        "body": "  In Situation \\ref{situation-iso}. \\begin{enumerate} \\item If $\\mathcal{G}$ is of finite type and the scheme theoretic support of $\\mathcal{G}$ is quasi-compact over $B$, then $F_{surj}$ is limit preserving. \\item If $\\mathcal{F}$ of finite type and the scheme theoretic support of $\\mathcal{F}$ is quasi-compact over $B$, then $F_{zero}$ is limit preserving. \\item If $\\mathcal{F}$ is of finite type, $\\mathcal{G}$ is of finite presentation, and the scheme theoretic supports of $\\mathcal{F}$ and $\\mathcal{G}$ are quasi-compact over $B$, then $F_{iso}$ is limit preserving. \\end{enumerate} ",
        "label": "lemma-iso-limits",
        "tag": "083J",
        "url": "https://stacks.math.columbia.edu/tag/083J",
        "source_filename": "spaces-flat.tex"
    },
    {
        "theorem": "Lemma 77.7.5.",
        "body": "  In Situation \\ref{situation-iso} suppose given an exact sequence $$ \\mathcal{F} \\xrightarrow{u} \\mathcal{G} \\xrightarrow{v} \\mathcal{H} \\to 0 $$ Then we have $F_{v, iso} = F_{u, zero}$ with obvious notation. ",
        "label": "lemma-relate-zero-iso",
        "tag": "0CVM",
        "url": "https://stacks.math.columbia.edu/tag/0CVM",
        "source_filename": "spaces-flat.tex"
    },
    {
        "theorem": "Lemma 77.7.6.",
        "body": "  In Situation \\ref{situation-iso} suppose given an affine morphism $i : Z \\to X$ and a quasi-coherent $\\mathcal{O}_Z$-module $\\mathcal{H}$ such that $\\mathcal{G} = i_*\\mathcal{H}$. Let $v : i^*\\mathcal{F} \\to \\mathcal{H}$ be the map adjoint to $u$. Then \\begin{enumerate} \\item $F_{v, zero} = F_{u, zero}$, and \\item if $i$ is a closed immersion, then $F_{v, surj} = F_{u, surj}$. \\end{enumerate} ",
        "label": "lemma-relate-zero-affine",
        "tag": "0CW7",
        "url": "https://stacks.math.columbia.edu/tag/0CW7",
        "source_filename": "spaces-flat.tex"
    },
    {
        "theorem": "Lemma 77.7.7.",
        "body": "  In Situation \\ref{situation-iso} suppose given an affine morphism $g : X \\to X'$. Set $u' = f_*u : f_*\\mathcal{F} \\to f_*\\mathcal{G}$. Then $F_{u, iso} = F_{u', iso}$, $F_{u, inj} = F_{u', inj}$, $F_{u, surj} = F_{u', surj}$, and $F_{u, zero} = F_{u', zero}$. ",
        "label": "lemma-relate-zero-affine-push",
        "tag": "0CW8",
        "url": "https://stacks.math.columbia.edu/tag/0CW8",
        "source_filename": "spaces-flat.tex"
    },
    {
        "theorem": "Situation 77.7.8.",
        "body": "  Let $S$ be a scheme. Let $f : X \\to Y$ be a morphism of algebraic spaces over $S$. Let $\\mathcal{F}$ be a quasi-coherent $\\mathcal{O}_X$-module. For any scheme $T$ over $Y$ we will denote $\\mathcal{F}_T$ the base change of $\\mathcal{F}$ to $T$, in other words, $\\mathcal{F}_T$ is the pullback of $\\mathcal{F}$ via the projection morphism $X_T = X \\times_Y T \\to X$. Since the base change of a flat module is flat we obtain a functor \\begin{equation} \\label{equation-flat} F_{flat} : (\\mathit{Sch}/Y)^{opp} \\longrightarrow \\textit{Sets}, \\quad T \\longrightarrow \\left\\{ \\begin{matrix} \\{*\\} & \\text{if } \\mathcal{F}_T \\text{ is flat over }T, \\\\ \\emptyset & \\text{else.} \\end{matrix} \\right. \\end{equation} ",
        "label": "situation-flat",
        "tag": "0CWX",
        "url": "https://stacks.math.columbia.edu/tag/0CWX",
        "source_filename": "spaces-flat.tex"
    },
    {
        "theorem": "Lemma 77.7.9.",
        "body": "  In Situation \\ref{situation-flat}. \\begin{enumerate} \\item The functor $F_{flat}$ satisfies the sheaf property for the fpqc topology. \\item If $f$ is quasi-compact and locally of finite presentation and $\\mathcal{F}$ is of finite presentation, then the functor $F_{flat}$ is limit preserving. \\end{enumerate} ",
        "label": "lemma-flat",
        "tag": "0CWZ",
        "url": "https://stacks.math.columbia.edu/tag/0CWZ",
        "source_filename": "spaces-flat.tex"
    },
    {
        "theorem": "Situation 77.8.1.",
        "body": "  Let $S = \\mathop{\\mathrm{Spec}}(R)$ be an affine scheme. Let $X$ be an algebraic space over $S$. Let $u : \\mathcal{F} \\to \\mathcal{G}$ be a map of quasi-coherent $\\mathcal{O}_X$-modules. Assume $\\mathcal{G}$ flat over $S$. ",
        "label": "situation-somewhat-closed",
        "tag": "0CWA",
        "url": "https://stacks.math.columbia.edu/tag/0CWA",
        "source_filename": "spaces-flat.tex"
    },
    {
        "theorem": "Lemma 77.8.2.",
        "body": "  In Situation \\ref{situation-somewhat-closed}. Let $T \\to S$ be a quasi-compact morphism of schemes such that the base change $u_T$ is zero. Then exists a closed subscheme $Z \\subset S$ such that (a) $T \\to S$ factors through $Z$ and (b) the base change $u_Z$ is zero. If $\\mathcal{F}$ is a finite type $\\mathcal{O}_X$-module and the scheme theoretic support of $\\mathcal{F}$ is quasi-compact, then we can take $Z \\to S$ of finite presentation. ",
        "label": "lemma-F-zero-somewhat-closed",
        "tag": "083K",
        "url": "https://stacks.math.columbia.edu/tag/083K",
        "source_filename": "spaces-flat.tex"
    },
    {
        "theorem": "Lemma 77.8.3.",
        "body": "  Let $A$ be a ring. Let $u : M \\to N$ be a map of $A$-modules. If $N$ is projective as an $A$-module, then there exists an ideal $I \\subset A$ such that for any ring map $\\varphi : A \\to B$ the following are equivalent \\begin{enumerate} \\item $u \\otimes 1 : M \\otimes_A B \\to N \\otimes_A B$ is zero, and \\item $\\varphi(I) = 0$. \\end{enumerate} ",
        "label": "lemma-F-zero-module-map",
        "tag": "083L",
        "url": "https://stacks.math.columbia.edu/tag/083L",
        "source_filename": "spaces-flat.tex"
    },
    {
        "theorem": "Lemma 77.8.4.",
        "body": "  In Situation \\ref{situation-somewhat-closed}. Let $T \\subset S$ be a subset. Let $s \\in S$ be in the closure of $T$. For $t \\in T$, let $u_t$ be the pullback of $u$ to $X_t$ and let $u_s$ be the pullback of $u$ to $X_s$. If $X$ is locally of finite presentation over $S$, $\\mathcal{G}$ is of finite presentation\\footnote{It would suffice if $X$ is locally of finite type over $S$ and $\\mathcal{G}$ is finitely presented relative to $S$, but this notion hasn't yet been defined in the setting of algebraic spaces. The definition for schemes is given in More on Morphisms, Section \\ref{more-morphisms-section-finite-type-finite-presentation}.}, and $u_t = 0$ for all $t \\in T$, then $u_s = 0$. ",
        "label": "lemma-F-zero-somewhat-closed-points",
        "tag": "0CWB",
        "url": "https://stacks.math.columbia.edu/tag/0CWB",
        "source_filename": "spaces-flat.tex"
    },
    {
        "theorem": "Lemma 77.8.5.",
        "body": "  In Situation \\ref{situation-iso}. Assume \\begin{enumerate} \\item $f$ is of finite presentation, and \\item $\\mathcal{G}$ is of finite presentation, flat over $B$, and pure relative to $B$. \\end{enumerate} Then $F_{zero}$ is an algebraic space and $F_{zero} \\to B$ is a closed immersion. If $\\mathcal{F}$ is of finite type, then $F_{zero} \\to B$ is of finite presentation. ",
        "label": "lemma-F-zero-closed-pure",
        "tag": "0CWC",
        "url": "https://stacks.math.columbia.edu/tag/0CWC",
        "source_filename": "spaces-flat.tex"
    },
    {
        "theorem": "Lemma 77.8.6.",
        "body": "  In Situation \\ref{situation-iso}. Assume \\begin{enumerate} \\item $f$ is locally of finite presentation, \\item $\\mathcal{G}$ is an $\\mathcal{O}_X$-module of finite presentation flat over $B$, \\item the support of $\\mathcal{G}$ is proper over $B$. \\end{enumerate} Then the functor $F_{zero}$ is an algebraic space and $F_{zero} \\to B$ is a closed immersion. If $\\mathcal{F}$ is of finite type, then $F_{zero} \\to B$ is of finite presentation. ",
        "label": "lemma-F-zero-closed-proper",
        "tag": "083M",
        "url": "https://stacks.math.columbia.edu/tag/083M",
        "source_filename": "spaces-flat.tex"
    },
    {
        "theorem": "Theorem 77.9.1.",
        "body": "  In Situation \\ref{situation-iso} assume \\begin{enumerate} \\item $f$ is of finite presentation, \\item $\\mathcal{F}$ is of finite presentation, flat over $B$, and pure relative to $B$, and \\item $u$ is surjective. \\end{enumerate} Then $F_{iso}$ is representable by a closed immersion $Z \\to B$. Moreover $Z \\to S$ is of finite presentation if $\\mathcal{G}$ is of finite presentation. ",
        "label": "theorem-flattening-map",
        "tag": "0CWD",
        "url": "https://stacks.math.columbia.edu/tag/0CWD",
        "source_filename": "spaces-flat.tex"
    },
    {
        "theorem": "Lemma 77.9.2.",
        "body": "  In Situation \\ref{situation-iso}. Assume \\begin{enumerate} \\item $f$ is locally of finite presentation, \\item $\\mathcal{F}$ is locally of finite presentation and flat over $B$, \\item the support of $\\mathcal{F}$ is proper over $B$, and \\item $u$ is surjective. \\end{enumerate} Then the functor $F_{iso}$ is an algebraic space and $F_{iso} \\to B$ is a closed immersion. If $\\mathcal{G}$ is of finite presentation, then $F_{iso} \\to B$ is of finite presentation. ",
        "label": "lemma-F-iso-closed",
        "tag": "083N",
        "url": "https://stacks.math.columbia.edu/tag/083N",
        "source_filename": "spaces-flat.tex"
    },
    {
        "theorem": "Lemma 77.9.3.",
        "body": "  In Situation \\ref{situation-iso}. Assume \\begin{enumerate} \\item $f$ is locally of finite presentation, \\item $\\mathcal{G}$ is of finite type, \\item the support of $\\mathcal{G}$ is proper over $B$. \\end{enumerate} Then $F_{surj}$ is an algebraic space and $F_{surj} \\to B$ is an open immersion. ",
        "label": "lemma-F-surj-open",
        "tag": "09TP",
        "url": "https://stacks.math.columbia.edu/tag/09TP",
        "source_filename": "spaces-flat.tex"
    },
    {
        "theorem": "Lemma 77.10.1.",
        "body": "  Let $S$ be the spectrum of a henselian local ring with closed point $s$. Let $X \\to S$ be a morphism of algebraic spaces which is locally of finite type. Let $\\mathcal{F}$ be a finite type quasi-coherent $\\mathcal{O}_X$-module. Let $E \\subset |X_s|$ be a subset. There exists a closed subscheme $Z \\subset S$ with the following property: for any morphism of pointed schemes $(T, t) \\to (S, s)$ the following are equivalent \\begin{enumerate} \\item $\\mathcal{F}_T$ is flat over $T$ at all points of $|X_t|$ which map to a point of $E \\subset |X_s|$, and \\item $\\mathop{\\mathrm{Spec}}(\\mathcal{O}_{T, t}) \\to S$ factors through $Z$. \\end{enumerate} Moreover, if $X \\to S$ is locally of finite presentation, $\\mathcal{F}$ is of finite presentation, and $E \\subset |X_s|$ is closed and quasi-compact, then $Z \\to S$ is of finite presentation. ",
        "label": "lemma-freebie",
        "tag": "0CWP",
        "url": "https://stacks.math.columbia.edu/tag/0CWP",
        "source_filename": "spaces-flat.tex"
    },
    {
        "theorem": "Definition 77.11.1.",
        "body": "  Let $S$ be a scheme. Let $X \\to Y$ be a morphism of algebraic spaces over $S$. Let $\\mathcal{F}$ be a quasi-coherent $\\mathcal{O}_X$-module. We say that the {\\it universal flattening of $\\mathcal{F}$ exists} if the functor $F_{flat}$ defined in Situation \\ref{situation-flat} is an algebraic space. We say that the {\\it universal flattening of $X$ exists} if the universal flattening of $\\mathcal{O}_X$ exists. ",
        "label": "definition-flattening",
        "tag": "0CWR",
        "url": "https://stacks.math.columbia.edu/tag/0CWR",
        "source_filename": "spaces-flat.tex"
    },
    {
        "theorem": "Lemma 77.11.2.",
        "body": "  Let $S$ be a scheme. Let $f : X \\to Y$ be a morphism of algebraic spaces which is locally of finite type. Let $\\mathcal{F}$ be a quasi-coherent $\\mathcal{O}_X$-module of finite type. Let $n \\geq 0$. The following are equivalent \\begin{enumerate} \\item for some commutative diagram $$ \\xymatrix{ U \\ar[d]_\\varphi \\ar[r] & V \\ar[d] \\\\ X \\ar[r] & Y } $$ with surjective, \\'etale vertical arrows where $U$ and $V$ are schemes, the sheaf $\\varphi^*\\mathcal{F}$ is flat over $V$ in dimensions $\\geq n$ (More on Flatness, Definition \\ref{flat-definition-flat-dimension-n}), \\item for every commutative diagram $$ \\xymatrix{ U \\ar[d]_\\varphi \\ar[r] & V \\ar[d] \\\\ X \\ar[r] & Y } $$ with \\'etale vertical arrows where $U$ and $V$ are schemes, the sheaf $\\varphi^*\\mathcal{F}$ is flat over $V$ in dimensions $\\geq n$, and \\item for $x \\in |X|$ such that $\\mathcal{F}$ is not flat at $x$ over $Y$ the transcendence degree of $x/f(x)$ is $< n$ (Morphisms of Spaces, Definition \\ref{spaces-morphisms-definition-dimension-fibre}). \\end{enumerate} If this is true, then it remains true after any base change $Y' \\to Y$. ",
        "label": "lemma-pre-flat-dimension-n",
        "tag": "0CWS",
        "url": "https://stacks.math.columbia.edu/tag/0CWS",
        "source_filename": "spaces-flat.tex"
    },
    {
        "theorem": "Definition 77.11.3.",
        "body": "  Let $S$ be a scheme. Let $f : X \\to Y$ be a morphism of algebraic spaces over $S$ which is locally of finite type. Let $\\mathcal{F}$ be a quasi-coherent $\\mathcal{O}_X$-module of finite type. Let $n \\geq 0$. We say {\\it $\\mathcal{F}$ is flat over $Y$ in dimensions $\\geq n$} if the equivalent conditions of Lemma \\ref{lemma-pre-flat-dimension-n} are satisfied. ",
        "label": "definition-flat-dimension-n",
        "tag": "0CWT",
        "url": "https://stacks.math.columbia.edu/tag/0CWT",
        "source_filename": "spaces-flat.tex"
    },
    {
        "theorem": "Situation 77.11.4.",
        "body": "  Let $S$ be a scheme. Let $f : X \\to Y$ be a morphism of algebraic spaces over $S$ which is locally of finite type. Let $\\mathcal{F}$ be a quasi-coherent $\\mathcal{O}_X$-module of finite type. For any scheme $T$ over $Y$ we will denote $\\mathcal{F}_T$ the base change of $\\mathcal{F}$ to $T$, in other words, $\\mathcal{F}_T$ is the pullback of $\\mathcal{F}$ via the projection morphism $X_T = X \\times_Y T \\to X$. Note that $f_T : X_T \\to T$ is of finite type and that $\\mathcal{F}_T$ is an $\\mathcal{O}_{X_T}$-module of finite type (Morphisms of Spaces, Lemma \\ref{spaces-morphisms-lemma-base-change-finite-type} and Modules on Sites, Lemma \\ref{sites-modules-lemma-local-pullback}). Let $n \\geq 0$. By Definition \\ref{definition-flat-dimension-n} and Lemma \\ref{lemma-pre-flat-dimension-n} we obtain a functor \\begin{equation} \\label{equation-flat-dimension-n} F_n : (\\mathit{Sch}/Y)^{opp} \\longrightarrow \\textit{Sets}, \\quad T \\longrightarrow \\left\\{ \\begin{matrix} \\{*\\} & \\text{if }\\mathcal{F}_T\\text{ is flat over }T\\text{ in }\\dim \\geq n, \\\\ \\emptyset & \\text{else.} \\end{matrix} \\right. \\end{equation} ",
        "label": "situation-flat-dimension-n",
        "tag": "0CWU",
        "url": "https://stacks.math.columbia.edu/tag/0CWU",
        "source_filename": "spaces-flat.tex"
    },
    {
        "theorem": "Lemma 77.11.5.",
        "body": "  In Situation \\ref{situation-flat-dimension-n}. \\begin{enumerate} \\item The functor $F_n$ satisfies the sheaf property for the fpqc topology. \\item If $f$ is quasi-compact and locally of finite presentation and $\\mathcal{F}$ is of finite presentation, then the functor $F_n$ is limit preserving. \\end{enumerate} ",
        "label": "lemma-flat-dimension-n",
        "tag": "0CWW",
        "url": "https://stacks.math.columbia.edu/tag/0CWW",
        "source_filename": "spaces-flat.tex"
    },
    {
        "theorem": "Lemma 77.11.6.",
        "body": "  In Situation \\ref{situation-flat-dimension-n}. Let $h : X' \\to X$ be an \\'etale morphism. Set $\\mathcal{F}' = h^*\\mathcal{F}$ and $f' = f \\circ h$. Let $F_n'$ be (\\ref{equation-flat-dimension-n}) associated to $(f' : X' \\to Y, \\mathcal{F}')$. Then $F_n$ is a subfunctor of $F_n'$ and if $h(X') \\supset \\text{Ass}_{X/Y}(\\mathcal{F})$, then $F_n = F'_n$. ",
        "label": "lemma-localize-flat-dimension-n",
        "tag": "0CX0",
        "url": "https://stacks.math.columbia.edu/tag/0CX0",
        "source_filename": "spaces-flat.tex"
    },
    {
        "theorem": "Theorem 77.11.7.",
        "body": "  In Situation \\ref{situation-flat-dimension-n}. Assume moreover that $f$ is of finite presentation, that $\\mathcal{F}$ is an $\\mathcal{O}_X$-module of finite presentation, and that $\\mathcal{F}$ is pure relative to $Y$. Then $F_n$ is an algebraic space and $F_n \\to Y$ is a monomorphism of finite presentation. ",
        "label": "theorem-flat-dimension-n-representable",
        "tag": "0CX1",
        "url": "https://stacks.math.columbia.edu/tag/0CX1",
        "source_filename": "spaces-flat.tex"
    },
    {
        "theorem": "Lemma 77.11.8.",
        "body": "  Let $S$ be a scheme. Let $f : X \\to Y$ be a morphism of algebraic spaces over $S$. Let $\\mathcal{F}$ be a quasi-coherent $\\mathcal{O}_X$-module. \\begin{enumerate} \\item If $f$ is of finite presentation, $\\mathcal{F}$ is an $\\mathcal{O}_X$-module of finite presentation, and $\\mathcal{F}$ is pure relative to $Y$, then there exists a universal flattening $Y' \\to Y$ of $\\mathcal{F}$. Moreover $Y' \\to Y$ is a monomorphism of finite presentation. \\item If $f$ is of finite presentation and $X$ is pure relative to $Y$, then there exists a universal flattening $Y' \\to Y$ of $X$. Moreover $Y' \\to Y$ is a monomorphism of finite presentation. \\item If $f$ is proper and of finite presentation and $\\mathcal{F}$ is an $\\mathcal{O}_X$-module of finite presentation, then there exists a universal flattening $Y' \\to Y$ of $\\mathcal{F}$. Moreover $Y' \\to Y$ is a monomorphism of finite presentation. \\item If $f$ is proper and of finite presentation then there exists a universal flattening $Y' \\to Y$ of $X$. \\end{enumerate} ",
        "label": "lemma-when-universal-flattening",
        "tag": "0CX2",
        "url": "https://stacks.math.columbia.edu/tag/0CX2",
        "source_filename": "spaces-flat.tex"
    },
    {
        "theorem": "Situation 77.12.1.",
        "body": "  Here we have an inverse system of rings $(A_n)$ with surjective transition maps whose kernels are locally nilpotent. Set $A = \\mathop{\\mathrm{lim}}\\nolimits A_n$. We have an algebraic space $X$ separated and of finite presentation over $A$. We set $X_n = X \\times_{\\mathop{\\mathrm{Spec}}(A)} \\mathop{\\mathrm{Spec}}(A_n)$ and we view it as a closed subspace of $X$. We assume further given a system $(\\mathcal{F}_n, \\varphi_n)$ where $\\mathcal{F}_n$ is a finitely presented $\\mathcal{O}_{X_n}$-module, flat over $A_n$, with support proper over $A_n$, and $$ \\varphi_n : \\mathcal{F}_n \\otimes_{\\mathcal{O}_{X_n}} \\mathcal{O}_{X_{n - 1}} \\longrightarrow \\mathcal{F}_{n - 1} $$ is an isomorphism (notation using the equivalence of Morphisms of Spaces, Lemma \\ref{spaces-morphisms-lemma-i-star-equivalence}). ",
        "label": "situation-existence",
        "tag": "0CX4",
        "url": "https://stacks.math.columbia.edu/tag/0CX4",
        "source_filename": "spaces-flat.tex"
    },
    {
        "theorem": "Lemma 77.12.2.",
        "body": "  In Situation \\ref{situation-existence} consider $$ K = R\\mathop{\\mathrm{lim}}\\nolimits_{D_\\mathit{QCoh}(\\mathcal{O}_X)}(\\mathcal{F}_n) = DQ_X(R\\mathop{\\mathrm{lim}}\\nolimits_{D(\\mathcal{O}_X)}\\mathcal{F}_n) $$ Then $K$ is in $D^b_{\\mathit{QCoh}}(\\mathcal{O}_X)$ and in fact $K$ has nonzero cohomology sheaves only in degrees $\\geq 0$. ",
        "label": "lemma-compute-what-it-should-be",
        "tag": "0CX5",
        "url": "https://stacks.math.columbia.edu/tag/0CX5",
        "source_filename": "spaces-flat.tex"
    },
    {
        "theorem": "Lemma 77.12.3.",
        "body": "  In Situation \\ref{situation-existence} let $K$ be as in Lemma \\ref{lemma-compute-what-it-should-be}. For any perfect object $E$ of $D(\\mathcal{O}_X)$ we have \\begin{enumerate} \\item $M = R\\Gamma(X, K \\otimes^\\mathbf{L} E)$ is a perfect object of $D(A)$ and there is a canonical isomorphism $R\\Gamma(X_n, \\mathcal{F}_n \\otimes^\\mathbf{L} E|_{X_n}) = M \\otimes_A^\\mathbf{L} A_n$ in $D(A_n)$, \\item $N = R\\mathop{\\mathrm{Hom}}\\nolimits_X(E, K)$ is a perfect object of $D(A)$ and there is a canonical isomorphism $R\\mathop{\\mathrm{Hom}}\\nolimits_{X_n}(E|_{X_n}, \\mathcal{F}_n) = N \\otimes_A^\\mathbf{L} A_n$ in $D(A_n)$. \\end{enumerate} In both statements $E|_{X_n}$ denotes the derived pullback of $E$ to $X_n$. ",
        "label": "lemma-compute-against-perfect",
        "tag": "0CX6",
        "url": "https://stacks.math.columbia.edu/tag/0CX6",
        "source_filename": "spaces-flat.tex"
    },
    {
        "theorem": "Lemma 77.12.4.",
        "body": "  In Situation \\ref{situation-existence} let $K$ be as in Lemma \\ref{lemma-compute-what-it-should-be}. Then $K$ is pseudo-coherent relative to $A$. ",
        "label": "lemma-relative-pseudo-coherence",
        "tag": "0CX7",
        "url": "https://stacks.math.columbia.edu/tag/0CX7",
        "source_filename": "spaces-flat.tex"
    },
    {
        "theorem": "Lemma 77.12.5.",
        "body": "  In Situation \\ref{situation-existence} let $K$ be as in Lemma \\ref{lemma-compute-what-it-should-be}. For any \\'etale morphism $U \\to X$ with $U$ quasi-compact and quasi-separated we have $$ R\\Gamma(U, K) \\otimes_A^\\mathbf{L} A_n = R\\Gamma(U_n, \\mathcal{F}_n) $$ in $D(A_n)$ where $U_n = U \\times_X X_n$. ",
        "label": "lemma-compute-over-affine",
        "tag": "0CX8",
        "url": "https://stacks.math.columbia.edu/tag/0CX8",
        "source_filename": "spaces-flat.tex"
    },
    {
        "theorem": "Lemma 77.12.6.",
        "body": "  In Situation \\ref{situation-existence} let $K$ be as in Lemma \\ref{lemma-compute-what-it-should-be}. Denote $X_0 \\subset |X|$ the closed subset consisting of points lying over the closed subset $\\mathop{\\mathrm{Spec}}(A_1) = \\mathop{\\mathrm{Spec}}(A_2) = \\ldots$ of $\\mathop{\\mathrm{Spec}}(A)$. There exists an open subspace $W \\subset X$ containing $X_0$ such that \\begin{enumerate} \\item $H^i(K)|_W$ is zero unless $i = 0$, \\item $\\mathcal{F} = H^0(K)|_W$ is of finite presentation, and \\item $\\mathcal{F}_n = \\mathcal{F} \\otimes_{\\mathcal{O}_X} \\mathcal{O}_{X_n}$. \\end{enumerate} ",
        "label": "lemma-finitely-presented",
        "tag": "0CX9",
        "url": "https://stacks.math.columbia.edu/tag/0CX9",
        "source_filename": "spaces-flat.tex"
    },
    {
        "theorem": "Lemma 77.12.7.",
        "body": "  In Situation \\ref{situation-existence} let $K$ be as in Lemma \\ref{lemma-compute-what-it-should-be}. Let $W \\subset X$ be as in Lemma \\ref{lemma-finitely-presented}. Set $\\mathcal{F} = H^0(K)|_W$. Then, after possibly shrinking the open $W$, the support of $\\mathcal{F}$ is proper over $A$. ",
        "label": "lemma-proper-support",
        "tag": "0CXA",
        "url": "https://stacks.math.columbia.edu/tag/0CXA",
        "source_filename": "spaces-flat.tex"
    },
    {
        "theorem": "Theorem 77.12.8.",
        "body": "[Grothendieck Existence Theorem]  In Situation \\ref{situation-existence} there exists a finitely presented $\\mathcal{O}_X$-module $\\mathcal{F}$, flat over $A$, with support proper over $A$, such that $\\mathcal{F}_n = \\mathcal{F} \\otimes_{\\mathcal{O}_X} \\mathcal{O}_{X_n}$ for all $n$ compatibly with the maps $\\varphi_n$. ",
        "label": "theorem-existence",
        "tag": "0CXB",
        "url": "https://stacks.math.columbia.edu/tag/0CXB",
        "source_filename": "spaces-flat.tex"
    },
    {
        "theorem": "Situation 77.13.1.",
        "body": "  Here we have an inverse system of rings $(A_n)$ with surjective transition maps whose kernels are locally nilpotent. Set $A = \\mathop{\\mathrm{lim}}\\nolimits A_n$. We have an algebraic space $X$ proper, flat, and of finite presentation over $A$. We set $X_n = X \\times_{\\mathop{\\mathrm{Spec}}(A)} \\mathop{\\mathrm{Spec}}(A_n)$ and we view it as a closed subspace of $X$. We assume further given a system $(K_n, \\varphi_n)$ where $K_n$ is a pseudo-coherent object of $D(\\mathcal{O}_{X_n})$ and $$ \\varphi_n : K_n \\longrightarrow K_{n - 1} $$ is a map in $D(\\mathcal{O}_{X_n})$ which induces an isomorphism $K_n \\otimes_{\\mathcal{O}_{X_n}}^\\mathbf{L} \\mathcal{O}_{X_{n - 1}} \\to K_{n - 1}$ in $D(\\mathcal{O}_{X_{n - 1}})$. ",
        "label": "situation-existence-derived",
        "tag": "0DIK",
        "url": "https://stacks.math.columbia.edu/tag/0DIK",
        "source_filename": "spaces-flat.tex"
    },
    {
        "theorem": "Lemma 77.13.2.",
        "body": "  In Situation \\ref{situation-existence-derived} consider $$ K = R\\mathop{\\mathrm{lim}}\\nolimits_{D_\\mathit{QCoh}(\\mathcal{O}_X)}(K_n) = DQ_X(R\\mathop{\\mathrm{lim}}\\nolimits_{D(\\mathcal{O}_X)} K_n) $$ Then $K$ is in $D^-_{\\mathit{QCoh}}(\\mathcal{O}_X)$. ",
        "label": "lemma-compute-what-it-should-be-derived",
        "tag": "0DIL",
        "url": "https://stacks.math.columbia.edu/tag/0DIL",
        "source_filename": "spaces-flat.tex"
    },
    {
        "theorem": "Lemma 77.13.3.",
        "body": "  In Situation \\ref{situation-existence-derived} let $K$ be as in Lemma \\ref{lemma-compute-what-it-should-be-derived}. For any perfect object $E$ of $D(\\mathcal{O}_X)$ the cohomology $$ M = R\\Gamma(X, K \\otimes^\\mathbf{L} E) $$ is a pseudo-coherent object of $D(A)$ and there is a canonical isomorphism $$ R\\Gamma(X_n, K_n \\otimes^\\mathbf{L} E|_{X_n}) = M \\otimes_A^\\mathbf{L} A_n $$ in $D(A_n)$. Here $E|_{X_n}$ denotes the derived pullback of $E$ to $X_n$. ",
        "label": "lemma-compute-against-perfect-derived",
        "tag": "0DIM",
        "url": "https://stacks.math.columbia.edu/tag/0DIM",
        "source_filename": "spaces-flat.tex"
    },
    {
        "theorem": "Lemma 77.13.4.",
        "body": "  In Situation \\ref{situation-existence-derived} let $K$ be as in Lemma \\ref{lemma-compute-what-it-should-be-derived}. Then $K$ is pseudo-coherent on $X$. ",
        "label": "lemma-relative-pseudo-coherence-derived",
        "tag": "0DIN",
        "url": "https://stacks.math.columbia.edu/tag/0DIN",
        "source_filename": "spaces-flat.tex"
    },
    {
        "theorem": "Lemma 77.13.5.",
        "body": "  In Situation \\ref{situation-existence-derived} let $K$ be as in Lemma \\ref{lemma-compute-what-it-should-be-derived}. For any \\'etale morphism $U \\to X$ with $U$ quasi-compact and quasi-separated we have $$ R\\Gamma(U, K) \\otimes_A^\\mathbf{L} A_n = R\\Gamma(U_n, K_n) $$ in $D(A_n)$ where $U_n = U \\times_X X_n$. ",
        "label": "lemma-compute-over-affine-derived",
        "tag": "0DIP",
        "url": "https://stacks.math.columbia.edu/tag/0DIP",
        "source_filename": "spaces-flat.tex"
    },
    {
        "theorem": "Theorem 77.13.6.",
        "body": "[Derived Grothendieck Existence Theorem]  In Situation \\ref{situation-existence-derived} there exists a pseudo-coherent $K$ in $D(\\mathcal{O}_X)$ such that $K_n = K \\otimes_{\\mathcal{O}_X}^\\mathbf{L} \\mathcal{O}_{X_n}$ for all $n$ compatibly with the maps $\\varphi_n$. ",
        "label": "theorem-existence-derived",
        "tag": "0DIQ",
        "url": "https://stacks.math.columbia.edu/tag/0DIQ",
        "source_filename": "spaces-flat.tex"
    },
    {
        "theorem": "Remark 77.13.7.",
        "body": "  The result in this section can be generalized. It is probably correct if we only assume $X \\to \\mathop{\\mathrm{Spec}}(A)$ to be separated, of finite presentation, and $K_n$ pseudo-coherent relative to $A_n$ supported on a closed subset of $X_n$ proper over $A_n$. The outcome will be a $K$ which is pseudo-coherent relative to $A$ supported on a closed subset proper over $A$. If we ever need this, we will formulate a precise statement and prove it here. ",
        "label": "remark-correct-generality",
        "tag": "0DIR",
        "url": "https://stacks.math.columbia.edu/tag/0DIR",
        "source_filename": "spaces-flat.tex"
    }
]