[
    {
        "theorem": "Lemma 84.3.1.",
        "body": "  Let $S$ be a scheme. Let $\\tau \\in \\{{\\acute{e}tale}, fppf, ph\\}$ (add more here). The inclusion functor $$ (\\mathit{Sch}/S)_\\tau \\longrightarrow (\\textit{Spaces}/S)_\\tau $$ is a special cocontinuous functor (Sites, Definition \\ref{sites-definition-special-cocontinuous-functor}) and hence identifies topoi. ",
        "label": "lemma-compare-cohomology-other-topologies",
        "tag": "0DFV",
        "url": "https://stacks.math.columbia.edu/tag/0DFV",
        "source_filename": "spaces-more-cohomology.tex"
    },
    {
        "theorem": "Lemma 84.4.1.",
        "body": "  Let $S$ be a scheme. Let $f : Y \\to X$ be a surjective proper morphism of algebraic spaces over $S$. Let $\\mathcal{F}$ be a sheaf on $X_{\\acute{e}tale}$. Then $\\mathcal{F} \\to f_*f^{-1}\\mathcal{F}$ is injective with image the equalizer of the two maps $f_*f^{-1}\\mathcal{F} \\to g_*g^{-1}\\mathcal{F}$ where $g$ is the structure morphism $g : Y \\times_X Y \\to X$. ",
        "label": "lemma-surjective-proper",
        "tag": "0DFX",
        "url": "https://stacks.math.columbia.edu/tag/0DFX",
        "source_filename": "spaces-more-cohomology.tex"
    },
    {
        "theorem": "Lemma 84.4.2.",
        "body": "  Let $(A, I)$ be a henselian pair. Let $X$ be an algebraic space over $A$ such that the structure morphism $f : X \\to \\mathop{\\mathrm{Spec}}(A)$ is proper. Let $i : X_0 \\to X$ be the inclusion of $X \\times_{\\mathop{\\mathrm{Spec}}(A)} \\mathop{\\mathrm{Spec}}(A/I)$. For any sheaf $\\mathcal{F}$ on $X_{\\acute{e}tale}$ we have $\\Gamma(X, \\mathcal{F}) = \\Gamma(X_0, i^{-1}\\mathcal{F})$. ",
        "label": "lemma-h0-proper-over-henselian-pair",
        "tag": "0DFY",
        "url": "https://stacks.math.columbia.edu/tag/0DFY",
        "source_filename": "spaces-more-cohomology.tex"
    },
    {
        "theorem": "Lemma 84.4.3.",
        "body": "  Let $A$ be a henselian local ring. Let $X$ be an algebraic space over $A$ such that $f : X \\to \\mathop{\\mathrm{Spec}}(A)$ is a proper morphism. Let $X_0 \\subset X$ be the fibre of $f$ over the closed point. For any sheaf $\\mathcal{F}$ on $X_{\\acute{e}tale}$ we have $\\Gamma(X, \\mathcal{F}) = \\Gamma(X_0, \\mathcal{F}|_{X_0})$. ",
        "label": "lemma-h0-proper-over-henselian-local",
        "tag": "0DFZ",
        "url": "https://stacks.math.columbia.edu/tag/0DFZ",
        "source_filename": "spaces-more-cohomology.tex"
    },
    {
        "theorem": "Lemma 84.4.4.",
        "body": "  Let $S$ be a scheme. Let $f : X \\to Y$ and $g : Y' \\to Y$ be a morphisms of algebraic spaces over $S$. Assume $f$ is proper. Set $X' = Y' \\times_Y X$ with projections $f' : X' \\to Y'$ and $g' : X' \\to X$. Let $\\mathcal{F}$ be any sheaf on $X_{\\acute{e}tale}$. Then $g^{-1}f_*\\mathcal{F} = f'_*(g')^{-1}\\mathcal{F}$. ",
        "label": "lemma-proper-base-change-f-star",
        "tag": "0DG0",
        "url": "https://stacks.math.columbia.edu/tag/0DG0",
        "source_filename": "spaces-more-cohomology.tex"
    },
    {
        "theorem": "Lemma 84.4.5.",
        "body": "  Let $S$ be a scheme. Let $f : Y \\to X$ be a proper morphism of algebraic spaces over $S$. Let $\\overline{x} \\to X$ be a geometric point. For any sheaf $\\mathcal{F}$ on $Y_{\\acute{e}tale}$ the canonical map $$ (f_*\\mathcal{F})_{\\overline{x}} \\longrightarrow \\Gamma(Y_{\\overline{x}}, \\mathcal{F}_{\\overline{x}}) $$ is bijective. ",
        "label": "lemma-proper-pushforward-stalk",
        "tag": "0DG1",
        "url": "https://stacks.math.columbia.edu/tag/0DG1",
        "source_filename": "spaces-more-cohomology.tex"
    },
    {
        "theorem": "Theorem 84.4.6.",
        "body": "  Let $S$ be a scheme. Let $$ \\xymatrix{ X' \\ar[r]_{g'} \\ar[d]_{f'} & X \\ar[d]^f \\\\ Y' \\ar[r]^g & Y } $$ be a cartesian square of algebraic spaces over $S$. Assume $f$ is proper. Let $\\mathcal{F}$ be an abelian torsion sheaf on $X_{\\acute{e}tale}$. Then the base change map $$ g^{-1}Rf_*\\mathcal{F} \\longrightarrow Rf'_*(g')^{-1}\\mathcal{F} $$ is an isomorphism. ",
        "label": "theorem-proper-base-change",
        "tag": "0DG2",
        "url": "https://stacks.math.columbia.edu/tag/0DG2",
        "source_filename": "spaces-more-cohomology.tex"
    },
    {
        "theorem": "Lemma 84.4.7.",
        "body": "  Let $S$ be a scheme. Let $$ \\xymatrix{ X' \\ar[r]_{g'} \\ar[d]_{f'} & X \\ar[d]^f \\\\ Y' \\ar[r]^g & Y } $$ be a cartesian square of algebraic spaces over $S$. Assume $f$ is proper. Let $E \\in D^+(X_{\\acute{e}tale})$ have torsion cohomology sheaves. Then the base change map $g^{-1}Rf_*E \\to Rf'_*(g')^{-1}E$ is an isomorphism. ",
        "label": "lemma-proper-base-change",
        "tag": "0DG3",
        "url": "https://stacks.math.columbia.edu/tag/0DG3",
        "source_filename": "spaces-more-cohomology.tex"
    },
    {
        "theorem": "Lemma 84.4.8.",
        "body": "  Let $S$ be a scheme. Let $f : X \\to Y$ be a proper morphism of algebraic spaces. Let $\\overline{y} \\to Y$ be a geometric point. \\begin{enumerate} \\item For a torsion abelian sheaf $\\mathcal{F}$ on $X_{\\acute{e}tale}$ we have $(R^nf_*\\mathcal{F})_{\\overline{y}} = H^n_{\\acute{e}tale}(X_{\\overline{y}}, \\mathcal{F}_{\\overline{y}})$. \\item For $E \\in D^+(X_{\\acute{e}tale})$ with torsion cohomology sheaves we have $(R^nf_*E)_{\\overline{y}} = H^n_{\\acute{e}tale}(X_{\\overline{y}}, E_{\\overline{y}})$. \\end{enumerate} ",
        "label": "lemma-proper-base-change-stalk",
        "tag": "0DG4",
        "url": "https://stacks.math.columbia.edu/tag/0DG4",
        "source_filename": "spaces-more-cohomology.tex"
    },
    {
        "theorem": "Lemma 84.4.9.",
        "body": "  Let $k'/k$ be an extension of separably closed fields. Let $X$ be a proper algebraic space over $k$. Let $\\mathcal{F}$ be a torsion abelian sheaf on $X$. Then the map $H^q_{\\acute{e}tale}(X, \\mathcal{F}) \\to H^q_{\\acute{e}tale}(X_{k'}, \\mathcal{F}|_{X_{k'}})$ is an isomorphism for $q \\geq 0$. ",
        "label": "lemma-base-change-separably-closed",
        "tag": "0DG5",
        "url": "https://stacks.math.columbia.edu/tag/0DG5",
        "source_filename": "spaces-more-cohomology.tex"
    },
    {
        "theorem": "Lemma 84.5.1.",
        "body": "  Let $S$ be a scheme. Let $X$ be an algebraic space over $S$. Let $\\mathcal{F}$ be a sheaf on $X_{\\acute{e}tale}$. Then $\\pi_X^{-1}\\mathcal{F}$ is given by the rule $$ (\\pi_X^{-1}\\mathcal{F})(Y) = \\Gamma(Y_{\\acute{e}tale}, f_{small}^{-1}\\mathcal{F}) $$ for $f : Y \\to X$ in $(\\textit{Spaces}/X)_{\\acute{e}tale}$. Moreover, $\\pi_Y^{-1}\\mathcal{F}$ satisfies the sheaf condition with respect to smooth, syntomic, fppf, fpqc, and ph coverings. ",
        "label": "lemma-describe-pullback",
        "tag": "0DG7",
        "url": "https://stacks.math.columbia.edu/tag/0DG7",
        "source_filename": "spaces-more-cohomology.tex"
    },
    {
        "theorem": "Lemma 84.5.2.",
        "body": "  Let $S$ be a scheme. Let $Y \\to X$ be a morphism of $(\\textit{Spaces}/S)_{\\acute{e}tale}$. \\begin{enumerate} \\item If $\\mathcal{I}$ is injective in $\\textit{Ab}((\\textit{Spaces}/X)_{\\acute{e}tale})$, then \\begin{enumerate} \\item $i_f^{-1}\\mathcal{I}$ is injective in $\\textit{Ab}(Y_{\\acute{e}tale})$, \\item $\\mathcal{I}|_{X_{\\acute{e}tale}}$ is injective in $\\textit{Ab}(X_{\\acute{e}tale})$, \\end{enumerate} \\item If $\\mathcal{I}^\\bullet$ is a K-injective complex in $\\textit{Ab}((\\textit{Spaces}/X)_{\\acute{e}tale})$, then \\begin{enumerate} \\item $i_f^{-1}\\mathcal{I}^\\bullet$ is a K-injective complex in $\\textit{Ab}(Y_{\\acute{e}tale})$, \\item $\\mathcal{I}^\\bullet|_{X_{\\acute{e}tale}}$ is a K-injective complex in $\\textit{Ab}(X_{\\acute{e}tale})$, \\end{enumerate} \\end{enumerate} The corresponding statements for modules do not hold. ",
        "label": "lemma-compare-injectives",
        "tag": "0DG8",
        "url": "https://stacks.math.columbia.edu/tag/0DG8",
        "source_filename": "spaces-more-cohomology.tex"
    },
    {
        "theorem": "Lemma 84.5.3.",
        "body": "  Let $S$ be a scheme. Let $f : Y \\to X$ be a morphism of algebraic spaces over $S$. \\begin{enumerate} \\item For $K$ in $D((\\textit{Spaces}/Y)_{\\acute{e}tale})$ we have $ (Rf_{big, *}K)|_{X_{\\acute{e}tale}} = Rf_{small, *}(K|_{Y_{\\acute{e}tale}}) $ in $D(X_{\\acute{e}tale})$. \\item For $K$ in $D((\\textit{Spaces}/Y)_{\\acute{e}tale}, \\mathcal{O})$ we have $ (Rf_{big, *}K)|_{X_{\\acute{e}tale}} = Rf_{small, *}(K|_{Y_{\\acute{e}tale}}) $ in $D(\\textit{Mod}(X_{\\acute{e}tale}, \\mathcal{O}_X))$. \\end{enumerate} More generally, let $g : X' \\to X$ be an object of $(\\textit{Spaces}/X)_{\\acute{e}tale}$. Consider the fibre product $$ \\xymatrix{ Y' \\ar[r]_{g'} \\ar[d]_{f'} & Y \\ar[d]^f \\\\ X' \\ar[r]^g & X } $$ Then \\begin{enumerate} \\item[(3)] For $K$ in $D((\\textit{Spaces}/Y)_{\\acute{e}tale})$ we have $i_g^{-1}(Rf_{big, *}K) = Rf'_{small, *}(i_{g'}^{-1}K)$ in $D(X'_{\\acute{e}tale})$. \\item[(4)] For $K$ in $D((\\textit{Spaces}/Y)_{\\acute{e}tale}, \\mathcal{O})$ we have $i_g^*(Rf_{big, *}K) = Rf'_{small, *}(i_{g'}^*K)$ in $D(\\textit{Mod}(X'_{\\acute{e}tale}, \\mathcal{O}_{X'}))$. \\item[(5)] For $K$ in $D((\\textit{Spaces}/Y)_{\\acute{e}tale})$ we have $g_{big}^{-1}(Rf_{big, *}K) = Rf'_{big, *}((g'_{big})^{-1}K)$ in $D((\\textit{Spaces}/X')_{\\acute{e}tale})$. \\item[(6)] For $K$ in $D((\\textit{Spaces}/Y)_{\\acute{e}tale}, \\mathcal{O})$ we have $g_{big}^*(Rf_{big, *}K) = Rf'_{big, *}((g'_{big})^*K)$ in $D(\\textit{Mod}(X'_{\\acute{e}tale}, \\mathcal{O}_{X'}))$. \\end{enumerate} ",
        "label": "lemma-compare-higher-direct-image",
        "tag": "0DGA",
        "url": "https://stacks.math.columbia.edu/tag/0DGA",
        "source_filename": "spaces-more-cohomology.tex"
    },
    {
        "theorem": "Lemma 84.5.4.",
        "body": "  Let $S$ be a scheme. Let $f : Y \\to X$ be a morphism of algebraic spaces over $S$. Then \\begin{enumerate} \\item For $K$ in $D(X_{\\acute{e}tale})$ we have $H^n_{\\acute{e}tale}(X, \\pi_X^{-1}K) = H^n(X_{\\acute{e}tale}, K)$. \\item For $K$ in $D(X_{\\acute{e}tale}, \\mathcal{O}_X)$ we have $H^n_{\\acute{e}tale}(X, L\\pi_X^*K) = H^n(X_{\\acute{e}tale}, K)$. \\item For $K$ in $D(X_{\\acute{e}tale})$ we have $H^n_{\\acute{e}tale}(Y, \\pi_X^{-1}K) = H^n(Y_{\\acute{e}tale}, f_{small}^{-1}K)$. \\item For $K$ in $D(X_{\\acute{e}tale}, \\mathcal{O}_X)$ we have $H^n_{\\acute{e}tale}(Y, L\\pi_X^*K) = H^n(Y_{\\acute{e}tale}, Lf_{small}^*K)$. \\item For $M$ in $D((\\textit{Spaces}/X)_{\\acute{e}tale})$ we have $H^n_{\\acute{e}tale}(Y, M) = H^n(Y_{\\acute{e}tale}, i_f^{-1}M)$. \\item For $M$ in $D((\\textit{Spaces}/X)_{\\acute{e}tale}, \\mathcal{O})$ we have $H^n_{\\acute{e}tale}(Y, M) = H^n(Y_{\\acute{e}tale}, i_f^*M)$. \\end{enumerate} ",
        "label": "lemma-compare-cohomology",
        "tag": "0DGB",
        "url": "https://stacks.math.columbia.edu/tag/0DGB",
        "source_filename": "spaces-more-cohomology.tex"
    },
    {
        "theorem": "Lemma 84.5.5.",
        "body": "  Let $S$ be a scheme. Let $X$ be an algebraic space over $S$. For $K \\in D(X_{\\acute{e}tale})$ the map $$ K \\longrightarrow R\\pi_{X, *}\\pi_X^{-1}K $$ is an isomorphism where $\\pi_X : \\mathop{\\mathit{Sh}}\\nolimits((\\textit{Spaces}/X)_{\\acute{e}tale}) \\to \\mathop{\\mathit{Sh}}\\nolimits(X_{\\acute{e}tale})$ is as above. ",
        "label": "lemma-cohomological-descent-etale",
        "tag": "0DGC",
        "url": "https://stacks.math.columbia.edu/tag/0DGC",
        "source_filename": "spaces-more-cohomology.tex"
    },
    {
        "theorem": "Lemma 84.5.6.",
        "body": "  Let $S$ be a scheme. Let $f : Y \\to X$ be a proper morphism of algebraic spaces over $S$. Then we have \\begin{enumerate} \\item $\\pi_X^{-1} \\circ f_{small, *} = f_{big, *} \\circ \\pi_Y^{-1}$ as functors $\\mathop{\\mathit{Sh}}\\nolimits(Y_{\\acute{e}tale}) \\to \\mathop{\\mathit{Sh}}\\nolimits((\\textit{Spaces}/X)_{\\acute{e}tale})$, \\item $\\pi_X^{-1}Rf_{small, *}K = Rf_{big, *}\\pi_Y^{-1}K$ for $K$ in $D^+(Y_{\\acute{e}tale})$ whose cohomology sheaves are torsion, and \\item $\\pi_X^{-1}Rf_{small, *}K = Rf_{big, *}\\pi_Y^{-1}K$ for all $K$ in $D(Y_{\\acute{e}tale})$ if $f$ is finite. \\end{enumerate} ",
        "label": "lemma-compare-higher-direct-image-proper",
        "tag": "0DGD",
        "url": "https://stacks.math.columbia.edu/tag/0DGD",
        "source_filename": "spaces-more-cohomology.tex"
    },
    {
        "theorem": "Lemma 84.6.1.",
        "body": "  Let $S$ be a scheme. Let $X$ be an algebraic space over $S$. \\begin{enumerate} \\item For $\\mathcal{F} \\in \\mathop{\\mathit{Sh}}\\nolimits(X_{\\acute{e}tale})$ we have $\\epsilon_{X, *}a_X^{-1}\\mathcal{F} = \\pi_X^{-1}\\mathcal{F}$ and $a_{X, *}a_X^{-1}\\mathcal{F} = \\mathcal{F}$. \\item For $\\mathcal{F} \\in \\textit{Ab}(X_{\\acute{e}tale})$ we have $R^i\\epsilon_{X, *}(a_X^{-1}\\mathcal{F}) = 0$ for $i > 0$. \\end{enumerate} ",
        "label": "lemma-comparison-fppf-etale",
        "tag": "0DGF",
        "url": "https://stacks.math.columbia.edu/tag/0DGF",
        "source_filename": "spaces-more-cohomology.tex"
    },
    {
        "theorem": "Lemma 84.6.2.",
        "body": "  Let $S$ be a scheme. Let $X$ be an algebraic space over $S$. For $K \\in D^+(X_{\\acute{e}tale})$ the maps $$ \\pi_X^{-1}K \\longrightarrow R\\epsilon_{X, *}a_X^{-1}K \\quad\\text{and}\\quad K \\longrightarrow Ra_{X, *}a_X^{-1}K $$ are isomorphisms with $a_X : \\mathop{\\mathit{Sh}}\\nolimits((\\textit{Spaces}/X)_{fppf}) \\to \\mathop{\\mathit{Sh}}\\nolimits(X_{\\acute{e}tale})$ as above. ",
        "label": "lemma-cohomological-descent-etale-fppf",
        "tag": "0DGG",
        "url": "https://stacks.math.columbia.edu/tag/0DGG",
        "source_filename": "spaces-more-cohomology.tex"
    },
    {
        "theorem": "Lemma 84.6.3.",
        "body": "  Let $S$ be a scheme and let $X$ be an algebraic space over $S$. With $a_X : \\mathop{\\mathit{Sh}}\\nolimits((\\textit{Spaces}/X)_{fppf}) \\to \\mathop{\\mathit{Sh}}\\nolimits(X_{\\acute{e}tale})$ as above: \\begin{enumerate} \\item $H^q(X_{\\acute{e}tale}, \\mathcal{F}) = H^q_{fppf}(X, a_X^{-1}\\mathcal{F})$ for an abelian sheaf $\\mathcal{F}$ on $X_{\\acute{e}tale}$, \\item $H^q(X_{\\acute{e}tale}, K) = H^q_{fppf}(X, a_X^{-1}K)$ for $K \\in D^+(X_{\\acute{e}tale})$. \\end{enumerate} Example: if $A$ is an abelian group, then $H^q_{\\acute{e}tale}(X, \\underline{A}) = H^q_{fppf}(X, \\underline{A})$. ",
        "label": "lemma-compare-cohomology-etale-fppf",
        "tag": "0DGH",
        "url": "https://stacks.math.columbia.edu/tag/0DGH",
        "source_filename": "spaces-more-cohomology.tex"
    },
    {
        "theorem": "Lemma 84.6.4.",
        "body": "  Let $S$ be a scheme. Let $f : X \\to Y$ be a morphism of algebraic spaces over $S$. Then there are commutative diagrams of topoi $$ \\xymatrix{ \\mathop{\\mathit{Sh}}\\nolimits((\\textit{Spaces}/X)_{fppf}) \\ar[rr]_{f_{big, fppf}} \\ar[d]_{\\epsilon_X} & & \\mathop{\\mathit{Sh}}\\nolimits((\\textit{Spaces}/Y)_{fppf}) \\ar[d]^{\\epsilon_Y} \\\\ \\mathop{\\mathit{Sh}}\\nolimits((\\textit{Spaces}/X)_{\\acute{e}tale}) \\ar[rr]^{f_{big, {\\acute{e}tale}}} & & \\mathop{\\mathit{Sh}}\\nolimits((\\textit{Spaces}/Y)_{\\acute{e}tale}) } $$ and $$ \\xymatrix{ \\mathop{\\mathit{Sh}}\\nolimits((\\textit{Spaces}/X)_{fppf}) \\ar[rr]_{f_{big, fppf}} \\ar[d]_{a_X} & & \\mathop{\\mathit{Sh}}\\nolimits((\\textit{Spaces}/Y)_{fppf}) \\ar[d]^{a_Y} \\\\ \\mathop{\\mathit{Sh}}\\nolimits(X_{\\acute{e}tale}) \\ar[rr]^{f_{small}} & & \\mathop{\\mathit{Sh}}\\nolimits(Y_{\\acute{e}tale}) } $$ with $a_X = \\pi_X \\circ \\epsilon_X$ and $a_Y = \\pi_X \\circ \\epsilon_X$. ",
        "label": "lemma-push-pull-fppf-etale",
        "tag": "0DGI",
        "url": "https://stacks.math.columbia.edu/tag/0DGI",
        "source_filename": "spaces-more-cohomology.tex"
    },
    {
        "theorem": "Lemma 84.6.5.",
        "body": "  In Lemma \\ref{lemma-push-pull-fppf-etale} if $f$ is proper, then we have \\begin{enumerate} \\item $a_Y^{-1} \\circ f_{small, *} = f_{big, fppf, *} \\circ a_X^{-1}$, and \\item $a_Y^{-1}(Rf_{small, *}K) = Rf_{big, fppf, *}(a_X^{-1}K)$ for $K$ in $D^+(X_{\\acute{e}tale})$ with torsion cohomology sheaves. \\end{enumerate} ",
        "label": "lemma-proper-push-pull-fppf-etale",
        "tag": "0DGJ",
        "url": "https://stacks.math.columbia.edu/tag/0DGJ",
        "source_filename": "spaces-more-cohomology.tex"
    },
    {
        "theorem": "Lemma 84.6.6.",
        "body": "  In Lemma \\ref{lemma-push-pull-fppf-etale} if $f$ is finite, then $a_Y^{-1}(Rf_{small, *}K) = Rf_{big, fppf, *}(a_X^{-1}K)$ for $K$ in $D^+(X_{\\acute{e}tale})$. ",
        "label": "lemma-finite-push-pull-fppf-etale",
        "tag": "0DGK",
        "url": "https://stacks.math.columbia.edu/tag/0DGK",
        "source_filename": "spaces-more-cohomology.tex"
    },
    {
        "theorem": "Lemma 84.6.7.",
        "body": "  In Lemma \\ref{lemma-push-pull-fppf-etale} assume $f$ is flat, locally of finite presentation, and surjective. Then the functor $$ \\mathop{\\mathit{Sh}}\\nolimits(Y_{\\acute{e}tale}) \\longrightarrow \\left\\{ (\\mathcal{G}, \\mathcal{H}, \\alpha) \\middle| \\begin{matrix} \\mathcal{G} \\in \\mathop{\\mathit{Sh}}\\nolimits(X_{\\acute{e}tale}),\\ \\mathcal{H} \\in \\mathop{\\mathit{Sh}}\\nolimits((\\mathit{Sch}/Y)_{fppf}), \\\\ \\alpha : a_X^{-1}\\mathcal{G} \\to f_{big, fppf}^{-1}\\mathcal{H} \\text{ an isomorphism} \\end{matrix} \\right\\} $$ sending $\\mathcal{F}$ to $(f_{small}^{-1}\\mathcal{F}, a_Y^{-1}\\mathcal{F}, can)$ is an equivalence. ",
        "label": "lemma-descent-sheaf-fppf-etale",
        "tag": "0DGL",
        "url": "https://stacks.math.columbia.edu/tag/0DGL",
        "source_filename": "spaces-more-cohomology.tex"
    },
    {
        "theorem": "Lemma 84.7.1.",
        "body": "  Let $S$ be a scheme. Let $X$ be an algebraic space over $S$. Let $\\mathcal{F}$ be a quasi-coherent $\\mathcal{O}_X$-module. \\begin{enumerate} \\item The rule $$ \\mathcal{F}^a : (\\textit{Spaces}/X)_{\\acute{e}tale} \\longrightarrow \\textit{Ab},\\quad (f : Y \\to X) \\longmapsto \\Gamma(Y, f^*\\mathcal{F}) $$ satisfies the sheaf condition for fpqc and a fortiori fppf and \\'etale coverings, \\item $\\mathcal{F}^a = \\pi_X^*\\mathcal{F}$ on $(\\textit{Spaces}/X)_{\\acute{e}tale}$, \\item $\\mathcal{F}^a = a_X^*\\mathcal{F}$ on $(\\textit{Spaces}/X)_{fppf}$, \\item the rule $\\mathcal{F} \\mapsto \\mathcal{F}^a$ defines an equivalence between quasi-coherent $\\mathcal{O}_X$-modules and quasi-coherent modules on $((\\textit{Spaces}/X)_{\\acute{e}tale}, \\mathcal{O})$, \\item the rule $\\mathcal{F} \\mapsto \\mathcal{F}^a$ defines an equivalence between quasi-coherent $\\mathcal{O}_X$-modules and quasi-coherent modules on $((\\textit{Spaces}/X)_{fppf}, \\mathcal{O})$, \\item we have $\\epsilon_{X, *}a_X^*\\mathcal{F} = \\pi_X^*\\mathcal{F}$ and $a_{X, *}a_X^*\\mathcal{F} = \\mathcal{F}$, \\item we have $R^i\\epsilon_{X, *}(a_X^*\\mathcal{F}) = 0$ and $R^ia_{X, *}(a_X^*\\mathcal{F}) = 0$ for $i > 0$. \\end{enumerate} ",
        "label": "lemma-review-quasi-coherent",
        "tag": "0DGN",
        "url": "https://stacks.math.columbia.edu/tag/0DGN",
        "source_filename": "spaces-more-cohomology.tex"
    },
    {
        "theorem": "Lemma 84.7.2.",
        "body": "  Let $S$ be a scheme. Let $X$ be an algebraic space over $S$. For $\\mathcal{F}$ a quasi-coherent $\\mathcal{O}_X$-module the maps $$ \\pi_X^*\\mathcal{F} \\longrightarrow R\\epsilon_{X, *}(a_X^*\\mathcal{F}) \\quad\\text{and}\\quad \\mathcal{F} \\longrightarrow Ra_{X, *}(a_X^*\\mathcal{F}) $$ are isomorphisms. ",
        "label": "lemma-cohomological-descent-etale-fppf-modules",
        "tag": "0DGP",
        "url": "https://stacks.math.columbia.edu/tag/0DGP",
        "source_filename": "spaces-more-cohomology.tex"
    },
    {
        "theorem": "Lemma 84.7.3.",
        "body": "  Let $S$ be a scheme. Let $X$ be an algebraic space over $S$. Let $\\mathcal{F}_1 \\to \\mathcal{F}_2 \\to \\mathcal{F}_3$ be a complex of quasi-coherent $\\mathcal{O}_X$-modules. Set $$ \\mathcal{H}_{\\acute{e}tale} = \\mathop{\\mathrm{Ker}}(\\pi_X^*\\mathcal{F}_2 \\to \\pi_X^*\\mathcal{F}_3)/ \\mathop{\\mathrm{Im}}(\\pi_X^*\\mathcal{F}_1 \\to \\pi_X^*\\mathcal{F}_2) $$ on $(\\textit{Spaces}/X)_{\\acute{e}tale}$ and set $$ \\mathcal{H}_{fppf} = \\mathop{\\mathrm{Ker}}(a_X^*\\mathcal{F}_2 \\to a_X^*\\mathcal{F}_3)/ \\mathop{\\mathrm{Im}}(a_X^*\\mathcal{F}_1 \\to a_X^*\\mathcal{F}_2) $$ on $(\\textit{Spaces}/X)_{fppf}$. Then $\\mathcal{H}_{\\acute{e}tale} = \\epsilon_{X, *}\\mathcal{H}_{fppf}$ and $$ H^p_{\\acute{e}tale}(U, \\mathcal{H}_{\\acute{e}tale}) = H^p_{fppf}(U, \\mathcal{H}_{fppf}) = 0 $$ for $p > 0$ and any affine object $U$ of $(\\textit{Spaces}/X)_{\\acute{e}tale}$. ",
        "label": "lemma-vanishing-adequate",
        "tag": "0DGQ",
        "url": "https://stacks.math.columbia.edu/tag/0DGQ",
        "source_filename": "spaces-more-cohomology.tex"
    },
    {
        "theorem": "Lemma 84.7.4.",
        "body": "  Let $S$ be a scheme. Let $X$ be an algebraic space over $S$. For $K \\in D_\\mathit{QCoh}(\\mathcal{O}_X)$ the maps $$ L\\pi_X^*K \\longrightarrow R\\epsilon_{X, *}(La_X^*K) \\quad\\text{and}\\quad K \\longrightarrow Ra_{X, *}(La_X^*K) $$ are isomorphisms. Here $a_X : \\mathop{\\mathit{Sh}}\\nolimits((\\textit{Spaces}/X)_{fppf}) \\to \\mathop{\\mathit{Sh}}\\nolimits(X_{\\acute{e}tale})$ is as above. ",
        "label": "lemma-cohomological-descent-etale-fppf-modules-unbounded",
        "tag": "0DGR",
        "url": "https://stacks.math.columbia.edu/tag/0DGR",
        "source_filename": "spaces-more-cohomology.tex"
    },
    {
        "theorem": "Lemma 84.8.1.",
        "body": "  Let $S$ be a scheme. Let $X$ be an algebraic space over $S$. \\begin{enumerate} \\item For $\\mathcal{F} \\in \\mathop{\\mathit{Sh}}\\nolimits(X_{\\acute{e}tale})$ we have $\\epsilon_{X, *}a_X^{-1}\\mathcal{F} = \\pi_X^{-1}\\mathcal{F}$ and $a_{X, *}a_X^{-1}\\mathcal{F} = \\mathcal{F}$. \\item For $\\mathcal{F} \\in \\textit{Ab}(X_{\\acute{e}tale})$ torsion we have $R^i\\epsilon_{X, *}(a_X^{-1}\\mathcal{F}) = 0$ for $i > 0$. \\end{enumerate} ",
        "label": "lemma-comparison-ph-etale",
        "tag": "0DGT",
        "url": "https://stacks.math.columbia.edu/tag/0DGT",
        "source_filename": "spaces-more-cohomology.tex"
    },
    {
        "theorem": "Lemma 84.8.2.",
        "body": "  Let $S$ be a scheme. Let $X$ be an algebraic space over $S$. For $K \\in D^+(X_{\\acute{e}tale})$ with torsion cohomology sheaves the maps $$ \\pi_X^{-1}K \\longrightarrow R\\epsilon_{X, *}a_X^{-1}K \\quad\\text{and}\\quad K \\longrightarrow Ra_{X, *}a_X^{-1}K $$ are isomorphisms with $a_X : \\mathop{\\mathit{Sh}}\\nolimits((\\textit{Spaces}/X)_{ph}) \\to \\mathop{\\mathit{Sh}}\\nolimits(X_{\\acute{e}tale})$ as above. ",
        "label": "lemma-cohomological-descent-etale-ph",
        "tag": "0DGU",
        "url": "https://stacks.math.columbia.edu/tag/0DGU",
        "source_filename": "spaces-more-cohomology.tex"
    },
    {
        "theorem": "Lemma 84.8.3.",
        "body": "  Let $S$ be a scheme and let $X$ be an algebraic space over $S$. With $a_X : \\mathop{\\mathit{Sh}}\\nolimits((\\textit{Spaces}/X)_{ph}) \\to \\mathop{\\mathit{Sh}}\\nolimits(X_{\\acute{e}tale})$ as above: \\begin{enumerate} \\item $H^q(X_{\\acute{e}tale}, \\mathcal{F}) = H^q_{ph}(X, a_X^{-1}\\mathcal{F})$ for a torsion abelian sheaf $\\mathcal{F}$ on $X_{\\acute{e}tale}$, \\item $H^q(X_{\\acute{e}tale}, K) = H^q_{ph}(X, a_X^{-1}K)$ for $K \\in D^+(X_{\\acute{e}tale})$ with torsion cohomology sheaves \\end{enumerate} Example: if $A$ is a torsion abelian group, then $H^q_{\\acute{e}tale}(X, \\underline{A}) = H^q_{ph}(X, \\underline{A})$. ",
        "label": "lemma-compare-cohomology-etale-ph",
        "tag": "0DGV",
        "url": "https://stacks.math.columbia.edu/tag/0DGV",
        "source_filename": "spaces-more-cohomology.tex"
    },
    {
        "theorem": "Lemma 84.8.4.",
        "body": "  Let $S$ be a scheme. Let $f : X \\to Y$ be a morphism of algebraic spaces over $S$. Then there are commutative diagrams of topoi $$ \\xymatrix{ \\mathop{\\mathit{Sh}}\\nolimits((\\textit{Spaces}/X)_{ph}) \\ar[rr]_{f_{big, ph}} \\ar[d]_{\\epsilon_X} & & \\mathop{\\mathit{Sh}}\\nolimits((\\textit{Spaces}/Y)_{ph}) \\ar[d]^{\\epsilon_Y} \\\\ \\mathop{\\mathit{Sh}}\\nolimits((\\textit{Spaces}/X)_{\\acute{e}tale}) \\ar[rr]^{f_{big, {\\acute{e}tale}}} & & \\mathop{\\mathit{Sh}}\\nolimits((\\textit{Spaces}/Y)_{\\acute{e}tale}) } $$ and $$ \\xymatrix{ \\mathop{\\mathit{Sh}}\\nolimits((\\textit{Spaces}/X)_{ph}) \\ar[rr]_{f_{big, ph}} \\ar[d]_{a_X} & & \\mathop{\\mathit{Sh}}\\nolimits((\\textit{Spaces}/Y)_{ph}) \\ar[d]^{a_Y} \\\\ \\mathop{\\mathit{Sh}}\\nolimits(X_{\\acute{e}tale}) \\ar[rr]^{f_{small}} & & \\mathop{\\mathit{Sh}}\\nolimits(Y_{\\acute{e}tale}) } $$ with $a_X = \\pi_X \\circ \\epsilon_X$ and $a_Y = \\pi_X \\circ \\epsilon_X$. ",
        "label": "lemma-push-pull-ph-etale",
        "tag": "0DGW",
        "url": "https://stacks.math.columbia.edu/tag/0DGW",
        "source_filename": "spaces-more-cohomology.tex"
    },
    {
        "theorem": "Lemma 84.8.5.",
        "body": "  In Lemma \\ref{lemma-push-pull-ph-etale} if $f$ is proper, then we have \\begin{enumerate} \\item $a_Y^{-1} \\circ f_{small, *} = f_{big, ph, *} \\circ a_X^{-1}$, and \\item $a_Y^{-1}(Rf_{small, *}K) = Rf_{big, ph, *}(a_X^{-1}K)$ for $K$ in $D^+(X_{\\acute{e}tale})$ with torsion cohomology sheaves. \\end{enumerate} ",
        "label": "lemma-proper-push-pull-ph-etale",
        "tag": "0DGX",
        "url": "https://stacks.math.columbia.edu/tag/0DGX",
        "source_filename": "spaces-more-cohomology.tex"
    }
]