[
    {
        "theorem": "Lemma 72.3.1.",
        "body": "  Let $S$ be a scheme. Let $f : X \\to Y$ be a morphism of algebraic spaces over $S$. Assume $f$ is locally of finite type and $Y$ is locally Noetherian. Let $y \\in |Y|$ be a point of codimension $\\leq 1$ on $Y$. Let $X^0 \\subset |X|$ be the set of points of codimension $0$ on $X$. Assume in addition one of the following conditions is satisfied \\begin{enumerate} \\item for every $x \\in X^0$ the transcendence degree of $x/f(x)$ is $0$, \\item for every $x \\in X^0$ with $f(x) \\leadsto y$ the transcendence degree of $x/f(x)$ is $0$, \\item $f$ is quasi-finite at every $x \\in X^0$, \\item $f$ is quasi-finite at a dense set of points of $|X|$, \\item add more here. \\end{enumerate} Then $f$ is quasi-finite at every point of $X$ lying over $y$. ",
        "label": "lemma-quasi-finite-in-codim-1",
        "tag": "0AD1",
        "url": "https://stacks.math.columbia.edu/tag/0AD1",
        "source_filename": "spaces-over-fields.tex"
    },
    {
        "theorem": "Lemma 72.3.2.",
        "body": "  Let $S$ be a scheme. Let $f : X \\to Y$ be a morphism of algebraic spaces over $S$. Assume $f$ is proper and $Y$ is locally Noetherian. Let $y \\in Y$ be a point of codimension $\\leq 1$ in $Y$. Let $X^0 \\subset |X|$ be the set of points of codimension $0$ on $X$. Assume in addition one of the following conditions is satisfied \\begin{enumerate} \\item for every $x \\in X^0$ the transcendence degree of $x/f(x)$ is $0$, \\item for every $x \\in X^0$ with $f(x) \\leadsto y$ the transcendence degree of $x/f(x)$ is $0$, \\item $f$ is quasi-finite at every $x \\in X^0$, \\item $f$ is quasi-finite at a dense set of points of $|X|$, \\item add more here. \\end{enumerate} Then there exists an open subspace $Y' \\subset Y$ containing $y$ such that $Y' \\times_Y X \\to Y'$ is finite. ",
        "label": "lemma-finite-in-codim-1",
        "tag": "0AD2",
        "url": "https://stacks.math.columbia.edu/tag/0AD2",
        "source_filename": "spaces-over-fields.tex"
    },
    {
        "theorem": "Lemma 72.3.3.",
        "body": "  Let $S$ be a scheme. Let $X$ be a Noetherian algebraic space over $S$. Let $f : Y \\to X$ be a birational proper morphism of algebraic spaces with $Y$ reduced. Let $U \\subset X$ be the maximal open over which $f$ is an isomorphism. Then $U$ contains \\begin{enumerate} \\item every point of codimension $0$ in $X$, \\item every $x \\in |X|$ of codimension $1$ on $X$ such that the local ring of $X$ at $x$ is normal (Properties of Spaces, Remark \\ref{spaces-properties-remark-list-properties-local-ring-local-etale-topology}), and \\item every $x \\in |X|$ such that the fibre of $|Y| \\to |X|$ over $x$ is finite and such that the local ring of $X$ at $x$ is normal. \\end{enumerate} ",
        "label": "lemma-modification-normal-iso-over-codimension-1",
        "tag": "0BBQ",
        "url": "https://stacks.math.columbia.edu/tag/0BBQ",
        "source_filename": "spaces-over-fields.tex"
    },
    {
        "theorem": "Definition 72.4.1.",
        "body": "  Let $S$ be a scheme. We say an algebraic space $X$ over $S$ is {\\it integral} if it is reduced, decent, and $|X|$ is irreducible. ",
        "label": "definition-integral-algebraic-space",
        "tag": "0AD4",
        "url": "https://stacks.math.columbia.edu/tag/0AD4",
        "source_filename": "spaces-over-fields.tex"
    },
    {
        "theorem": "Lemma 72.4.2.",
        "body": "  Let $S$ be a scheme. Let $X$ be an integral algebraic space over $S$. Let $\\eta \\in |X|$ be the generic point of $X$. There are canonical identifications $$ R(X) = \\mathcal{O}_{X, \\eta}^h = \\kappa(\\eta) $$ where $R(X)$ is the ring of rational functions defined in Morphisms of Spaces, Definition \\ref{spaces-morphisms-definition-ring-of-rational-functions}, $\\kappa(\\eta)$ is the residue field defined in Decent Spaces, Definition \\ref{decent-spaces-definition-residue-field}, and $\\mathcal{O}_{X, \\eta}^h$ is the henselian local ring defined in Decent Spaces, Definition \\ref{decent-spaces-definition-elemenary-etale-neighbourhood}. In particular, these rings are fields. ",
        "label": "lemma-integral-algebraic-space-rational-functions",
        "tag": "0END",
        "url": "https://stacks.math.columbia.edu/tag/0END",
        "source_filename": "spaces-over-fields.tex"
    },
    {
        "theorem": "Definition 72.4.3.",
        "body": "  Let $S$ be a scheme. Let $X$ be an integral algebraic space over $S$. The {\\it function field}, or the {\\it field of rational functions} of $X$ is the field $R(X)$ of Lemma \\ref{lemma-integral-algebraic-space-rational-functions}. ",
        "label": "definition-function-field",
        "tag": "0ENE",
        "url": "https://stacks.math.columbia.edu/tag/0ENE",
        "source_filename": "spaces-over-fields.tex"
    },
    {
        "theorem": "Lemma 72.4.4.",
        "body": "  Let $S$ be a scheme. Let $X$ be an integral algebraic space over $S$. Then $\\Gamma(X, \\mathcal{O}_X)$ is a domain. ",
        "label": "lemma-integral-sections",
        "tag": "0BH2",
        "url": "https://stacks.math.columbia.edu/tag/0BH2",
        "source_filename": "spaces-over-fields.tex"
    },
    {
        "theorem": "Lemma 72.4.5.",
        "body": "  Let $S$ be a scheme. Let $X$ be a normal integral algebraic space over $S$. For every $x \\in |X|$ there exists a normal integral affine scheme $U$ and an \\'etale morphism $U \\to X$ such that $x$ is in the image. ",
        "label": "lemma-normal-integral-cover-by-affines",
        "tag": "0AYH",
        "url": "https://stacks.math.columbia.edu/tag/0AYH",
        "source_filename": "spaces-over-fields.tex"
    },
    {
        "theorem": "Lemma 72.4.6.",
        "body": "  Let $S$ be a scheme. Let $X$ be a normal integral algebraic space over $S$. Then $\\Gamma(X, \\mathcal{O}_X)$ is a normal domain. ",
        "label": "lemma-normal-integral-sections",
        "tag": "0BH3",
        "url": "https://stacks.math.columbia.edu/tag/0BH3",
        "source_filename": "spaces-over-fields.tex"
    },
    {
        "theorem": "Lemma 72.4.7.",
        "body": "  Let $S$ be a scheme. Let $X$ be a decent algebraic space over $S$. There are canonical bijections between the following sets: \\begin{enumerate} \\item the set of points of $X$, i.e., $|X|$, \\item the set of irreducible closed subsets of $|X|$, \\item the set of integral closed subspaces of $X$. \\end{enumerate} The bijection from (1) to (2) sends $x$ to $\\overline{\\{x\\}}$. The bijection from (3) to (2) sends $Z$ to $|Z|$. ",
        "label": "lemma-decent-irreducible-closed",
        "tag": "0ENF",
        "url": "https://stacks.math.columbia.edu/tag/0ENF",
        "source_filename": "spaces-over-fields.tex"
    },
    {
        "theorem": "Lemma 72.5.1.",
        "body": "  Let $S$ be a scheme. Let $X$, $Y$ be integral algebraic spaces over $S$ Let $x \\in |X|$ and $y \\in |Y|$ be the generic points. Let $f : X \\to Y$ be locally of finite type. Assume $f$ is dominant (Morphisms of Spaces, Definition \\ref{spaces-morphisms-definition-dominant}). The following are equivalent: \\begin{enumerate} \\item the transcendence degree of $x/y$ is $0$, \\item the extension $\\kappa(x)/\\kappa(y)$ (see proof) is finite, \\item there exist nonempty affine opens $U \\subset X$ and $V \\subset Y$ such that $f(U) \\subset V$ and $f|_U : U \\to V$ is finite, \\item $f$ is quasi-finite at $x$, and \\item $x$ is the only point of $|X|$ mapping to $y$. \\end{enumerate} If $f$ is separated or if $f$ is quasi-compact, then these are also equivalent to \\begin{enumerate} \\item[(6)] there exists a nonempty affine open $V \\subset Y$ such that $f^{-1}(V) \\to V$ is finite. \\end{enumerate} ",
        "label": "lemma-finite-degree",
        "tag": "0AD5",
        "url": "https://stacks.math.columbia.edu/tag/0AD5",
        "source_filename": "spaces-over-fields.tex"
    },
    {
        "theorem": "Definition 72.5.2.",
        "body": "  Let $S$ be a scheme. Let $X$ and $Y$ be integral algebraic spaces over $S$. Let $f : X \\to Y$ be locally of finite type and dominant. Assume any of the equivalent conditions (1) -- (5) of Lemma \\ref{lemma-finite-degree}. Let $x \\in |X|$ and $y \\in |Y|$ be the generic points. Then the positive integer $$ \\deg(X/Y) = [\\kappa(x) : \\kappa(y)] $$ is called the {\\it degree of $X$ over $Y$}. ",
        "label": "definition-degree",
        "tag": "0AD6",
        "url": "https://stacks.math.columbia.edu/tag/0AD6",
        "source_filename": "spaces-over-fields.tex"
    },
    {
        "theorem": "Lemma 72.5.3.",
        "body": "  Let $S$ be a scheme. Let $X$, $Y$, $Z$ be integral algebraic spaces over $S$. Let $f : X \\to Y$ and $g : Y \\to Z$ be dominant morphisms locally of finite type. Assume any of the equivalent conditions (1) -- (5) of Lemma \\ref{lemma-finite-degree} hold for $f$ and $g$. Then $$ \\deg(X/Z) = \\deg(X/Y) \\deg(Y/Z). $$ ",
        "label": "lemma-degree-composition",
        "tag": "0ENH",
        "url": "https://stacks.math.columbia.edu/tag/0ENH",
        "source_filename": "spaces-over-fields.tex"
    },
    {
        "theorem": "Lemma 72.6.1.",
        "body": "  Let $S$ be a scheme and let $X$ be a locally Noetherian algebraic space over $S$. If $T \\subset |X|$ is a closed subset, then the collection of irreducible components of $T$ is locally finite. ",
        "label": "lemma-components-locally-finite",
        "tag": "0EE5",
        "url": "https://stacks.math.columbia.edu/tag/0EE5",
        "source_filename": "spaces-over-fields.tex"
    },
    {
        "theorem": "Definition 72.6.2.",
        "body": "  Let $S$ be a scheme. Let $X$ be a locally Noetherian integral algebraic space over $S$. \\begin{enumerate} \\item A {\\it prime divisor} is an integral closed subspace $Z \\subset X$ of codimension $1$, i.e., the generic point of $|Z|$ is a point of codimension $1$ on $X$. \\item A {\\it Weil divisor} is a formal sum $D = \\sum n_Z Z$ where the sum is over prime divisors of $X$ and the collection $\\{|Z| : n_Z \\not = 0\\}$ is locally finite in $|X|$ (Topology, Definition \\ref{topology-definition-locally-finite}). \\end{enumerate} The group of all Weil divisors on $X$ is denoted $\\text{Div}(X)$. ",
        "label": "definition-Weil-divisor",
        "tag": "0ENJ",
        "url": "https://stacks.math.columbia.edu/tag/0ENJ",
        "source_filename": "spaces-over-fields.tex"
    },
    {
        "theorem": "Lemma 72.6.3.",
        "body": "  Let $S$ be a scheme. Let $X$ be a locally Noetherian integral algebraic space over $S$. Let $Z \\subset X$ be a prime divisor and let $\\xi \\in |Z|$ be the generic point. Then the henselian local ring $\\mathcal{O}_{X, \\xi}^h$ is a reduced $1$-dimensional Noetherian local ring and there is a canonical injective map $$ R(X) \\longrightarrow Q(\\mathcal{O}_{X, \\xi}^h) $$ from the function field $R(X)$ of $X$ into the total ring of fractions. ",
        "label": "lemma-order-vanishing",
        "tag": "0ENK",
        "url": "https://stacks.math.columbia.edu/tag/0ENK",
        "source_filename": "spaces-over-fields.tex"
    },
    {
        "theorem": "Definition 72.6.4.",
        "body": "  Let $S$ be a scheme. Let $X$ be a locally Noetherian integral algebraic space over $S$. Let $f \\in R(X)^*$. For every prime divisor $Z \\subset X$ we define the {\\it order of vanishing of $f$ along $Z$} as the integer $$ \\text{ord}_Z(f) = \\text{length}_{\\mathcal{O}_{X, \\xi}^h} (\\mathcal{O}_{X, \\xi}^h/a \\mathcal{O}_{X, \\xi}^h) - \\text{length}_{\\mathcal{O}_{X, \\xi}^h} (\\mathcal{O}_{X, \\xi}^h/b \\mathcal{O}_{X, \\xi}^h) $$ where $a, b \\in \\mathcal{O}_{X, \\xi}^h$ are nonzerodivisors such that the image of $f$ in $Q(\\mathcal{O}_{X, \\xi}^h)$ (Lemma \\ref{lemma-order-vanishing}) is equal to $a/b$. This is well defined by Algebra, Lemma \\ref{algebra-lemma-ord-additive}. ",
        "label": "definition-order-vanishing",
        "tag": "0ENL",
        "url": "https://stacks.math.columbia.edu/tag/0ENL",
        "source_filename": "spaces-over-fields.tex"
    },
    {
        "theorem": "Lemma 72.6.5.",
        "body": "  Let $S$ be a scheme. Let $X$ be a locally Noetherian integral algebraic space over $S$. Let $f \\in R(X)^*$. If the prime divisor $Z \\subset X$ meets the schematic locus of $X$, then the order of vanishing $\\text{ord}_Z(f)$ of Definition \\ref{definition-order-vanishing} agrees with the order of vanishing of Divisors, Definition \\ref{divisors-definition-order-vanishing}. ",
        "label": "lemma-order-vanishing-agrees",
        "tag": "0ENM",
        "url": "https://stacks.math.columbia.edu/tag/0ENM",
        "source_filename": "spaces-over-fields.tex"
    },
    {
        "theorem": "Lemma 72.6.6.",
        "body": "  Let $S$ be a scheme. Let $X$ be a locally Noetherian integral algebraic space over $S$. Let $f \\in R(X)^*$. Then the collections $$ \\{Z \\subset X \\mid Z\\text{ a prime divisor with generic point }\\xi \\text{ and }f\\text{ not in }\\mathcal{O}_{X, \\xi}\\} $$ and $$ \\{Z \\subset X \\mid Z \\text{ a prime divisor and }\\text{ord}_Z(f) \\not = 0\\} $$ are locally finite in $X$. ",
        "label": "lemma-divisor-locally-finite",
        "tag": "0ENN",
        "url": "https://stacks.math.columbia.edu/tag/0ENN",
        "source_filename": "spaces-over-fields.tex"
    },
    {
        "theorem": "Definition 72.6.7.",
        "body": "  Let $S$ be a scheme. Let $X$ be a locally Noetherian integral algebraic space over $S$. Let $f \\in R(X)^*$. The {\\it principal Weil divisor associated to $f$} is the Weil divisor $$ \\text{div}(f) = \\text{div}_X(f) = \\sum \\text{ord}_Z(f) [Z] $$ where the sum is over prime divisors and $\\text{ord}_Z(f)$ is as in Definition \\ref{definition-order-vanishing}. This makes sense by Lemma \\ref{lemma-divisor-locally-finite}. ",
        "label": "definition-principal-divisor",
        "tag": "0ENP",
        "url": "https://stacks.math.columbia.edu/tag/0ENP",
        "source_filename": "spaces-over-fields.tex"
    },
    {
        "theorem": "Lemma 72.6.8.",
        "body": "  Let $S$ be a scheme. Let $X$ be a locally Noetherian integral algebraic space over $S$. Let $f, g \\in R(X)^*$. Then $$ \\text{div}_X(fg) = \\text{div}_X(f) + \\text{div}_X(g) $$ as Weil divisors on $X$. ",
        "label": "lemma-div-additive",
        "tag": "0ENQ",
        "url": "https://stacks.math.columbia.edu/tag/0ENQ",
        "source_filename": "spaces-over-fields.tex"
    },
    {
        "theorem": "Definition 72.6.9.",
        "body": "  Let $S$ be a scheme. Let $X$ be a locally Noetherian integral algebraic space over $S$. The {\\it Weil divisor class group} of $X$ is the quotient of the group of Weil divisors by the subgroup of principal Weil divisors. Notation: $\\text{Cl}(X)$. ",
        "label": "definition-class-group",
        "tag": "0ENR",
        "url": "https://stacks.math.columbia.edu/tag/0ENR",
        "source_filename": "spaces-over-fields.tex"
    },
    {
        "theorem": "Example 72.6.10.",
        "body": "  This is a continuation of Morphisms of Spaces, Example \\ref{spaces-morphisms-example-universal-homeomorphism}. Consider the algebraic space $X = \\mathbf{A}^1_k/\\{t \\sim -t \\mid t \\not = 0\\}$. This is a smooth algebraic space over the field $k$. There is a universal homeomorphism $$ X \\longrightarrow \\mathbf{A}^1_k = \\mathop{\\mathrm{Spec}}(k[t]) $$ which is an isomorphism over $\\mathbf{A}^1_k \\setminus \\{0\\}$. We conclude that $X$ is Noetherian and integral. Since $\\dim(X) = 1$, we see that the prime divisors of $X$ are the closed points of $X$. Consider the unique closed point $x \\in |X|$ lying over $0 \\in \\mathbf{A}^1_k$. Since $X \\setminus \\{x\\}$ maps isomorphically to $\\mathbf{A}^1 \\setminus \\{0\\}$ we see that the classes in $\\text{Cl}(X)$ of closed points different from $x$ are zero. However, the divisor of $t$ on $X$ is $2[x]$. We conclude that $\\text{Cl}(X) = \\mathbf{Z}/2\\mathbf{Z}$. ",
        "label": "example-Z-mod-2",
        "tag": "0ENT",
        "url": "https://stacks.math.columbia.edu/tag/0ENT",
        "source_filename": "spaces-over-fields.tex"
    },
    {
        "theorem": "Example 72.6.11.",
        "body": "  Let $k$ be a field. Let $$ U = \\mathop{\\mathrm{Spec}}(k[x, y]/(xy)) $$ be the union of the coordinate axes in $\\mathbf{A}^2_k$. Denote $\\Delta : U \\to U \\times_k U$ the diagonal and $\\Delta' : U \\to U \\times_k U$ the map $u \\mapsto (u, \\sigma(u))$ where $\\sigma : U \\to U$, $(x, y) \\mapsto (y, x)$ is the automorphism flipping the coordinate axes. Set $$ R = \\Delta(U) \\amalg \\Delta'(U \\setminus \\{0_U\\}) $$ where $0_U \\in U$ is the origin. It is easy to see that $R$ is an \\'etale equivalence relation on $U$. The quotient $X = U/R$ is an algebraic space. The morphism $U \\to \\mathbf{A}^1_k$, $(x, y) \\mapsto x + y$ is $R$-invariant and hence defines a morphism $$ X \\longrightarrow \\mathbf{A}^1_k $$ This morphism is a universal homeomorphism and an isomorphism over $\\mathbf{A}^1_k \\setminus \\{0\\}$. It follows that $X$ is integral and Noetherian. Exactly as in Example \\ref{example-Z-mod-2} the reader shows that $\\text{Cl}(X) = \\mathbf{Z}/2\\mathbf{Z}$ with generator corresponding to the unique closed point $x \\in |X|$ mapping to $0 \\in \\mathbf{A}^1_k$. However, in this case the henselian local ring of $X$ at $x$ isn't a domain, as it is the henselization of $\\mathcal{O}_{U, 0_U}$. ",
        "label": "example-not-a-domain",
        "tag": "0ENU",
        "url": "https://stacks.math.columbia.edu/tag/0ENU",
        "source_filename": "spaces-over-fields.tex"
    },
    {
        "theorem": "Definition 72.7.1.",
        "body": "  Let $S$ be a scheme. Let $X$ be a locally Noetherian integral algebraic algebraic space over $S$. Let $\\mathcal{L}$ be an invertible $\\mathcal{O}_X$-module. Let $s \\in \\Gamma(X, \\mathcal{K}_X(\\mathcal{L}))$ be a regular meromorphic section of $\\mathcal{L}$. For every prime divisor $Z \\subset X$ with generic point $\\xi \\in |Z|$ we define the {\\it order of vanishing of $s$ along $Z$} as the integer $$ \\text{ord}_{Z, \\mathcal{L}}(s) = \\text{length}_{\\mathcal{O}_{X, \\xi}^h} (\\mathcal{O}_{X, \\xi}^h/a \\mathcal{O}_{X, \\xi}^h) - \\text{length}_{\\mathcal{O}_{X, \\xi}^h} (\\mathcal{O}_{X, \\xi}^h/b \\mathcal{O}_{X, \\xi}^h) $$ where $a, b \\in \\mathcal{O}_{X, \\xi}^h$ are nonzerodivisors such that the element $s/s_\\xi$ of $Q(\\mathcal{O}_{X, \\xi}^h)$ constructed above is equal to $a/b$. This is well defined by the above and Algebra, Lemma \\ref{algebra-lemma-ord-additive}. ",
        "label": "definition-order-vanishing-meromorphic",
        "tag": "0EPR",
        "url": "https://stacks.math.columbia.edu/tag/0EPR",
        "source_filename": "spaces-over-fields.tex"
    },
    {
        "theorem": "Lemma 72.7.2.",
        "body": "  Let $S$ be a scheme. Let $X$ be a locally Noetherian integral algebraic space over $S$. Let $\\mathcal{L}$ be an invertible $\\mathcal{O}_X$-module. Let $s \\in \\mathcal{K}_X(\\mathcal{L})$ be a regular (i.e., nonzero) meromorphic section of $\\mathcal{L}$. Then the sets $$ \\{Z \\subset X \\mid Z \\text{ a prime divisor with generic point }\\xi \\text{ and }s\\text{ not in }\\mathcal{L}_\\xi\\} $$ and $$ \\{Z \\subset X \\mid Z \\text{ is a prime divisor and } \\text{ord}_{Z, \\mathcal{L}}(s) \\not = 0\\} $$ are locally finite in $X$. ",
        "label": "lemma-divisor-meromorphic-locally-finite",
        "tag": "0EPS",
        "url": "https://stacks.math.columbia.edu/tag/0EPS",
        "source_filename": "spaces-over-fields.tex"
    },
    {
        "theorem": "Lemma 72.7.3.",
        "body": "  Let $S$ be a scheme. Let $X$ be a locally Noetherian integral algebraic space over $S$ Let $\\mathcal{L}$ be an invertible $\\mathcal{O}_X$-module. Let $s, s' \\in \\mathcal{K}_X(\\mathcal{L})$ be nonzero meromorphic sections of $\\mathcal{L}$. Then $f = s/s'$ is an element of $R(X)^*$ and we have $$ \\sum \\text{ord}_{Z, \\mathcal{L}}(s)[Z] = \\sum \\text{ord}_{Z, \\mathcal{L}}(s')[Z] + \\text{div}(f) $$ as Weil divisors. ",
        "label": "lemma-divisor-meromorphic-well-defined",
        "tag": "0EPT",
        "url": "https://stacks.math.columbia.edu/tag/0EPT",
        "source_filename": "spaces-over-fields.tex"
    },
    {
        "theorem": "Definition 72.7.4.",
        "body": "  Let $S$ be a scheme. Let $X$ be a locally Noetherian integral algebraic space over $S$. Let $\\mathcal{L}$ be an invertible $\\mathcal{O}_X$-module. \\begin{enumerate} \\item For any nonzero meromorphic section $s$ of $\\mathcal{L}$ we define the {\\it Weil divisor associated to $s$} as $$ \\text{div}_\\mathcal{L}(s) = \\sum \\text{ord}_{Z, \\mathcal{L}}(s) [Z] \\in \\text{Div}(X) $$ where the sum is over prime divisors. This is well defined by Lemma \\ref{lemma-divisor-meromorphic-locally-finite}. \\item We define {\\it Weil divisor class associated to $\\mathcal{L}$} as the image of $\\text{div}_\\mathcal{L}(s)$ in $\\text{Cl}(X)$ where $s$ is any nonzero meromorphic section of $\\mathcal{L}$ over $X$. This is well defined by Lemma \\ref{lemma-divisor-meromorphic-well-defined}. \\end{enumerate} ",
        "label": "definition-divisor-invertible-sheaf",
        "tag": "0EPU",
        "url": "https://stacks.math.columbia.edu/tag/0EPU",
        "source_filename": "spaces-over-fields.tex"
    },
    {
        "theorem": "Lemma 72.7.5.",
        "body": "  Let $S$ be a scheme. Let $X$ be a locally Noetherian integral algebraic space over $S$. Let $\\mathcal{L}$, $\\mathcal{N}$ be invertible $\\mathcal{O}_X$-modules. Let $s$, resp.\\ $t$ be a nonzero meromorphic section of $\\mathcal{L}$, resp.\\ $\\mathcal{N}$. Then $st$ is a nonzero meromorphic section of $\\mathcal{L} \\otimes_{\\mathcal{O}_X} \\mathcal{N}$ and $$ \\text{div}_{\\mathcal{L} \\otimes \\mathcal{N}}(st) = \\text{div}_\\mathcal{L}(s) + \\text{div}_\\mathcal{N}(t) $$ in $\\text{Div}(X)$. In particular, the Weil divisor class of $\\mathcal{L} \\otimes_{\\mathcal{O}_X} \\mathcal{N}$ is the sum of the Weil divisor classes of $\\mathcal{L}$ and $\\mathcal{N}$. ",
        "label": "lemma-c1-additive",
        "tag": "0EPV",
        "url": "https://stacks.math.columbia.edu/tag/0EPV",
        "source_filename": "spaces-over-fields.tex"
    },
    {
        "theorem": "Lemma 72.7.6.",
        "body": "  Let $S$ be a scheme. Let $X$ be a locally Noetherian integral algebraic space over $S$. If $X$ is normal, then the map (\\ref{equation-c1}) $\\mathop{\\mathrm{Pic}}\\nolimits(X) \\to \\text{Cl}(X)$ is injective. ",
        "label": "lemma-normal-c1-injective",
        "tag": "0EPX",
        "url": "https://stacks.math.columbia.edu/tag/0EPX",
        "source_filename": "spaces-over-fields.tex"
    },
    {
        "theorem": "Definition 72.8.1.",
        "body": "  Let $S$ be a scheme. Let $X$ be an integral algebraic space over $S$. A {\\it modification of $X$} is a birational proper morphism $f : X' \\to X$ of algebraic spaces over $S$ with $X'$ integral. ",
        "label": "definition-modification",
        "tag": "0AD8",
        "url": "https://stacks.math.columbia.edu/tag/0AD8",
        "source_filename": "spaces-over-fields.tex"
    },
    {
        "theorem": "Lemma 72.8.2.",
        "body": "  Let $f : X' \\to X$ be a modification as in Definition \\ref{definition-modification}. There exists a nonempty open $U \\subset X$ such that $f^{-1}(U) \\to U$ is an isomorphism. ",
        "label": "lemma-modification-iso-over-open",
        "tag": "0AD9",
        "url": "https://stacks.math.columbia.edu/tag/0AD9",
        "source_filename": "spaces-over-fields.tex"
    },
    {
        "theorem": "Definition 72.8.3.",
        "body": "  Let $S$ be a scheme. Let $X$ be an integral algebraic space over $S$. An {\\it alteration of $X$} is a proper dominant morphism $f : Y \\to X$ of algebraic spaces over $S$ with $Y$ integral such that $f^{-1}(U) \\to U$ is finite for some nonempty open $U \\subset X$. ",
        "label": "definition-alteration",
        "tag": "0ADA",
        "url": "https://stacks.math.columbia.edu/tag/0ADA",
        "source_filename": "spaces-over-fields.tex"
    },
    {
        "theorem": "Lemma 72.8.4.",
        "body": "  Let $S$ be a scheme. Let $f : X \\to Y$ be a proper dominant morphism of integral algebraic spaces over $S$. Then $f$ is an alteration if and only if any of the equivalent conditions (1) -- (6) of Lemma \\ref{lemma-finite-degree} hold. ",
        "label": "lemma-alteration-generically-finite",
        "tag": "0ADB",
        "url": "https://stacks.math.columbia.edu/tag/0ADB",
        "source_filename": "spaces-over-fields.tex"
    },
    {
        "theorem": "Lemma 72.8.5.",
        "body": "  Let $S$ be a scheme. Let $f : X \\to Y$ be a proper surjective morphism of algebraic spaces over $S$. Assume $Y$ is integral. Then there exists an integral closed subspace $X' \\subset X$ such that $f' = f|_{X'} : X' \\to Y$ is an alteration. ",
        "label": "lemma-alteration-contained-in",
        "tag": "0DMN",
        "url": "https://stacks.math.columbia.edu/tag/0DMN",
        "source_filename": "spaces-over-fields.tex"
    },
    {
        "theorem": "Lemma 72.9.1.",
        "body": "  Let $S$ be a scheme. Let $X$ be an algebraic space over $S$. Assume $X$ satisfies at least one of the following conditions \\begin{enumerate} \\item $X$ is quasi-separated and $\\dim(X) = 0$, \\item $X$ is locally of finite type over a field $k$ and $\\dim(X) = 0$, \\item $X$ is Noetherian and $\\dim(X) = 0$, or \\item add more here. \\end{enumerate} Then $X$ is a separated scheme and any quasi-compact open of $X$ is affine. ",
        "label": "lemma-locally-finite-type-dim-zero",
        "tag": "06LZ",
        "url": "https://stacks.math.columbia.edu/tag/06LZ",
        "source_filename": "spaces-over-fields.tex"
    },
    {
        "theorem": "Lemma 72.9.2.",
        "body": "  Let $S$ be a scheme. Let $X$ be a quasi-separated algebraic space over $S$. Let $x \\in |X|$. The following are equivalent \\begin{enumerate} \\item $x$ is a point of codimension $0$ on $X$, \\item the local ring of $X$ at $x$ has dimension $0$, and \\item $x$ is a generic point of an irreducible component of $|X|$. \\end{enumerate} If true, then there exists an open subspace of $X$ containing $x$ which is a scheme. ",
        "label": "lemma-generic-point-in-schematic-locus",
        "tag": "0ADC",
        "url": "https://stacks.math.columbia.edu/tag/0ADC",
        "source_filename": "spaces-over-fields.tex"
    },
    {
        "theorem": "Lemma 72.9.3.",
        "body": "  \\begin{slogan} Separated algebraic spaces are schemes in codimension 1. \\end{slogan} Let $S$ be a scheme. Let $X$ be an algebraic space over $S$. Let $x \\in |X|$. If $X$ is separated, locally Noetherian, and the dimension of the local ring of $X$ at $x$ is $\\leq 1$ (Properties of Spaces, Definition \\ref{spaces-properties-definition-dimension-local-ring}), then there exists an open subspace of $X$ containing $x$ which is a scheme. ",
        "label": "lemma-codim-1-point-in-schematic-locus",
        "tag": "0ADD",
        "url": "https://stacks.math.columbia.edu/tag/0ADD",
        "source_filename": "spaces-over-fields.tex"
    },
    {
        "theorem": "Remark 72.9.4.",
        "body": "  Here is a sketch of a proof of Lemma \\ref{lemma-codim-1-point-in-schematic-locus} which avoids using More on Groupoids, Lemma \\ref{more-groupoids-lemma-find-affine-codimension-1}. \\medskip\\noindent Step 1. We may assume $X$ is a reduced Noetherian separated algebraic space (for example by Cohomology of Spaces, Lemma \\ref{spaces-cohomology-lemma-image-affine-finite-morphism-affine-Noetherian} or by Limits of Spaces, Lemma \\ref{spaces-limits-lemma-reduction-scheme}) and we may choose a finite surjective morphism $Y \\to X$ where $Y$ is a Noetherian scheme (by Limits of Spaces, Proposition \\ref{spaces-limits-proposition-there-is-a-scheme-finite-over}). \\medskip\\noindent Step 2. After replacing $X$ by an open neighbourhood of $x$, there exists a birational finite morphism $X' \\to X$ and a closed subscheme $Y' \\subset X' \\times_X Y$ such that $Y' \\to X'$ is surjective finite locally free. Namely, because $X$ is reduced there is a dense open subspace $U \\subset X$ over which $Y$ is flat (Morphisms of Spaces, Proposition \\ref{spaces-morphisms-proposition-generic-flatness-reduced}). Then we can choose a $U$-admissible blowup $b : \\tilde X \\to X$ such that the strict transform $\\tilde Y$ of $Y$ is flat over $\\tilde X$, see More on Morphisms of Spaces, Lemma \\ref{spaces-more-morphisms-lemma-flat-after-blowing-up}. (An alternative is to use Hilbert schemes if one wants to avoid using the result on blowups). Then we let $X' \\subset \\tilde X$ be the scheme theoretic closure of $b^{-1}(U)$ and $Y' = X' \\times_{\\tilde X} \\tilde Y$. Since $x$ is a codimension $1$ point, we see that $X' \\to X$ is finite over a neighbourhood of $x$ (Lemma \\ref{lemma-finite-in-codim-1}). \\medskip\\noindent Step 3. After shrinking $X$ to a smaller neighbourhood of $x$ we get that $X'$ is a scheme. This holds because $Y'$ is a scheme and $Y' \\to X'$ being finite locally free and because every finite set of codimension $1$ points of $Y'$ is contained in an affine open. Use Properties of Spaces, Proposition \\ref{spaces-properties-proposition-finite-flat-equivalence-global} and Varieties, Proposition \\ref{varieties-proposition-finite-set-of-points-of-codim-1-in-affine}. \\medskip\\noindent Step 4. There exists an affine open $W' \\subset X'$ containing all points lying over $x$ which is the inverse image of an open subspace of $X$. To prove this let $Z \\subset X$ be the closure of the set of points where $X' \\to X$ is not an isomorphism. We may assume $x \\in Z$ otherwise we are already done. Then $x$ is a generic point of an irreducible component of $Z$ and after shrinking $X$ we may assume $Z$ is an affine scheme (Lemma \\ref{lemma-generic-point-in-schematic-locus}). Then the inverse image $Z' \\subset X'$ is an affine scheme as well. Say $x_1, \\ldots, x_n \\in Z'$ are the points mapping to $x$. Then we can find an affine open $W'$ in $X'$ whose intersection with $Z'$ is the inverse image of a principal open of $Z$ containing $x$. Namely, we first pick an affine open $W' \\subset X'$ containing $x_1, \\ldots, x_n$ using Varieties, Proposition \\ref{varieties-proposition-finite-set-of-points-of-codim-1-in-affine}. Then we pick a principal open $D(f) \\subset Z$ containing $x$ whose inverse image $D(f|_{Z'})$ is contained in $W' \\cap Z'$. Then we pick $f' \\in \\Gamma(W', \\mathcal{O}_{W'})$ restricting to $f|_{Z'}$ and we replace $W'$ by $D(f') \\subset W'$. Since $X' \\to X$ is an isomorphism away from $Z' \\to Z$ the choice of $W'$ guarantees that the image $W \\subset X$ of $W'$ is open with inverse image $W'$ in $X'$. \\medskip\\noindent Step 5. Then $W' \\to W$ is a finite surjective morphism and $W$ is a scheme by Cohomology of Spaces, Lemma \\ref{spaces-cohomology-lemma-image-affine-finite-morphism-affine-Noetherian} and the proof is complete. ",
        "label": "remark-alternate-proof-scheme-codim-1",
        "tag": "0ADE",
        "url": "https://stacks.math.columbia.edu/tag/0ADE",
        "source_filename": "spaces-over-fields.tex"
    },
    {
        "theorem": "Lemma 72.10.1.",
        "body": "  Let $k$ be a field. Let $X$ be an algebraic space over $k$. If there exists a purely inseparable field extension $k'/k$ such that $X_{k'}$ is a scheme, then $X$ is a scheme. ",
        "label": "lemma-scheme-after-purely-inseparable-base-change",
        "tag": "0B83",
        "url": "https://stacks.math.columbia.edu/tag/0B83",
        "source_filename": "spaces-over-fields.tex"
    },
    {
        "theorem": "Lemma 72.10.2.",
        "body": "  Let $k$ be a field with algebraic closure $\\overline{k}$. Let $X$ be a quasi-separated algebraic space over $k$. \\begin{enumerate} \\item If there exists a field extension $K/k$ such that $X_K$ is a scheme, then $X_{\\overline{k}}$ is a scheme. \\item If $X$ is quasi-compact and there exists a field extension $K/k$ such that $X_K$ is a scheme, then $X_{k'}$ is a scheme for some finite separable extension $k'$ of $k$. \\end{enumerate} ",
        "label": "lemma-when-scheme-after-base-change",
        "tag": "0B84",
        "url": "https://stacks.math.columbia.edu/tag/0B84",
        "source_filename": "spaces-over-fields.tex"
    },
    {
        "theorem": "Lemma 72.10.3.",
        "body": "  Let $k'/k$ be a finite Galois extension with Galois group $G$. Let $X$ be an algebraic space over $k$. Then $G$ acts freely on the algebraic space $X_{k'}$ and $X = X_{k'}/G$ in the sense of Properties of Spaces, Lemma \\ref{spaces-properties-lemma-quotient}. ",
        "label": "lemma-base-change-by-Galois",
        "tag": "0B86",
        "url": "https://stacks.math.columbia.edu/tag/0B86",
        "source_filename": "spaces-over-fields.tex"
    },
    {
        "theorem": "Lemma 72.10.4.",
        "body": "  Let $S$ be a scheme. Let $X$ be an algebraic space over $S$ and let $G$ be a finite group acting freely on $X$. Set $Y = X/G$ as in Properties of Spaces, Lemma \\ref{spaces-properties-lemma-quotient}. For $y \\in |Y|$ the following are equivalent \\begin{enumerate} \\item $y$ is in the schematic locus of $Y$, and \\item there exists an affine open $U \\subset X$ containing the preimage of $y$. \\end{enumerate} ",
        "label": "lemma-when-quotient-scheme-at-point",
        "tag": "0B87",
        "url": "https://stacks.math.columbia.edu/tag/0B87",
        "source_filename": "spaces-over-fields.tex"
    },
    {
        "theorem": "Lemma 72.10.5.",
        "body": "  Let $k$ be a field. Let $X$ be a quasi-separated algebraic space over $k$. If there exists a purely transcendental field extension $K/k$ such that $X_K$ is a scheme, then $X$ is a scheme. ",
        "label": "lemma-scheme-after-purely-transcendental-base-change",
        "tag": "0B85",
        "url": "https://stacks.math.columbia.edu/tag/0B85",
        "source_filename": "spaces-over-fields.tex"
    },
    {
        "theorem": "Remark 72.10.6.",
        "body": "  Let $k$ be a finite field. Let $K/k$ be a geometrically irreducible field extension. Then $K$ is the limit of geometrically irreducible finite type $k$-algebras $A$. Given $A$ the estimates of Lang and Weil \\cite{LW}, show that for $n \\gg 0$ there exists an $k$-algebra homomorphism $A \\to k'$ with $k'/k$ of degree $n$. Analyzing the argument given in the proof of Lemma \\ref{lemma-scheme-after-purely-transcendental-base-change} we see that if $X$ is a quasi-separated algebraic space over $k$ and $X_K$ is a scheme, then $X$ is a scheme. If we ever need this result we will precisely formulate it and prove it here. ",
        "label": "remark-when-does-the-argument-work",
        "tag": "0BA7",
        "url": "https://stacks.math.columbia.edu/tag/0BA7",
        "source_filename": "spaces-over-fields.tex"
    },
    {
        "theorem": "Lemma 72.10.7.",
        "body": "  Let $k$ be a field with algebraic closure $\\overline{k}$. Let $X$ be an algebraic space over $k$ such that \\begin{enumerate} \\item $X$ is decent and locally of finite type over $k$, \\item $X_{\\overline{k}}$ is a scheme, and \\item any finite set of $\\overline{k}$-rational points of $X_{\\overline{k}}$ is contained in an affine. \\end{enumerate} Then $X$ is a scheme. ",
        "label": "lemma-scheme-over-algebraic-closure-enough-affines",
        "tag": "0B88",
        "url": "https://stacks.math.columbia.edu/tag/0B88",
        "source_filename": "spaces-over-fields.tex"
    },
    {
        "theorem": "Lemma 72.10.8.",
        "body": "  Let $k$ be a field. Let $X$ be an algebraic space over $k$. The following are equivalent \\begin{enumerate} \\item $X$ is locally quasi-finite over $k$, \\item $X$ is locally of finite type over $k$ and has dimension $0$, \\item $X$ is a scheme and is locally quasi-finite over $k$, \\item $X$ is a scheme and is locally of finite type over $k$ and has dimension $0$, and \\item $X$ is a disjoint union of spectra of Artinian local $k$-algebras $A$ over $k$ with $\\dim_k(A) < \\infty$. \\end{enumerate} ",
        "label": "lemma-locally-quasi-finite-over-field",
        "tag": "06S0",
        "url": "https://stacks.math.columbia.edu/tag/06S0",
        "source_filename": "spaces-over-fields.tex"
    },
    {
        "theorem": "Lemma 72.10.9.",
        "body": "  Let $k$ be a field. Let $f : X \\to Y$ be a monomorphism of algebraic spaces over $k$. If $Y$ is locally quasi-finite over $k$ so is $X$. ",
        "label": "lemma-mono-towards-locally-quasi-finite-over-field",
        "tag": "06S1",
        "url": "https://stacks.math.columbia.edu/tag/06S1",
        "source_filename": "spaces-over-fields.tex"
    },
    {
        "theorem": "Definition 72.11.1.",
        "body": "  Let $k$ be a field. Let $X$ be an algebraic space over $k$. \\begin{enumerate} \\item Let $x \\in |X|$ be a point. We say $X$ is {\\it geometrically reduced at $x$} if $\\mathcal{O}_{X, \\overline{x}}$ is geometrically reduced over $k$. \\item We say $X$ is {\\it geometrically reduced} over $k$ if $X$ is geometrically reduced at every point of $X$. \\end{enumerate} ",
        "label": "definition-geometrically-reduced",
        "tag": "0DMQ",
        "url": "https://stacks.math.columbia.edu/tag/0DMQ",
        "source_filename": "spaces-over-fields.tex"
    },
    {
        "theorem": "Lemma 72.11.2.",
        "body": "  Let $k$ be a field. Let $X$ be an algebraic space over $k$. Let $x \\in |X|$. The following are equivalent \\begin{enumerate} \\item $X$ is geometrically reduced at $x$, \\item for some \\'etale neighbourhood $(U, u) \\to (X, x)$ where $U$ is a scheme, $U$ is geometrically reduced at $u$, \\item for any \\'etale neighbourhood $(U, u) \\to (X, x)$ where $U$ is a scheme, $U$ is geometrically reduced at $u$. \\end{enumerate} ",
        "label": "lemma-geometrically-reduced-at-point",
        "tag": "0DMR",
        "url": "https://stacks.math.columbia.edu/tag/0DMR",
        "source_filename": "spaces-over-fields.tex"
    },
    {
        "theorem": "Lemma 72.11.3.",
        "body": "  Let $k$ be a field. Let $X$ be an algebraic space over $k$. The following are equivalent \\begin{enumerate} \\item $X$ is geometrically reduced, \\item for some surjective \\'etale morphism $U \\to X$ where $U$ is a scheme, $U$ is geometrically reduced, \\item for any \\'etale morphism $U \\to X$ where $U$ is a scheme, $U$ is geometrically reduced. \\end{enumerate} ",
        "label": "lemma-geometrically-reduced",
        "tag": "0DMS",
        "url": "https://stacks.math.columbia.edu/tag/0DMS",
        "source_filename": "spaces-over-fields.tex"
    },
    {
        "theorem": "Lemma 72.11.4.",
        "body": "  Let $X$ be an algebraic space over a perfect field $k$ (for example $k$ has characteristic zero). \\begin{enumerate} \\item For $x \\in |X|$, if $\\mathcal{O}_{X, \\overline{x}}$ is reduced, then $X$ is geometrically reduced at $x$. \\item If $X$ is reduced, then $X$ is geometrically reduced over $k$. \\end{enumerate} ",
        "label": "lemma-perfect-reduced",
        "tag": "0E02",
        "url": "https://stacks.math.columbia.edu/tag/0E02",
        "source_filename": "spaces-over-fields.tex"
    },
    {
        "theorem": "Lemma 72.11.5.",
        "body": "  Let $k$ be a field of characteristic $p > 0$. Let $X$ be an algebraic space over $k$. The following are equivalent \\begin{enumerate} \\item $X$ is geometrically reduced over $k$, \\item $X_{k'}$ is reduced for every field extension $k'/k$, \\item $X_{k'}$ is reduced for every finite purely inseparable field extension $k'/k$, \\item $X_{k^{1/p}}$ is reduced, \\item $X_{k^{perf}}$ is reduced, and \\item $X_{\\bar k}$ is reduced. \\end{enumerate} ",
        "label": "lemma-geometrically-reduced-positive-characteristic",
        "tag": "0E03",
        "url": "https://stacks.math.columbia.edu/tag/0E03",
        "source_filename": "spaces-over-fields.tex"
    },
    {
        "theorem": "Lemma 72.11.6.",
        "body": "  Let $k$ be a field. Let $X$ be an algebraic space over $k$. Let $k'/k$ be a field extension. Let $x \\in |X|$ be a point and let $x' \\in |X_{k'}|$ be a point lying over $x$. The following are equivalent \\begin{enumerate} \\item $X$ is geometrically reduced at $x$, \\item $X_{k'}$ is geometrically reduced at $x'$. \\end{enumerate} In particular, $X$ is geometrically reduced over $k$ if and only if $X_{k'}$ is geometrically reduced over $k'$. ",
        "label": "lemma-geometrically-reduced-upstairs",
        "tag": "0E04",
        "url": "https://stacks.math.columbia.edu/tag/0E04",
        "source_filename": "spaces-over-fields.tex"
    },
    {
        "theorem": "Lemma 72.11.7.",
        "body": "  Let $k$ be a field. Let $f : X \\to Y$ be a morphism of algebraic spaces over $k$. Let $x \\in |X|$ be a point with image $y \\in |Y|$. \\begin{enumerate} \\item if $f$ is \\'etale at $x$, then $X$ is geometrically reduced at $x$ $\\Leftrightarrow$ $Y$ is geometrically reduced at $y$, \\item if $f$ is surjective \\'etale, then $X$ is geometrically reduced $\\Leftrightarrow$ $Y$ is geometrically reduced. \\end{enumerate} ",
        "label": "lemma-geometrically-reduced-etale-local",
        "tag": "0E05",
        "url": "https://stacks.math.columbia.edu/tag/0E05",
        "source_filename": "spaces-over-fields.tex"
    },
    {
        "theorem": "Definition 72.12.1.",
        "body": "  Let $X$ be an algebraic space over the field $k$. We say $X$ is {\\it geometrically connected} over $k$ if the base change $X_{k'}$ is connected for every field extension $k'$ of $k$. ",
        "label": "definition-geometrically-connected",
        "tag": "0A0Z",
        "url": "https://stacks.math.columbia.edu/tag/0A0Z",
        "source_filename": "spaces-over-fields.tex"
    },
    {
        "theorem": "Lemma 72.12.2.",
        "body": "  Let $X$ be an algebraic space over the field $k$. Let $k'/k$ be a field extension. Then $X$ is geometrically connected over $k$ if and only if $X_{k'}$ is geometrically connected over $k'$. ",
        "label": "lemma-geometrically-connected-check-after-extension",
        "tag": "0A10",
        "url": "https://stacks.math.columbia.edu/tag/0A10",
        "source_filename": "spaces-over-fields.tex"
    },
    {
        "theorem": "Lemma 72.12.3.",
        "body": "  Let $k$ be a field. Let $X$, $Y$ be algebraic spaces over $k$. Assume $X$ is geometrically connected over $k$. Then the projection morphism $$ p : X \\times_k Y \\longrightarrow Y $$ induces a bijection between connected components. ",
        "label": "lemma-bijection-connected-components",
        "tag": "0A11",
        "url": "https://stacks.math.columbia.edu/tag/0A11",
        "source_filename": "spaces-over-fields.tex"
    },
    {
        "theorem": "Lemma 72.12.4.",
        "body": "  Let $k'/k$ be an extension of fields. Let $X$ be an algebraic space over $k$. Assume $k$ separably algebraically closed. Then the morphism $X_{k'} \\to X$ induces a bijection of connected components. In particular, $X$ is geometrically connected over $k$ if and only if $X$ is connected. ",
        "label": "lemma-separably-closed-field-connected-components",
        "tag": "0A12",
        "url": "https://stacks.math.columbia.edu/tag/0A12",
        "source_filename": "spaces-over-fields.tex"
    },
    {
        "theorem": "Lemma 72.12.5.",
        "body": "  Let $k$ be a field. Let $X$ be an algebraic space over $k$. Let $\\overline{k}$ be a separable algebraic closure of $k$. Then $X$ is geometrically connected if and only if the base change $X_{\\overline{k}}$ is connected. ",
        "label": "lemma-characterize-geometrically-connected",
        "tag": "0A13",
        "url": "https://stacks.math.columbia.edu/tag/0A13",
        "source_filename": "spaces-over-fields.tex"
    },
    {
        "theorem": "Lemma 72.12.6.",
        "body": "  Let $k$ be a field. Let $X$ be an algebraic space over $k$. Let $\\overline{k}$ be a (possibly infinite) Galois extension of $k$. Let $V \\subset X_{\\overline{k}}$ be a quasi-compact open. Then \\begin{enumerate} \\item there exists a finite subextension $\\overline{k}/k'/k$ and a quasi-compact open $V' \\subset X_{k'}$ such that $V = (V')_{\\overline{k}}$, \\item there exists an open subgroup $H \\subset \\text{Gal}(\\overline{k}/k)$ such that $\\sigma(V) = V$ for all $\\sigma \\in H$. \\end{enumerate} ",
        "label": "lemma-Galois-action-quasi-compact-open",
        "tag": "0A15",
        "url": "https://stacks.math.columbia.edu/tag/0A15",
        "source_filename": "spaces-over-fields.tex"
    },
    {
        "theorem": "Lemma 72.12.7.",
        "body": "  Let $k$ be a field. Let $\\overline{k}/k$ be a (possibly infinite) Galois extension. Let $X$ be an algebraic space over $k$. Let $\\overline{T} \\subset |X_{\\overline{k}}|$ have the following properties \\begin{enumerate} \\item $\\overline{T}$ is a closed subset of $|X_{\\overline{k}}|$, \\item for every $\\sigma \\in \\text{Gal}(\\overline{k}/k)$ we have $\\sigma(\\overline{T}) = \\overline{T}$. \\end{enumerate} Then there exists a closed subset $T \\subset |X|$ whose inverse image in $|X_{k'}|$ is $\\overline{T}$. ",
        "label": "lemma-closed-fixed-by-Galois",
        "tag": "0A16",
        "url": "https://stacks.math.columbia.edu/tag/0A16",
        "source_filename": "spaces-over-fields.tex"
    },
    {
        "theorem": "Lemma 72.12.8.",
        "body": "  Let $k$ be a field. Let $X$ be an algebraic space over $k$. The following are equivalent \\begin{enumerate} \\item $X$ is geometrically connected, \\item for every finite separable field extension $k'/k$ the algebraic space $X_{k'}$ is connected. \\end{enumerate} ",
        "label": "lemma-characterize-geometrically-disconnected",
        "tag": "0A17",
        "url": "https://stacks.math.columbia.edu/tag/0A17",
        "source_filename": "spaces-over-fields.tex"
    },
    {
        "theorem": "Definition 72.13.1.",
        "body": "  Let $k$ be a field. Let $X$ be a decent algebraic space over $k$. We say $X$ is {\\it geometrically irreducible} if the topological space $|X_{k'}|$ is irreducible\\footnote{An irreducible space is nonempty.} for any field extension $k'$ of $k$. ",
        "label": "definition-geometrically-irreducible",
        "tag": "0DMU",
        "url": "https://stacks.math.columbia.edu/tag/0DMU",
        "source_filename": "spaces-over-fields.tex"
    },
    {
        "theorem": "Definition 72.14.1.",
        "body": "  Let $X$ be an algebraic space over the field $k$. We say $X$ is {\\it geometrically integral} over $k$ if the algebraic space $X_{k'}$ is integral (Definition \\ref{definition-integral-algebraic-space}) for every field extension $k'$ of $k$. ",
        "label": "definition-geometrically-integral",
        "tag": "0DMW",
        "url": "https://stacks.math.columbia.edu/tag/0DMW",
        "source_filename": "spaces-over-fields.tex"
    },
    {
        "theorem": "Lemma 72.14.2.",
        "body": "  Let $k$ be a field. Let $X$ be a decent algebraic space over $k$. Then $X$ is geometrically integral over $k$ if and only if $X$ is both geometrically reduced and geometrically irreducible over $k$. ",
        "label": "lemma-geometrically-integral",
        "tag": "0DMX",
        "url": "https://stacks.math.columbia.edu/tag/0DMX",
        "source_filename": "spaces-over-fields.tex"
    },
    {
        "theorem": "Lemma 72.14.3.",
        "body": "  Let $k$ be a field. Let $X$ be a proper algebraic space over $k$. \\begin{enumerate} \\item $A = H^0(X, \\mathcal{O}_X)$ is a finite dimensional $k$-algebra, \\item $A = \\prod_{i = 1, \\ldots, n} A_i$ is a product of Artinian local $k$-algebras, one factor for each connected component of $|X|$, \\item if $X$ is reduced, then $A = \\prod_{i = 1, \\ldots, n} k_i$ is a product of fields, each a finite extension of $k$, \\item if $X$ is geometrically reduced, then $k_i$ is finite separable over $k$, \\item if $X$ is geometrically connected, then $A$ is geometrically irreducible over $k$, \\item if $X$ is geometrically irreducible, then $A$ is geometrically irreducible over $k$, \\item if $X$ is geometrically reduced and connected, then $A = k$, and \\item if $X$ is geometrically integral, then $A = k$. \\end{enumerate} ",
        "label": "lemma-proper-geometrically-reduced-global-sections",
        "tag": "0DMY",
        "url": "https://stacks.math.columbia.edu/tag/0DMY",
        "source_filename": "spaces-over-fields.tex"
    },
    {
        "theorem": "Lemma 72.14.4.",
        "body": "  Let $k$ be a field. Let $X$ be a proper integral algebraic space over $k$. Let $\\mathcal{L}$ be an invertible $\\mathcal{O}_X$-module. If $H^0(X, \\mathcal{L})$ and $H^0(X, \\mathcal{L}^{\\otimes - 1})$ are both nonzero, then $\\mathcal{L} \\cong \\mathcal{O}_X$. ",
        "label": "lemma-characterize-trivial-pic-integral",
        "tag": "0DMZ",
        "url": "https://stacks.math.columbia.edu/tag/0DMZ",
        "source_filename": "spaces-over-fields.tex"
    },
    {
        "theorem": "Lemma 72.15.1.",
        "body": "  Let $S$ be a scheme. Let $f : X \\to Y$ be an integral morphism of algebraic spaces. Then $\\dim(X) \\leq \\dim(Y)$. If $f$ is surjective then $\\dim(X) = \\dim(Y)$. ",
        "label": "lemma-integral-dimension",
        "tag": "0EDB",
        "url": "https://stacks.math.columbia.edu/tag/0EDB",
        "source_filename": "spaces-over-fields.tex"
    },
    {
        "theorem": "Lemma 72.15.2.",
        "body": "  Let $S$ be a scheme. Let $f : X \\to Y$ be a morphism of algebraic spaces over $S$. Assume that \\begin{enumerate} \\item $Y$ is locally Noetherian, \\item $X$ and $Y$ are integral algebraic spaces, \\item $f$ is dominant, and \\item $f$ is locally of finite type. \\end{enumerate} If $x \\in |X|$ and $y \\in |Y|$ are the generic points, then $$ \\dim(X) \\leq \\dim(Y) + \\text{transcendence degree of }x/y. $$ If $f$ is proper, then equality holds. ",
        "label": "lemma-alteration-dimension",
        "tag": "0EDC",
        "url": "https://stacks.math.columbia.edu/tag/0EDC",
        "source_filename": "spaces-over-fields.tex"
    },
    {
        "theorem": "Lemma 72.16.1.",
        "body": "  Let $k$ be a field. Let $X$ be an algebraic space smooth over $k$. Then $X$ is a regular algebraic space. ",
        "label": "lemma-smooth-regular",
        "tag": "06M1",
        "url": "https://stacks.math.columbia.edu/tag/06M1",
        "source_filename": "spaces-over-fields.tex"
    },
    {
        "theorem": "Lemma 72.16.2.",
        "body": "  Let $k$ be a field. Let $X$ be an algebraic space smooth over $\\mathop{\\mathrm{Spec}}(k)$. The set of $x \\in |X|$ which are image of morphisms $\\mathop{\\mathrm{Spec}}(k') \\to X$ with $k' \\supset k$ finite separable is dense in $|X|$. ",
        "label": "lemma-smooth-separable-closed-points-dense",
        "tag": "07W4",
        "url": "https://stacks.math.columbia.edu/tag/07W4",
        "source_filename": "spaces-over-fields.tex"
    },
    {
        "theorem": "Definition 72.17.1.",
        "body": "  Let $k$ be a field. Let $X$ be a proper algebraic over $k$. Let $\\mathcal{F}$ be a coherent $\\mathcal{O}_X$-module. In this situation the {\\it Euler characteristic of $\\mathcal{F}$} is the integer $$ \\chi(X, \\mathcal{F}) = \\sum\\nolimits_i (-1)^i \\dim_k H^i(X, \\mathcal{F}). $$ For justification of the formula see below. ",
        "label": "definition-euler-characteristic",
        "tag": "0DN1",
        "url": "https://stacks.math.columbia.edu/tag/0DN1",
        "source_filename": "spaces-over-fields.tex"
    },
    {
        "theorem": "Lemma 72.17.2.",
        "body": "  Let $k$ be a field. Let $X$ be a proper algebraic space over $k$. Let $0 \\to \\mathcal{F}_1 \\to \\mathcal{F}_2 \\to \\mathcal{F}_3 \\to 0$ be a short exact sequence of coherent modules on $X$. Then $$ \\chi(X, \\mathcal{F}_2) = \\chi(X, \\mathcal{F}_1) + \\chi(X, \\mathcal{F}_3) $$ ",
        "label": "lemma-euler-characteristic-additive",
        "tag": "0DN2",
        "url": "https://stacks.math.columbia.edu/tag/0DN2",
        "source_filename": "spaces-over-fields.tex"
    },
    {
        "theorem": "Lemma 72.17.3.",
        "body": "  Let $k$ be a field. Let $f : Y \\to X$ be a morphism of algebraic spaces proper over $k$. Let $\\mathcal{G}$ be a coherent $\\mathcal{O}_Y$-module. Then $$ \\chi(Y, \\mathcal{G}) = \\sum (-1)^i \\chi(X, R^if_*\\mathcal{G}) $$ ",
        "label": "lemma-euler-characteristic-morphism",
        "tag": "0EDD",
        "url": "https://stacks.math.columbia.edu/tag/0EDD",
        "source_filename": "spaces-over-fields.tex"
    },
    {
        "theorem": "Lemma 72.18.1.",
        "body": "  Let $k$ be a field. Let $X$ be a proper algebraic space over $k$. Let $\\mathcal{F}$ be a coherent $\\mathcal{O}_X$-module. Let $\\mathcal{L}_1, \\ldots, \\mathcal{L}_r$ be invertible $\\mathcal{O}_X$-modules. The map $$ (n_1, \\ldots, n_r) \\longmapsto \\chi(X, \\mathcal{F} \\otimes \\mathcal{L}_1^{\\otimes n_1} \\otimes \\ldots \\otimes \\mathcal{L}_r^{\\otimes n_r}) $$ is a numerical polynomial in $n_1, \\ldots, n_r$ of total degree at most the dimension of the scheme theoretic support of $\\mathcal{F}$. ",
        "label": "lemma-numerical-polynomial-from-euler",
        "tag": "0DN4",
        "url": "https://stacks.math.columbia.edu/tag/0DN4",
        "source_filename": "spaces-over-fields.tex"
    },
    {
        "theorem": "Lemma 72.18.2.",
        "body": "  Let $k$ be a field. Let $X$ be a proper algebraic space over $k$. Let $\\mathcal{F}$ be a coherent $\\mathcal{O}_X$-module. Let $\\mathcal{L}_1, \\ldots, \\mathcal{L}_r$ be invertible $\\mathcal{O}_X$-modules. Let $d = \\dim(\\text{Supp}(\\mathcal{F}))$. Let $Z_i \\subset X$ be the irreducible components of $\\text{Supp}(\\mathcal{F})$ of dimension $d$. Let $\\overline{x}_i$ be a geometric generic point of $Z_i$ and set $m_i = \\text{length}_{\\mathcal{O}_{X, \\overline{x}_i}} (\\mathcal{F}_{\\overline{x}_i})$. Then $$ \\chi(X, \\mathcal{F} \\otimes \\mathcal{L}_1^{\\otimes n_1} \\otimes \\ldots \\otimes \\mathcal{L}_r^{\\otimes n_r}) - \\sum\\nolimits_i m_i\\ \\chi(Z_i, \\mathcal{L}_1^{\\otimes n_1} \\otimes \\ldots \\otimes \\mathcal{L}_r^{\\otimes n_r}|_{Z_i}) $$ is a numerical polynomial in $n_1, \\ldots, n_r$ of total degree $< d$. ",
        "label": "lemma-numerical-polynomial-leading-term",
        "tag": "0EDE",
        "url": "https://stacks.math.columbia.edu/tag/0EDE",
        "source_filename": "spaces-over-fields.tex"
    },
    {
        "theorem": "Definition 72.18.3.",
        "body": "  Let $k$ be a field. Let $X$ be a proper algebraic space over $k$. Let $i : Z \\to X$ be a closed subspace of dimension $d$. Let $\\mathcal{L}_1, \\ldots, \\mathcal{L}_d$ be invertible $\\mathcal{O}_X$-modules. We define the {\\it intersection number} $(\\mathcal{L}_1 \\cdots \\mathcal{L}_d \\cdot Z)$ as the coefficient of $n_1 \\ldots n_d$ in the numerical polynomial $$ \\chi(X, i_*\\mathcal{O}_Z \\otimes \\mathcal{L}_1^{\\otimes n_1} \\otimes \\ldots \\otimes \\mathcal{L}_d^{\\otimes n_d}) = \\chi(Z, \\mathcal{L}_1^{\\otimes n_1} \\otimes \\ldots \\otimes \\mathcal{L}_d^{\\otimes n_d}|_Z) $$ In the special case that $\\mathcal{L}_1 = \\ldots = \\mathcal{L}_d = \\mathcal{L}$ we write $(\\mathcal{L}^d \\cdot Z)$. ",
        "label": "definition-intersection-number",
        "tag": "0EDF",
        "url": "https://stacks.math.columbia.edu/tag/0EDF",
        "source_filename": "spaces-over-fields.tex"
    },
    {
        "theorem": "Lemma 72.18.4.",
        "body": "  In the situation of Definition \\ref{definition-intersection-number} the intersection number $(\\mathcal{L}_1 \\cdots \\mathcal{L}_d \\cdot Z)$ is an integer. ",
        "label": "lemma-intersection-number-integer",
        "tag": "0EDG",
        "url": "https://stacks.math.columbia.edu/tag/0EDG",
        "source_filename": "spaces-over-fields.tex"
    },
    {
        "theorem": "Lemma 72.18.5.",
        "body": "  In the situation of Definition \\ref{definition-intersection-number} the intersection number $(\\mathcal{L}_1 \\cdots \\mathcal{L}_d \\cdot Z)$ is additive: if $\\mathcal{L}_i = \\mathcal{L}_i' \\otimes \\mathcal{L}_i''$, then we have $$ (\\mathcal{L}_1 \\cdots \\mathcal{L}_i \\cdots \\mathcal{L}_d \\cdot Z) = (\\mathcal{L}_1 \\cdots \\mathcal{L}_i' \\cdots \\mathcal{L}_d \\cdot Z) + (\\mathcal{L}_1 \\cdots \\mathcal{L}_i'' \\cdots \\mathcal{L}_d \\cdot Z) $$ ",
        "label": "lemma-intersection-number-additive",
        "tag": "0EDH",
        "url": "https://stacks.math.columbia.edu/tag/0EDH",
        "source_filename": "spaces-over-fields.tex"
    },
    {
        "theorem": "Lemma 72.18.6.",
        "body": "  In the situation of Definition \\ref{definition-intersection-number} let $Z_i \\subset Z$ be the irreducible components of dimension $d$. Let $m_i = \\text{length}_{\\mathcal{O}_{X, \\overline{x}_i}} (\\mathcal{O}_{Z, \\overline{x}_i})$ where $\\overline{x}_i$ is a geometric generic point of $Z_i$. Then $$ (\\mathcal{L}_1 \\cdots \\mathcal{L}_d \\cdot Z) = \\sum m_i(\\mathcal{L}_1 \\cdots \\mathcal{L}_d \\cdot Z_i) $$ ",
        "label": "lemma-intersection-number-in-terms-of-components",
        "tag": "0EDI",
        "url": "https://stacks.math.columbia.edu/tag/0EDI",
        "source_filename": "spaces-over-fields.tex"
    },
    {
        "theorem": "Lemma 72.18.7.",
        "body": "  Let $k$ be a field. Let $f : Y \\to X$ be a morphism of algebraic spaces proper over $k$. Let $Z \\subset Y$ be an integral closed subspace of dimension $d$ and let $\\mathcal{L}_1, \\ldots, \\mathcal{L}_d$ be invertible $\\mathcal{O}_X$-modules. Then $$ (f^*\\mathcal{L}_1 \\cdots f^*\\mathcal{L}_d \\cdot Z) = \\deg(f|_Z : Z \\to f(Z)) (\\mathcal{L}_1 \\cdots \\mathcal{L}_d \\cdot f(Z)) $$ where $\\deg(Z \\to f(Z))$ is as in Definition \\ref{definition-degree} or $0$ if $\\dim(f(Z)) < d$. ",
        "label": "lemma-intersection-number-and-pullback",
        "tag": "0EDJ",
        "url": "https://stacks.math.columbia.edu/tag/0EDJ",
        "source_filename": "spaces-over-fields.tex"
    },
    {
        "theorem": "Lemma 72.18.8.",
        "body": "  Let $k$ be a field. Let $X$ be a proper algebraic space over $k$. Let $Z \\subset X$ be a closed subspace of dimension $d$. Let $\\mathcal{L}_1, \\ldots, \\mathcal{L}_d$ be invertible $\\mathcal{O}_X$-modules. Assume there exists an effective Cartier divisor $D \\subset Z$ such that $\\mathcal{L}_1|_Z \\cong \\mathcal{O}_Z(D)$. Then $$ (\\mathcal{L}_1 \\cdots \\mathcal{L}_d \\cdot Z) = (\\mathcal{L}_2 \\cdots \\mathcal{L}_d \\cdot D) $$ ",
        "label": "lemma-numerical-intersection-effective-Cartier-divisor",
        "tag": "0EDK",
        "url": "https://stacks.math.columbia.edu/tag/0EDK",
        "source_filename": "spaces-over-fields.tex"
    }
]