[
    {
        "theorem": "Definition 73.3.1.",
        "body": "  Let $S$ be a scheme, and let $X$ be an algebraic space over $S$. A {\\it Zariski covering of $X$} is a family of morphisms $\\{f_i : X_i \\to X\\}_{i \\in I}$ of algebraic spaces over $S$ such that each $f_i$ is an open immersion and such that $$ |X| = \\bigcup\\nolimits_{i \\in I} |f_i|(|X_i|), $$ i.e., the morphisms are jointly surjective. ",
        "label": "definition-zariski-covering",
        "tag": "041G",
        "url": "https://stacks.math.columbia.edu/tag/041G",
        "source_filename": "spaces-topologies.tex"
    },
    {
        "theorem": "Lemma 73.3.2.",
        "body": "  Let $S$ be a scheme. Let $X$ be an algebraic space over $S$. \\begin{enumerate} \\item If $X' \\to X$ is an isomorphism then $\\{X' \\to X\\}$ is a Zariski covering of $X$. \\item If $\\{X_i \\to X\\}_{i\\in I}$ is a Zariski covering and for each $i$ we have a Zariski covering $\\{X_{ij} \\to X_i\\}_{j\\in J_i}$, then $\\{X_{ij} \\to X\\}_{i \\in I, j\\in J_i}$ is a Zariski covering. \\item If $\\{X_i \\to X\\}_{i\\in I}$ is a Zariski covering and $X' \\to X$ is a morphism of algebraic spaces then $\\{X' \\times_X X_i \\to X'\\}_{i\\in I}$ is a Zariski covering. \\end{enumerate} ",
        "label": "lemma-zariski",
        "tag": "041H",
        "url": "https://stacks.math.columbia.edu/tag/041H",
        "source_filename": "spaces-topologies.tex"
    },
    {
        "theorem": "Definition 73.4.1.",
        "body": "  Let $S$ be a scheme, and let $X$ be an algebraic space over $S$. An {\\it \\'etale covering of $X$} is a family of morphisms $\\{f_i : X_i \\to X\\}_{i \\in I}$ of algebraic spaces over $S$ such that each $f_i$ is \\'etale and such that $$ |X| = \\bigcup\\nolimits_{i \\in I} |f_i|(|X_i|), $$ i.e., the morphisms are jointly surjective. ",
        "label": "definition-etale-covering",
        "tag": "041E",
        "url": "https://stacks.math.columbia.edu/tag/041E",
        "source_filename": "spaces-topologies.tex"
    },
    {
        "theorem": "Lemma 73.4.2.",
        "body": "  Any Zariski covering is an \\'etale covering. ",
        "label": "lemma-zariski-etale",
        "tag": "0DF1",
        "url": "https://stacks.math.columbia.edu/tag/0DF1",
        "source_filename": "spaces-topologies.tex"
    },
    {
        "theorem": "Lemma 73.4.3.",
        "body": "  Let $S$ be a scheme. Let $X$ be an algebraic space over $S$. \\begin{enumerate} \\item If $X' \\to X$ is an isomorphism then $\\{X' \\to X\\}$ is a \\'etale covering of $X$. \\item If $\\{X_i \\to X\\}_{i\\in I}$ is a \\'etale covering and for each $i$ we have a \\'etale covering $\\{X_{ij} \\to X_i\\}_{j\\in J_i}$, then $\\{X_{ij} \\to X\\}_{i \\in I, j\\in J_i}$ is a \\'etale covering. \\item If $\\{X_i \\to X\\}_{i\\in I}$ is a \\'etale covering and $X' \\to X$ is a morphism of algebraic spaces then $\\{X' \\times_X X_i \\to X'\\}_{i\\in I}$ is a \\'etale covering. \\end{enumerate} ",
        "label": "lemma-etale",
        "tag": "041F",
        "url": "https://stacks.math.columbia.edu/tag/041F",
        "source_filename": "spaces-topologies.tex"
    },
    {
        "theorem": "Lemma 73.4.4.",
        "body": "  Let $S$ be a scheme. Let $X$ be an algebraic space over $S$. Let $\\{X_i \\to X\\}_{i \\in I}$ be a smooth covering of $X$. Then there exists an \\'etale covering $\\{U_j \\to X\\}_{j \\in J}$ of $X$ which refines $\\{X_i \\to X\\}_{i \\in I}$. ",
        "label": "lemma-etale-dominates-smooth",
        "tag": "0CFV",
        "url": "https://stacks.math.columbia.edu/tag/0CFV",
        "source_filename": "spaces-topologies.tex"
    },
    {
        "theorem": "Definition 73.4.5.",
        "body": "  Let $S$ be a scheme. A big \\'etale site {\\it $(\\textit{Spaces}/S)_{\\acute{e}tale}$} is any site constructed as follows: \\begin{enumerate} \\item Choose a big \\'etale site $(\\mathit{Sch}/S)_{\\acute{e}tale}$ as in Topologies, Section \\ref{topologies-section-etale}. \\item As underlying category take the category $\\textit{Spaces}/S$ of algebraic spaces over $S$ (see discussion in Section \\ref{section-procedure} why this is a set). \\item Choose any set of coverings as in Sets, Lemma \\ref{sets-lemma-coverings-site} starting with the category $\\textit{Spaces}/S$ and the class of \\'etale coverings of Definition \\ref{definition-etale-covering}. \\end{enumerate} ",
        "label": "definition-big-etale-site",
        "tag": "0DBX",
        "url": "https://stacks.math.columbia.edu/tag/0DBX",
        "source_filename": "spaces-topologies.tex"
    },
    {
        "theorem": "Definition 73.4.6.",
        "body": "  Let $S$ be a scheme. Let $(\\textit{Spaces}/S)_{\\acute{e}tale}$ be as in Definition \\ref{definition-big-etale-site}. Let $X$ be an algebraic space over $S$, i.e., an object of $(\\textit{Spaces}/S)_{\\acute{e}tale}$. Then the big \\'etale site {\\it $(\\textit{Spaces}/X)_{\\acute{e}tale}$} of $X$ is the localization of the site $(\\textit{Spaces}/S)_{\\acute{e}tale}$ at $X$ introduced in Sites, Section \\ref{sites-section-localize}. ",
        "label": "definition-big-small-etale",
        "tag": "0DBY",
        "url": "https://stacks.math.columbia.edu/tag/0DBY",
        "source_filename": "spaces-topologies.tex"
    },
    {
        "theorem": "Lemma 73.4.7.",
        "body": "  Let $S$ be a scheme. Let $f : Y \\to X$ be a morphism of $(\\textit{Spaces}/S)_{\\acute{e}tale}$. The inclusion functor $Y_{spaces, {\\acute{e}tale}} \\to (\\textit{Spaces}/X)_{\\acute{e}tale}$ is cocontinuous and induces a morphism of topoi $$ i_f : \\mathop{\\mathit{Sh}}\\nolimits(Y_{\\acute{e}tale}) \\longrightarrow \\mathop{\\mathit{Sh}}\\nolimits((\\textit{Spaces}/X)_{\\acute{e}tale}) $$ For a sheaf $\\mathcal{G}$ on $(\\textit{Spaces}/X)_{\\acute{e}tale}$ we have the formula $(i_f^{-1}\\mathcal{G})(U/Y) = \\mathcal{G}(U/X)$. The functor $i_f^{-1}$ also has a left adjoint $i_{f, !}$ which commutes with fibre products and equalizers. ",
        "label": "lemma-put-in-T-etale",
        "tag": "0DF2",
        "url": "https://stacks.math.columbia.edu/tag/0DF2",
        "source_filename": "spaces-topologies.tex"
    },
    {
        "theorem": "Lemma 73.4.8.",
        "body": "  Let $S$ be a scheme. Let $X$ be an object of $(\\textit{Spaces}/S)_{\\acute{e}tale}$. The inclusion functor $X_{spaces, {\\acute{e}tale}} \\to (\\textit{Spaces}/X)_{\\acute{e}tale}$ satisfies the hypotheses of Sites, Lemma \\ref{sites-lemma-bigger-site} and hence induces a morphism of sites $$ \\pi_X : (\\textit{Spaces}/X)_{\\acute{e}tale} \\longrightarrow X_{spaces, {\\acute{e}tale}} $$ and a morphism of topoi $$ i_X : \\mathop{\\mathit{Sh}}\\nolimits(X_{\\acute{e}tale}) \\longrightarrow \\mathop{\\mathit{Sh}}\\nolimits((\\textit{Spaces}/X)_{\\acute{e}tale}) $$ such that $\\pi_X \\circ i_X = \\text{id}$. Moreover, $i_X = i_{\\text{id}_X}$ with $i_{\\text{id}_X}$ as in Lemma \\ref{lemma-put-in-T-etale}. In particular the functor $i_X^{-1} = \\pi_{X, *}$ is described by the rule $i_X^{-1}(\\mathcal{G})(U/X) = \\mathcal{G}(U/X)$. ",
        "label": "lemma-at-the-bottom-etale",
        "tag": "0DF3",
        "url": "https://stacks.math.columbia.edu/tag/0DF3",
        "source_filename": "spaces-topologies.tex"
    },
    {
        "theorem": "Definition 73.4.9.",
        "body": "  In the situation of Lemma \\ref{lemma-at-the-bottom-etale} the functor $i_X^{-1} = \\pi_{X, *}$ is often called the {\\it restriction to the small \\'etale site}, and for a sheaf $\\mathcal{F}$ on the big \\'etale site we often denote $\\mathcal{F}|_{X_{\\acute{e}tale}}$ this restriction. ",
        "label": "definition-restriction-small-etale",
        "tag": "0DF4",
        "url": "https://stacks.math.columbia.edu/tag/0DF4",
        "source_filename": "spaces-topologies.tex"
    },
    {
        "theorem": "Lemma 73.4.10.",
        "body": "  Let $S$ be a scheme. Let $f : Y \\to X$ be a morphism in $(\\textit{Spaces}/S)_{\\acute{e}tale}$. The functor $$ u : (\\textit{Spaces}/Y)_{\\acute{e}tale} \\longrightarrow (\\textit{Spaces}/X)_{\\acute{e}tale}, \\quad V/Y \\longmapsto V/X $$ is cocontinuous, and has a continuous right adjoint $$ v : (\\textit{Spaces}/X)_{\\acute{e}tale} \\longrightarrow (\\textit{Spaces}/Y)_{\\acute{e}tale}, \\quad (U \\to X) \\longmapsto (U \\times_X Y \\to Y). $$ They induce the same morphism of topoi $$ f_{big} : \\mathop{\\mathit{Sh}}\\nolimits((\\textit{Spaces}/Y)_{\\acute{e}tale}) \\longrightarrow \\mathop{\\mathit{Sh}}\\nolimits((\\textit{Spaces}/X)_{\\acute{e}tale}) $$ We have $f_{big}^{-1}(\\mathcal{G})(U/Y) = \\mathcal{G}(U/X)$. We have $f_{big, *}(\\mathcal{F})(U/X) = \\mathcal{F}(U \\times_X Y/Y)$. Also, $f_{big}^{-1}$ has a left adjoint $f_{big!}$ which commutes with fibre products and equalizers. ",
        "label": "lemma-morphism-big-etale",
        "tag": "0DF5",
        "url": "https://stacks.math.columbia.edu/tag/0DF5",
        "source_filename": "spaces-topologies.tex"
    },
    {
        "theorem": "Lemma 73.4.11.",
        "body": "  Let $S$ be a scheme. Let $f : Y \\to X$ be a morphism in $(\\textit{Spaces}/S)_{\\acute{e}tale}$. \\begin{enumerate} \\item We have $i_f = f_{big} \\circ i_T$ with $i_f$ as in Lemma \\ref{lemma-put-in-T-etale} and $i_T$ as in Lemma \\ref{lemma-at-the-bottom-etale}. \\item The functor $X_{spaces, {\\acute{e}tale}} \\to T_{spaces, {\\acute{e}tale}}$, $(U \\to X) \\mapsto (U \\times_X Y \\to Y)$ is continuous and induces a morphism of sites $$ f_{spaces, {\\acute{e}tale}} : Y_{spaces, {\\acute{e}tale}} \\longrightarrow X_{spaces, {\\acute{e}tale}} $$ The corresponding morphism of small \\'etale topoi is denoted $$ f_{small} : \\mathop{\\mathit{Sh}}\\nolimits(Y_{\\acute{e}tale}) \\to \\mathop{\\mathit{Sh}}\\nolimits(X_{\\acute{e}tale}) $$ We have $f_{small, *}(\\mathcal{F})(U/X) = \\mathcal{F}(U \\times_X Y/Y)$. \\item We have a commutative diagram of morphisms of sites $$ \\xymatrix{ Y_{spaces, {\\acute{e}tale}} \\ar[d]_{f_{spaces, {\\acute{e}tale}}} & (\\textit{Spaces}/Y)_{\\acute{e}tale} \\ar[d]^{f_{big}} \\ar[l]^-{\\pi_Y}\\\\ X_{spaces, {\\acute{e}tale}} & (\\textit{Spaces}/X)_{\\acute{e}tale} \\ar[l]_-{\\pi_X} } $$ so that $f_{small} \\circ \\pi_Y = \\pi_X \\circ f_{big}$ as morphisms of topoi. \\item We have $f_{small} = \\pi_X \\circ f_{big} \\circ i_Y = \\pi_X \\circ i_f$. \\end{enumerate} ",
        "label": "lemma-morphism-big-small-etale",
        "tag": "0DF6",
        "url": "https://stacks.math.columbia.edu/tag/0DF6",
        "source_filename": "spaces-topologies.tex"
    },
    {
        "theorem": "Lemma 73.4.12.",
        "body": "  Let $S$ be a scheme. Given morphisms $f : X \\to Y$, $g : Y \\to Z$ in $(\\textit{Spaces}/S)_{\\acute{e}tale}$ we have $g_{big} \\circ f_{big} = (g \\circ f)_{big}$ and $g_{small} \\circ f_{small} = (g \\circ f)_{small}$. ",
        "label": "lemma-composition-etale",
        "tag": "0DF7",
        "url": "https://stacks.math.columbia.edu/tag/0DF7",
        "source_filename": "spaces-topologies.tex"
    },
    {
        "theorem": "Lemma 73.4.13.",
        "body": "  Let $S$ be a scheme. Consider a cartesian diagram $$ \\xymatrix{ Y' \\ar[r]_{g'} \\ar[d]_{f'} & Y \\ar[d]^f \\\\ X' \\ar[r]^g & X } $$ in $(\\textit{Spaces}/S)_{\\acute{e}tale}$. Then $i_g^{-1} \\circ f_{big, *} = f'_{small, *} \\circ (i_{g'})^{-1}$ and $g_{big}^{-1} \\circ f_{big, *} = f'_{big, *} \\circ (g'_{big})^{-1}$. ",
        "label": "lemma-morphism-big-small-cartesian-diagram-etale",
        "tag": "0DF8",
        "url": "https://stacks.math.columbia.edu/tag/0DF8",
        "source_filename": "spaces-topologies.tex"
    },
    {
        "theorem": "Remark 73.4.14.",
        "body": "  The sites $(\\textit{Spaces}/X)_{\\acute{e}tale}$ and $X_{spaces, {\\acute{e}tale}}$ come with structure sheaves. For the small \\'etale site we have seen this in Properties of Spaces, Section \\ref{spaces-properties-section-structure-sheaf}. The structure sheaf $\\mathcal{O}$ on the big \\'etale site $(\\textit{Spaces}/X)_{\\acute{e}tale}$ is defined by assigning to an object $U$ the global sections of the structure sheaf of $U$. This makes sense because after all $U$ is an algebraic space itself hence has a structure sheaf. Since $\\mathcal{O}_U$ is a sheaf on the \\'etale site of $U$, the presheaf $\\mathcal{O}$ so defined satisfies the sheaf condition for coverings of $U$, i.e., $\\mathcal{O}$ is a sheaf. We can upgrade the morphisms $i_f$, $\\pi_X$, $i_X$, $f_{small}$, and $f_{big}$ defined above to morphisms of ringed sites, respectively topoi. Let us deal with these one by one. \\begin{enumerate} \\item In Lemma \\ref{lemma-put-in-T-etale} denote $\\mathcal{O}$ the structure sheaf on $(\\textit{Spaces}/X)_{\\acute{e}tale}$. We have $(i_f^{-1}\\mathcal{O})(U/Y) = \\mathcal{O}_U(U) = \\mathcal{O}_Y(U)$ by construction. Hence an isomorphism $i_f^\\sharp : i_f^{-1}\\mathcal{O} \\to \\mathcal{O}_Y$. \\item In Lemma \\ref{lemma-at-the-bottom-etale} it was noted that $i_X$ is a special case of $i_f$ with $f = \\text{id}_X$ hence we are back in case (1). \\item In Lemma \\ref{lemma-at-the-bottom-etale} the morphism $\\pi_X$ satisfies $(\\pi_{X, *}\\mathcal{O})(U) = \\mathcal{O}(U) = \\mathcal{O}_X(U)$. Hence we can use this to define $\\pi_X^\\sharp : \\mathcal{O}_X \\to \\pi_{X, *}\\mathcal{O}$. \\item In Lemma \\ref{lemma-morphism-big-small-etale} the extension of $f_{small}$ to a morphism of ringed topoi was discussed in Properties of Spaces, Lemma \\ref{spaces-properties-lemma-morphism-ringed-topoi}. \\item In Lemma \\ref{lemma-morphism-big-small-etale} the functor $f_{big}^{-1}$ is simply the restriction via the inclusion functor $(\\textit{Spaces}/Y)_{\\acute{e}tale} \\to (\\textit{Spaces}/X)_{\\acute{e}tale}$. Let $\\mathcal{O}_1$ be the structure sheaf on $(\\textit{Spaces}/X)_{\\acute{e}tale}$ and let $\\mathcal{O}_2$ be the structure sheaf on $(\\textit{Spaces}/Y)_{\\acute{e}tale}$. We obtain a canonical isomorphism $f_{big}^\\sharp : f_{big}^{-1}\\mathcal{O}_1 \\to \\mathcal{O}_2$. \\end{enumerate} Moreover, with these definitions compositions work out correctly too. We omit giving a detailed statement and proof. ",
        "label": "remark-change-topologies-ringed",
        "tag": "0DF9",
        "url": "https://stacks.math.columbia.edu/tag/0DF9",
        "source_filename": "spaces-topologies.tex"
    },
    {
        "theorem": "Definition 73.5.1.",
        "body": "  Let $S$ be a scheme, and let $X$ be an algebraic space over $S$. A {\\it smooth covering of $X$} is a family of morphisms $\\{f_i : X_i \\to X\\}_{i \\in I}$ of algebraic spaces over $S$ such that each $f_i$ is smooth and such that $$ |X| = \\bigcup\\nolimits_{i \\in I} |f_i|(|X_i|), $$ i.e., the morphisms are jointly surjective. ",
        "label": "definition-smooth-covering",
        "tag": "041C",
        "url": "https://stacks.math.columbia.edu/tag/041C",
        "source_filename": "spaces-topologies.tex"
    },
    {
        "theorem": "Lemma 73.5.2.",
        "body": "  Any \\'etale covering is a smooth covering, and a fortiori, any Zariski covering is a smooth covering. ",
        "label": "lemma-zariski-etale-smooth",
        "tag": "0DFA",
        "url": "https://stacks.math.columbia.edu/tag/0DFA",
        "source_filename": "spaces-topologies.tex"
    },
    {
        "theorem": "Lemma 73.5.3.",
        "body": "  Let $S$ be a scheme. Let $X$ be an algebraic space over $S$. \\begin{enumerate} \\item If $X' \\to X$ is an isomorphism then $\\{X' \\to X\\}$ is a smooth covering of $X$. \\item If $\\{X_i \\to X\\}_{i\\in I}$ is a smooth covering and for each $i$ we have a smooth covering $\\{X_{ij} \\to X_i\\}_{j\\in J_i}$, then $\\{X_{ij} \\to X\\}_{i \\in I, j\\in J_i}$ is a smooth covering. \\item If $\\{X_i \\to X\\}_{i\\in I}$ is a smooth covering and $X' \\to X$ is a morphism of algebraic spaces then $\\{X' \\times_X X_i \\to X'\\}_{i\\in I}$ is a smooth covering. \\end{enumerate} ",
        "label": "lemma-smooth",
        "tag": "041D",
        "url": "https://stacks.math.columbia.edu/tag/041D",
        "source_filename": "spaces-topologies.tex"
    },
    {
        "theorem": "Definition 73.6.1.",
        "body": "  Let $S$ be a scheme, and let $X$ be an algebraic space over $S$. A {\\it syntomic covering of $X$} is a family of morphisms $\\{f_i : X_i \\to X\\}_{i \\in I}$ of algebraic spaces over $S$ such that each $f_i$ is syntomic and such that $$ |X| = \\bigcup\\nolimits_{i \\in I} |f_i|(|X_i|), $$ i.e., the morphisms are jointly surjective. ",
        "label": "definition-syntomic-covering",
        "tag": "041A",
        "url": "https://stacks.math.columbia.edu/tag/041A",
        "source_filename": "spaces-topologies.tex"
    },
    {
        "theorem": "Lemma 73.6.2.",
        "body": "  Any smooth covering is a syntomic covering, and a fortiori, any \\'etale or Zariski covering is a syntomic covering. ",
        "label": "lemma-zariski-etale-smooth-syntomic",
        "tag": "0DFB",
        "url": "https://stacks.math.columbia.edu/tag/0DFB",
        "source_filename": "spaces-topologies.tex"
    },
    {
        "theorem": "Lemma 73.6.3.",
        "body": "  Let $S$ be a scheme. Let $X$ be an algebraic space over $S$. \\begin{enumerate} \\item If $X' \\to X$ is an isomorphism then $\\{X' \\to X\\}$ is a syntomic covering of $X$. \\item If $\\{X_i \\to X\\}_{i\\in I}$ is a syntomic covering and for each $i$ we have a syntomic covering $\\{X_{ij} \\to X_i\\}_{j\\in J_i}$, then $\\{X_{ij} \\to X\\}_{i \\in I, j\\in J_i}$ is a syntomic covering. \\item If $\\{X_i \\to X\\}_{i\\in I}$ is a syntomic covering and $X' \\to X$ is a morphism of algebraic spaces then $\\{X' \\times_X X_i \\to X'\\}_{i\\in I}$ is a syntomic covering. \\end{enumerate} ",
        "label": "lemma-syntomic",
        "tag": "041B",
        "url": "https://stacks.math.columbia.edu/tag/041B",
        "source_filename": "spaces-topologies.tex"
    },
    {
        "theorem": "Definition 73.7.1.",
        "body": "  Let $S$ be a scheme, and let $X$ be an algebraic space over $S$. An {\\it fppf covering of $X$} is a family of morphisms $\\{f_i : X_i \\to X\\}_{i \\in I}$ of algebraic spaces over $S$ such that each $f_i$ is flat and locally of finite presentation and such that $$ |X| = \\bigcup\\nolimits_{i \\in I} |f_i|(|X_i|), $$ i.e., the morphisms are jointly surjective. ",
        "label": "definition-fppf-covering",
        "tag": "03Y8",
        "url": "https://stacks.math.columbia.edu/tag/03Y8",
        "source_filename": "spaces-topologies.tex"
    },
    {
        "theorem": "Lemma 73.7.2.",
        "body": "  Any syntomic covering is an fppf covering, and a fortiori, any smooth, \\'etale, or Zariski covering is an fppf covering. ",
        "label": "lemma-zariski-etale-smooth-syntomic-fppf",
        "tag": "0DFC",
        "url": "https://stacks.math.columbia.edu/tag/0DFC",
        "source_filename": "spaces-topologies.tex"
    },
    {
        "theorem": "Lemma 73.7.3.",
        "body": "  Let $S$ be a scheme. Let $X$ be an algebraic space over $S$. \\begin{enumerate} \\item If $X' \\to X$ is an isomorphism then $\\{X' \\to X\\}$ is an fppf covering of $X$. \\item If $\\{X_i \\to X\\}_{i\\in I}$ is an fppf covering and for each $i$ we have an fppf covering $\\{X_{ij} \\to X_i\\}_{j\\in J_i}$, then $\\{X_{ij} \\to X\\}_{i \\in I, j\\in J_i}$ is an fppf covering. \\item If $\\{X_i \\to X\\}_{i\\in I}$ is an fppf covering and $X' \\to X$ is a morphism of algebraic spaces then $\\{X' \\times_X X_i \\to X'\\}_{i\\in I}$ is an fppf covering. \\end{enumerate} ",
        "label": "lemma-fppf",
        "tag": "03Y9",
        "url": "https://stacks.math.columbia.edu/tag/03Y9",
        "source_filename": "spaces-topologies.tex"
    },
    {
        "theorem": "Lemma 73.7.4.",
        "body": "  Let $S$ be a scheme, and let $X$ be an algebraic space over $S$. Suppose that $\\mathcal{U} = \\{f_i : X_i \\to X\\}_{i \\in I}$ is an fppf covering of $X$. Then there exists a refinement $\\mathcal{V} = \\{g_i : T_i \\to X\\}$ of $\\mathcal{U}$ which is an fppf covering such that each $T_i$ is a scheme. ",
        "label": "lemma-refine-fppf-schemes",
        "tag": "042T",
        "url": "https://stacks.math.columbia.edu/tag/042T",
        "source_filename": "spaces-topologies.tex"
    },
    {
        "theorem": "Lemma 73.7.5.",
        "body": "  Let $S$ be a scheme. Let $\\{f_i : X_i \\to X\\}_{i \\in I}$ be an fppf covering of algebraic spaces over $S$. Then the map of sheaves $$ \\coprod X_i \\longrightarrow X $$ is surjective. ",
        "label": "lemma-fppf-covering-surjective",
        "tag": "0469",
        "url": "https://stacks.math.columbia.edu/tag/0469",
        "source_filename": "spaces-topologies.tex"
    },
    {
        "theorem": "Definition 73.7.6.",
        "body": "  Let $S$ be a scheme. A big fppf site {\\it $(\\textit{Spaces}/S)_{fppf}$} is any site constructed as follows: \\begin{enumerate} \\item Choose a big fppf site $(\\mathit{Sch}/S)_{fppf}$ as in Topologies, Section \\ref{topologies-section-fppf}. \\item As underlying category take the category $\\textit{Spaces}/S$ of algebraic spaces over $S$ (see discussion in Section \\ref{section-procedure} why this is a set). \\item Choose any set of coverings as in Sets, Lemma \\ref{sets-lemma-coverings-site} starting with the category $\\textit{Spaces}/S$ and the class of fppf coverings of Definition \\ref{definition-fppf-covering}. \\end{enumerate} ",
        "label": "definition-big-fppf-site",
        "tag": "0DBV",
        "url": "https://stacks.math.columbia.edu/tag/0DBV",
        "source_filename": "spaces-topologies.tex"
    },
    {
        "theorem": "Definition 73.7.7.",
        "body": "  Let $S$ be a scheme. Let $(\\textit{Spaces}/S)_{fppf}$ be as in Definition \\ref{definition-big-fppf-site}. Let $X$ be an algebraic space over $S$, i.e., an object of $(\\textit{Spaces}/S)_{fppf}$. Then the big fppf site {\\it $(\\textit{Spaces}/X)_{fppf}$} of $X$ is the localization of the site $(\\textit{Spaces}/S)_{fppf}$ at $X$ introduced in Sites, Section \\ref{sites-section-localize}. ",
        "label": "definition-big-small-fppf",
        "tag": "0DBW",
        "url": "https://stacks.math.columbia.edu/tag/0DBW",
        "source_filename": "spaces-topologies.tex"
    },
    {
        "theorem": "Lemma 73.7.8.",
        "body": "  Let $S$ be a scheme. Let $f : Y \\to X$ be a morphism of algebraic spaces over $S$. The functor $$ u : (\\textit{Spaces}/Y)_{fppf} \\longrightarrow (\\textit{Spaces}/X)_{fppf}, \\quad V/Y \\longmapsto V/X $$ is cocontinuous, and has a continuous right adjoint $$ v : (\\textit{Spaces}/X)_{fppf} \\longrightarrow (\\textit{Spaces}/Y)_{fppf}, \\quad (U \\to Y) \\longmapsto (U \\times_X Y \\to Y). $$ They induce the same morphism of topoi $$ f_{big} : \\mathop{\\mathit{Sh}}\\nolimits((\\textit{Spaces}/Y)_{fppf}) \\longrightarrow \\mathop{\\mathit{Sh}}\\nolimits((\\textit{Spaces}/X)_{fppf}) $$ We have $f_{big}^{-1}(\\mathcal{G})(U/Y) = \\mathcal{G}(U/X)$. We have $f_{big, *}(\\mathcal{F})(U/X) = \\mathcal{F}(U \\times_X Y/Y)$. Also, $f_{big}^{-1}$ has a left adjoint $f_{big!}$ which commutes with fibre products and equalizers. ",
        "label": "lemma-morphism-big-fppf",
        "tag": "0DFD",
        "url": "https://stacks.math.columbia.edu/tag/0DFD",
        "source_filename": "spaces-topologies.tex"
    },
    {
        "theorem": "Lemma 73.7.9.",
        "body": "  Let $S$ be a scheme. Given morphisms $f : X \\to Y$, $g : Y \\to Z$ of algebraic spaces over $S$ we have $g_{big} \\circ f_{big} = (g \\circ f)_{big}$. ",
        "label": "lemma-composition-fppf",
        "tag": "0DFE",
        "url": "https://stacks.math.columbia.edu/tag/0DFE",
        "source_filename": "spaces-topologies.tex"
    },
    {
        "theorem": "Definition 73.8.1.",
        "body": "  Let $S$ be a scheme and let $X$ be an algebraic space over $S$. A {\\it ph covering of $X$} is a family of morphisms $\\{X_i \\to X\\}_{i \\in I}$ of algebraic spaces over $S$ such that $f_i$ is locally of finite type and such that for every $U \\to X$ with $U$ affine there exists a standard ph covering $\\{U_j \\to U\\}_{j = 1, \\ldots, m}$ refining the family $\\{X_i \\times_X U \\to U\\}_{i \\in I}$. ",
        "label": "definition-ph-covering",
        "tag": "0DFG",
        "url": "https://stacks.math.columbia.edu/tag/0DFG",
        "source_filename": "spaces-topologies.tex"
    },
    {
        "theorem": "Lemma 73.8.2.",
        "body": "  Any fppf covering is a ph covering, and a fortiori, any syntomic, smooth, \\'etale or Zariski covering is a ph covering. ",
        "label": "lemma-zariski-etale-smooth-syntomic-fppf-ph",
        "tag": "0DFH",
        "url": "https://stacks.math.columbia.edu/tag/0DFH",
        "source_filename": "spaces-topologies.tex"
    },
    {
        "theorem": "Lemma 73.8.3.",
        "body": "  Let $S$ be a scheme. Let $f : Y \\to X$ be a surjective proper morphism of algebraic spaces over $S$. Then $\\{Y \\to X\\}$ is a ph covering. ",
        "label": "lemma-surjective-proper-ph",
        "tag": "0DFI",
        "url": "https://stacks.math.columbia.edu/tag/0DFI",
        "source_filename": "spaces-topologies.tex"
    },
    {
        "theorem": "Lemma 73.8.4.",
        "body": "  Let $S$ be a scheme. Let $X$ be an algebraic space over $S$. \\begin{enumerate} \\item If $X' \\to X$ is an isomorphism then $\\{X' \\to X\\}$ is a ph covering of $X$. \\item If $\\{X_i \\to X\\}_{i\\in I}$ is a ph covering and for each $i$ we have a ph covering $\\{X_{ij} \\to X_i\\}_{j\\in J_i}$, then $\\{X_{ij} \\to X\\}_{i \\in I, j\\in J_i}$ is a ph covering. \\item If $\\{X_i \\to X\\}_{i\\in I}$ is a ph covering and $X' \\to X$ is a morphism of algebraic spaces then $\\{X' \\times_X X_i \\to X'\\}_{i\\in I}$ is a ph covering. \\end{enumerate} ",
        "label": "lemma-ph",
        "tag": "0DFJ",
        "url": "https://stacks.math.columbia.edu/tag/0DFJ",
        "source_filename": "spaces-topologies.tex"
    },
    {
        "theorem": "Definition 73.8.5.",
        "body": "  Let $S$ be a scheme. A big ph site {\\it $(\\textit{Spaces}/S)_{ph}$} is any site constructed as follows: \\begin{enumerate} \\item Choose a big ph site $(\\mathit{Sch}/S)_{ph}$ as in Topologies, Section \\ref{topologies-section-ph}. \\item As underlying category take the category $\\textit{Spaces}/S$ of algebraic spaces over $S$ (see discussion in Section \\ref{section-procedure} why this is a set). \\item Choose any set of coverings as in Sets, Lemma \\ref{sets-lemma-coverings-site} starting with the category $\\textit{Spaces}/S$ and the class of ph coverings of Definition \\ref{definition-ph-covering}. \\end{enumerate} ",
        "label": "definition-big-ph-site",
        "tag": "0DFK",
        "url": "https://stacks.math.columbia.edu/tag/0DFK",
        "source_filename": "spaces-topologies.tex"
    },
    {
        "theorem": "Definition 73.8.6.",
        "body": "  Let $S$ be a scheme. Let $(\\textit{Spaces}/S)_{ph}$ be as in Definition \\ref{definition-big-ph-site}. Let $X$ be an algebraic space over $S$, i.e., an object of $(\\textit{Spaces}/S)_{ph}$. Then the big ph site {\\it $(\\textit{Spaces}/X)_{ph}$} of $X$ is the localization of the site $(\\textit{Spaces}/S)_{ph}$ at $X$ introduced in Sites, Section \\ref{sites-section-localize}. ",
        "label": "definition-big-small-ph",
        "tag": "0DFL",
        "url": "https://stacks.math.columbia.edu/tag/0DFL",
        "source_filename": "spaces-topologies.tex"
    },
    {
        "theorem": "Lemma 73.8.7.",
        "body": "  Let $S$ be a scheme. Let $X$ be an algebraic space over $S$. Let $\\mathcal{F}$ be a presheaf on $(\\textit{Spaces}/X)_{ph}$. Then $\\mathcal{F}$ is a sheaf if and only if \\begin{enumerate} \\item $\\mathcal{F}$ satisfies the sheaf condition for \\'etale coverings, and \\item if $f : V \\to U$ is a proper surjective morphism of $(\\textit{Spaces}/X)_{ph}$, then $\\mathcal{F}(U)$ maps bijectively to the equalizer of the two maps $\\mathcal{F}(V) \\to \\mathcal{F}(V \\times_U V)$. \\end{enumerate} ",
        "label": "lemma-characterize-sheaf",
        "tag": "0DFM",
        "url": "https://stacks.math.columbia.edu/tag/0DFM",
        "source_filename": "spaces-topologies.tex"
    },
    {
        "theorem": "Lemma 73.8.8.",
        "body": "  Let $S$ be a scheme. Let $f : Y \\to X$ be a morphism of algebraic spaces over $S$. The functor $$ u : (\\textit{Spaces}/Y)_{ph} \\longrightarrow (\\textit{Spaces}/X)_{ph}, \\quad V/Y \\longmapsto V/X $$ is cocontinuous, and has a continuous right adjoint $$ v : (\\textit{Spaces}/X)_{ph} \\longrightarrow (\\textit{Spaces}/Y)_{ph}, \\quad (U \\to Y) \\longmapsto (U \\times_X Y \\to Y). $$ They induce the same morphism of topoi $$ f_{big} : \\mathop{\\mathit{Sh}}\\nolimits((\\textit{Spaces}/Y)_{ph}) \\longrightarrow \\mathop{\\mathit{Sh}}\\nolimits((\\textit{Spaces}/X)_{ph}) $$ We have $f_{big}^{-1}(\\mathcal{G})(U/Y) = \\mathcal{G}(U/X)$. We have $f_{big, *}(\\mathcal{F})(U/X) = \\mathcal{F}(U \\times_X Y/Y)$. Also, $f_{big}^{-1}$ has a left adjoint $f_{big!}$ which commutes with fibre products and equalizers. ",
        "label": "lemma-morphism-big-ph",
        "tag": "0DFN",
        "url": "https://stacks.math.columbia.edu/tag/0DFN",
        "source_filename": "spaces-topologies.tex"
    },
    {
        "theorem": "Lemma 73.8.9.",
        "body": "  Let $S$ be a scheme. Given morphisms $f : X \\to Y$, $g : Y \\to Z$ of algebraic spaces over $S$ we have $g_{big} \\circ f_{big} = (g \\circ f)_{big}$. ",
        "label": "lemma-composition-ph",
        "tag": "0DFP",
        "url": "https://stacks.math.columbia.edu/tag/0DFP",
        "source_filename": "spaces-topologies.tex"
    },
    {
        "theorem": "Lemma 73.8.10.",
        "body": "  Let $S$ be a scheme. Let $X$ be an algebraic space over $S$. Let $P$ be a property of objects in $(\\textit{Spaces}/X)_{fppf}$ such that whenever $\\{U_i \\to U\\}$ is a covering in $(\\textit{Spaces}/X)_{fppf}$, then $$ P(U_{i_0} \\times_U \\ldots \\times_U U_{i_p}) \\text{ for all } p \\geq 0,\\ i_0, \\ldots, i_p \\in I \\Rightarrow P(U) $$ If $P(U)$ for all $U$ affine and flat, locally of finite presentation over $X$, then $P(X)$. ",
        "label": "lemma-cech-enough",
        "tag": "0DK6",
        "url": "https://stacks.math.columbia.edu/tag/0DK6",
        "source_filename": "spaces-topologies.tex"
    },
    {
        "theorem": "Definition 73.9.1.",
        "body": "  Let $S$ be a scheme, and let $X$ be an algebraic space over $S$. An {\\it fpqc covering of $X$} is a family of morphisms $\\{f_i : X_i \\to X\\}_{i \\in I}$ of algebraic spaces such that each $f_i$ is flat and such that for every affine scheme $Z$ and morphism $h : Z \\to X$ there exists a standard fpqc covering $\\{g_j : Z_j \\to Z\\}_{j = 1, \\ldots, m}$ which refines the family $\\{X_i \\times_X Z \\to Z\\}_{i \\in I}$. ",
        "label": "definition-fpqc-covering",
        "tag": "03MQ",
        "url": "https://stacks.math.columbia.edu/tag/03MQ",
        "source_filename": "spaces-topologies.tex"
    },
    {
        "theorem": "Lemma 73.9.2.",
        "body": "  Any fppf covering is an fpqc covering, and a fortiori, any syntomic, smooth, \\'etale or Zariski covering is an fpqc covering. ",
        "label": "lemma-zariski-etale-smooth-syntomic-fppf-fpqc",
        "tag": "0DFQ",
        "url": "https://stacks.math.columbia.edu/tag/0DFQ",
        "source_filename": "spaces-topologies.tex"
    },
    {
        "theorem": "Lemma 73.9.3.",
        "body": "  Let $S$ be a scheme. Let $X$ be an algebraic space over $S$. \\begin{enumerate} \\item If $X' \\to X$ is an isomorphism then $\\{X' \\to X\\}$ is an fpqc covering of $X$. \\item If $\\{X_i \\to X\\}_{i\\in I}$ is an fpqc covering and for each $i$ we have an fpqc covering $\\{X_{ij} \\to X_i\\}_{j\\in J_i}$, then $\\{X_{ij} \\to X\\}_{i \\in I, j\\in J_i}$ is an fpqc covering. \\item If $\\{X_i \\to X\\}_{i\\in I}$ is an fpqc covering and $X' \\to X$ is a morphism of algebraic spaces then $\\{X' \\times_X X_i \\to X'\\}_{i\\in I}$ is an fpqc covering. \\end{enumerate} ",
        "label": "lemma-fpqc",
        "tag": "03MR",
        "url": "https://stacks.math.columbia.edu/tag/03MR",
        "source_filename": "spaces-topologies.tex"
    },
    {
        "theorem": "Lemma 73.9.4.",
        "body": "  Let $S$ be a scheme, and let $X$ be an algebraic space over $S$. Suppose that $\\{f_i : X_i \\to X\\}_{i \\in I}$ is a family of morphisms of algebraic spaces with target $X$. Let $U \\to X$ be a surjective \\'etale morphism from a scheme towards $X$. Then $\\{f_i : X_i \\to X\\}_{i \\in I}$ is an fpqc covering of $X$ if and only if $\\{U \\times_X X_i \\to U\\}_{i \\in I}$ is an fpqc covering of $U$. ",
        "label": "lemma-recognize-fpqc-covering",
        "tag": "03MS",
        "url": "https://stacks.math.columbia.edu/tag/03MS",
        "source_filename": "spaces-topologies.tex"
    },
    {
        "theorem": "Lemma 73.9.5.",
        "body": "  Let $S$ be a scheme, and let $X$ be an algebraic space over $S$. Suppose that $\\mathcal{U} = \\{f_i : X_i \\to X\\}_{i \\in I}$ is an fpqc covering of $X$. Then there exists a refinement $\\mathcal{V} = \\{g_i : T_i \\to X\\}$ of $\\mathcal{U}$ which is an fpqc covering such that each $T_i$ is a scheme. ",
        "label": "lemma-refine-fpqc-schemes",
        "tag": "0419",
        "url": "https://stacks.math.columbia.edu/tag/0419",
        "source_filename": "spaces-topologies.tex"
    }
]