[
    {
        "theorem": "Definition 78.4.1.",
        "body": "  Let $B \\to S$ as in Section \\ref{section-notation}. Let $U$ be an algebraic space over $B$. \\begin{enumerate} \\item A {\\it pre-relation} on $U$ over $B$ is any morphism $j : R \\to U \\times_B U$ of algebraic spaces over $B$. In this case we set $t = \\text{pr}_0 \\circ j$ and $s = \\text{pr}_1 \\circ j$, so that $j = (t, s)$. \\item A {\\it relation} on $U$ over $B$ is a monomorphism $j : R \\to U \\times_B U$ of algebraic spaces over $B$. \\item A {\\it pre-equivalence relation} is a pre-relation $j : R \\to U \\times_B U$ such that the image of $j : R(T) \\to U(T) \\times U(T)$ is an equivalence relation for all schemes $T$ over $B$. \\item We say a morphism $R \\to U \\times_B U$ of algebraic spaces over $B$ is an {\\it equivalence relation on $U$ over $B$} if and only if for every $T$ over $B$ the $T$-valued points of $R$ define an equivalence relation on the set of $T$-valued points of $U$. \\end{enumerate} ",
        "label": "definition-equivalence-relation",
        "tag": "043C",
        "url": "https://stacks.math.columbia.edu/tag/043C",
        "source_filename": "spaces-groupoids.tex"
    },
    {
        "theorem": "Lemma 78.4.2.",
        "body": "  Let $B \\to S$ as in Section \\ref{section-notation}. Let $U$ be an algebraic space over $B$. Let $j : R \\to U \\times_B U$ be a pre-relation. Let $g : U' \\to U$ be a morphism of algebraic spaces over $B$. Finally, set $$ R' = (U' \\times_B U')\\times_{U \\times_B U} R \\xrightarrow{j'} U' \\times_B U' $$ Then $j'$ is a pre-relation on $U'$ over $B$. If $j$ is a relation, then $j'$ is a relation. If $j$ is a pre-equivalence relation, then $j'$ is a pre-equivalence relation. If $j$ is an equivalence relation, then $j'$ is an equivalence relation. ",
        "label": "lemma-restrict-relation",
        "tag": "043D",
        "url": "https://stacks.math.columbia.edu/tag/043D",
        "source_filename": "spaces-groupoids.tex"
    },
    {
        "theorem": "Definition 78.4.3.",
        "body": "  Let $B \\to S$ as in Section \\ref{section-notation}. Let $U$ be an algebraic space over $B$. Let $j : R \\to U \\times_B U$ be a pre-relation. Let $g : U' \\to U$ be a morphism of algebraic spaces over $B$. The pre-relation $j' : R' \\to U' \\times_B U'$ of Lemma \\ref{lemma-restrict-relation} is called the {\\it restriction}, or {\\it pullback} of the pre-relation $j$ to $U'$. In this situation we sometimes write $R' = R|_{U'}$. ",
        "label": "definition-restrict-relation",
        "tag": "043E",
        "url": "https://stacks.math.columbia.edu/tag/043E",
        "source_filename": "spaces-groupoids.tex"
    },
    {
        "theorem": "Lemma 78.4.4.",
        "body": "  Let $B \\to S$ as in Section \\ref{section-notation}. Let $j : R \\to U \\times_B U$ be a pre-relation of algebraic spaces over $B$. Consider the relation on $|U|$ defined by the rule $$ x \\sim y \\Leftrightarrow \\exists\\ r \\in |R| : t(r) = x, s(r) = y. $$ If $j$ is a pre-equivalence relation then this is an equivalence relation. ",
        "label": "lemma-pre-equivalence-equivalence-relation-points",
        "tag": "043F",
        "url": "https://stacks.math.columbia.edu/tag/043F",
        "source_filename": "spaces-groupoids.tex"
    },
    {
        "theorem": "Definition 78.5.1.",
        "body": "  Let $B \\to S$ as in Section \\ref{section-notation}. \\begin{enumerate} \\item A {\\it group algebraic space over $B$} is a pair $(G, m)$, where $G$ is an algebraic space over $B$ and $m : G \\times_B G \\to G$ is a morphism of algebraic spaces over $B$ with the following property: For every scheme $T$ over $B$ the pair $(G(T), m)$ is a group. \\item A {\\it morphism $\\psi : (G, m) \\to (G', m')$ of group algebraic spaces over $B$} is a morphism $\\psi : G \\to G'$ of algebraic spaces over $B$ such that for every $T/B$ the induced map $\\psi : G(T) \\to G'(T)$ is a homomorphism of groups. \\end{enumerate} ",
        "label": "definition-group-space",
        "tag": "043H",
        "url": "https://stacks.math.columbia.edu/tag/043H",
        "source_filename": "spaces-groupoids.tex"
    },
    {
        "theorem": "Lemma 78.5.2.",
        "body": "  Let $B \\to S$ as in Section \\ref{section-notation}. Let $(G, m)$ be a group algebraic space over $B$. Let $B' \\to B$ be a morphism of algebraic spaces. The pullback $(G_{B'}, m_{B'})$ is a group algebraic space over $B'$. ",
        "label": "lemma-base-change-group-space",
        "tag": "043I",
        "url": "https://stacks.math.columbia.edu/tag/043I",
        "source_filename": "spaces-groupoids.tex"
    },
    {
        "theorem": "Lemma 78.6.1.",
        "body": "  Let $S$ be a scheme. Let $B$ be an algebraic space over $S$. Let $G$ be a group algebraic space over $B$. Then $G \\to B$ is separated (resp.\\ quasi-separated, resp.\\ locally separated) if and only if the identity morphism $e : B \\to G$ is a closed immersion (resp.\\ quasi-compact, resp.\\ an immersion). ",
        "label": "lemma-group-scheme-separated",
        "tag": "06P6",
        "url": "https://stacks.math.columbia.edu/tag/06P6",
        "source_filename": "spaces-groupoids.tex"
    },
    {
        "theorem": "Lemma 78.6.2.",
        "body": "  Let $S$ be a scheme. Let $B$ be an algebraic space over $S$. Let $G$ be a group algebraic space over $B$. Assume $G \\to B$ is locally of finite type. Then $G \\to B$ is unramified (resp.\\ locally quasi-finite) if and only if $G \\to B$ is unramified (resp.\\ quasi-finite) at $e(b)$ for all $b \\in |B|$. ",
        "label": "lemma-group-scheme-unramified-or-lqf",
        "tag": "0DSI",
        "url": "https://stacks.math.columbia.edu/tag/0DSI",
        "source_filename": "spaces-groupoids.tex"
    },
    {
        "theorem": "Lemma 78.6.3.",
        "body": "  Let $S$ be a scheme. Let $B$ be an algebraic space over $S$. Let $G$ be a group algebraic space over $B$. Assume $G \\to B$ is locally of finite type. \\begin{enumerate} \\item There exists a maximal open subspace $U \\subset B$ such that $G_U \\to U$ is unramified and formation of $U$ commutes with base change. \\item There exists a maximal open subspace $U \\subset B$ such that $G_U \\to U$ is locally quasi-finite and formation of $U$ commutes with base change. \\end{enumerate} ",
        "label": "lemma-open-over-which-unramified-or-lqf",
        "tag": "0DSJ",
        "url": "https://stacks.math.columbia.edu/tag/0DSJ",
        "source_filename": "spaces-groupoids.tex"
    },
    {
        "theorem": "Example 78.7.1.",
        "body": "[Multiplicative group algebraic space]  Let $B \\to S$ as in Section \\ref{section-notation}. Consider the functor which associates to any scheme $T$ over $B$ the group $\\Gamma(T, \\mathcal{O}_T^*)$ of units in the global sections of the structure sheaf. This is representable by the group algebraic space $$ \\mathbf{G}_{m, B} = B \\times_S \\mathbf{G}_{m, S} $$ over $B$. Here $\\mathbf{G}_{m, S}$ is the multiplicative group scheme over $S$, see Groupoids, Example \\ref{groupoids-example-multiplicative-group}. ",
        "label": "example-multiplicative-group",
        "tag": "043J",
        "url": "https://stacks.math.columbia.edu/tag/043J",
        "source_filename": "spaces-groupoids.tex"
    },
    {
        "theorem": "Example 78.7.2.",
        "body": "[Roots of unity as a group algebraic space]  Let $B \\to S$ as in Section \\ref{section-notation}. Let $n \\in \\mathbf{N}$. Consider the functor which associates to any scheme $T$ over $B$ the subgroup of $\\Gamma(T, \\mathcal{O}_T^*)$ consisting of $n$th roots of unity. This is representable by the group algebraic space $$ \\mu_{n, B} = B \\times_S \\mu_{n, S} $$ over $B$. Here $\\mu_{n, S}$ is the group scheme of $n$th roots of unity over $S$, see Groupoids, Example \\ref{groupoids-example-roots-of-unity}. ",
        "label": "example-roots-of-unity",
        "tag": "043K",
        "url": "https://stacks.math.columbia.edu/tag/043K",
        "source_filename": "spaces-groupoids.tex"
    },
    {
        "theorem": "Example 78.7.3.",
        "body": "[Additive group algebraic space]  Let $B \\to S$ as in Section \\ref{section-notation}. Consider the functor which associates to any scheme $T$ over $B$ the group $\\Gamma(T, \\mathcal{O}_T)$ of global sections of the structure sheaf. This is representable by the group algebraic space $$ \\mathbf{G}_{a, B} = B \\times_S \\mathbf{G}_{a, S} $$ over $B$. Here $\\mathbf{G}_{a, S}$ is the additive group scheme over $S$, see Groupoids, Example \\ref{groupoids-example-additive-group}. ",
        "label": "example-additive-group",
        "tag": "043L",
        "url": "https://stacks.math.columbia.edu/tag/043L",
        "source_filename": "spaces-groupoids.tex"
    },
    {
        "theorem": "Example 78.7.4.",
        "body": "[General linear group algebraic space]  Let $B \\to S$ as in Section \\ref{section-notation}. Let $n \\geq 1$. Consider the functor which associates to any scheme $T$ over $B$ the group $$ \\text{GL}_n(\\Gamma(T, \\mathcal{O}_T)) $$ of invertible $n \\times n$ matrices over the global sections of the structure sheaf. This is representable by the group algebraic space $$ \\text{GL}_{n, B} = B \\times_S \\text{GL}_{n, S} $$ over $B$. Here $\\mathbf{G}_{m, S}$ is the general linear group scheme over $S$, see Groupoids, Example \\ref{groupoids-example-general-linear-group}. ",
        "label": "example-general-linear-group",
        "tag": "043M",
        "url": "https://stacks.math.columbia.edu/tag/043M",
        "source_filename": "spaces-groupoids.tex"
    },
    {
        "theorem": "Example 78.7.5.",
        "body": "  Let $B \\to S$ as in Section \\ref{section-notation}. Let $n \\geq 1$. The determinant defines a morphism of group algebraic spaces $$ \\det : \\text{GL}_{n, B} \\longrightarrow \\mathbf{G}_{m, B} $$ over $B$. It is the base change of the determinant morphism over $S$ from Groupoids, Example \\ref{groupoids-example-determinant}. ",
        "label": "example-determinant",
        "tag": "043N",
        "url": "https://stacks.math.columbia.edu/tag/043N",
        "source_filename": "spaces-groupoids.tex"
    },
    {
        "theorem": "Example 78.7.6.",
        "body": "[Constant group algebraic space]  Let $B \\to S$ as in Section \\ref{section-notation}. Let $G$ be an abstract group. Consider the functor which associates to any scheme $T$ over $B$ the group of locally constant maps $T \\to G$ (where $T$ has the Zariski topology and $G$ the discrete topology). This is representable by the group algebraic space $$ G_B = B \\times_S G_S $$ over $B$. Here $G_S$ is the constant group scheme introduced in Groupoids, Example \\ref{groupoids-example-constant-group}. ",
        "label": "example-constant-group",
        "tag": "043O",
        "url": "https://stacks.math.columbia.edu/tag/043O",
        "source_filename": "spaces-groupoids.tex"
    },
    {
        "theorem": "Definition 78.8.1.",
        "body": "  Let $B \\to S$ as in Section \\ref{section-notation}. Let $(G, m)$ be a group algebraic space over $B$. Let $X$ be an algebraic space over $B$. \\begin{enumerate} \\item An {\\it action of $G$ on the algebraic space $X/B$} is a morphism $a : G \\times_B X \\to X$ over $B$ such that for every scheme $T$ over $B$ the map $a : G(T) \\times X(T) \\to X(T)$ defines the structure of a $G(T)$-set on $X(T)$. \\item Suppose that $X$, $Y$ are algebraic spaces over $B$ each endowed with an action of $G$. An {\\it equivariant} or more precisely a {\\it $G$-equivariant} morphism $\\psi : X \\to Y$ is a morphism of algebraic spaces over $B$ such that for every $T$ over $B$ the map $\\psi : X(T) \\to Y(T)$ is a morphism of $G(T)$-sets. \\end{enumerate} ",
        "label": "definition-action-group-space",
        "tag": "043Q",
        "url": "https://stacks.math.columbia.edu/tag/043Q",
        "source_filename": "spaces-groupoids.tex"
    },
    {
        "theorem": "Definition 78.8.2.",
        "body": "  Let $B \\to S$, $G \\to B$, and $X \\to B$ as in Definition \\ref{definition-action-group-space}. Let $a : G \\times_B X \\to X$ be an action of $G$ on $X/B$. We say the action is {\\it free} if for every scheme $T$ over $B$ the action $a : G(T) \\times X(T) \\to X(T)$ is a free action of the group $G(T)$ on the set $X(T)$. ",
        "label": "definition-free-action",
        "tag": "06P8",
        "url": "https://stacks.math.columbia.edu/tag/06P8",
        "source_filename": "spaces-groupoids.tex"
    },
    {
        "theorem": "Lemma 78.8.3.",
        "body": "  Situation as in Definition \\ref{definition-free-action}, The action $a$ is free if and only if $$ G \\times_B X \\to X \\times_B X, \\quad (g, x) \\mapsto (a(g, x), x) $$ is a monomorphism of algebraic spaces. ",
        "label": "lemma-free-action",
        "tag": "06P9",
        "url": "https://stacks.math.columbia.edu/tag/06P9",
        "source_filename": "spaces-groupoids.tex"
    },
    {
        "theorem": "Definition 78.9.1.",
        "body": "  Let $S$ be a scheme. Let $B$ be an algebraic space over $S$. Let $(G, m)$ be a group algebraic space over $B$. Let $X$ be an algebraic space over $B$, and let $a : G \\times_B X \\to X$ be an action of $G$ on $X$. \\begin{enumerate} \\item We say $X$ is a {\\it pseudo $G$-torsor} or that $X$ is {\\it formally principally homogeneous under $G$} if the induced morphism $G \\times_B X \\to X \\times_B X$, $(g, x) \\mapsto (a(g, x), x)$ is an isomorphism. \\item A pseudo $G$-torsor $X$ is called {\\it trivial} if there exists an $G$-equivariant isomorphism $G \\to X$ over $B$ where $G$ acts on $G$ by left multiplication. \\end{enumerate} ",
        "label": "definition-pseudo-torsor",
        "tag": "04TW",
        "url": "https://stacks.math.columbia.edu/tag/04TW",
        "source_filename": "spaces-groupoids.tex"
    },
    {
        "theorem": "Lemma 78.9.2.",
        "body": "  In the situation of Definition \\ref{definition-pseudo-torsor}. \\begin{enumerate} \\item The algebraic space $X$ is a pseudo $G$-torsor if and only if for every scheme $T$ over $B$ the set $X(T)$ is either empty or the action of the group $G(T)$ on $X(T)$ is simply transitive. \\item A pseudo $G$-torsor $X$ is trivial if and only if the morphism $X \\to B$ has a section. \\end{enumerate} ",
        "label": "lemma-characterize-trivial-pseudo-torsors",
        "tag": "04TX",
        "url": "https://stacks.math.columbia.edu/tag/04TX",
        "source_filename": "spaces-groupoids.tex"
    },
    {
        "theorem": "Definition 78.9.3.",
        "body": "  Let $S$ be a scheme. Let $B$ be an algebraic space over $S$. Let $(G, m)$ be a group algebraic space over $B$. Let $X$ be a pseudo $G$-torsor over $B$. \\begin{enumerate} \\item We say $X$ is a {\\it principal homogeneous space}, or more precisely a {\\it principal homogeneous $G$-space over $B$} if there exists a fpqc covering\\footnote{The default type of torsor in Groupoids, Definition \\ref{groupoids-definition-principal-homogeneous-space} is a pseudo torsor which is trivial on an fpqc covering. Since $G$, as an algebraic space, can be seen a sheaf of groups there already is a notion of a $G$-torsor which corresponds to fppf-torsor, see Lemma \\ref{lemma-torsor}. Hence we use ``principal homogeneous space'' for a pseudo torsor which is fpqc locally trivial, and we try to avoid using the word torsor in this situation.} $\\{B_i \\to B\\}_{i \\in I}$ such that each $X_{B_i} \\to B_i$ has a section (i.e., is a trivial pseudo $G_{B_i}$-torsor). \\item Let $\\tau \\in \\{Zariski, {\\acute{e}tale}, smooth, syntomic, fppf\\}$. We say $X$ is a {\\it $G$-torsor in the $\\tau$ topology}, or a {\\it $\\tau$ $G$-torsor}, or simply a {\\it $\\tau$ torsor} if there exists a $\\tau$ covering $\\{B_i \\to B\\}_{i \\in I}$ such that each $X_{B_i} \\to B_i$ has a section. \\item If $X$ is a principal homogeneous $G$-space over $B$, then we say that it is {\\it quasi-isotrivial} if it is a torsor for the \\'etale topology. \\item If $X$ is a principal homogeneous $G$-space over $B$, then we say that it is {\\it locally trivial} if it is a torsor for the Zariski topology. \\end{enumerate} ",
        "label": "definition-principal-homogeneous-space",
        "tag": "04TY",
        "url": "https://stacks.math.columbia.edu/tag/04TY",
        "source_filename": "spaces-groupoids.tex"
    },
    {
        "theorem": "Lemma 78.9.4.",
        "body": "  Let $S$ be a scheme. Let $(G, m)$ be a group algebraic space over $S$. Let $X$ be an algebraic space over $S$, and let $a : G \\times_S X \\to X$ be an action of $G$ on $X$. Then $X$ is a $G$-torsor in the $fppf$-topology in the sense of Definition \\ref{definition-principal-homogeneous-space} if and only if $X$ is a $G$-torsor on $(\\mathit{Sch}/S)_{fppf}$ in the sense of Cohomology on Sites, Definition \\ref{sites-cohomology-definition-torsor}. ",
        "label": "lemma-torsor",
        "tag": "04TZ",
        "url": "https://stacks.math.columbia.edu/tag/04TZ",
        "source_filename": "spaces-groupoids.tex"
    },
    {
        "theorem": "Lemma 78.9.5.",
        "body": "  Let $S$ be a scheme. Let $B$ be an algebraic space over $S$. Let $G$ be a group algebraic space over $B$. Let $X$ be a pseudo $G$-torsor over $B$. Assume $G$ and $X$ locally of finite type over $B$. \\begin{enumerate} \\item If $G \\to B$ is unramified, then $X \\to B$ is unramified. \\item If $G \\to B$ is locally quasi-finite, then $X \\to B$ is locally quasi-finite. \\end{enumerate} ",
        "label": "lemma-pseudo-torsor-implications",
        "tag": "0DSK",
        "url": "https://stacks.math.columbia.edu/tag/0DSK",
        "source_filename": "spaces-groupoids.tex"
    },
    {
        "theorem": "Definition 78.10.1.",
        "body": "  Let $B \\to S$ as in Section \\ref{section-notation}. Let $(G, m)$ be a group algebraic space over $B$, and let $a : G \\times_B X \\to X$ be an action of $G$ on the algebraic space $X$ over $B$. An {\\it $G$-equivariant quasi-coherent $\\mathcal{O}_X$-module}, or simply a {\\it equivariant quasi-coherent $\\mathcal{O}_X$-module}, is a pair $(\\mathcal{F}, \\alpha)$, where $\\mathcal{F}$ is a quasi-coherent $\\mathcal{O}_X$-module, and $\\alpha$ is a $\\mathcal{O}_{G \\times_B X}$-module map $$ \\alpha : a^*\\mathcal{F} \\longrightarrow \\text{pr}_1^*\\mathcal{F} $$ where $\\text{pr}_1 : G \\times_B X \\to X$ is the projection such that \\begin{enumerate} \\item the diagram $$ \\xymatrix{ (1_G \\times a)^*\\text{pr}_2^*\\mathcal{F} \\ar[r]_-{\\text{pr}_{12}^*\\alpha} & \\text{pr}_2^*\\mathcal{F} \\\\ (1_G \\times a)^*a^*\\mathcal{F} \\ar[u]^{(1_G \\times a)^*\\alpha} \\ar@{=}[r] & (m \\times 1_X)^*a^*\\mathcal{F} \\ar[u]_{(m \\times 1_X)^*\\alpha} } $$ is a commutative in the category of $\\mathcal{O}_{G \\times_B G \\times_B X}$-modules, and \\item the pullback $$ (e \\times 1_X)^*\\alpha : \\mathcal{F} \\longrightarrow \\mathcal{F} $$ is the identity map. \\end{enumerate} For explanation compare with the relevant diagrams of Equation (\\ref{equation-action}). ",
        "label": "definition-equivariant-module",
        "tag": "043T",
        "url": "https://stacks.math.columbia.edu/tag/043T",
        "source_filename": "spaces-groupoids.tex"
    },
    {
        "theorem": "Lemma 78.10.2.",
        "body": "  Let $B \\to S$ as in Section \\ref{section-notation}. Let $G$ be a group algebraic space over $B$. Let $f : X \\to Y$ be a $G$-equivariant morphism between algebraic spaces over $B$ endowed with $G$-actions. Then pullback $f^*$ given by $(\\mathcal{F}, \\alpha) \\mapsto (f^*\\mathcal{F}, (1_G \\times f)^*\\alpha)$ defines a functor from the category of quasi-coherent $G$-equivariant sheaves on $Y$ to the category of quasi-coherent $G$-equivariant sheaves on $X$. ",
        "label": "lemma-pullback-equivariant",
        "tag": "043U",
        "url": "https://stacks.math.columbia.edu/tag/043U",
        "source_filename": "spaces-groupoids.tex"
    },
    {
        "theorem": "Definition 78.11.1.",
        "body": "  Let $B \\to S$ as in Section \\ref{section-notation}. \\begin{enumerate} \\item A {\\it groupoid in algebraic spaces over $B$} is a quintuple $(U, R, s, t, c)$ where $U$ and $R$ are algebraic spaces over $B$, and $s, t : R \\to U$ and $c : R \\times_{s, U, t} R \\to R$ are morphisms of algebraic spaces over $B$ with the following property: For any scheme $T$ over $B$ the quintuple $$ (U(T), R(T), s, t, c) $$ is a groupoid category. \\item A {\\it morphism $f : (U, R, s, t, c) \\to (U', R', s', t', c')$ of groupoids in algebraic spaces over $B$} is given by morphisms of algebraic spaces $f : U \\to U'$ and $f : R \\to R'$ over $B$ with the following property:  For any scheme $T$ over $B$ the maps $f$ define a functor from the groupoid category $(U(T), R(T), s, t, c)$ to the groupoid category $(U'(T), R'(T), s', t', c')$. \\end{enumerate} ",
        "label": "definition-groupoid",
        "tag": "043W",
        "url": "https://stacks.math.columbia.edu/tag/043W",
        "source_filename": "spaces-groupoids.tex"
    },
    {
        "theorem": "Lemma 78.11.2.",
        "body": "  Let $B \\to S$ as in Section \\ref{section-notation}. Given a groupoid in algebraic spaces $(U, R, s, t, c)$ over $B$ the morphism $j : R \\to U \\times_B U$ is a pre-equivalence relation. ",
        "label": "lemma-groupoid-pre-equivalence",
        "tag": "043X",
        "url": "https://stacks.math.columbia.edu/tag/043X",
        "source_filename": "spaces-groupoids.tex"
    },
    {
        "theorem": "Lemma 78.11.3.",
        "body": "  Let $B \\to S$ as in Section \\ref{section-notation}. Given an equivalence relation $j : R \\to U \\times_B U$ over $B$ there is a unique way to extend it to a groupoid in algebraic spaces $(U, R, s, t, c)$ over $B$. ",
        "label": "lemma-equivalence-groupoid",
        "tag": "043Y",
        "url": "https://stacks.math.columbia.edu/tag/043Y",
        "source_filename": "spaces-groupoids.tex"
    },
    {
        "theorem": "Lemma 78.11.4.",
        "body": "  Let $B \\to S$ as in Section \\ref{section-notation}. Let $(U, R, s, t, c)$ be a groupoid in algebraic spaces over $B$. In the commutative diagram $$ \\xymatrix{ & U & \\\\ R \\ar[d]_s \\ar[ru]^t & R \\times_{s, U, t} R \\ar[l]^-{\\text{pr}_0} \\ar[d]^{\\text{pr}_1} \\ar[r]_-c & R \\ar[d]^s \\ar[lu]_t \\\\ U & R \\ar[l]_t \\ar[r]^s & U } $$ the two lower squares are fibre product squares. Moreover, the triangle on top (which is really a square) is also cartesian. ",
        "label": "lemma-diagram",
        "tag": "043Z",
        "url": "https://stacks.math.columbia.edu/tag/043Z",
        "source_filename": "spaces-groupoids.tex"
    },
    {
        "theorem": "Lemma 78.11.5.",
        "body": "  Let $B \\to S$ be as in Section \\ref{section-notation}. Let $(U, R, s, t, c, e, i)$ be a groupoid in algebraic spaces over $B$. The diagram \\begin{equation} \\label{equation-pull} \\xymatrix{ R \\times_{t, U, t} R \\ar@<1ex>[r]^-{\\text{pr}_1} \\ar@<-1ex>[r]_-{\\text{pr}_0} \\ar[d]_{\\text{pr}_0 \\times c \\circ (i, 1)} & R \\ar[r]^t \\ar[d]^{\\text{id}_R} & U \\ar[d]^{\\text{id}_U} \\\\ R \\times_{s, U, t} R \\ar@<1ex>[r]^-c \\ar@<-1ex>[r]_-{\\text{pr}_0} \\ar[d]_{\\text{pr}_1} & R \\ar[r]^t \\ar[d]^s & U \\\\ R \\ar@<1ex>[r]^s \\ar@<-1ex>[r]_t & U } \\end{equation} is commutative. The two top rows are isomorphic via the vertical maps given. The two lower left squares are cartesian. ",
        "label": "lemma-diagram-pull",
        "tag": "0450",
        "url": "https://stacks.math.columbia.edu/tag/0450",
        "source_filename": "spaces-groupoids.tex"
    },
    {
        "theorem": "Lemma 78.11.6.",
        "body": "  Let $B \\to S$ be as in Section \\ref{section-notation}. Let $(U, R, s, t, c)$ be a groupoid in algebraic spaces over $B$. Let $B' \\to B$ be a morphism of algebraic spaces. Then the base changes $U' = B' \\times_B U$, $R' = B' \\times_B R$ endowed with the base changes $s'$, $t'$, $c'$ of the morphisms $s, t, c$ form a groupoid in algebraic spaces $(U', R', s', t', c')$ over $B'$ and the projections determine a morphism $(U', R', s', t', c') \\to (U, R, s, t, c)$ of groupoids in algebraic spaces over $B$. ",
        "label": "lemma-base-change-groupoid",
        "tag": "0DTA",
        "url": "https://stacks.math.columbia.edu/tag/0DTA",
        "source_filename": "spaces-groupoids.tex"
    },
    {
        "theorem": "Definition 78.12.1.",
        "body": "  Let $B \\to S$ as in Section \\ref{section-notation}. Let $(U, R, s, t, c)$ be a groupoid in algebraic spaces over $B$. A {\\it quasi-coherent module on $(U, R, s, t, c)$} is a pair $(\\mathcal{F}, \\alpha)$, where $\\mathcal{F}$ is a quasi-coherent $\\mathcal{O}_U$-module, and $\\alpha$ is a $\\mathcal{O}_R$-module map $$ \\alpha : t^*\\mathcal{F} \\longrightarrow s^*\\mathcal{F} $$ such that \\begin{enumerate} \\item the diagram $$ \\xymatrix{ & \\text{pr}_1^*t^*\\mathcal{F} \\ar[r]_-{\\text{pr}_1^*\\alpha} & \\text{pr}_1^*s^*\\mathcal{F} \\ar@{=}[rd] & \\\\ \\text{pr}_0^*s^*\\mathcal{F} \\ar@{=}[ru] & & & c^*s^*\\mathcal{F} \\\\ & \\text{pr}_0^*t^*\\mathcal{F} \\ar[lu]^{\\text{pr}_0^*\\alpha} \\ar@{=}[r] & c^*t^*\\mathcal{F} \\ar[ru]_{c^*\\alpha} } $$ is a commutative in the category of $\\mathcal{O}_{R \\times_{s, U, t} R}$-modules, and \\item the pullback $$ e^*\\alpha : \\mathcal{F} \\longrightarrow \\mathcal{F} $$ is the identity map. \\end{enumerate} Compare with the commutative diagrams of Lemma \\ref{lemma-diagram}. ",
        "label": "definition-groupoid-module",
        "tag": "0441",
        "url": "https://stacks.math.columbia.edu/tag/0441",
        "source_filename": "spaces-groupoids.tex"
    },
    {
        "theorem": "Lemma 78.12.2.",
        "body": "  Let $B \\to S$ as in Section \\ref{section-notation}. Let $(U, R, s, t, c)$ be a groupoid in algebraic spaces over $B$. If $(\\mathcal{F}, \\alpha)$ is a quasi-coherent module on $(U, R, s, t, c)$ then $\\alpha$ is an isomorphism. ",
        "label": "lemma-isomorphism",
        "tag": "077W",
        "url": "https://stacks.math.columbia.edu/tag/077W",
        "source_filename": "spaces-groupoids.tex"
    },
    {
        "theorem": "Lemma 78.12.3.",
        "body": "  Let $B \\to S$ as in Section \\ref{section-notation}. Consider a morphism $f : (U, R, s, t, c) \\to (U', R', s', t', c')$ of groupoid in algebraic spaces over $B$. Then pullback $f^*$ given by $$ (\\mathcal{F}, \\alpha) \\mapsto (f^*\\mathcal{F}, f^*\\alpha) $$ defines a functor from the category of quasi-coherent sheaves on $(U', R', s', t', c')$ to the category of quasi-coherent sheaves on $(U, R, s, t, c)$. ",
        "label": "lemma-pullback",
        "tag": "0442",
        "url": "https://stacks.math.columbia.edu/tag/0442",
        "source_filename": "spaces-groupoids.tex"
    },
    {
        "theorem": "Lemma 78.12.4.",
        "body": "  Let $B \\to S$ as in Section \\ref{section-notation}. Consider a morphism $f : (U, R, s, t, c) \\to (U', R', s', t', c')$ of groupoids in algebraic spaces over $B$. Assume that \\begin{enumerate} \\item $f : U \\to U'$ is quasi-compact and quasi-separated, \\item the square $$ \\xymatrix{ R \\ar[d]_t \\ar[r]_f & R' \\ar[d]^{t'} \\\\ U \\ar[r]^f & U' } $$ is cartesian, and \\item $s'$ and $t'$ are flat. \\end{enumerate} Then pushforward $f_*$ given by $$ (\\mathcal{F}, \\alpha) \\mapsto (f_*\\mathcal{F}, f_*\\alpha) $$ defines a functor from the category of quasi-coherent sheaves on $(U, R, s, t, c)$ to the category of quasi-coherent sheaves on $(U', R', s', t', c')$ which is right adjoint to pullback as defined in Lemma \\ref{lemma-pullback}. ",
        "label": "lemma-pushforward",
        "tag": "0GPM",
        "url": "https://stacks.math.columbia.edu/tag/0GPM",
        "source_filename": "spaces-groupoids.tex"
    },
    {
        "theorem": "Lemma 78.12.5.",
        "body": "  Let $B \\to S$ be as in Section \\ref{section-notation}. Let $(U, R, s, t, c)$ be a groupoid in algebraic spaces over $B$. The category of quasi-coherent modules on $(U, R, s, t, c)$ has colimits. ",
        "label": "lemma-colimits",
        "tag": "077X",
        "url": "https://stacks.math.columbia.edu/tag/077X",
        "source_filename": "spaces-groupoids.tex"
    },
    {
        "theorem": "Lemma 78.12.6.",
        "body": "  Let $B \\to S$ as in Section \\ref{section-notation}. Let $(U, R, s, t, c)$ be a groupoid in algebraic spaces over $B$. If $s$, $t$ are flat, then the category of quasi-coherent modules on $(U, R, s, t, c)$ is abelian. ",
        "label": "lemma-abelian",
        "tag": "06VZ",
        "url": "https://stacks.math.columbia.edu/tag/06VZ",
        "source_filename": "spaces-groupoids.tex"
    },
    {
        "theorem": "Lemma 78.13.1.",
        "body": "  Let $B \\to S$ as in Section \\ref{section-notation}. Let $(U, R, s, t, c)$ be a groupoid in algebraic spaces over $B$. Assume $s, t$ are flat, quasi-compact, and quasi-separated. For any quasi-coherent module $\\mathcal{G}$ on $U$, there exists a canonical isomorphism $\\alpha : t^*s_*t^*\\mathcal{G} \\to s^*s_*t^*\\mathcal{G}$ which turns $(s_*t^*\\mathcal{G}, \\alpha)$ into a quasi-coherent module on $(U, R, s, t, c)$. This construction defines a functor $$ \\mathit{QCoh}(\\mathcal{O}_U) \\longrightarrow \\mathit{QCoh}(U, R, s, t, c) $$ which is a right adjoint to the forgetful functor $(\\mathcal{F}, \\beta) \\mapsto \\mathcal{F}$. ",
        "label": "lemma-construct-quasi-coherent",
        "tag": "0GPP",
        "url": "https://stacks.math.columbia.edu/tag/0GPP",
        "source_filename": "spaces-groupoids.tex"
    },
    {
        "theorem": "Remark 78.13.2.",
        "body": "  In the situation of Lemma \\ref{lemma-construct-quasi-coherent} denote $$ F : \\mathit{QCoh}(U, R, s, t, c) \\to \\mathit{QCoh}(\\mathcal{O}_U),\\quad (\\mathcal{F}, \\beta) \\mapsto \\mathcal{F} $$ the forgetful functor and denote $$ G : \\mathit{QCoh}(\\mathcal{O}_U) \\to \\mathit{QCoh}(U, R, s, t, c),\\quad \\mathcal{G} \\mapsto (s_*t^*\\mathcal{G}, \\alpha) $$ the right adjoint constructed in the lemma. Then the unit $\\eta : \\text{id} \\to G \\circ F$ of the adjunction evaluated on $(\\mathcal{F}, \\beta)$ is given by the map $$ \\mathcal{F} \\to s_*s^*\\mathcal{F} \\xrightarrow{\\beta^{-1}} s_*t^*\\mathcal{F} $$ We omit the verification. ",
        "label": "remark-adjunction-map",
        "tag": "0GPQ",
        "url": "https://stacks.math.columbia.edu/tag/0GPQ",
        "source_filename": "spaces-groupoids.tex"
    },
    {
        "theorem": "Lemma 78.13.3.",
        "body": "  Let $S$ be a scheme. Let $f : Y \\to X$ be a morphism of algebraic spaces over $S$. Let $\\mathcal{F}$ be a quasi-coherent $\\mathcal{O}_X$-module, let $\\mathcal{G}$ be a quasi-coherent $\\mathcal{O}_Y$-module, and let $\\varphi : \\mathcal{G} \\to f^*\\mathcal{F}$ be a module map. Assume \\begin{enumerate} \\item $\\varphi$ is injective, \\item $f$ is quasi-compact, quasi-separated, flat, and surjective, \\item $X$, $Y$ are locally Noetherian, and \\item $\\mathcal{G}$ is a coherent $\\mathcal{O}_Y$-module. \\end{enumerate} Then $\\mathcal{F} \\cap f_*\\mathcal{G}$ defined as the pullback $$ \\xymatrix{ \\mathcal{F} \\ar[r] & f_*f^*\\mathcal{F} \\\\ \\mathcal{F} \\cap f_*\\mathcal{G} \\ar[u] \\ar[r] & f_*\\mathcal{G} \\ar[u] } $$ is a coherent $\\mathcal{O}_X$-module. ",
        "label": "lemma-push-pull",
        "tag": "0GPR",
        "url": "https://stacks.math.columbia.edu/tag/0GPR",
        "source_filename": "spaces-groupoids.tex"
    },
    {
        "theorem": "Lemma 78.13.4.",
        "body": "  Let $B \\to S$ be as in Section \\ref{section-notation}. Let $(U, R, s, t, c)$ be a groupoid in algebraic spaces over $B$. Assume that \\begin{enumerate} \\item $U$, $R$ are Noetherian, \\item $s, t$ are flat, quasi-compact, and quasi-separated. \\end{enumerate} Then every quasi-coherent module $(\\mathcal{F}, \\alpha)$ on $(U, R, s, t, c)$ is a filtered colimit of coherent modules. ",
        "label": "lemma-colimit-coherent",
        "tag": "0GPS",
        "url": "https://stacks.math.columbia.edu/tag/0GPS",
        "source_filename": "spaces-groupoids.tex"
    },
    {
        "theorem": "Lemma 78.14.1.",
        "body": "  In the situation above, if all the morphisms $f_\\phi$ are flat, then there exists a cardinal $\\kappa$ such that every object $(\\{\\mathcal{F}_i\\}_{i \\in I}, \\{\\alpha_\\phi\\}_{\\phi \\in \\Phi})$ of $\\textit{CQC}(X)$ is the directed colimit of its $\\kappa$-generated submodules. ",
        "label": "lemma-crystals-in-quasi-coherent-modules",
        "tag": "077Z",
        "url": "https://stacks.math.columbia.edu/tag/077Z",
        "source_filename": "spaces-groupoids.tex"
    },
    {
        "theorem": "Lemma 78.14.2.",
        "body": "  Let $B \\to S$ as in Section \\ref{section-notation}. Let $(U, R, s, t, c)$ be a groupoid in algebraic spaces over $B$. If $s$, $t$ are flat, then there exists a set $T$ and a family of objects $(\\mathcal{F}_t, \\alpha_t)_{t \\in T}$ of $\\mathit{QCoh}(U, R, s, t, c)$ such that every object $(\\mathcal{F}, \\alpha)$ is the directed colimit of its submodules isomorphic to one of the objects $(\\mathcal{F}_t, \\alpha_t)$. ",
        "label": "lemma-set-generators",
        "tag": "0780",
        "url": "https://stacks.math.columbia.edu/tag/0780",
        "source_filename": "spaces-groupoids.tex"
    },
    {
        "theorem": "Lemma 78.15.1.",
        "body": "  Let $B \\to S$ as in Section \\ref{section-notation}. Let $(G, m)$ be a group algebraic space over $B$ with identity $e_G$ and inverse $i_G$. Let $X$ be an algebraic space over $B$ and let $a : G \\times_B X \\to X$ be an action of $G$ on $X$ over $B$. Then we get a groupoid in algebraic spaces $(U, R, s, t, c, e, i)$ over $B$ in the following manner: \\begin{enumerate} \\item We set $U = X$, and $R = G \\times_B X$. \\item We set $s : R \\to U$ equal to $(g, x) \\mapsto x$. \\item We set $t : R \\to U$ equal to $(g, x) \\mapsto a(g, x)$. \\item We set $c : R \\times_{s, U, t} R \\to R$ equal to $((g, x), (g', x')) \\mapsto (m(g, g'), x')$. \\item We set $e : U \\to R$ equal to $x \\mapsto (e_G(x), x)$. \\item We set $i : R \\to R$ equal to $(g, x) \\mapsto (i_G(g), a(g, x))$. \\end{enumerate} ",
        "label": "lemma-groupoid-from-action",
        "tag": "0444",
        "url": "https://stacks.math.columbia.edu/tag/0444",
        "source_filename": "spaces-groupoids.tex"
    },
    {
        "theorem": "Lemma 78.15.2.",
        "body": "  Let $B \\to S$ as in Section \\ref{section-notation}. Let $(G, m)$ be a group algebraic space over $B$. Let $X$ be an algebraic space over $B$ and let $a : G \\times_B X \\to X$ be an action of $G$ on $X$ over $B$. Let $(U, R, s, t, c)$ be the groupoid in algebraic spaces constructed in Lemma \\ref{lemma-groupoid-from-action}. The rule $(\\mathcal{F}, \\alpha) \\mapsto (\\mathcal{F}, \\alpha)$ defines an equivalence of categories between $G$-equivariant $\\mathcal{O}_X$-modules and the category of quasi-coherent modules on $(U, R, s, t, c)$. ",
        "label": "lemma-action-groupoid-modules",
        "tag": "0445",
        "url": "https://stacks.math.columbia.edu/tag/0445",
        "source_filename": "spaces-groupoids.tex"
    },
    {
        "theorem": "Lemma 78.16.1.",
        "body": "  Let $B \\to S$ as in Section \\ref{section-notation}. Let $(U, R, s, t, c)$ be a groupoid in algebraic spaces over $B$. The algebraic space $G$ defined by the cartesian square $$ \\xymatrix{ G \\ar[r] \\ar[d] & R \\ar[d]^{j = (t, s)} \\\\ U \\ar[r]^-{\\Delta} & U \\times_B U } $$ is a group algebraic space over $U$ with composition law $m$ induced by the composition law $c$. ",
        "label": "lemma-groupoid-stabilizer",
        "tag": "0447",
        "url": "https://stacks.math.columbia.edu/tag/0447",
        "source_filename": "spaces-groupoids.tex"
    },
    {
        "theorem": "Definition 78.16.2.",
        "body": "  Let $B \\to S$ as in Section \\ref{section-notation}. Let $(U, R, s, t, c)$ be a groupoid in algebraic spaces over $B$. The group algebraic space $j^{-1}(\\Delta_{U/B}) \\to U$ is called the {\\it stabilizer of the groupoid in algebraic spaces $(U, R, s, t, c)$}. ",
        "label": "definition-stabilizer-groupoid",
        "tag": "0448",
        "url": "https://stacks.math.columbia.edu/tag/0448",
        "source_filename": "spaces-groupoids.tex"
    },
    {
        "theorem": "Lemma 78.16.3.",
        "body": "  Let $B \\to S$ as in Section \\ref{section-notation}. Let $(U, R, s, t, c)$ be a groupoid in algebraic spaces over $B$, and let $G/U$ be its stabilizer. Denote $R_t/U$ the algebraic space $R$ seen as an algebraic space over $U$ via the morphism $t : R \\to U$. There is a canonical left action $$ a : G \\times_U R_t \\longrightarrow R_t $$ induced by the composition law $c$. ",
        "label": "lemma-groupoid-action-stabilizer",
        "tag": "0449",
        "url": "https://stacks.math.columbia.edu/tag/0449",
        "source_filename": "spaces-groupoids.tex"
    },
    {
        "theorem": "Lemma 78.17.1.",
        "body": "  Let $B \\to S$ as in Section \\ref{section-notation}. Let $(U, R, s, t, c)$ be a groupoid in algebraic spaces over $B$. Let $g : U' \\to U$ be a morphism of algebraic spaces. Consider the following diagram $$ \\xymatrix{ R' \\ar[d] \\ar[r] \\ar@/_3pc/[dd]_{t'} \\ar@/^1pc/[rr]^{s'}& R \\times_{s, U} U' \\ar[r] \\ar[d] & U' \\ar[d]^g \\\\ U' \\times_{U, t} R \\ar[d] \\ar[r] & R \\ar[r]^s \\ar[d]_t & U \\\\ U' \\ar[r]^g & U } $$ where all the squares are fibre product squares. Then there is a canonical composition law $c' : R' \\times_{s', U', t'} R' \\to R'$ such that $(U', R', s', t', c')$ is a groupoid in algebraic spaces over $B$ and such that $U' \\to U$, $R' \\to R$ defines a morphism $(U', R', s', t', c') \\to (U, R, s, t, c)$ of groupoids in algebraic spaces over $B$. Moreover, for any scheme $T$ over $B$ the functor of groupoids $$ (U'(T), R'(T), s', t', c') \\to (U(T), R(T), s, t, c) $$ is the restriction (see Groupoids, Section \\ref{groupoids-section-restrict-groupoid}) of $(U(T), R(T), s, t, c)$ via the map $U'(T) \\to U(T)$. ",
        "label": "lemma-restrict-groupoid",
        "tag": "044B",
        "url": "https://stacks.math.columbia.edu/tag/044B",
        "source_filename": "spaces-groupoids.tex"
    },
    {
        "theorem": "Definition 78.17.2.",
        "body": "  Let $B \\to S$ as in Section \\ref{section-notation}. Let $(U, R, s, t, c)$ be a groupoid in algebraic spaces over $B$. Let $g : U' \\to U$ be a morphism of algebraic spaces over $B$. The morphism of groupoids in algebraic spaces $(U', R', s', t', c') \\to (U, R, s, t, c)$ constructed in Lemma \\ref{lemma-restrict-groupoid} is called the {\\it restriction of $(U, R, s, t, c)$ to $U'$}. We sometime use the notation $R' = R|_{U'}$ in this case. ",
        "label": "definition-restrict-groupoid",
        "tag": "044C",
        "url": "https://stacks.math.columbia.edu/tag/044C",
        "source_filename": "spaces-groupoids.tex"
    },
    {
        "theorem": "Lemma 78.17.3.",
        "body": "  The notions of restricting groupoids and (pre-)equivalence relations defined in Definitions \\ref{definition-restrict-groupoid} and \\ref{definition-restrict-relation} agree via the constructions of Lemmas \\ref{lemma-groupoid-pre-equivalence} and \\ref{lemma-equivalence-groupoid}. ",
        "label": "lemma-restrict-groupoid-relation",
        "tag": "044D",
        "url": "https://stacks.math.columbia.edu/tag/044D",
        "source_filename": "spaces-groupoids.tex"
    },
    {
        "theorem": "Definition 78.18.1.",
        "body": "  Let $B \\to S$ as in Section \\ref{section-notation}. Let $(U, R, s, t, c)$ be a groupoid in algebraic spaces over the base $B$. \\begin{enumerate} \\item We say an open subspace $W \\subset U$ is {\\it $R$-invariant} if $t(s^{-1}(W)) \\subset W$. \\item A locally closed subspace $Z \\subset U$ is called {\\it $R$-invariant} if $t^{-1}(Z) = s^{-1}(Z)$ as locally closed subspaces of $R$. \\item A monomorphism of algebraic spaces $T \\to U$ is {\\it $R$-invariant} if $T \\times_{U, t} R = R \\times_{s, U} T$ as algebraic spaces over $R$. \\end{enumerate} ",
        "label": "definition-invariant-open",
        "tag": "044F",
        "url": "https://stacks.math.columbia.edu/tag/044F",
        "source_filename": "spaces-groupoids.tex"
    },
    {
        "theorem": "Lemma 78.18.2.",
        "body": "  Let $B \\to S$ as in Section \\ref{section-notation}. Let $(U, R, s, t, c)$ be a groupoid in algebraic spaces over $B$. \\begin{enumerate} \\item If $s$ and $t$ are open, then for every open $W \\subset U$ the open $s(t^{-1}(W))$ is $R$-invariant. \\item If $s$ and $t$ are open and quasi-compact, then $U$ has an open covering consisting of $R$-invariant quasi-compact open subspaces. \\end{enumerate} ",
        "label": "lemma-constructing-invariant-opens",
        "tag": "044G",
        "url": "https://stacks.math.columbia.edu/tag/044G",
        "source_filename": "spaces-groupoids.tex"
    },
    {
        "theorem": "Definition 78.19.1.",
        "body": "  Let $B \\to S$ and the pre-relation $j : R \\to U \\times_B U$ be as above. In this setting the {\\it quotient sheaf $U/R$} associated to $j$ is the sheafification of the presheaf (\\ref{equation-quotient-presheaf}) on $(\\mathit{Sch}/S)_{fppf}$. If $j : R \\to U \\times_B U$ comes from the action of a group algebraic space $G$ over $B$ on $U$ as in Lemma \\ref{lemma-groupoid-from-action} then we denote the quotient sheaf $U/G$. ",
        "label": "definition-quotient-sheaf",
        "tag": "044J",
        "url": "https://stacks.math.columbia.edu/tag/044J",
        "source_filename": "spaces-groupoids.tex"
    },
    {
        "theorem": "Remark 78.19.2.",
        "body": "  A variant of the construction above would have been to sheafify the functor $$ \\begin{matrix} (\\textit{Spaces}/B)^{opp}_{fppf} & \\longrightarrow & \\textit{Sets}, \\\\ X & \\longmapsto  & U(X)/\\sim_X \\end{matrix} $$ where now $\\sim_X \\subset U(X) \\times U(X)$ is the equivalence relation generated by the image of $j : R(X) \\to U(X) \\times U(X)$. Here of course $U(X) = \\mathop{\\mathrm{Mor}}\\nolimits_B(X, U)$ and $R(X) = \\mathop{\\mathrm{Mor}}\\nolimits_B(X, R)$. In fact, the result would have been the same, via the identifications of (insert future reference in Topologies of Spaces here). ",
        "label": "remark-quotient-variant",
        "tag": "044K",
        "url": "https://stacks.math.columbia.edu/tag/044K",
        "source_filename": "spaces-groupoids.tex"
    },
    {
        "theorem": "Definition 78.19.3.",
        "body": "  In the situation of Definition \\ref{definition-quotient-sheaf}. We say that the pre-relation $j$ has a {\\it quotient representable by an algebraic space} if the sheaf $U/R$ is an algebraic space. We say that the pre-relation $j$ has a {\\it representable quotient} if the sheaf $U/R$ is representable by a scheme. We will say a groupoid in algebraic spaces $(U, R, s, t, c)$ over $B$ has a {\\it representable quotient} (resp.\\ {\\it quotient representable by an algebraic space}) if the quotient $U/R$ with $j = (t, s)$ is representable (resp.\\ an algebraic space). ",
        "label": "definition-representable-quotient",
        "tag": "044L",
        "url": "https://stacks.math.columbia.edu/tag/044L",
        "source_filename": "spaces-groupoids.tex"
    },
    {
        "theorem": "Lemma 78.19.4.",
        "body": "  In the situation of Definition \\ref{definition-quotient-sheaf}. Assume there is an algebraic space $M$ over $S$, and a morphism $U \\to M$ such that \\begin{enumerate} \\item the morphism $U \\to M$ equalizes $s, t$, \\item the map $U \\to M$ is a surjection of sheaves, and \\item the induced map $(t, s) : R \\to U \\times_M U$ is a surjection of sheaves. \\end{enumerate} In this case $M$ represents the quotient sheaf $U/R$. ",
        "label": "lemma-criterion-quotient-representable",
        "tag": "044M",
        "url": "https://stacks.math.columbia.edu/tag/044M",
        "source_filename": "spaces-groupoids.tex"
    },
    {
        "theorem": "Lemma 78.19.5.",
        "body": "  Let $S$ be a scheme. Let $B$ be an algebraic space over $S$. Let $j : R \\to U \\times_B U$ be a pre-equivalence relation over $B$. For a scheme $S'$ over $S$ and $a, b \\in U(S')$ the following are equivalent: \\begin{enumerate} \\item $a$ and $b$ map to the same element of $(U/R)(S')$, and \\item there exists an fppf covering $\\{f_i : S_i \\to S'\\}$ of $S'$ and morphisms $r_i : S_i \\to R$ such that $a \\circ f_i = s \\circ r_i$ and $b \\circ f_i = t \\circ r_i$. \\end{enumerate} In other words, in this case the map of sheaves $$ R \\longrightarrow U \\times_{U/R} U $$ is surjective. ",
        "label": "lemma-quotient-pre-equivalence",
        "tag": "046O",
        "url": "https://stacks.math.columbia.edu/tag/046O",
        "source_filename": "spaces-groupoids.tex"
    },
    {
        "theorem": "Lemma 78.19.6.",
        "body": "  Let $S$ be a scheme. Let $B$ be an algebraic space over $S$. Let $j : R \\to U \\times_B U$ be a pre-equivalence relation over $B$ and $g : U' \\to U$ a morphism of algebraic spaces over $B$. Let $j' : R' \\to U' \\times_B U'$ be the restriction of $j$ to $U'$. The map of quotient sheaves $$ U'/R' \\longrightarrow U/R $$ is injective. If $U' \\to U$ is surjective as a map of sheaves, for example if $\\{g : U' \\to U\\}$ is an fppf covering (see Topologies on Spaces, Definition \\ref{spaces-topologies-definition-fppf-covering}), then $U'/R' \\to U/R$ is an isomorphism of sheaves. ",
        "label": "lemma-quotient-pre-equivalence-relation-restrict",
        "tag": "046P",
        "url": "https://stacks.math.columbia.edu/tag/046P",
        "source_filename": "spaces-groupoids.tex"
    },
    {
        "theorem": "Lemma 78.19.7.",
        "body": "  Let $S$ be a scheme. Let $B$ be an algebraic space over $S$. Let $(U, R, s, t, c)$ be a groupoid in algebraic spaces over $B$. Let $g : U' \\to U$ a morphism of algebraic spaces over $B$. Let $(U', R', s', t', c')$ be the restriction of $(U, R, s, t, c)$ to $U'$. The map of quotient sheaves $$ U'/R' \\longrightarrow U/R $$ is injective. If the composition $$ \\xymatrix{ U' \\times_{g, U, t} R \\ar[r]_-{\\text{pr}_1} \\ar@/^3ex/[rr]^h & R \\ar[r]_s & U } $$ is a surjection of fppf sheaves then the map is bijective. This holds for example if $\\{h : U' \\times_{g, U, t} R \\to U\\}$ is an $fppf$-covering, or if $U' \\to U$ is a surjection of sheaves, or if $\\{g : U' \\to U\\}$ is a covering in the fppf topology. ",
        "label": "lemma-quotient-groupoid-restrict",
        "tag": "044N",
        "url": "https://stacks.math.columbia.edu/tag/044N",
        "source_filename": "spaces-groupoids.tex"
    },
    {
        "theorem": "Definition 78.20.1.",
        "body": "  Quotient stacks. Let $B \\to S$ be as above. \\begin{enumerate} \\item Let $(U, R, s, t, c)$ be a groupoid in algebraic spaces over $B$. The {\\it quotient stack} $$ p : [U/R] \\longrightarrow (\\mathit{Sch}/S)_{fppf} $$ of $(U, R, s, t, c)$ is the stackification (see Stacks, Lemma \\ref{stacks-lemma-stackify-groupoids}) of the category fibred in groupoids $[U/_{\\!p}R]$ over $(\\mathit{Sch}/S)_{fppf}$ associated to (\\ref{equation-quotient-stack}). \\item Let $(G, m)$ be a group algebraic space over $B$. Let $a : G \\times_B X \\to X$ be an action of $G$ on an algebraic space over $B$. The {\\it quotient stack} $$ p : [X/G] \\longrightarrow (\\mathit{Sch}/S)_{fppf} $$ is the quotient stack associated to the groupoid in algebraic spaces $(X, G \\times_B X, s, t, c)$ over $B$ of Lemma \\ref{lemma-groupoid-from-action}. \\end{enumerate} ",
        "label": "definition-quotient-stack",
        "tag": "044Q",
        "url": "https://stacks.math.columbia.edu/tag/044Q",
        "source_filename": "spaces-groupoids.tex"
    },
    {
        "theorem": "Lemma 78.20.2.",
        "body": "  Assume $B \\to S$ and $(U, R, s, t, c)$ as in Definition \\ref{definition-quotient-stack} (1). There are canonical $1$-morphisms $\\pi : \\mathcal{S}_U \\to [U/R]$, and $[U/R] \\to \\mathcal{S}_B$ of stacks in groupoids over $(\\mathit{Sch}/S)_{fppf}$. The composition $\\mathcal{S}_U \\to \\mathcal{S}_B$ is the $1$-morphism associated to the structure morphism $U \\to B$. ",
        "label": "lemma-quotient-stack-arrows",
        "tag": "044R",
        "url": "https://stacks.math.columbia.edu/tag/044R",
        "source_filename": "spaces-groupoids.tex"
    },
    {
        "theorem": "Lemma 78.20.3.",
        "body": "  Assumptions and notation as in Lemma \\ref{lemma-quotient-stack-arrows}. There exists a canonical $2$-morphism $\\alpha : \\pi \\circ s \\to \\pi \\circ t$ making the diagram $$ \\xymatrix{ \\mathcal{S}_R \\ar[r]_s \\ar[d]_t & \\mathcal{S}_U \\ar[d]^\\pi \\\\ \\mathcal{S}_U \\ar[r]^-\\pi & [U/R] } $$ $2$-commutative. ",
        "label": "lemma-quotient-stack-2-arrow",
        "tag": "044S",
        "url": "https://stacks.math.columbia.edu/tag/044S",
        "source_filename": "spaces-groupoids.tex"
    },
    {
        "theorem": "Remark 78.20.4.",
        "body": "  In future chapters we will use the ambiguous notation where instead of writing $\\mathcal{S}_X$ for the stack in sets associated to $X$ we simply write $X$. Using this notation the diagram of Lemma \\ref{lemma-quotient-stack-2-arrow} becomes the familiar diagram $$ \\xymatrix{ R \\ar[r]_s \\ar[d]_t & U \\ar[d]^\\pi \\\\ U \\ar[r]^-\\pi & [U/R] } $$ In the following sections we will show that this diagram has many good properties. In particular we will show that it is a $2$-fibre product (Section \\ref{section-quotient-stack-2-cartesian}) and that it is close to being a $2$-coequalizer of $s$ and $t$ (Section \\ref{section-quotient-stacks-2-coequalize}). ",
        "label": "remark-fundamental-square",
        "tag": "04M7",
        "url": "https://stacks.math.columbia.edu/tag/04M7",
        "source_filename": "spaces-groupoids.tex"
    },
    {
        "theorem": "Lemma 78.21.1.",
        "body": "  Let $S$ be a scheme. Let $B$ be an algebraic space over $S$. Let $f : (U, R, s, t, c) \\to (U', R', s', t', c')$ be a morphism of groupoids in algebraic spaces over $B$. Then $f$ induces a canonical $1$-morphism of quotient stacks $$ [f] : [U/R] \\longrightarrow [U'/R']. $$ ",
        "label": "lemma-quotient-stack-functorial",
        "tag": "046Q",
        "url": "https://stacks.math.columbia.edu/tag/046Q",
        "source_filename": "spaces-groupoids.tex"
    },
    {
        "theorem": "Lemma 78.21.2.",
        "body": "  Notation and assumption as in Lemma \\ref{lemma-quotient-stack-functorial}. Let $(U'', R'', s'', t'', c'')$ be the groupoid in algebraic spaces over $B$ constructed above. There is a $2$-commutative square $$ \\xymatrix{ [U''/R''] \\ar[d] \\ar[r]_{[g]} & [U/R] \\ar[d]^{[f]} \\\\ \\mathcal{S}_{U'} \\ar[r] & [U'/R'] } $$ which identifies $[U''/R'']$ with the $2$-fibre product. ",
        "label": "lemma-cartesian-square-of-morphism",
        "tag": "04Y4",
        "url": "https://stacks.math.columbia.edu/tag/04Y4",
        "source_filename": "spaces-groupoids.tex"
    },
    {
        "theorem": "Lemma 78.22.1.",
        "body": "  Assume $B \\to S$, $(U, R, s, t, c)$ and $\\pi : \\mathcal{S}_U \\to [U/R]$ are as in Lemma \\ref{lemma-quotient-stack-arrows}. Let $S'$ be a scheme over $S$. Let $x, y \\in \\mathop{\\mathrm{Ob}}\\nolimits([U/R]_{S'})$ be objects of the quotient stack over $S'$. If $x = \\pi(x')$ and $y = \\pi(y')$ for some morphisms $x', y' : S' \\to U$, then $$ \\mathit{Isom}(x, y) = S' \\times_{(y', x'), U \\times_S U} R $$ as sheaves over $S'$. ",
        "label": "lemma-quotient-stack-morphisms",
        "tag": "044V",
        "url": "https://stacks.math.columbia.edu/tag/044V",
        "source_filename": "spaces-groupoids.tex"
    },
    {
        "theorem": "Lemma 78.22.2.",
        "body": "  Assume $B \\to S$, $(U, R, s, t, c)$, and $\\pi : \\mathcal{S}_U \\to [U/R]$ are as in Lemma \\ref{lemma-quotient-stack-arrows}. The $2$-commutative square $$ \\xymatrix{ \\mathcal{S}_R \\ar[r]_s \\ar[d]_t & \\mathcal{S}_U \\ar[d]^\\pi \\\\ \\mathcal{S}_U \\ar[r]^-\\pi & [U/R] } $$ of Lemma \\ref{lemma-quotient-stack-2-arrow} is a $2$-fibre product of stacks in groupoids of $(\\mathit{Sch}/S)_{fppf}$. ",
        "label": "lemma-quotient-stack-2-cartesian",
        "tag": "04M9",
        "url": "https://stacks.math.columbia.edu/tag/04M9",
        "source_filename": "spaces-groupoids.tex"
    },
    {
        "theorem": "Lemma 78.22.3.",
        "body": "  Assume $B \\to S$ and $(U, R, s, t, c)$ are as in Definition \\ref{definition-quotient-stack} (1). For any scheme $T$ over $S$ and objects $x, y$ of $[U/R]$ over $T$ the sheaf $\\mathit{Isom}(x, y)$ on $(\\mathit{Sch}/T)_{fppf}$ has the following property: There exists a fppf covering $\\{T_i \\to T\\}_{i \\in I}$ such that $\\mathit{Isom}(x, y)|_{(\\mathit{Sch}/T_i)_{fppf}}$ is representable by an algebraic space. ",
        "label": "lemma-quotient-stack-isom",
        "tag": "044W",
        "url": "https://stacks.math.columbia.edu/tag/044W",
        "source_filename": "spaces-groupoids.tex"
    },
    {
        "theorem": "Lemma 78.23.1.",
        "body": "  Assumptions and notation as in Lemmas \\ref{lemma-quotient-stack-arrows} and \\ref{lemma-quotient-stack-2-arrow}. The vertical composition of $$ \\xymatrix@C=15pc{ \\mathcal{S}_{R \\times_{s, U, t} R} \\ruppertwocell^{\\pi \\circ s \\circ \\text{pr}_1 = \\pi \\circ s \\circ c}{\\ \\ \\ \\ \\ \\ \\alpha \\star \\text{id}_{\\text{pr}_1}} \\ar[r]_(.3){\\pi \\circ t \\circ \\text{pr}_1 = \\pi \\circ s \\circ \\text{pr}_0} \\rlowertwocell_{\\pi \\circ t \\circ \\text{pr}_0 = \\pi \\circ t \\circ c}{\\ \\ \\ \\ \\ \\ \\alpha \\star \\text{id}_{\\text{pr}_0}} & [U/R] } $$ is the $2$-morphism $\\alpha \\star \\text{id}_c$. In a formula $\\alpha \\star \\text{id}_c = (\\alpha \\star \\text{id}_{\\text{pr}_0}) \\circ (\\alpha \\star \\text{id}_{\\text{pr}_1}) $. ",
        "label": "lemma-quotient-stack-cocycle",
        "tag": "044T",
        "url": "https://stacks.math.columbia.edu/tag/044T",
        "source_filename": "spaces-groupoids.tex"
    },
    {
        "theorem": "Lemma 78.23.2.",
        "body": "  Assumptions and notation as in Lemmas \\ref{lemma-quotient-stack-arrows} and \\ref{lemma-quotient-stack-2-arrow}. The $2$-commutative diagram of Lemma \\ref{lemma-quotient-stack-2-arrow} is a $2$-coequalizer in the following sense: Given \\begin{enumerate} \\item a stack in groupoids $\\mathcal{X}$ over $(\\mathit{Sch}/S)_{fppf}$, \\item a $1$-morphism $f : \\mathcal{S}_U \\to \\mathcal{X}$, and \\item a $2$-arrow $\\beta : f \\circ s \\to f \\circ t$ \\end{enumerate} such that $$ \\beta \\star \\text{id}_c = (\\beta \\star \\text{id}_{\\text{pr}_0}) \\circ (\\beta \\star \\text{id}_{\\text{pr}_1}) $$ then there exists a $1$-morphism $[U/R] \\to \\mathcal{X}$ which makes the diagram $$ \\xymatrix{ \\mathcal{S}_R \\ar[r]_s \\ar[d]^t & \\mathcal{S}_U \\ar[d] \\ar[ddr]^f \\\\ \\mathcal{S}_U \\ar[r] \\ar[rrd]_f & [U/R] \\ar[rd] \\\\ & & \\mathcal{X} } $$ $2$-commute. ",
        "label": "lemma-quotient-stack-2-coequalizer",
        "tag": "044U",
        "url": "https://stacks.math.columbia.edu/tag/044U",
        "source_filename": "spaces-groupoids.tex"
    },
    {
        "theorem": "Lemma 78.24.1.",
        "body": "  Assume $B \\to S$ and $(U, R, s, t, c)$ are as in Definition \\ref{definition-quotient-stack} (1). Let $\\pi : \\mathcal{S}_U \\to [U/R]$ be as in Lemma \\ref{lemma-quotient-stack-arrows}. Let $T$ be a scheme over $S$. \\begin{enumerate} \\item for every object $x$ of the fibre category $[U/R]_T$ there exists an fppf covering $\\{f_i : T_i \\to T\\}_{i \\in I}$ such that $f_i^*x \\cong \\pi(u_i)$ for some $u_i \\in U(T_i)$, \\item the composition of the isomorphisms $$ \\pi(u_i \\circ \\text{pr}_0) = \\text{pr}_0^*\\pi(u_i) \\cong \\text{pr}_0^*f_i^*x \\cong \\text{pr}_1^*f_j^*x \\cong \\text{pr}_1^*\\pi(u_j) = \\pi(u_j \\circ \\text{pr}_1) $$ are of the form $\\pi(r_{ij})$ for certain morphisms $r_{ij} : T_i \\times_T T_j \\to R$, \\item the system $(u_i, r_{ij})$ forms a $[U/R]$-descent datum as defined above, \\item any $[U/R]$-descent datum $(u_i, r_{ij})$ arises in this manner, \\item if $x$ corresponds to $(u_i, r_{ij})$ as above, and $y \\in \\mathop{\\mathrm{Ob}}\\nolimits([U/R]_T)$ corresponds to $(u'_i, r'_{ij})$ then there is a canonical bijection $$ \\mathop{\\mathrm{Mor}}\\nolimits_{[U/R]_T}(x, y) \\longleftrightarrow \\left\\{ \\begin{matrix} \\text{morphisms }(u_i, r_{ij}) \\to (u'_i, r'_{ij})\\\\ \\text{of }[U/R]\\text{-descent data} \\end{matrix} \\right\\} $$ \\item this correspondence is compatible with refinements of fppf coverings. \\end{enumerate} ",
        "label": "lemma-quotient-stack-objects",
        "tag": "044X",
        "url": "https://stacks.math.columbia.edu/tag/044X",
        "source_filename": "spaces-groupoids.tex"
    },
    {
        "theorem": "Lemma 78.25.1.",
        "body": "  Notation and assumption as in Lemma \\ref{lemma-quotient-stack-functorial}. The morphism of quotient stacks $$ [f] : [U/R] \\longrightarrow [U'/R'] $$ is fully faithful if and only if $R$ is the restriction of $R'$ via the morphism $f : U \\to U'$. ",
        "label": "lemma-quotient-stack-restrict",
        "tag": "046S",
        "url": "https://stacks.math.columbia.edu/tag/046S",
        "source_filename": "spaces-groupoids.tex"
    },
    {
        "theorem": "Lemma 78.25.2.",
        "body": "  Notation and assumption as in Lemma \\ref{lemma-quotient-stack-functorial}. The morphism of quotient stacks $$ [f] : [U/R] \\longrightarrow [U'/R'] $$ is an equivalence if and only if \\begin{enumerate} \\item $(U, R, s, t, c)$ is the restriction of $(U', R', s', t', c')$ via $f : U \\to U'$, and \\item the map $$ \\xymatrix{ U \\times_{f, U', t'} R' \\ar[r]_-{\\text{pr}_1} \\ar@/^3ex/[rr]^h & R' \\ar[r]_{s'} & U' } $$ is a surjection of sheaves. \\end{enumerate} Part (2) holds for example if $\\{h : U \\times_{f, U', t'} R' \\to U'\\}$ is an fppf covering, or if $f : U \\to U'$ is a surjection of sheaves, or if $\\{f : U \\to U'\\}$ is an fppf covering. ",
        "label": "lemma-quotient-stack-restrict-equivalence",
        "tag": "046T",
        "url": "https://stacks.math.columbia.edu/tag/046T",
        "source_filename": "spaces-groupoids.tex"
    },
    {
        "theorem": "Lemma 78.25.3.",
        "body": "  Notation and assumption as in Lemma \\ref{lemma-quotient-stack-functorial}. Assume that $$ \\xymatrix{ R \\ar[d]_s \\ar[r]_f & R' \\ar[d]^{s'} \\\\ U \\ar[r]^f & U' } $$ is cartesian. Then $$ \\xymatrix{ \\mathcal{S}_U \\ar[d] \\ar[r] & [U/R] \\ar[d]^{[f]} \\\\ \\mathcal{S}_{U'} \\ar[r] & [U'/R'] } $$ is a $2$-fibre product square. ",
        "label": "lemma-criterion-fibre-product",
        "tag": "04ZN",
        "url": "https://stacks.math.columbia.edu/tag/04ZN",
        "source_filename": "spaces-groupoids.tex"
    },
    {
        "theorem": "Lemma 78.26.1.",
        "body": "  Assume $B \\to S$ and $(U, R, s, t, c)$ as in Definition \\ref{definition-quotient-stack} (1). Let $G/U$ be the stabilizer group algebraic space of the groupoid $(U, R, s, t, c, e, i)$, see Definition \\ref{definition-stabilizer-groupoid}. Set $R' = R \\times_{s, U} G$ and set \\begin{enumerate} \\item $s' : R' \\to G$, $(r, g) \\mapsto g$, \\item $t' : R' \\to G$, $(r, g) \\mapsto c(r, c(g, i(r)))$, \\item $c' : R' \\times_{s', G, t'} R' \\to R'$, $((r_1, g_1), (r_2, g_2) \\mapsto (c(r_1, r_2), g_1)$. \\end{enumerate} Then $(G, R', s', t', c')$ is a groupoid in algebraic spaces over $B$ and $$ \\mathcal{I}_{[U/R]} = [G/ R']. $$ i.e., the associated quotient stack is the inertia stack of $[U/R]$. ",
        "label": "lemma-presentation-inertia",
        "tag": "06PB",
        "url": "https://stacks.math.columbia.edu/tag/06PB",
        "source_filename": "spaces-groupoids.tex"
    },
    {
        "theorem": "Lemma 78.26.2.",
        "body": "  Assume $B \\to S$ and $(U, R, s, t, c)$ as in Definition \\ref{definition-quotient-stack} (1). Let $G/U$ be the stabilizer group algebraic space of the groupoid $(U, R, s, t, c, e, i)$, see Definition \\ref{definition-stabilizer-groupoid}. There is a canonical $2$-cartesian diagram $$ \\xymatrix{ \\mathcal{S}_G \\ar[r] \\ar[d] & \\mathcal{S}_U \\ar[d] \\\\ \\mathcal{I}_{[U/R]} \\ar[r] & [U/R] } $$ of stacks in groupoids of $(\\mathit{Sch}/S)_{fppf}$. ",
        "label": "lemma-2-cartesian-inertia",
        "tag": "06PC",
        "url": "https://stacks.math.columbia.edu/tag/06PC",
        "source_filename": "spaces-groupoids.tex"
    },
    {
        "theorem": "Lemma 78.27.1.",
        "body": "  Notation and assumption as in Lemma \\ref{lemma-quotient-stack-functorial}. The morphism of quotient stacks $$ [f] : [U/R] \\longrightarrow [U'/R'] $$ turns $[U/R]$ into a gerbe over $[U'/R']$ if $f : U \\to U'$ and $R \\to R'|_U$ are surjective maps of fppf sheaves. Here $R'|_U$ is the restriction of $R'$ to $U$ via $f : U \\to U'$. ",
        "label": "lemma-when-gerbe",
        "tag": "06PE",
        "url": "https://stacks.math.columbia.edu/tag/06PE",
        "source_filename": "spaces-groupoids.tex"
    },
    {
        "theorem": "Lemma 78.27.2.",
        "body": "  Let $S$ be a scheme. Let $B$ be an algebraic space over $S$. Let $G$ be a group algebraic space over $B$. Endow $B$ with the trivial action of $G$. The morphism $$ [B/G] \\longrightarrow \\mathcal{S}_B $$ (Lemma \\ref{lemma-quotient-stack-arrows}) turns $[B/G]$ into a gerbe over $B$. ",
        "label": "lemma-group-quotient-gerbe",
        "tag": "06PF",
        "url": "https://stacks.math.columbia.edu/tag/06PF",
        "source_filename": "spaces-groupoids.tex"
    },
    {
        "theorem": "Lemma 78.28.1.",
        "body": "  Suppose given big sites $\\mathit{Sch}_{fppf}$ and $\\mathit{Sch}'_{fppf}$. Assume that $\\mathit{Sch}_{fppf}$ is contained in $\\mathit{Sch}'_{fppf}$, see Topologies, Section \\ref{topologies-section-change-alpha}. Let $S \\in \\mathop{\\mathrm{Ob}}\\nolimits(\\mathit{Sch}_{fppf})$. Let $B, U, R \\in \\mathop{\\mathit{Sh}}\\nolimits((\\mathit{Sch}/S)_{fppf})$ be algebraic spaces, and let $(U, R, s, t, c)$ be a groupoid in algebraic spaces over $B$. Let $f : (\\mathit{Sch}'/S)_{fppf} \\to (\\mathit{Sch}/S)_{fppf}$ the morphism of sites corresponding to the inclusion functor $u : \\mathit{Sch}_{fppf} \\to \\mathit{Sch}'_{fppf}$. Then we have a canonical equivalence $$ [f^{-1}U/f^{-1}R] \\longrightarrow f^{-1}[U/R] $$ of stacks in groupoids over $(\\mathit{Sch}'/S)_{fppf}$. ",
        "label": "lemma-quotient-stack-change-big-site",
        "tag": "04WX",
        "url": "https://stacks.math.columbia.edu/tag/04WX",
        "source_filename": "spaces-groupoids.tex"
    },
    {
        "theorem": "Lemma 78.29.1.",
        "body": "  Let $B \\to S$ be as in Section \\ref{section-notation}. Let $(U, R, s, t, c)$ be a groupoid in algebraic spaces over $B$. Let $G \\to U$ be the stabilizer group algebraic space. The commutative diagram $$ \\xymatrix{ R \\ar[d]^{\\Delta_{R/U \\times_B U}} \\ar[rrr]_{f \\mapsto (f, s(f))} & & & R \\times_{s, U} U \\ar[d] \\ar[r] & U \\ar[d] \\\\ R \\times_{(U \\times_B U)} R \\ar[rrr]^{(f, g) \\mapsto (f, f^{-1} \\circ g)} & & & R \\times_{s, U} G \\ar[r] & G } $$ the two left horizontal arrows are isomorphisms and the right square is a fibre product square. ",
        "label": "lemma-diagram-diagonal",
        "tag": "0454",
        "url": "https://stacks.math.columbia.edu/tag/0454",
        "source_filename": "spaces-groupoids.tex"
    },
    {
        "theorem": "Lemma 78.29.2.",
        "body": "  Let $B \\to S$ be as in Section \\ref{section-notation}. Let $(U, R, s, t, c)$ be a groupoid in algebraic spaces over $B$. Let $G \\to U$ be the stabilizer group algebraic space. \\begin{enumerate} \\item The following are equivalent \\begin{enumerate} \\item $j : R \\to U \\times_B U$ is separated, \\item $G \\to U$ is separated, and \\item $e : U \\to G$ is a closed immersion. \\end{enumerate} \\item The following are equivalent \\begin{enumerate} \\item $j : R \\to U \\times_B U$ is locally separated, \\item $G \\to U$ is locally separated, and \\item $e : U \\to G$ is an immersion. \\end{enumerate} \\item The following are equivalent \\begin{enumerate} \\item $j : R \\to U \\times_B U$ is quasi-separated, \\item $G \\to U$ is quasi-separated, and \\item $e : U \\to G$ is quasi-compact. \\end{enumerate} \\end{enumerate} ",
        "label": "lemma-diagonal",
        "tag": "0455",
        "url": "https://stacks.math.columbia.edu/tag/0455",
        "source_filename": "spaces-groupoids.tex"
    }
]