[
    {
        "theorem": "Lemma 89.2.1.",
        "body": "  Let $(A, \\mathfrak m, \\kappa)$ be a $2$-dimensional Noetherian local domain such that $U = \\mathop{\\mathrm{Spec}}(A) \\setminus \\{\\mathfrak m\\}$ is a normal scheme. Then any modification $f : X \\to \\mathop{\\mathrm{Spec}}(A)$ is a morphism as in (\\ref{equation-modification}). ",
        "label": "lemma-modification",
        "tag": "0AE3",
        "url": "https://stacks.math.columbia.edu/tag/0AE3",
        "source_filename": "spaces-resolve.tex"
    },
    {
        "theorem": "Lemma 89.2.2.",
        "body": "  Let $(A, \\mathfrak m, \\kappa)$ be a Noetherian local ring. Let $g : X \\to Y$ be a morphism in the category (\\ref{equation-modification}). If the induced morphism $X_\\kappa \\to Y_\\kappa$ of special fibres is a closed immersion, then $g$ is a closed immersion. ",
        "label": "lemma-closed-immersion-on-fibre",
        "tag": "0AGM",
        "url": "https://stacks.math.columbia.edu/tag/0AGM",
        "source_filename": "spaces-resolve.tex"
    },
    {
        "theorem": "Lemma 89.2.3.",
        "body": "  Let $(A, \\mathfrak m, \\kappa)$ be a Noetherian local domain of dimension $\\geq 1$. Let $f : X \\to \\mathop{\\mathrm{Spec}}(A)$ be a morphism of algebraic spaces. Assume at least one of the following conditions is satisfied \\begin{enumerate} \\item $f$ is a modification (Spaces over Fields, Definition \\ref{spaces-over-fields-definition-modification}), \\item $f$ is an alteration (Spaces over Fields, Definition \\ref{spaces-over-fields-definition-alteration}), \\item $f$ is locally of finite type, quasi-separated, $X$ is integral, and there is exactly one point of $|X|$ mapping to the generic point of $\\mathop{\\mathrm{Spec}}(A)$, \\item $f$ is locally of finite type, $X$ is decent, and the points of $|X|$ mapping to the generic point of $\\mathop{\\mathrm{Spec}}(A)$ are the generic points of irreducible components of $|X|$, \\item add more here. \\end{enumerate} Then $\\dim(X_\\kappa) \\leq \\dim(A) - 1$. ",
        "label": "lemma-dimension-special-fibre",
        "tag": "0AYJ",
        "url": "https://stacks.math.columbia.edu/tag/0AYJ",
        "source_filename": "spaces-resolve.tex"
    },
    {
        "theorem": "Lemma 89.2.4.",
        "body": "  If $(A, \\mathfrak m, \\kappa)$ is a complete Noetherian local domain of dimension $2$, then every modification of $\\mathop{\\mathrm{Spec}}(A)$ is projective over $A$. ",
        "label": "lemma-modification-of-dim-2-is-projective-over-complete",
        "tag": "0AGN",
        "url": "https://stacks.math.columbia.edu/tag/0AGN",
        "source_filename": "spaces-resolve.tex"
    },
    {
        "theorem": "Lemma 89.3.1.",
        "body": "  The functor $F$ (\\ref{equation-equivalence}) is an equivalence. ",
        "label": "lemma-equivalence",
        "tag": "0BHB",
        "url": "https://stacks.math.columbia.edu/tag/0BHB",
        "source_filename": "spaces-resolve.tex"
    },
    {
        "theorem": "Lemma 89.3.2.",
        "body": "  Let $X, x_i, U_i \\to X, u_i$ be as in (\\ref{equation-equivalence}). If $f : Y \\to X$ corresponds to $g_i : Y_i \\to U_i$ under $F$, then $f$ is quasi-compact, quasi-separated, separated, locally of finite presentation, of finite presentation, locally of finite type, of finite type, proper, integral, finite, if and only if $g_i$ is so for $i = 1, \\ldots, n$. ",
        "label": "lemma-equivalence-properties",
        "tag": "0BHC",
        "url": "https://stacks.math.columbia.edu/tag/0BHC",
        "source_filename": "spaces-resolve.tex"
    },
    {
        "theorem": "Lemma 89.3.3.",
        "body": "  Let $X, x_i, U_i \\to X, u_i$ be as in (\\ref{equation-equivalence}). If $f : Y \\to X$ corresponds to $g_i : Y_i \\to U_i$ under $F$, then $Y_{x_i} \\cong (Y_i)_{u_i}$ as algebraic spaces. ",
        "label": "lemma-equivalence-fibre",
        "tag": "0BHD",
        "url": "https://stacks.math.columbia.edu/tag/0BHD",
        "source_filename": "spaces-resolve.tex"
    },
    {
        "theorem": "Definition 89.4.1.",
        "body": "  Let $S$ be a scheme. Let $X$ be a decent algebraic space over $S$. Let $x \\in |X|$ be a closed point. By Decent Spaces, Lemma \\ref{decent-spaces-lemma-decent-space-closed-point} we can represent $x$ by a closed immersion $i : \\mathop{\\mathrm{Spec}}(k) \\to X$. The {\\it blowing up $X' \\to X$ of $X$ at $x$} means the blowing up of $X$ in the closed subspace $Z = i(\\mathop{\\mathrm{Spec}}(k)) \\subset X$. ",
        "label": "definition-blowup-at-point",
        "tag": "0BHE",
        "url": "https://stacks.math.columbia.edu/tag/0BHE",
        "source_filename": "spaces-resolve.tex"
    },
    {
        "theorem": "Lemma 89.4.2.",
        "body": "  Let $X, x_i, U_i \\to X, u_i$ be as in (\\ref{equation-equivalence}) and assume $f : Y \\to X$ corresponds to $g_i : Y_i \\to U_i$ under $F$. Then there exists a factorization $$ Y = Z_m \\to Z_{m - 1} \\to \\ldots \\to Z_1 \\to Z_0 = X $$ of $f$ where $Z_{j + 1} \\to Z_j$ is the blowing up of $Z_j$ at a closed point $z_j$ lying over $\\{x_1, \\ldots, x_n\\}$ if and only if for each $i$ there exists a factorization $$ Y_i = Z_{i, m_i} \\to Z_{i, m_i - 1} \\to \\ldots \\to Z_{i, 1} \\to Z_{i, 0} = U_i $$ of $g_i$ where $Z_{i, j + 1} \\to Z_{i, j}$ is the blowing up of $Z_{i, j}$ at a closed point $z_{i, j}$ lying over $u_i$. ",
        "label": "lemma-equivalence-sequence-blowups",
        "tag": "0BHF",
        "url": "https://stacks.math.columbia.edu/tag/0BHF",
        "source_filename": "spaces-resolve.tex"
    },
    {
        "theorem": "Lemma 89.4.3.",
        "body": "  Let $S$ be a scheme. Let $X$ be a Noetherian algebraic space over $S$. Let $T \\subset |X|$ be a finite set of closed points $x$ such that (1) $X$ is regular at $x$ and (2) the local ring of $X$ at $x$ has dimension $2$. Let $\\mathcal{I} \\subset \\mathcal{O}_X$ be a quasi-coherent sheaf of ideals such that $\\mathcal{O}_X/\\mathcal{I}$ is supported on $T$. Then there exists a sequence $$ X_m \\to X_{m - 1} \\to \\ldots \\to X_1 \\to X_0 = X $$ where $X_{j + 1} \\to X_j$ is the blowing up of $X_j$ at a closed point $x_j$ lying above a point of $T$ such that $\\mathcal{I}\\mathcal{O}_{X_n}$ is an invertible ideal sheaf. ",
        "label": "lemma-make-ideal-principal",
        "tag": "0BHG",
        "url": "https://stacks.math.columbia.edu/tag/0BHG",
        "source_filename": "spaces-resolve.tex"
    },
    {
        "theorem": "Lemma 89.4.4.",
        "body": "  Let $S$ be a scheme. Let $X$ be a Noetherian algebraic space over $S$. Let $T \\subset |X|$ be a finite set of closed points $x$ such that (1) $X$ is regular at $x$ and (2) the local ring of $X$ at $x$ has dimension $2$. Let $f : Y \\to X$ be a proper morphism of algebraic spaces which is an isomorphism over $U = X \\setminus T$. Then there exists a sequence $$ X_n \\to X_{n - 1} \\to \\ldots \\to X_1 \\to X_0 = X $$ where $X_{i + 1} \\to X_i$ is the blowing up of $X_i$ at a closed point $x_i$ lying above a point of $T$ and a factorization $X_n \\to Y \\to X$ of the composition. ",
        "label": "lemma-dominate-by-blowing-up-in-points",
        "tag": "0BHH",
        "url": "https://stacks.math.columbia.edu/tag/0BHH",
        "source_filename": "spaces-resolve.tex"
    },
    {
        "theorem": "Definition 89.5.1.",
        "body": "  Let $S$ be a scheme. Let $X$ be a decent algebraic space over $S$ satisfying the equivalent conditions of Morphisms of Spaces, Lemma \\ref{spaces-morphisms-lemma-prepare-normalization}. Let $x \\in |X|$ be a closed point. The {\\it normalized blowup of $X$ at $x$} is the composition $X'' \\to X' \\to X$ where $X' \\to X$ is the blowup of $X$ at $x$ (Definition \\ref{definition-blowup-at-point}) and $X'' \\to X'$ is the normalization of $X'$. ",
        "label": "definition-normalized-blowup",
        "tag": "0BHJ",
        "url": "https://stacks.math.columbia.edu/tag/0BHJ",
        "source_filename": "spaces-resolve.tex"
    },
    {
        "theorem": "Lemma 89.5.2.",
        "body": "  In Definition \\ref{definition-normalized-blowup} if $X$ is Nagata, then the normalized blowing up of $X$ at $x$ is a normal Nagata algebraic space proper over $X$. ",
        "label": "lemma-Nagata-normalized-blowup",
        "tag": "0BHK",
        "url": "https://stacks.math.columbia.edu/tag/0BHK",
        "source_filename": "spaces-resolve.tex"
    },
    {
        "theorem": "Lemma 89.5.3.",
        "body": "  Let $X, x_i, U_i \\to X, u_i$ be as in (\\ref{equation-equivalence}) and assume $f : Y \\to X$ corresponds to $g_i : Y_i \\to U_i$ under $F$. Assume $X$ satisfies the equivalent conditions of Morphisms of Spaces, Lemma \\ref{spaces-morphisms-lemma-prepare-normalization}. Then there exists a factorization $$ Y = Z_m \\to Z_{m - 1} \\to \\ldots \\to Z_1 \\to Z_0 = X $$ of $f$ where $Z_{j + 1} \\to Z_j$ is the normalized blowing up of $Z_j$ at a closed point $z_j$ lying over $\\{x_1, \\ldots, x_n\\}$ if and only if for each $i$ there exists a factorization $$ Y_i = Z_{i, m_i} \\to Z_{i, m_i - 1} \\to \\ldots \\to Z_{i, 1} \\to Z_{i, 0} = U_i $$ of $g_i$ where $Z_{i, j + 1} \\to Z_{i, j}$ is the normalized blowing up of $Z_{i, j}$ at a closed point $z_{i, j}$ lying over $u_i$. ",
        "label": "lemma-equivalence-sequence-normalized-blowups",
        "tag": "0BHL",
        "url": "https://stacks.math.columbia.edu/tag/0BHL",
        "source_filename": "spaces-resolve.tex"
    },
    {
        "theorem": "Lemma 89.5.4.",
        "body": "  Let $S$ be a scheme. Let $X$ be a Noetherian Nagata algebraic space over $S$ with $\\dim(X) = 2$. Let $f : Y \\to X$ be a proper birational morphism. Then there exists a commutative diagram $$ \\xymatrix{ X_n \\ar[r] \\ar[d] & X_{n - 1} \\ar[r] & \\ldots \\ar[r] & X_1 \\ar[r] & X_0 \\ar[d] \\\\ Y \\ar[rrrr]  & & & & X } $$ where $X_0 \\to X$ is the normalization and where $X_{i + 1} \\to X_i$ is the normalized blowing up of $X_i$ at a closed point. ",
        "label": "lemma-dominate-by-normalized-blowing-up",
        "tag": "0BHM",
        "url": "https://stacks.math.columbia.edu/tag/0BHM",
        "source_filename": "spaces-resolve.tex"
    },
    {
        "theorem": "Lemma 89.6.1.",
        "body": "  Let $(A, \\mathfrak m, \\kappa)$ be a local ring with finitely generated maximal ideal $\\mathfrak m$. Let $X$ be a decent algebraic space over $A$. Let $Y = X \\times_{\\mathop{\\mathrm{Spec}}(A)} \\mathop{\\mathrm{Spec}}(A^\\wedge)$ where $A^\\wedge$ is the $\\mathfrak m$-adic completion of $A$. For a point $q \\in |Y|$ with image $p \\in |X|$ lying over the closed point of $\\mathop{\\mathrm{Spec}}(A)$ the map $\\mathcal{O}_{X, p}^h \\to \\mathcal{O}_{Y, q}^h$ of henselian local rings induces an isomorphism on completions. ",
        "label": "lemma-iso-completions",
        "tag": "0BHP",
        "url": "https://stacks.math.columbia.edu/tag/0BHP",
        "source_filename": "spaces-resolve.tex"
    },
    {
        "theorem": "Lemma 89.6.2.",
        "body": "  Let $(A, \\mathfrak m, \\kappa)$ be a Noetherian local ring. Let $X \\to \\mathop{\\mathrm{Spec}}(A)$ be a morphism which is locally of finite type with $X$ a decent algebraic space. Set $Y = X \\times_{\\mathop{\\mathrm{Spec}}(A)} \\mathop{\\mathrm{Spec}}(A^\\wedge)$. Let $y \\in |Y|$ with image $x \\in |X|$. Then \\begin{enumerate} \\item if $\\mathcal{O}_{Y, y}^h$ is regular, then $\\mathcal{O}_{X, x}^h$ is regular, \\item if $y$ is in the closed fibre, then $\\mathcal{O}_{Y, y}^h$ is regular $\\Leftrightarrow \\mathcal{O}_{X, x}^h$ is regular, and \\item If $X$ is proper over $A$, then $X$ is regular if and only if $Y$ is regular. \\end{enumerate} ",
        "label": "lemma-port-regularity-to-completion",
        "tag": "0BHQ",
        "url": "https://stacks.math.columbia.edu/tag/0BHQ",
        "source_filename": "spaces-resolve.tex"
    },
    {
        "theorem": "Lemma 89.6.3.",
        "body": "  Let $(A, \\mathfrak m)$ be a local Noetherian ring. Let $X$ be an algebraic space over $A$. Assume \\begin{enumerate} \\item $A$ is analytically unramified (Algebra, Definition \\ref{algebra-definition-analytically-unramified}), \\item $X$ is locally of finite type over $A$, \\item $X \\to \\mathop{\\mathrm{Spec}}(A)$ is \\'etale at every point of codimension $0$ in $X$. \\end{enumerate} Then the normalization of $X$ is finite over $X$. ",
        "label": "lemma-formally-unramified",
        "tag": "0BHR",
        "url": "https://stacks.math.columbia.edu/tag/0BHR",
        "source_filename": "spaces-resolve.tex"
    },
    {
        "theorem": "Lemma 89.7.1.",
        "body": "  Let $S$ be a scheme. Let $Y$ be a Noetherian integral algebraic space over $S$. Assume there exists an alteration $f : X \\to Y$ with $X$ regular. Then the normalization $Y^\\nu \\to Y$ is finite and $Y$ has a dense open which is regular. ",
        "label": "lemma-regular-alteration-implies",
        "tag": "0BHT",
        "url": "https://stacks.math.columbia.edu/tag/0BHT",
        "source_filename": "spaces-resolve.tex"
    },
    {
        "theorem": "Lemma 89.7.2.",
        "body": "  Let $(A, \\mathfrak m, \\kappa)$ be a local Noetherian domain. Assume there exists an alteration $f : X \\to \\mathop{\\mathrm{Spec}}(A)$ with $X$ regular. Then \\begin{enumerate} \\item there exists a nonzero $f \\in A$ such that $A_f$ is regular, \\item the integral closure $B$ of $A$ in its fraction field is finite over $A$, \\item the $\\mathfrak m$-adic completion of $B$ is a normal ring, i.e., the completions of $B$ at its maximal ideals are normal domains, and \\item the generic formal fibre of $A$ is regular. \\end{enumerate} ",
        "label": "lemma-regular-alteration-implies-local",
        "tag": "0BHU",
        "url": "https://stacks.math.columbia.edu/tag/0BHU",
        "source_filename": "spaces-resolve.tex"
    },
    {
        "theorem": "Definition 89.8.1.",
        "body": "  Let $S$ be a scheme. Let $Y$ be a Noetherian integral algebraic space over $S$. A {\\it resolution of singularities} of $X$ is a modification $f : X \\to Y$ such that $X$ is regular. ",
        "label": "definition-resolution",
        "tag": "0BHW",
        "url": "https://stacks.math.columbia.edu/tag/0BHW",
        "source_filename": "spaces-resolve.tex"
    },
    {
        "theorem": "Definition 89.8.2.",
        "body": "  Let $S$ be a scheme. Let $Y$ be a $2$-dimensional Noetherian integral algebraic space over $S$. We say $Y$ has a {\\it resolution of singularities by normalized blowups} if there exists a sequence $$ Y_n \\to X_{n - 1} \\to \\ldots \\to Y_1 \\to Y_0 \\to Y $$ where \\begin{enumerate} \\item $Y_i$ is proper over $Y$ for $i = 0, \\ldots, n$, \\item $Y_0 \\to Y$ is the normalization, \\item $Y_i \\to Y_{i - 1}$ is a normalized blowup for $i = 1, \\ldots, n$, and \\item $Y_n$ is regular. \\end{enumerate} ",
        "label": "definition-resolution-surface",
        "tag": "0BHX",
        "url": "https://stacks.math.columbia.edu/tag/0BHX",
        "source_filename": "spaces-resolve.tex"
    },
    {
        "theorem": "Theorem 89.8.3.",
        "body": "  Let $S$ be a scheme. Let $Y$ be a two dimensional integral Noetherian algebraic space over $S$. The following are equivalent \\begin{enumerate} \\item there exists an alteration $X \\to Y$ with $X$ regular, \\item there exists a resolution of singularities of $Y$, \\item $Y$ has a resolution of singularities by normalized blowups, \\item the normalization $Y^\\nu \\to Y$ is finite, $Y^\\nu$ has finitely many singular points $y_1, \\ldots, y_m \\in |Y|$, and for each $i$ the completion of the henselian local ring $\\mathcal{O}_{Y^\\nu, y_i}^h$ is normal. \\end{enumerate} ",
        "label": "theorem-resolve",
        "tag": "0BHY",
        "url": "https://stacks.math.columbia.edu/tag/0BHY",
        "source_filename": "spaces-resolve.tex"
    },
    {
        "theorem": "Example 89.9.1.",
        "body": "  \\begin{reference} \\cite[4(c)]{Samuel-UFD} \\end{reference} Let $k$ be a field. The ring $A = k[x, y, z]/(x^r + y^s + z^t)$ is a UFD for $r, s, t$ pairwise coprime integers. Namely, since $x^r + y^s + z^t$ is irreducible $A$ is a domain. The element $z$ is a prime element, i.e., generates a prime ideal in $A$. On the other hand, if $t = 1 + ers$ for some $e$, then $$ A[1/z] \\cong k[x', y', 1/z] $$ where $x' = x/z^{es}$, $y' = y/z^{er}$ and $z = (x')^r + (y')^s$. Thus $A[1/z]$ is a localization of a polynomial ring and hence a UFD. It follows from an argument of Nagata that $A$ is a UFD. See Algebra, Lemma \\ref{algebra-lemma-invert-prime-elements}. A similar argument can be given if $t$ is not congruent to $1$ modulo $rs$. ",
        "label": "example-factorial",
        "tag": "0AE9",
        "url": "https://stacks.math.columbia.edu/tag/0AE9",
        "source_filename": "spaces-resolve.tex"
    },
    {
        "theorem": "Example 89.9.2.",
        "body": "  \\begin{reference} See \\cite{Brieskorn} and \\cite{Lipman-rational} for nonvanishing of local Picard groups in general. \\end{reference} The ring $A = \\mathbf{C}[[x, y, z]]/(x^r + y^s + z^t)$ is not a UFD when $1 < r < s < t$ are pairwise coprime integers and not equal to $2, 3, 5$. For example consider the special case $A = \\mathbf{C}[[x, y, z]]/(x^2 + y^5 + z^7)$. Consider the maps $$ \\psi_\\zeta : \\mathbf{C}[[x, y, z]]/(x^2 + y^5 + z^7) \\to \\mathbf{C}[[t]] $$ given by $$ x \\mapsto t^7,\\quad y \\mapsto t^3,\\quad z \\mapsto -\\zeta t^2(1 + t)^{1/7} $$ where $\\zeta$ is a $7$th root of unity. The kernel $\\mathfrak p_\\zeta$ of $\\psi_\\zeta$ is a height one prime, hence if $A$ is a UFD, then it is principal, say given by $f_\\zeta \\in \\mathbf{C}[[x, y, z]]$. Note that $V(x^3 - y^7) = \\bigcup V(\\mathfrak p_\\zeta)$ and $A/(x^3 - y^7)$ is reduced away from the closed point. Hence, still assuming $A$ is a UFD, we would obtain $$ \\prod\\nolimits_\\zeta f_\\zeta = u(x^3 - y^7) + a(x^2 + y^5 + z^7) \\quad\\text{in}\\quad \\mathbf{C}[[x, y, z]] $$ for some unit $u \\in \\mathbf{C}[[x, y, z]]$ and some element $a \\in \\mathbf{C}[[x, y, z]]$. After scaling by a constant we may assume $u(0, 0, 0) = 1$. Note that the left hand side vanishes to order $7$. Hence $a = - x \\bmod \\mathfrak m^2$. But then we get a term $xy^5$ on the right hand side which does not occur on the left hand side. A contradiction. ",
        "label": "example-completion-not-factorial",
        "tag": "0AEA",
        "url": "https://stacks.math.columbia.edu/tag/0AEA",
        "source_filename": "spaces-resolve.tex"
    },
    {
        "theorem": "Example 89.9.3.",
        "body": "  There exists an excellent $2$-dimensional Noetherian local ring and a modification $X \\to S = \\mathop{\\mathrm{Spec}}(A)$ which is not a scheme. We sketch a construction. Let $X$ be a normal surface over $\\mathbf{C}$ with a unique singular point $x \\in X$. Assume that there exists a resolution $\\pi : X' \\to X$ such that the exceptional fibre $C = \\pi^{-1}(x)_{red}$ is a smooth projective curve. Furthermore, assume there exists a point $c \\in C$ such that if $\\mathcal{O}_C(nc)$ is in the image of $\\mathop{\\mathrm{Pic}}\\nolimits(X') \\to \\mathop{\\mathrm{Pic}}\\nolimits(C)$, then $n = 0$. Then we let $X'' \\to X'$ be the blowing up in the nonsingular point $c$. Let $C' \\subset X''$ be the strict transform of $C$ and let $E \\subset X''$ be the exceptional fibre. By Artin's results (\\cite{ArtinII}; use for example \\cite{Mumford-topology} to see that the normal bundle of $C'$ is negative) we can blow down the curve $C'$ in $X''$ to obtain an algebraic space $X'''$. Picture $$ \\xymatrix{ & X'' \\ar[ld] \\ar[rd] \\\\ X' \\ar[rd] &  & X''' \\ar[ld] \\\\ & X } $$ We claim that $X'''$ is not a scheme. This provides us with our example because $X'''$ is a scheme if and only if the base change of $X'''$ to $A = \\mathcal{O}_{X, x}$ is a scheme (details omitted). If $X'''$ where a scheme, then the image of $C'$ in $X'''$ would have an affine neighbourhood. The complement of this neighbourhood would be an effective Cartier divisor on $X'''$ (because $X'''$ is nonsingular apart from $1$ point). This effective Cartier divisor would correspond to an effective Cartier divisor on $X''$ meeting $E$ and avoiding $C'$. Taking the image in $X'$ we obtain an effective Cartier divisor meeting $C$ (set theoretically) in $c$. This is impossible as no multiple of $c$ is the restriction of a Cartier divisor by assumption. \\medskip\\noindent To finish we have to find such a singular surface $X$. We can just take $X$ to be the affine surface given by $$ x^3 + y^3 + z^3 + x^4 + y^4 + z^4 = 0 $$ in $\\mathbf{A}^3_\\mathbf{C} = \\mathop{\\mathrm{Spec}}(\\mathbf{C}[x, y, z])$ and singular point $(0, 0, 0)$. Then $(0, 0, 0)$ is the only singular point. Blowing up $X$ in the maximal ideal corresponding to $(0, 0, 0)$ we find three charts each isomorphic to the smooth affine surface $$ 1 + s^3 + t^3 + x(1 + s^4 + t^4) = 0 $$ which is nonsingular with exceptional divisor $C$ given by $x = 0$. The reader will recognize $C$ as an elliptic curve. Finally, the surface $X$ is rational as projection from $(0, 0, 0)$ shows, or because in the equation for the blowup we can solve for $x$. Finally, the Picard group of a nonsingular rational surface is countable, whereas the Picard group of an elliptic curve over the complex numbers is uncountable. Hence we can find a closed point $c$ as indicated. ",
        "label": "example-not-blow-up",
        "tag": "0AEB",
        "url": "https://stacks.math.columbia.edu/tag/0AEB",
        "source_filename": "spaces-resolve.tex"
    }
]