[
    {
        "theorem": "Definition 102.3.1.",
        "body": "  Let $S$ be a scheme. Let $f : \\mathcal{X} \\to \\mathcal{Y}$ be a $1$-morphism of categories fibred in groupoids over $(\\mathit{Sch}/S)_{fppf}$. We say $f$ is {\\it limit preserving} if for every directed limit $U = \\mathop{\\mathrm{lim}}\\nolimits U_i$ of affine schemes over $S$ the diagram $$ \\xymatrix{ \\mathop{\\mathrm{colim}}\\nolimits \\mathcal{X}_{U_i} \\ar[r] \\ar[d]_f & \\mathcal{X}_U \\ar[d]^f \\\\ \\mathop{\\mathrm{colim}}\\nolimits \\mathcal{Y}_{U_i} \\ar[r] & \\mathcal{Y}_U } $$ of fibre categories is $2$-cartesian. ",
        "label": "definition-limit-preserving",
        "tag": "0CMR",
        "url": "https://stacks.math.columbia.edu/tag/0CMR",
        "source_filename": "stacks-limits.tex"
    },
    {
        "theorem": "Lemma 102.3.2.",
        "body": "  Let $S$ be a scheme. Let $f : \\mathcal{X} \\to \\mathcal{Y}$ be a $1$-morphism of categories fibred in groupoids over $(\\mathit{Sch}/S)_{fppf}$. If $f$ is limit preserving (Definition \\ref{definition-limit-preserving}), then $f$ is limit preserving on objects (Criteria for Representability, Section \\ref{criteria-section-limit-preserving}). ",
        "label": "lemma-limit-preserving-objects",
        "tag": "0CMS",
        "url": "https://stacks.math.columbia.edu/tag/0CMS",
        "source_filename": "stacks-limits.tex"
    },
    {
        "theorem": "Lemma 102.3.3.",
        "body": "  Let $p : \\mathcal{X} \\to \\mathcal{Y}$ and $q : \\mathcal{Z} \\to \\mathcal{Y}$ be $1$-morphisms of categories fibred in groupoids over $(\\mathit{Sch}/S)_{fppf}$. If $p : \\mathcal{X} \\to \\mathcal{Y}$ is limit preserving, then so is the base change $p' : \\mathcal{X} \\times_\\mathcal{Y} \\mathcal{Z} \\to \\mathcal{Z}$ of $p$ by $q$. ",
        "label": "lemma-base-change-limit-preserving",
        "tag": "0CMT",
        "url": "https://stacks.math.columbia.edu/tag/0CMT",
        "source_filename": "stacks-limits.tex"
    },
    {
        "theorem": "Lemma 102.3.4.",
        "body": "  Let $p : \\mathcal{X} \\to \\mathcal{Y}$ and $q : \\mathcal{Y} \\to \\mathcal{Z}$ be $1$-morphisms of categories fibred in groupoids over $(\\mathit{Sch}/S)_{fppf}$. If $p$ and $q$ are limit preserving, then so is the composition $q \\circ p$. ",
        "label": "lemma-composition-limit-preserving",
        "tag": "0CMU",
        "url": "https://stacks.math.columbia.edu/tag/0CMU",
        "source_filename": "stacks-limits.tex"
    },
    {
        "theorem": "Lemma 102.3.5.",
        "body": "  Let $p : \\mathcal{X} \\to \\mathcal{Y}$ be a $1$-morphism of categories fibred in groupoids over $(\\mathit{Sch}/S)_{fppf}$. If $p$ is representable by algebraic spaces, then the following are equivalent: \\begin{enumerate} \\item $p$ is limit preserving, \\item $p$ is limit preserving on objects, and \\item $p$ is locally of finite presentation (see Algebraic Stacks, Definition \\ref{algebraic-definition-relative-representable-property}). \\end{enumerate} ",
        "label": "lemma-representable-by-spaces-limit-preserving",
        "tag": "0CMV",
        "url": "https://stacks.math.columbia.edu/tag/0CMV",
        "source_filename": "stacks-limits.tex"
    },
    {
        "theorem": "Lemma 102.3.6.",
        "body": "  Let $p : \\mathcal{X} \\to \\mathcal{Y}$ be a $1$-morphism of categories fibred in groupoids over $(\\mathit{Sch}/S)_{fppf}$. The following are equivalent \\begin{enumerate} \\item the diagonal $\\Delta : \\mathcal{X} \\to \\mathcal{X} \\times_\\mathcal{Y} \\mathcal{X}$ is limit preserving, and \\item for every directed limit $U = \\mathop{\\mathrm{lim}}\\nolimits U_i$ of affine schemes over $S$ the functor $$ \\mathop{\\mathrm{colim}}\\nolimits \\mathcal{X}_{U_i} \\longrightarrow \\mathcal{X}_U \\times_{\\mathcal{Y}_U} \\mathop{\\mathrm{colim}}\\nolimits \\mathcal{Y}_{U_i} $$ is fully faithful. \\end{enumerate} In particular, if $p$ is limit preserving, then $\\Delta$ is too. ",
        "label": "lemma-limit-preserving-diagonal",
        "tag": "0CMW",
        "url": "https://stacks.math.columbia.edu/tag/0CMW",
        "source_filename": "stacks-limits.tex"
    },
    {
        "theorem": "Lemma 102.3.7.",
        "body": "  Let $S$ be a scheme. Let $\\mathcal{X}$ be an algebraic stack over $S$. If $\\mathcal{X} \\to S$ is locally of finite presentation, then $\\mathcal{X}$ is limit preserving in the sense of Artin's Axioms, Definition \\ref{artin-definition-limit-preserving} (equivalently: the morphism $\\mathcal{X} \\to S$ is limit preserving). ",
        "label": "lemma-locally-finite-presentation-limit-preserving",
        "tag": "0CMX",
        "url": "https://stacks.math.columbia.edu/tag/0CMX",
        "source_filename": "stacks-limits.tex"
    },
    {
        "theorem": "Proposition 102.3.8.",
        "body": "  \\begin{reference} This is a special case of \\cite[Lemma 2.3.15]{Emerton-Gee} \\end{reference} Let $f : \\mathcal{X} \\to \\mathcal{Y}$ be a morphism of algebraic stacks. The following are equivalent \\begin{enumerate} \\item $f$ is limit preserving, \\item $f$ is limit preserving on objects, and \\item $f$ is locally of finite presentation. \\end{enumerate} ",
        "label": "proposition-characterize-locally-finite-presentation",
        "tag": "0CMY",
        "url": "https://stacks.math.columbia.edu/tag/0CMY",
        "source_filename": "stacks-limits.tex"
    },
    {
        "theorem": "Situation 102.4.1.",
        "body": "  Let $Y = \\mathop{\\mathrm{lim}}\\nolimits_{i \\in I} Y_i$ be a limit of a directed system of algebraic spaces with affine transition morphisms. We assume that $X_i$ is quasi-compact and quasi-separated for all $i \\in I$. We also choose an element $0 \\in I$. ",
        "label": "situation-descent",
        "tag": "0CPY",
        "url": "https://stacks.math.columbia.edu/tag/0CPY",
        "source_filename": "stacks-limits.tex"
    },
    {
        "theorem": "Lemma 102.4.2.",
        "body": "  In Situation \\ref{situation-descent} assume that $\\mathcal{X}_0 \\to Y_0$ is a morphism from algebraic stack to $Y_0$. Assume $\\mathcal{X}_0$ is quasi-compact and quasi-separated. If $Y \\times_{Y_0} \\mathcal{X}_0 \\to Y$ is separated, then $Y_i \\times_{Y_0} \\mathcal{X}_0 \\to Y_i$ is separated for all sufficiently large $i \\in I$. ",
        "label": "lemma-eventually-separated",
        "tag": "0CPZ",
        "url": "https://stacks.math.columbia.edu/tag/0CPZ",
        "source_filename": "stacks-limits.tex"
    },
    {
        "theorem": "Lemma 102.5.1.",
        "body": "  Let $I$ be a directed set. Let $(X_i, f_{ii'})$ be an inverse system of algebraic spaces over $I$. Assume \\begin{enumerate} \\item the morphisms $f_{ii'} : X_i \\to X_{i'}$ are affine, \\item the spaces $X_i$ are quasi-compact and quasi-separated. \\end{enumerate} Let $X = \\mathop{\\mathrm{lim}}\\nolimits X_i$. If $\\mathcal{X}$ is an algebraic stack of finite presentation over $X$, then there exists an $i \\in I$ and an algebraic stack $\\mathcal{X}_i$ of finite presentation over $X_i$ with $\\mathcal{X} \\cong \\mathcal{X}_i \\times_{X_i} X$ as algebraic stacks over $X$. ",
        "label": "lemma-descend-a-stack-down",
        "tag": "0CN4",
        "url": "https://stacks.math.columbia.edu/tag/0CN4",
        "source_filename": "stacks-limits.tex"
    },
    {
        "theorem": "Lemma 102.6.1.",
        "body": "  Let $f : \\mathcal{X} \\to Y$ be a morphism from an algebraic stack to an algebraic space. Assume: \\begin{enumerate} \\item $f$ is of finite type and quasi-separated, \\item $Y$ is quasi-compact and quasi-separated. \\end{enumerate} Then there exists a morphism of finite presentation $f' : \\mathcal{X}' \\to Y$ and a closed immersion $\\mathcal{X} \\to \\mathcal{X}'$ of algebraic stacks over $Y$. ",
        "label": "lemma-finite-type-closed-in-finite-presentation",
        "tag": "0CQ1",
        "url": "https://stacks.math.columbia.edu/tag/0CQ1",
        "source_filename": "stacks-limits.tex"
    },
    {
        "theorem": "Lemma 102.6.2.",
        "body": "  Let $f : \\mathcal{X} \\to Y$ be a morphism from an algebraic stack to an algebraic space. Assume: \\begin{enumerate} \\item $f$ is of finite type and separated, \\item $Y$ is quasi-compact and quasi-separated. \\end{enumerate} Then there exists a separated morphism of finite presentation $f' : \\mathcal{X}' \\to Y$ and a closed immersion $\\mathcal{X} \\to \\mathcal{X}'$ of algebraic stacks over $Y$. ",
        "label": "lemma-separated-closed-in-finite-presentation",
        "tag": "0CQ2",
        "url": "https://stacks.math.columbia.edu/tag/0CQ2",
        "source_filename": "stacks-limits.tex"
    },
    {
        "theorem": "Lemma 102.7.1.",
        "body": "  Let $g : Z \\to Y$ be a morphism of affine schemes. Let $f : \\mathcal{X} \\to Y$ be a quasi-compact morphism of algebraic stacks. Let $z \\in Z$ and let $T \\subset |\\mathcal{X} \\times_Y Z|$ be a closed subset with $z \\not \\in \\mathop{\\mathrm{Im}}(T \\to |Z|)$. If $\\mathcal{X}$ is quasi-compact, then there exist an open neighbourhood $V \\subset Z$ of $z$, a commutative diagram $$ \\xymatrix{ V \\ar[d] \\ar[r]_a & Z' \\ar[d]^b \\\\ Z \\ar[r]^g & Y, } $$ and a closed subset $T' \\subset |X \\times_Y Z'|$ such that \\begin{enumerate} \\item $Z'$ is an affine scheme of finite presentation over $Y$, \\item with $z' = a(z)$ we have $z' \\not \\in \\mathop{\\mathrm{Im}}(T' \\to |Z'|)$, and \\item the inverse image of $T$ in $|\\mathcal{X} \\times_Y V|$ maps into $T'$ via $|\\mathcal{X} \\times_Y V| \\to |\\mathcal{X} \\times_Y Z'|$. \\end{enumerate} ",
        "label": "lemma-separate",
        "tag": "0H29",
        "url": "https://stacks.math.columbia.edu/tag/0H29",
        "source_filename": "stacks-limits.tex"
    },
    {
        "theorem": "Lemma 102.7.2.",
        "body": "  Let $f : \\mathcal{X} \\to \\mathcal{Y}$ be a quasi-compact morphism of algebraic stacks. The following are equivalent \\begin{enumerate} \\item $f$ is universally closed, \\item for every morphism $Z \\to \\mathcal{Y}$ which is locally of finite presentation and where $Z$ is an affine scheme the map $|\\mathcal{X} \\times_Y Z| \\to |Z|$ is closed, and \\item there exists a scheme $V$ and a surjective smooth morphism $V \\to \\mathcal{Y}$ such that $|\\mathbf{A}^n \\times (\\mathcal{X} \\times_\\mathcal{Y} V)| \\to |\\mathbf{A}^n \\times V|$ is closed for all $n \\geq 0$. \\end{enumerate} ",
        "label": "lemma-test-universally-closed",
        "tag": "0H2A",
        "url": "https://stacks.math.columbia.edu/tag/0H2A",
        "source_filename": "stacks-limits.tex"
    }
]