[
    {
        "theorem": "Situation 107.2.1.",
        "body": "  Here $\\mathcal{X}$ is an algebraic stack locally of finite type over a locally Noetherian scheme $S$. ",
        "label": "situation-versal",
        "tag": "0DQU",
        "url": "https://stacks.math.columbia.edu/tag/0DQU",
        "source_filename": "stacks-geometry.tex"
    },
    {
        "theorem": "Definition 107.2.2.",
        "body": "  In Situation \\ref{situation-versal} let $x_0 : \\mathop{\\mathrm{Spec}}(k) \\to \\mathcal{X}$ be a morphism, where $k$ is a finite type field over $S$. A {\\it versal ring to $\\mathcal{X}$ at $x_0$} is a complete Noetherian local $S$-algebra $A$ with residue field $k$ such that there exists a versal formal object $(A, \\xi_n, f_n)$ as in Artin's Axioms, Definition \\ref{artin-definition-versal-formal-object} with $\\xi_1 \\cong x_0$ (a $2$-isomorphism). ",
        "label": "definition-versal-ring-at-x",
        "tag": "0DQV",
        "url": "https://stacks.math.columbia.edu/tag/0DQV",
        "source_filename": "stacks-geometry.tex"
    },
    {
        "theorem": "Lemma 107.2.3.",
        "body": "  In Situation \\ref{situation-versal} let $x_0 : \\mathop{\\mathrm{Spec}}(k) \\to \\mathcal{X}$ be a morphism, where $k$ is a finite type field over $S$. Then $\\mathcal{F}_{\\mathcal{X}, k, x_0}$ is a deformation category and $T\\mathcal{F}_{\\mathcal{X}, k, x_0}$ and $\\text{Inf}(\\mathcal{F}_{\\mathcal{X}, k, x_0})$ are finite dimensional $k$-vector spaces. ",
        "label": "lemma-deformation-category",
        "tag": "0DQW",
        "url": "https://stacks.math.columbia.edu/tag/0DQW",
        "source_filename": "stacks-geometry.tex"
    },
    {
        "theorem": "Lemma 107.2.4.",
        "body": "  In Situation \\ref{situation-versal} let $x_0 : \\mathop{\\mathrm{Spec}}(k) \\to \\mathcal{X}$ be a morphism, where $k$ is a finite type field over $S$. Then a versal ring to $\\mathcal{X}$ at $x_0$ exists. Given a pair $A$, $A'$ of these, then $A \\cong A'[[t_1, \\ldots, t_r]]$ or $A' \\cong A[[t_1, \\ldots, t_r]]$ as $S$-algebras for some $r$. ",
        "label": "lemma-versal-ring",
        "tag": "0DQX",
        "url": "https://stacks.math.columbia.edu/tag/0DQX",
        "source_filename": "stacks-geometry.tex"
    },
    {
        "theorem": "Lemma 107.2.5.",
        "body": "  In Situation \\ref{situation-versal} let $x_0 : \\mathop{\\mathrm{Spec}}(k) \\to \\mathcal{X}$ be a morphism, where $k$ is a finite type field over $S$. Let $l/k$ be a finite extension of fields and denote $x_{l, 0} : \\mathop{\\mathrm{Spec}}(l) \\to \\mathcal{X}$ the induced morphism. Given a versal ring $A$ to $\\mathcal{X}$ at $x_0$ there exists a versal ring $A'$ to $\\mathcal{X}$ at $x_{l, 0}$ such that there is a $S$-algebra map $A \\to A'$ which induces the given field extension $l/k$ and is formally smooth in the $\\mathfrak m_{A'}$-adic topology. ",
        "label": "lemma-versal-ring-field-extension",
        "tag": "0DQY",
        "url": "https://stacks.math.columbia.edu/tag/0DQY",
        "source_filename": "stacks-geometry.tex"
    },
    {
        "theorem": "Lemma 107.2.6.",
        "body": "  In Situation \\ref{situation-versal} let $x : U \\to \\mathcal{X}$ be a morphism where $U$ is a scheme locally of finite type over $S$. Let $u_0 \\in U$ be a finite type point. Set $k = \\kappa(u_0)$ and denote $x_0 : \\mathop{\\mathrm{Spec}}(k) \\to \\mathcal{X}$ the induced map. The following are equivalent \\begin{enumerate} \\item $x$ is versal at $u_0$ (Artin's Axioms, Definition \\ref{artin-definition-versal}), \\item $\\hat x : \\mathcal{F}_{U, k, u_0} \\to \\mathcal{F}_{\\mathcal{X}, k, x_0}$ is smooth, \\item the formal object associated to $x|_{\\mathop{\\mathrm{Spec}}(\\mathcal{O}_{U, u_0}^\\wedge)}$ is versal, and \\item there is an open neighbourhood $U' \\subset U$ of $x$ such that $x|_{U'} : U' \\to \\mathcal{X}$ is smooth. \\end{enumerate} Moreover, in this case the completion $\\mathcal{O}_{U, u_0}^\\wedge$ is a versal ring to $\\mathcal{X}$ at $x_0$. ",
        "label": "lemma-compare-versal-ring-completion",
        "tag": "0DQZ",
        "url": "https://stacks.math.columbia.edu/tag/0DQZ",
        "source_filename": "stacks-geometry.tex"
    },
    {
        "theorem": "Lemma 107.2.7.",
        "body": "  In Situation \\ref{situation-versal}. Let $x_0 : \\mathop{\\mathrm{Spec}}(k) \\to \\mathcal{X}$ be a morphism such that $\\mathop{\\mathrm{Spec}}(k) \\to S$ is of finite type with image $s$. Let $A$ be a versal ring to $\\mathcal{X}$ at $x_0$. The following are equivalent \\begin{enumerate} \\item $x_0$ is in the smooth locus of $\\mathcal{X} \\to S$ (Morphisms of Stacks, Lemma \\ref{stacks-morphisms-lemma-where-smooth}), \\item $\\mathcal{O}_{S, s} \\to A$ is formally smooth in the $\\mathfrak m_A$-adic topology, and \\item $\\mathcal{F}_{\\mathcal{X}, k, x_0}$ is unobstructed. \\end{enumerate} ",
        "label": "lemma-characterize-smoothness",
        "tag": "0DZS",
        "url": "https://stacks.math.columbia.edu/tag/0DZS",
        "source_filename": "stacks-geometry.tex"
    },
    {
        "theorem": "Lemma 107.2.8.",
        "body": "  In Situation \\ref{situation-versal}. Let $x_0 : \\mathop{\\mathrm{Spec}}(k) \\to \\mathcal{X}$ be a morphism such that $\\mathop{\\mathrm{Spec}}(k) \\to S$ is of finite type with image $s$. Let $A$ be a versal ring to $\\mathcal{X}$ at $x_0$. If $\\mathcal{O}_{S, s}$ is a G-ring, then we may find a smooth morphism $U \\to \\mathcal{X}$ whose source is a scheme and a point $u_0 \\in U$ with residue field $k$, such that \\begin{enumerate} \\item $\\mathop{\\mathrm{Spec}}(k) \\to U \\to \\mathcal{X}$ coincides with the given morphism $x_0$, \\item there is an isomorphism $\\mathcal{O}_{U, u_0}^\\wedge \\cong A$. \\end{enumerate} ",
        "label": "lemma-Artin-approximation-by-smooth-morphism",
        "tag": "0DR0",
        "url": "https://stacks.math.columbia.edu/tag/0DR0",
        "source_filename": "stacks-geometry.tex"
    },
    {
        "theorem": "Remark 107.2.9.",
        "body": "[Upgrading versal rings]  In Situation \\ref{situation-versal} let $x_0 : \\mathop{\\mathrm{Spec}}(k) \\to \\mathcal{X}$ be a morphism, where $k$ is a finite type field over $S$. Let $A$ be a versal ring to $\\mathcal{X}$ at $x_0$. By Artin's Axioms, Lemma \\ref{artin-lemma-effective} our versal formal object in fact comes from a morphism $$ \\mathop{\\mathrm{Spec}}(A) \\longrightarrow \\mathcal{X} $$ over $S$. Moreover, the results above each can be upgraded to be compatible with this morphism. Here is a list: \\begin{enumerate} \\item in Lemma \\ref{lemma-versal-ring} the isomorphism $A \\cong A'[[t_1, \\ldots, t_r]]$ or $A' \\cong A[[t_1, \\ldots, t_r]]$ may be chosen compatible with these morphisms, \\item in Lemma \\ref{lemma-versal-ring-field-extension} the homomorphism $A \\to A'$ may be chosen compatible with these morphisms, \\item in Lemma \\ref{lemma-compare-versal-ring-completion} the morphism $\\mathop{\\mathrm{Spec}}(\\mathcal{O}_{U, u_0}^\\wedge) \\to \\mathcal{X}$ is the composition of the canonical map $\\mathop{\\mathrm{Spec}}(\\mathcal{O}_{U, u_0}^\\wedge) \\to U$ and the given map $U \\to \\mathcal{X}$, \\item in Lemma \\ref{lemma-Artin-approximation-by-smooth-morphism} the isomorphism $\\mathcal{O}_{U, u_0}^\\wedge \\cong A$ may be chosen so $\\mathop{\\mathrm{Spec}}(A) \\to \\mathcal{X}$ corresponds to the canonical map in the item above. \\end{enumerate} In each case the statement follows from the fact that our maps are compatible with versal formal elements; we note however that the implied diagrams are $2$-commutative only up to a (noncanonical) choice of a $2$-arrow. Still, this means that the implied map $A' \\to A$ or $A \\to A'$ in (1) is well defined up to formal homotopy, see Formal Deformation Theory, Lemma \\ref{formal-defos-lemma-versal-unique-up-to-homotopy}. ",
        "label": "remark-upgrade",
        "tag": "0DR1",
        "url": "https://stacks.math.columbia.edu/tag/0DR1",
        "source_filename": "stacks-geometry.tex"
    },
    {
        "theorem": "Lemma 107.2.10.",
        "body": "  In Situation \\ref{situation-versal} let $x_0 : \\mathop{\\mathrm{Spec}}(k) \\to \\mathcal{X}$ be a morphism, where $k$ is a finite type field over $S$. Let $A$ be a versal ring to $\\mathcal{X}$ at $x_0$. Then the morphism $\\mathop{\\mathrm{Spec}}(A) \\to \\mathcal{X}$ of Remark \\ref{remark-upgrade} is flat. ",
        "label": "lemma-versal-ring-flat",
        "tag": "0DR2",
        "url": "https://stacks.math.columbia.edu/tag/0DR2",
        "source_filename": "stacks-geometry.tex"
    },
    {
        "theorem": "Remark 107.2.11.",
        "body": "  In Situation \\ref{situation-versal} let $x_0 : \\mathop{\\mathrm{Spec}}(k) \\to \\mathcal{X}$ be a morphism, where $k$ is a finite type field over $S$. By Lemma \\ref{lemma-deformation-category} and Formal Deformation Theory, Theorem \\ref{formal-defos-theorem-presentation-deformation-groupoid} we know that $\\mathcal{F}_{\\mathcal{X}, k, x_0}$ has a presentation by a smooth prorepresentable groupoid in functors on $\\mathcal{C}_\\Lambda$. Unwinding the definitions, this means we can choose \\begin{enumerate} \\item a Noetherian complete local $\\Lambda$-algebra $A$ with residue field $k$ and a versal formal object $\\xi$ of $\\mathcal{F}_{\\mathcal{X}, k, x_0}$ over $A$, \\item a Noetherian complete local $\\Lambda$-algebra $B$ with residue field $k$ and an isomorphism $$ \\underline{B}|_{\\mathcal{C}_\\Lambda} \\longrightarrow \\underline{A}|_{\\mathcal{C}_\\Lambda} \\times_{\\underline{\\xi}, \\mathcal{F}_{\\mathcal{X}, k, x_0}, \\underline{\\xi}} \\underline{A}|_{\\mathcal{C}_\\Lambda} $$ \\end{enumerate} The projections correspond to formally smooth maps $t : A \\to B$ and $s : A \\to B$ (because $\\xi$ is versal). There is a map $c : B \\to B \\widehat{\\otimes}_{s, A, t} B$ which turns $(A, B, s, t, c)$ into a cogroupoid in the category of Noetherian complete local $\\Lambda$-algebras with residue field $k$ (on prorepresentable functors this map is constructed in Formal Deformation Theory, Lemma \\ref{formal-defos-lemma-presentation-construction}). Finally, the cited theorem tells us that $\\xi$ induces an equivalence $$ [\\underline{A}|_{\\mathcal{C}_\\Lambda} / \\underline{B}|_{\\mathcal{C}_\\Lambda}] \\longrightarrow \\mathcal{F}_{\\mathcal{X}, k, x_0} $$ of groupoids cofibred over $\\mathcal{C}_\\Lambda$. In fact, we also get an equivalence $$ [\\underline{A}/\\underline{B}] \\longrightarrow \\widehat{\\mathcal{F}}_{\\mathcal{X}, k, x_0} $$ of groupoids cofibred over the completed category $\\widehat{\\mathcal{C}}_\\Lambda$ (see discussion in Formal Deformation Theory, Section \\ref{formal-defos-section-prorepresentable-groupoids-in-functors} as to why this works). Of course $A$ is a versal ring to $\\mathcal{X}$ at $x_0$. ",
        "label": "remark-groupoid-defo",
        "tag": "0DR3",
        "url": "https://stacks.math.columbia.edu/tag/0DR3",
        "source_filename": "stacks-geometry.tex"
    },
    {
        "theorem": "Lemma 107.3.1.",
        "body": "  Let $f : U \\to \\mathcal{X}$ be a smooth morphism from a scheme to a locally Noetherian algebraic stack. The closure of the image of any irreducible component of $|U|$ is an irreducible component of $|\\mathcal{X}|$. If $U \\to \\mathcal{X}$ is surjective, then all irreducible components of $|\\mathcal{X}|$ are obtained in this way. ",
        "label": "lemma-map-of-components",
        "tag": "0DR5",
        "url": "https://stacks.math.columbia.edu/tag/0DR5",
        "source_filename": "stacks-geometry.tex"
    },
    {
        "theorem": "Lemma 107.3.2.",
        "body": "  Let $U \\to X$ be a smooth morphism of locally Noetherian schemes. Let $T'$ is an irreducible component of $U$. Let $T$ be the irreducible component of $X$ obtained as the closure of the image of $T'$. Then $m_{T', U} = m_{T, X}$. ",
        "label": "lemma-multiplicities",
        "tag": "0DR6",
        "url": "https://stacks.math.columbia.edu/tag/0DR6",
        "source_filename": "stacks-geometry.tex"
    },
    {
        "theorem": "Lemma 107.3.3.",
        "body": "  Let $U_1 \\to \\mathcal{X}$ and $U_2 \\to \\mathcal{X}$ be two smooth morphisms from schemes to a locally Noetherian algebraic stack $\\mathcal{X}$. Let $T_1'$ and $T_2'$ be irreducible components of $|U_1|$ and $|U_2|$ respectively. Assume the closures of the images of $T_1'$ and $T_2'$ are the same irreducible component $T$ of $|\\mathcal{X}|$. Then $m_{T_1', U_1} = m_{T_2', U_2}$. ",
        "label": "lemma-multiplicity",
        "tag": "0DR7",
        "url": "https://stacks.math.columbia.edu/tag/0DR7",
        "source_filename": "stacks-geometry.tex"
    },
    {
        "theorem": "Definition 107.3.4.",
        "body": "  Let $\\mathcal{X}$ be a locally Noetherian algebraic stack. Let $T \\subset |\\mathcal{X}|$ be an irreducible component. The {\\it multiplicity} of $T$ in $\\mathcal{X}$ is defined as $m_{T, \\mathcal{X}} = m_{T', U}$ where $f : U \\to \\mathcal{X}$ is a smooth morphism from a scheme and $T' \\subset |U|$ is an irreducible component with $f(T') \\subset T$. ",
        "label": "definition-multiplicity",
        "tag": "0DR8",
        "url": "https://stacks.math.columbia.edu/tag/0DR8",
        "source_filename": "stacks-geometry.tex"
    },
    {
        "theorem": "Definition 107.4.1.",
        "body": "  Let $\\mathcal{X}$ be an algebraic stack locally of finite type over a locally Noetherian scheme $S$. Let $x_0 : \\mathop{\\mathrm{Spec}}(k) \\to \\mathcal{X}$ is a morphism where $k$ is a field of finite type over $S$. The {\\it formal branches of $\\mathcal{X}$ through $x_0$} is the set of irreducible components of $\\mathop{\\mathrm{Spec}}(A)$ for any choice of versal ring to $\\mathcal{X}$ at $x_0$ identified for different choices of $A$ by the procedure described above. ",
        "label": "definition-formal-branches",
        "tag": "0DRA",
        "url": "https://stacks.math.columbia.edu/tag/0DRA",
        "source_filename": "stacks-geometry.tex"
    },
    {
        "theorem": "Lemma 107.4.2.",
        "body": "  In the situation of Definition \\ref{definition-formal-branches} there is a canonical surjection from the set of formal branches of $\\mathcal{X}$ through $x_0$ to the set of irreducible components of $|\\mathcal{X}|$ containing $x_0$ in $|\\mathcal{X}|$. ",
        "label": "lemma-branches",
        "tag": "0DRB",
        "url": "https://stacks.math.columbia.edu/tag/0DRB",
        "source_filename": "stacks-geometry.tex"
    },
    {
        "theorem": "Definition 107.4.3.",
        "body": "  Let $\\mathcal{X}$ be an algebraic stack locally of finite type over a locally Noetherian scheme $S$. Let $x_0 : \\mathop{\\mathrm{Spec}}(k) \\to \\mathcal{X}$ is a morphism where $k$ is a field of finite type over $S$. The {\\it multiplicity of a formal branch of $\\mathcal{X}$ through $x_0$} is the multiplicity of the corresponding irreducible component of $\\mathop{\\mathrm{Spec}}(A)$ for any choice of versal ring to $\\mathcal{X}$ at $x_0$ (see discussion above). ",
        "label": "definition-multiplicity-formal-branches",
        "tag": "0DRC",
        "url": "https://stacks.math.columbia.edu/tag/0DRC",
        "source_filename": "stacks-geometry.tex"
    },
    {
        "theorem": "Lemma 107.4.4.",
        "body": "  Let $\\mathcal{X}$ be an algebraic stack locally of finite type over a locally Noetherian scheme $S$. Let $x_0 : \\mathop{\\mathrm{Spec}}(k) \\to \\mathcal{X}$ is a morphism where $k$ is a field of finite type over $S$ with image $s \\in S$. If $\\mathcal{O}_{S, s}$ is a G-ring, then the map of Lemma \\ref{lemma-branches} preserves multiplicities. ",
        "label": "lemma-branches-multiplicity",
        "tag": "0DRD",
        "url": "https://stacks.math.columbia.edu/tag/0DRD",
        "source_filename": "stacks-geometry.tex"
    },
    {
        "theorem": "Remark 107.5.1.",
        "body": "  In general, the dimension of the algebraic space $X$ at a point $x$ may not coincide with the dimension of the underlying topological space $|X|$ at $x$.  E.g.\\ if $k$ is a field of characteristic zero and $X =  \\mathbf{A}^1_k / \\mathbf{Z}$, then $X$ has dimension $1$ (the dimension of $\\mathbf{A}^1_k$) at each of its points, while $|X|$ has the indiscrete topology, and hence is of Krull dimension zero. On the other hand, in Algebraic Spaces, Example \\ref{spaces-example-infinite-product} there is given an example of an algebraic space which is of dimension $0$ at each of its points, while $|X|$ is irreducible of Krull dimension $1$, and admits a generic point (so that the dimension of $|X|$ at any of its points is $1$); see also the discussion of this example in Properties of Spaces, Section \\ref{spaces-properties-section-dimension}. \\medskip\\noindent On the other hand, if $X$ is a {\\it decent} algebraic space, in the sense of Decent Spaces, Definition \\ref{decent-spaces-definition-very-reasonable} (in particular, if $X$ is quasi-separated; see Decent Spaces, Section \\ref{decent-spaces-section-reasonable-decent}) then in fact the dimension of $X$ at $x$ does coincide with the dimension of $|X|$ at $x$; see Decent Spaces, Lemma \\ref{decent-spaces-lemma-dimension-decent-space}. ",
        "label": "remark-dimension-algebraic-space",
        "tag": "0DRF",
        "url": "https://stacks.math.columbia.edu/tag/0DRF",
        "source_filename": "stacks-geometry.tex"
    },
    {
        "theorem": "Definition 107.5.2.",
        "body": "  If $f : T \\to \\mathcal{X}$ is a locally of finite type morphism from an algebraic space to an algebraic stack, and if $t \\in |T|$ is a point with image $x \\in | \\mathcal{X}|$, then we define {\\it the relative dimension} of $f$ at $t$, denoted $\\dim_t(T_x),$ as follows: choose a morphism $\\mathop{\\mathrm{Spec}} k \\to \\mathcal{X}$, with source the spectrum of a field, which represents $x$, and choose a point $t' \\in |T \\times_{\\mathcal{X}} \\mathop{\\mathrm{Spec}} k|$ mapping to $t$ under the projection to $|T|$ (such a point $t'$ exists, by Properties of Stacks, Lemma \\ref{stacks-properties-lemma-points-cartesian}); then $$ \\dim_t(T_x) = \\dim_{t'}(T \\times_{\\mathcal{X}} \\mathop{\\mathrm{Spec}} k ). $$ ",
        "label": "definition-relative-dimension",
        "tag": "0DRG",
        "url": "https://stacks.math.columbia.edu/tag/0DRG",
        "source_filename": "stacks-geometry.tex"
    },
    {
        "theorem": "Remark 107.5.3.",
        "body": "  (1) One easily verifies (for example, by using the invariance of the relative dimension of locally of finite type morphisms of schemes under base-change; see for example Morphisms, Lemma \\ref{morphisms-lemma-dimension-fibre-after-base-change}) that $\\dim_t(T_x)$ is well-defined, independently of the choices used to compute it. \\medskip\\noindent (2) In the case that $\\mathcal{X}$ is also an algebraic space, it is straightforward to confirm that this definition agrees with the definition of relative dimension given in Morphisms of Spaces, Definition \\ref{spaces-morphisms-definition-dimension-fibre}. ",
        "label": "remark-relative-dimension",
        "tag": "0DRH",
        "url": "https://stacks.math.columbia.edu/tag/0DRH",
        "source_filename": "stacks-geometry.tex"
    },
    {
        "theorem": "Lemma 107.5.4.",
        "body": "  If $f: U \\to X$ is a smooth morphism of locally Noetherian algebraic spaces, and if $u \\in |U|$ with image $x \\in |X|$, then $$ \\dim_u (U) = \\dim_x(X) + \\dim_{u} (U_x) $$ where $\\dim_u (U_x)$ is defined via Definition \\ref{definition-relative-dimension}. ",
        "label": "lemma-behaviour-of-dimensions-wrt-smooth-morphisms",
        "tag": "0DRI",
        "url": "https://stacks.math.columbia.edu/tag/0DRI",
        "source_filename": "stacks-geometry.tex"
    },
    {
        "theorem": "Lemma 107.5.5.",
        "body": "  If $\\mathcal{X}$ is a locally Noetherian algebraic stack and $x \\in |\\mathcal{X}|$. Let $U \\to \\mathcal{X}$ be a smooth morphism from an algebraic space to $\\mathcal{X}$, let $u$ be any point of $|U|$ mapping to $x$. Then we have $$ \\dim_x(\\mathcal{X}) =  \\dim_u(U) - \\dim_{u}(U_x) $$ where the relative dimension $\\dim_u(U_x)$ is defined by Definition \\ref{definition-relative-dimension} and the dimension of $\\mathcal{X}$ at $x$ is as in Properties of Stacks, Definition \\ref{stacks-properties-definition-dimension-at-point}. ",
        "label": "lemma-dimension-for-stacks",
        "tag": "0DRJ",
        "url": "https://stacks.math.columbia.edu/tag/0DRJ",
        "source_filename": "stacks-geometry.tex"
    },
    {
        "theorem": "Remark 107.5.6.",
        "body": "  For Deligne--Mumford stacks which are suitably decent (e.g.\\ quasi-separated), it will again be the case that $\\dim_x(\\mathcal{X})$ coincides with the topologically defined quantity $\\dim_x |\\mathcal{X}|$.  However, for more general Artin stacks, this will typically not be the case.  For example, if $\\mathcal{X} = [\\mathbf{A}^1/\\mathbf{G}_m]$ (over some field, with the quotient being taken with respect to the usual multiplication action of $\\mathbf{G}_m$ on $\\mathbf{A}^1$), then  $|\\mathcal{X}|$ has two points, one the specialisation of the other (corresponding to the two orbits of $\\mathbf{G}_m$ on $\\mathbf{A}^1$), and hence is of dimension $1$ as a topological space; but $\\dim_x (\\mathcal{X}) = 0$ for both points $x \\in |\\mathcal{X}|$. (An even more extreme example is given by the classifying space $[\\mathop{\\mathrm{Spec}} k/\\mathbf{G}_m]$, whose dimension at its unique point is equal to $-1$.) ",
        "label": "remark-dimension-DM",
        "tag": "0DRK",
        "url": "https://stacks.math.columbia.edu/tag/0DRK",
        "source_filename": "stacks-geometry.tex"
    },
    {
        "theorem": "Definition 107.5.7.",
        "body": "  If $f : \\mathcal{T} \\to \\mathcal{X}$ is a locally of finite type morphism between locally Noetherian algebraic stacks, and if $t \\in |\\mathcal{T}|$ is a point with image $x \\in |\\mathcal{X}|$, then we define the {\\it relative dimension} of $f$ at $t$, denoted $\\dim_t(\\mathcal{T}_x),$ as follows: choose a morphism $\\mathop{\\mathrm{Spec}} k \\to \\mathcal{X}$, with source the spectrum of a field, which represents $x$, and choose a point $t' \\in |\\mathcal{T} \\times_{\\mathcal{X}} \\mathop{\\mathrm{Spec}} k|$ mapping to $t$ under the projection to $|\\mathcal{T}|$ (such a point $t'$ exists, by Properties of Stacks, Lemma \\ref{stacks-properties-lemma-points-cartesian}; then $$ \\dim_t(\\mathcal{T}_x) = \\dim_{t'}(\\mathcal{T} \\times_{\\mathcal{X}} \\mathop{\\mathrm{Spec}} k ). $$ ",
        "label": "definition-relative-dimension-for-stacks",
        "tag": "0DRL",
        "url": "https://stacks.math.columbia.edu/tag/0DRL",
        "source_filename": "stacks-geometry.tex"
    },
    {
        "theorem": "Remark 107.5.8.",
        "body": "  Standard manipulations show that $\\dim_t(\\mathcal{T}_x)$ is well-defined, independently of the choices made to compute it. ",
        "label": "remark-dimension-tangent-space-well-defined",
        "tag": "0DRM",
        "url": "https://stacks.math.columbia.edu/tag/0DRM",
        "source_filename": "stacks-geometry.tex"
    },
    {
        "theorem": "Lemma 107.5.9.",
        "body": "  Suppose given a Cartesian square of morphisms of locally Noetherian stacks $$ \\xymatrix{ \\mathcal{T}' \\ar[d]\\ar[r] & \\mathcal{T} \\ar[d] \\\\ \\mathcal{X}' \\ar[r] & \\mathcal{X} } $$ in which the vertical morphisms are locally of finite type. If $t' \\in |\\mathcal{T}'|$, with images $t$, $x'$, and $x$ in $|\\mathcal{T}|$, $|\\mathcal{X}'|$, and $|\\mathcal{X}|$ respectively, then $\\dim_{t'}(\\mathcal{T}'_{x'}) = \\dim_{t}(\\mathcal{T}_x).$ ",
        "label": "lemma-base-change-invariance-of-relative-dimension",
        "tag": "0DRN",
        "url": "https://stacks.math.columbia.edu/tag/0DRN",
        "source_filename": "stacks-geometry.tex"
    },
    {
        "theorem": "Lemma 107.5.10.",
        "body": "  If $f: \\mathcal{U} \\to \\mathcal{X}$ is a smooth morphism of locally Noetherian algebraic stacks, and if $u \\in |\\mathcal{U}|$ with image $x \\in |\\mathcal{X}|$, then $$ \\dim_u (\\mathcal{U}) = \\dim_x(\\mathcal{X}) + \\dim_{u} (\\mathcal{U}_x). $$ ",
        "label": "lemma-behaviour-of-dimensions-wrt-smooth-morphisms-stacky",
        "tag": "0DRP",
        "url": "https://stacks.math.columbia.edu/tag/0DRP",
        "source_filename": "stacks-geometry.tex"
    },
    {
        "theorem": "Lemma 107.5.11.",
        "body": "  Let $f: \\mathcal{T} \\to \\mathcal{X}$ be a locally of finite type morphism of algebraic stacks. \\begin{enumerate} \\item The function $t \\mapsto \\dim_t(\\mathcal{T}_{f(t)})$ is upper semi-continuous on $|\\mathcal{T}|$. \\item If $f$ is smooth, then the function $t \\mapsto \\dim_t(\\mathcal{T}_{f(t)})$ is locally constant on $|\\mathcal{T}|$. \\end{enumerate} ",
        "label": "lemma-relative-dimension-is-semi-continuous",
        "tag": "0DRQ",
        "url": "https://stacks.math.columbia.edu/tag/0DRQ",
        "source_filename": "stacks-geometry.tex"
    },
    {
        "theorem": "Lemma 107.5.12.",
        "body": "  If $X$ is a finite dimensional scheme, then there exists a closed (and hence finite type) point $x \\in X$ such that $\\dim_x X = \\dim X$. ",
        "label": "lemma-dimension-achieved-by-finite-type-point",
        "tag": "0DRR",
        "url": "https://stacks.math.columbia.edu/tag/0DRR",
        "source_filename": "stacks-geometry.tex"
    },
    {
        "theorem": "Lemma 107.5.13.",
        "body": "  If $X$ is an irreducible, Jacobson, catenary, and locally Noetherian scheme of finite dimension, then $\\dim U = \\dim X$ for every non-empty open subset $U$ of $X$. Equivalently, $\\dim_x X$ is a constant function on $X$. ",
        "label": "lemma-constancy-of-dimension",
        "tag": "0DRT",
        "url": "https://stacks.math.columbia.edu/tag/0DRT",
        "source_filename": "stacks-geometry.tex"
    },
    {
        "theorem": "Definition 107.5.14.",
        "body": "  We say that a locally Noetherian algebraic stack $\\mathcal{X}$ is {\\it pseudo-catenary} if there exists a smooth and surjective morphism $U \\to \\mathcal{X}$ whose source is a universally catenary scheme. ",
        "label": "definition-pseudo-catenary",
        "tag": "0DRU",
        "url": "https://stacks.math.columbia.edu/tag/0DRU",
        "source_filename": "stacks-geometry.tex"
    },
    {
        "theorem": "Example 107.5.15.",
        "body": "  If $\\mathcal{X}$ is locally of finite type over a universally catenary locally Noetherian scheme $S$, and $U\\to \\mathcal{X}$ is a smooth surjective morphism whose source is a scheme, then the composite $U \\to \\mathcal{X} \\to S$ is locally of finite type, and so $U$ is universally catenary Morphisms, Lemma \\ref{morphisms-lemma-universally-catenary-local}. Thus $\\mathcal{X}$ is pseudo-catenary. ",
        "label": "example-pseudo-catenary",
        "tag": "0DRV",
        "url": "https://stacks.math.columbia.edu/tag/0DRV",
        "source_filename": "stacks-geometry.tex"
    },
    {
        "theorem": "Lemma 107.5.16.",
        "body": "  If $\\mathcal{X}$ is a pseudo-catenary locally Noetherian algebraic stack, and if $\\mathcal{Y} \\to \\mathcal{X}$ is a locally of finite type morphism, then there exists a smooth surjective morphism $V \\to \\mathcal{Y}$ whose source is a universally catenary scheme; thus $\\mathcal{Y}$ is again pseudo-catenary. ",
        "label": "lemma-catenary-covers",
        "tag": "0DRW",
        "url": "https://stacks.math.columbia.edu/tag/0DRW",
        "source_filename": "stacks-geometry.tex"
    },
    {
        "theorem": "Lemma 107.5.17.",
        "body": "  If $\\mathcal{X}$ is a Jacobson, pseudo-catenary, and locally Noetherian  algebraic stack for which $|\\mathcal{X}|$ is irreducible, then $\\dim_x(\\mathcal{X})$ is a constant function on $|\\mathcal{X}|$. ",
        "label": "lemma-irreducible-implies-equidimensional",
        "tag": "0DRX",
        "url": "https://stacks.math.columbia.edu/tag/0DRX",
        "source_filename": "stacks-geometry.tex"
    },
    {
        "theorem": "Lemma 107.5.18.",
        "body": "  If $\\mathcal{Z} \\hookrightarrow \\mathcal{X}$ is a closed immersion of locally Noetherian algebraic stacks, and if $z \\in |\\mathcal{Z}|$ has image $x \\in |\\mathcal{X}|$, then $\\dim_z (\\mathcal{Z}) \\leq \\dim_x(\\mathcal{X})$. ",
        "label": "lemma-closed-immersions",
        "tag": "0DRY",
        "url": "https://stacks.math.columbia.edu/tag/0DRY",
        "source_filename": "stacks-geometry.tex"
    },
    {
        "theorem": "Lemma 107.5.19.",
        "body": "  If $\\mathcal{X}$ is a locally Noetherian algebraic stack, and if $x \\in |\\mathcal{X}|$, then $\\dim_x(\\mathcal{X}) = \\sup_{\\mathcal{T}} \\{ \\dim_x(\\mathcal{T}) \\} $, where $\\mathcal{T}$ runs over all the irreducible components of $|\\mathcal{X}|$ passing through $x$ (endowed with their induced reduced structure). ",
        "label": "lemma-dimension-via-components",
        "tag": "0DRZ",
        "url": "https://stacks.math.columbia.edu/tag/0DRZ",
        "source_filename": "stacks-geometry.tex"
    },
    {
        "theorem": "Lemma 107.5.20.",
        "body": "  If $\\mathcal{X}$ is a locally Noetherian algebraic stack, and if $x \\in |\\mathcal{X}|$, then for any open substack $\\mathcal{V}$ of $\\mathcal{X}$ containing $x$, there is a finite type point $x_0 \\in |\\mathcal{V}|$ such that $\\dim_{x_0}(\\mathcal{X}) = \\dim_x(\\mathcal{V})$. ",
        "label": "lemma-dimension-at-finite-type-point",
        "tag": "0DS1",
        "url": "https://stacks.math.columbia.edu/tag/0DS1",
        "source_filename": "stacks-geometry.tex"
    },
    {
        "theorem": "Lemma 107.5.21.",
        "body": "  Let $\\mathcal{T} \\hookrightarrow \\mathcal{X}$ be a locally of finite type monomorphism of algebraic stacks, with $\\mathcal{X}$ (and thus also $\\mathcal{T}$) being Jacobson, pseudo-catenary, and locally Noetherian. Suppose further that $\\mathcal{T}$ is irreducible of some (finite) dimension $d$, and that $\\mathcal{X}$ is reduced and of dimension less than or equal to $d$. Then there is a non-empty open substack $\\mathcal{V}$ of $\\mathcal{T}$ such that the induced monomorphism $\\mathcal{V} \\hookrightarrow \\mathcal{X}$ is an open immersion which identifies $\\mathcal{V}$ with an open subset of an irreducible component of $\\mathcal{X}$. ",
        "label": "lemma-monomorphing-a-component-in-of-the-right-dimension",
        "tag": "0DS2",
        "url": "https://stacks.math.columbia.edu/tag/0DS2",
        "source_filename": "stacks-geometry.tex"
    },
    {
        "theorem": "Lemma 107.5.22.",
        "body": "  Let $f: \\mathcal{T} \\to \\mathcal{X}$ be a locally of finite type morphism of Jacobson, pseudo-catenary, and locally Noetherian algebraic stacks, whose source is irreducible and whose target is quasi-separated, and let $\\mathcal{Z} \\hookrightarrow \\mathcal{X}$ denote the scheme-theoretic image of $\\mathcal{T}$. Then for all $t \\in |T|$, we have that $\\dim_t( \\mathcal{T}_{f(t)}) \\geq \\dim \\mathcal{T}  - \\dim \\mathcal{Z}$, and there is a non-empty (equivalently, dense) open subset of $|\\mathcal{T}|$ over which equality holds. ",
        "label": "lemma-dims-of-images",
        "tag": "0DS4",
        "url": "https://stacks.math.columbia.edu/tag/0DS4",
        "source_filename": "stacks-geometry.tex"
    },
    {
        "theorem": "Remark 107.5.23.",
        "body": "  We note that in the context of the preceding lemma, it need not be that $\\dim \\mathcal{T} \\geq \\dim \\mathcal{Z}$; this does not contradict the inequality in the statement of the lemma, because the fibres of the morphism $f$ are again algebraic stacks, and so may have negative dimension.  This is illustrated by taking $k$ to be a field, and applying the lemma to the morphism $[\\mathop{\\mathrm{Spec}} k/\\mathbf{G}_m] \\to \\mathop{\\mathrm{Spec}} k$. \\medskip\\noindent If the morphism $f$ in the statement of the lemma is assumed to be quasi-DM (in the sense of Morphisms of Stacks, Definition \\ref{stacks-morphisms-definition-separated}; e.g.\\ morphisms that are representable by algebraic spaces are quasi-DM), then the fibres of the morphism over points of the target are quasi-DM algebraic stacks, and hence are of non-negative dimension.  In this case, the lemma implies that indeed $\\dim \\mathcal{T} \\geq \\dim \\mathcal{Z}$.  In fact, we obtain the following more general result. ",
        "label": "remark-negative-dimension",
        "tag": "0DS5",
        "url": "https://stacks.math.columbia.edu/tag/0DS5",
        "source_filename": "stacks-geometry.tex"
    },
    {
        "theorem": "Lemma 107.5.24.",
        "body": "  Let $f: \\mathcal{T} \\to \\mathcal{X}$ be a locally of finite type morphism of Jacobson, pseudo-catenary, and locally Noetherian algebraic stacks which is quasi-DM, whose source is irreducible and whose target is quasi-separated, and let $\\mathcal{Z} \\hookrightarrow \\mathcal{X}$ denote the scheme-theoretic image of $\\mathcal{T}$. Then $\\dim \\mathcal{Z} \\leq \\dim \\mathcal{T}$, and furthermore, exactly one of the following two conditions holds: \\begin{enumerate} \\item for every finite type point $t \\in |T|,$ we have $\\dim_t(\\mathcal{T}_{f(t)}) > 0,$ in which case $\\dim \\mathcal{Z} < \\dim \\mathcal{T}$; or \\item   $\\mathcal{T}$ and $\\mathcal{Z}$ are of the same dimension. \\end{enumerate} ",
        "label": "lemma-dims-of-images-two",
        "tag": "0DS6",
        "url": "https://stacks.math.columbia.edu/tag/0DS6",
        "source_filename": "stacks-geometry.tex"
    },
    {
        "theorem": "Lemma 107.6.1.",
        "body": "  Let $\\mathcal{X}$ be a locally Noetherian algebraic stack. Let $U \\to \\mathcal{X}$ be a smooth morphism and let $u \\in U$. Then $$ \\dim(\\mathcal{O}_{U, \\overline{u}}) - \\dim(\\mathcal{O}_{R_u, e(\\overline{u})}) = 2\\dim(\\mathcal{O}_{U, \\overline{u}}) - \\dim(\\mathcal{O}_{R, e(\\overline{u})}) $$ Here $R = U \\times_\\mathcal{X} U$ with projections $s, t : R \\to U$ and diagonal $e : U \\to R$ and $R_u$ is the fibre of $s : R \\to U$ over $u$. ",
        "label": "lemma-dimension-local-ring-pre",
        "tag": "0DS8",
        "url": "https://stacks.math.columbia.edu/tag/0DS8",
        "source_filename": "stacks-geometry.tex"
    },
    {
        "theorem": "Lemma 107.6.2.",
        "body": "  Let $\\mathcal{X}$ be a locally Noetherian algebraic stack. Let $x \\in |\\mathcal{X}|$ be a finite type point Morphisms of Stacks, Definition \\ref{stacks-morphisms-definition-finite-type-point}). Let $d \\in \\mathbf{Z}$. The following are equivalent \\begin{enumerate} \\item there exists a scheme $U$, a smooth morphism $U \\to \\mathcal{X}$, and a finite type point $u \\in U$ mapping to $x$ such that $2\\dim(\\mathcal{O}_{U, \\overline{u}}) - \\dim(\\mathcal{O}_{R, e(\\overline{u})}) = d$, and \\item for any scheme $U$, a smooth morphism $U \\to \\mathcal{X}$, and finite type point $u \\in U$ mapping to $x$ we have $2\\dim(\\mathcal{O}_{U, \\overline{u}}) - \\dim(\\mathcal{O}_{R, e(\\overline{u})}) = d$. \\end{enumerate} Here $R = U \\times_\\mathcal{X} U$ with projections $s, t : R \\to U$ and diagonal $e : U \\to R$ and $R_u$ is the fibre of $s : R \\to U$ over $u$. ",
        "label": "lemma-dimension-local-ring",
        "tag": "0DS9",
        "url": "https://stacks.math.columbia.edu/tag/0DS9",
        "source_filename": "stacks-geometry.tex"
    },
    {
        "theorem": "Definition 107.6.3.",
        "body": "  Let $\\mathcal{X}$ be a locally Noetherian algebraic stack. Let $x \\in |\\mathcal{X}|$ be a finite type point. The {\\it dimension of the local ring of $\\mathcal{X}$ at $x$} is $d \\in \\mathbf{Z}$ if the equivalent conditions of Lemma \\ref{lemma-dimension-local-ring} are satisfied. ",
        "label": "definition-dimension-local-ring",
        "tag": "0DSA",
        "url": "https://stacks.math.columbia.edu/tag/0DSA",
        "source_filename": "stacks-geometry.tex"
    },
    {
        "theorem": "Lemma 107.6.4.",
        "body": "  Suppose that $\\mathcal{X}$ is an algebraic stack, locally of finite type over a locally Noetherian scheme $S$. Let $x_0 : \\mathop{\\mathrm{Spec}}(k) \\to \\mathcal{X}$ be a morphism where $k$ is a field of finite type over $S$. Represent $\\mathcal{F}_{\\mathcal{X}, k, x_0}$ as in Remark \\ref{remark-groupoid-defo} by a cogroupoid $(A, B, s, t, c)$ of Noetherian complete local $S$-algebras with residue field $k$. Then $$ \\text{the dimension of the local ring of }\\mathcal{X}\\text{ at }x_0 = 2\\dim A - \\dim B $$ ",
        "label": "lemma-dimension-formula",
        "tag": "0DSB",
        "url": "https://stacks.math.columbia.edu/tag/0DSB",
        "source_filename": "stacks-geometry.tex"
    }
]