[
    {
        "theorem": "Lemma 105.4.1.",
        "body": "[Key fact]  The functor $\\mathit{Sch}^{opp} \\to \\textit{Sets}$, $T \\mapsto \\{(a, a', \\alpha)\\text{ as above}\\}$ is representable by a scheme $S \\times_{\\mathcal{M}_{1, 1}} S'$. ",
        "label": "lemma-key-fact",
        "tag": "072M",
        "url": "https://stacks.math.columbia.edu/tag/072M",
        "source_filename": "stacks-introduction.tex"
    },
    {
        "theorem": "Remark 105.4.2.",
        "body": "  We have the formula $S \\times_{\\mathcal{M}_{1, 1}} S' = (S \\times S') \\times_{\\mathcal{M}_{1, 1} \\times \\mathcal{M}_{1, 1}} \\mathcal{M}_{1, 1}$. Hence the key fact is a property of the diagonal $\\Delta_{\\mathcal{M}_{1, 1}}$ of $\\mathcal{M}_{1, 1}$. ",
        "label": "remark-diagonal",
        "tag": "072N",
        "url": "https://stacks.math.columbia.edu/tag/072N",
        "source_filename": "stacks-introduction.tex"
    },
    {
        "theorem": "Definition 105.4.3.",
        "body": "  We say a morphism $S \\to \\mathcal{M}_{1, 1}$ is {\\it smooth} if for every morphism $S' \\to \\mathcal{M}_{1, 1}$ the projection morphism $$ S \\times_{\\mathcal{M}_{1, 1}} S' \\longrightarrow S' $$ is smooth. ",
        "label": "definition-smooth",
        "tag": "072P",
        "url": "https://stacks.math.columbia.edu/tag/072P",
        "source_filename": "stacks-introduction.tex"
    },
    {
        "theorem": "Definition 105.5.1.",
        "body": "  We say $\\mathcal{M}_{1, 1}$ is an {\\it algebraic stack} if and only if \\begin{enumerate} \\item We have descent for objects for the \\'etale topology on $\\mathit{Sch}$. \\item The key fact holds. \\item there exists a surjective and smooth morphism $S \\to \\mathcal{M}_{1, 1}$. \\end{enumerate} ",
        "label": "definition-algebraic-stack",
        "tag": "072R",
        "url": "https://stacks.math.columbia.edu/tag/072R",
        "source_filename": "stacks-introduction.tex"
    },
    {
        "theorem": "Lemma 105.6.1.",
        "body": "  The morphism $W \\xrightarrow{(E_W, f_W, 0_W)} \\mathcal{M}_{1, 1}$ is smooth and surjective. ",
        "label": "lemma-Weierstrass-smooth-cover",
        "tag": "072T",
        "url": "https://stacks.math.columbia.edu/tag/072T",
        "source_filename": "stacks-introduction.tex"
    },
    {
        "theorem": "Remark 105.6.2.",
        "body": "  The argument sketched above actually shows that $\\mathcal{M}_{1, 1} = [W/H]$ is a global quotient stack. It is true about 50\\% of the time that an argument proving a moduli stack is algebraic will show that it is a global quotient stack. ",
        "label": "remark-quotient-stack",
        "tag": "072U",
        "url": "https://stacks.math.columbia.edu/tag/072U",
        "source_filename": "stacks-introduction.tex"
    }
]