[
    {
        "theorem": "Lemma 100.3.1.",
        "body": "  Let $f : \\mathcal{X} \\to \\mathcal{Y}$ be a morphism of algebraic stacks. Let $W$ be an algebraic space and let $W \\to \\mathcal{Y}$ be surjective, locally of finite presentation, and flat. The following are equivalent \\begin{enumerate} \\item $f$ is representable by algebraic spaces, and \\item $W \\times_\\mathcal{Y} \\mathcal{X}$ is an algebraic space. \\end{enumerate} ",
        "label": "lemma-check-representable-covering",
        "tag": "04ZP",
        "url": "https://stacks.math.columbia.edu/tag/04ZP",
        "source_filename": "stacks-properties.tex"
    },
    {
        "theorem": "Lemma 100.3.2.",
        "body": "  Let $P$ be a property of morphisms of algebraic spaces as above. Let $f : \\mathcal{X} \\to \\mathcal{Y}$ be a morphism of algebraic stacks representable by algebraic spaces. The following are equivalent: \\begin{enumerate} \\item $f$ has $P$, \\item for every algebraic space $Z$ and morphism $Z \\to \\mathcal{Y}$ the morphism $Z \\times_\\mathcal{Y} \\mathcal{X} \\to Z$ has $P$. \\end{enumerate} ",
        "label": "lemma-property-spaces-too",
        "tag": "04XC",
        "url": "https://stacks.math.columbia.edu/tag/04XC",
        "source_filename": "stacks-properties.tex"
    },
    {
        "theorem": "Lemma 100.3.3.",
        "body": "  Let $P$ be a property of morphisms of algebraic spaces as above. Let $f : \\mathcal{X} \\to \\mathcal{Y}$ be a morphism of algebraic stacks representable by algebraic spaces. Let $W$ be an algebraic space and let $W \\to \\mathcal{Y}$ be surjective, locally of finite presentation, and flat. Set $V = W \\times_\\mathcal{Y} \\mathcal{X}$. Then $$ (f\\text{ has }P) \\Leftrightarrow (\\text{the projection }V \\to W\\text{ has }P). $$ ",
        "label": "lemma-check-property-covering",
        "tag": "04XD",
        "url": "https://stacks.math.columbia.edu/tag/04XD",
        "source_filename": "stacks-properties.tex"
    },
    {
        "theorem": "Lemma 100.3.4.",
        "body": "  Let $P$ be a property of morphisms of algebraic spaces as above. Let $f : \\mathcal{X} \\to \\mathcal{Y}$ be a morphism of algebraic stacks representable by algebraic spaces. Let $\\mathcal{Z} \\to \\mathcal{Y}$ be a morphism of algebraic stacks which is representable by algebraic spaces, surjective, flat, and locally of finite presentation. Set $\\mathcal{W} = \\mathcal{Z} \\times_\\mathcal{Y} \\mathcal{X}$. Then $$ (f\\text{ has }P) \\Leftrightarrow (\\text{the projection }\\mathcal{W} \\to \\mathcal{Z}\\text{ has }P). $$ ",
        "label": "lemma-check-property-weak-covering",
        "tag": "06TY",
        "url": "https://stacks.math.columbia.edu/tag/06TY",
        "source_filename": "stacks-properties.tex"
    },
    {
        "theorem": "Lemma 100.3.5.",
        "body": "  Let $P$ be a property of morphisms of algebraic spaces as above. Let $\\tau \\in \\{{\\acute{e}tale}, smooth, syntomic, fppf\\}$. Let $\\mathcal{X} \\to \\mathcal{Y}$ and $\\mathcal{Y} \\to \\mathcal{Z}$ be morphisms of algebraic stacks representable by algebraic spaces. Assume \\begin{enumerate} \\item $\\mathcal{X} \\to \\mathcal{Y}$ is surjective and \\'etale, smooth, syntomic, or flat and locally of finite presentation, \\item the composition has $P$, and \\item $P$ is local on the source in the $\\tau$ topology. \\end{enumerate} Then $\\mathcal{Y} \\to \\mathcal{Z}$ has property $P$. ",
        "label": "lemma-check-property-after-precomposing",
        "tag": "06M2",
        "url": "https://stacks.math.columbia.edu/tag/06M2",
        "source_filename": "stacks-properties.tex"
    },
    {
        "theorem": "Lemma 100.3.6.",
        "body": "  Let $g : \\mathcal{X}' \\to \\mathcal{X}$ be a morphism of algebraic stacks which is representable by algebraic spaces. Let $[U/R] \\to \\mathcal{X}$ be a presentation. Set $U' = U \\times_\\mathcal{X} \\mathcal{X}'$, and $R' = R \\times_\\mathcal{X} \\mathcal{X}'$. Then there exists a groupoid in algebraic spaces of the form $(U', R', s', t', c')$, a presentation $[U'/R'] \\to \\mathcal{X}'$, and the diagram $$ \\xymatrix{ [U'/R'] \\ar[d]_{[\\text{pr}]} \\ar[r] & \\mathcal{X}' \\ar[d]^g \\\\ [U/R] \\ar[r] & \\mathcal{X} } $$ is $2$-commutative where the morphism $[\\text{pr}]$ comes from a morphism of groupoids $\\text{pr} : (U', R', s', t', c') \\to (U, R, s, t, c)$. ",
        "label": "lemma-representable-in-terms-presentations",
        "tag": "04Y6",
        "url": "https://stacks.math.columbia.edu/tag/04Y6",
        "source_filename": "stacks-properties.tex"
    },
    {
        "theorem": "Remark 100.3.7.",
        "body": "  Let $\\mathcal{Y}$ be an algebraic stack. Consider the following $2$-category: \\begin{enumerate} \\item An object is a morphism $f : \\mathcal{X} \\to \\mathcal{Y}$ which is representable by algebraic spaces, \\item a $1$-morphism $(g, \\beta) : (f_1 : \\mathcal{X}_1 \\to \\mathcal{Y}) \\to (f_2 : \\mathcal{X}_2 \\to \\mathcal{Y})$ consists of a morphism $g : \\mathcal{X}_1 \\to \\mathcal{X}_2$ and a $2$-morphism $\\beta : f_1 \\to f_2 \\circ g$, and \\item a $2$-morphism between $(g, \\beta), (g', \\beta') : (f_1 : \\mathcal{X}_1 \\to \\mathcal{Y}) \\to (f_2 : \\mathcal{X}_2 \\to \\mathcal{Y})$ is a $2$-morphism $\\alpha : g \\to g'$ such that $(\\text{id}_{f_2} \\star \\alpha) \\circ \\beta = \\beta'$. \\end{enumerate} Let us denote this $2$-category $\\textit{Spaces}/\\mathcal{Y}$ by analogy with the notation of Topologies on Spaces, Section \\ref{spaces-topologies-section-procedure}. Now we claim that in this $2$-category the morphism categories $$ \\mathop{\\mathrm{Mor}}\\nolimits_{\\textit{Spaces}/\\mathcal{Y}}( (f_1 : \\mathcal{X}_1 \\to \\mathcal{Y}), (f_2 : \\mathcal{X}_2 \\to \\mathcal{Y})) $$ are all setoids. Namely, a $2$-morphism $\\alpha$ is a rule which to each object $x_1$ of $\\mathcal{X}_1$ assigns an isomorphism $\\alpha_{x_1} : g(x_1) \\longrightarrow g'(x_1)$ in the relevant fibre category of $\\mathcal{X}_2$ such that the diagram $$ \\xymatrix{ & f_2(x_1) \\ar[ld]_{\\beta_{x_1}} \\ar[rd]^{\\beta'_{x_1}} \\\\ f_2(g(x_1)) \\ar[rr]^{f_2(\\alpha_{x_1})} & & f_2(g'(x_1)) } $$ commutes. But since $f_2$ is faithful (see Algebraic Stacks, Lemma \\ref{algebraic-lemma-characterize-representable-by-algebraic-spaces}) this means that if $\\alpha_{x_1}$ exists, then it is unique! In other words the $2$-category $\\textit{Spaces}/\\mathcal{Y}$ is very close to being a category. Namely, if we replace $1$-morphisms by isomorphism classes of $1$-morphisms we obtain a category. We will often perform this replacement without further mention. ",
        "label": "remark-representable-over",
        "tag": "04ZQ",
        "url": "https://stacks.math.columbia.edu/tag/04ZQ",
        "source_filename": "stacks-properties.tex"
    },
    {
        "theorem": "Lemma 100.4.1.",
        "body": "  The notion above does indeed define an equivalence relation on morphisms from spectra of fields into the algebraic stack $\\mathcal{X}$. ",
        "label": "lemma-equivalence",
        "tag": "04XF",
        "url": "https://stacks.math.columbia.edu/tag/04XF",
        "source_filename": "stacks-properties.tex"
    },
    {
        "theorem": "Definition 100.4.2.",
        "body": "  Let $\\mathcal{X}$ be an algebraic stack. A {\\it point} of $\\mathcal{X}$ is an equivalence class of morphisms from spectra of fields into $\\mathcal{X}$. The set of points of $\\mathcal{X}$ is denoted $|\\mathcal{X}|$. ",
        "label": "definition-points",
        "tag": "04XG",
        "url": "https://stacks.math.columbia.edu/tag/04XG",
        "source_filename": "stacks-properties.tex"
    },
    {
        "theorem": "Lemma 100.4.3.",
        "body": "  Let $$ \\xymatrix{ \\mathcal{Z} \\times_\\mathcal{Y} \\mathcal{X} \\ar[r] \\ar[d] & \\mathcal{X} \\ar[d] \\\\ \\mathcal{Z} \\ar[r] & \\mathcal{Y} } $$ be a fibre product of algebraic stacks. Then the map of sets of points $$ |\\mathcal{Z} \\times_\\mathcal{Y} \\mathcal{X}| \\longrightarrow |\\mathcal{Z}| \\times_{|\\mathcal{Y}|} |\\mathcal{X}| $$ is surjective. ",
        "label": "lemma-points-cartesian",
        "tag": "04XH",
        "url": "https://stacks.math.columbia.edu/tag/04XH",
        "source_filename": "stacks-properties.tex"
    },
    {
        "theorem": "Lemma 100.4.4.",
        "body": "  Let $f : \\mathcal{X} \\to \\mathcal{Y}$ be a morphism of algebraic stacks which is representable by algebraic spaces. The following are equivalent: \\begin{enumerate} \\item $|f| : |\\mathcal{X}| \\to |\\mathcal{Y}|$ is surjective, and \\item $f$ is surjective (in the sense of Section \\ref{section-properties-morphisms}). \\end{enumerate} ",
        "label": "lemma-characterize-surjective",
        "tag": "04XI",
        "url": "https://stacks.math.columbia.edu/tag/04XI",
        "source_filename": "stacks-properties.tex"
    },
    {
        "theorem": "Lemma 100.4.5.",
        "body": "  Let $\\mathcal{X}$ be an algebraic stack. Let $\\mathcal{X} = [U/R]$ be a presentation of $\\mathcal{X}$, see Algebraic Stacks, Definition \\ref{algebraic-definition-presentation}. Then the image of $|R| \\to |U| \\times |U|$ is an equivalence relation and $|\\mathcal{X}|$ is the quotient of $|U|$ by this equivalence relation. ",
        "label": "lemma-points-presentation",
        "tag": "04XJ",
        "url": "https://stacks.math.columbia.edu/tag/04XJ",
        "source_filename": "stacks-properties.tex"
    },
    {
        "theorem": "Remark 100.4.6.",
        "body": "  The result of Lemma \\ref{lemma-points-presentation} can be generalized as follows. Let $\\mathcal{X}$ be an algebraic stack. Let $U$ be an algebraic space and let $f : U \\to \\mathcal{X}$ be a surjective morphism (which makes sense by Section \\ref{section-properties-morphisms}). Let $R = U \\times_\\mathcal{X} U$, let $(U, R, s, t, c)$ be the groupoid in algebraic spaces, and let $f_{can} : [U/R] \\to \\mathcal{X}$ be the canonical morphism as constructed in Algebraic Stacks, Lemma \\ref{algebraic-lemma-map-space-into-stack}. Then the image of $|R| \\to |U| \\times |U|$ is an equivalence relation and $|\\mathcal{X}| = |U|/|R|$. The proof of Lemma \\ref{lemma-points-presentation} works without change. (Of course in general $[U/R]$ is not an algebraic stack, and in general $f_{can}$ is not an isomorphism.) ",
        "label": "remark-more-general-presentation",
        "tag": "04XK",
        "url": "https://stacks.math.columbia.edu/tag/04XK",
        "source_filename": "stacks-properties.tex"
    },
    {
        "theorem": "Lemma 100.4.7.",
        "body": "  There exists a unique topology on the sets of points of algebraic stacks with the following properties: \\begin{enumerate} \\item for every morphism of algebraic stacks $\\mathcal{X} \\to \\mathcal{Y}$ the map $|\\mathcal{X}| \\to |\\mathcal{Y}|$ is continuous, and \\item for every morphism $U \\to \\mathcal{X}$ which is flat and locally of finite presentation with $U$ an algebraic space the map of topological spaces $|U| \\to |\\mathcal{X}|$ is continuous and open. \\end{enumerate} ",
        "label": "lemma-topology-points",
        "tag": "04XL",
        "url": "https://stacks.math.columbia.edu/tag/04XL",
        "source_filename": "stacks-properties.tex"
    },
    {
        "theorem": "Definition 100.4.8.",
        "body": "  Let $\\mathcal{X}$ be an algebraic stack. The underlying {\\it topological space} of $\\mathcal{X}$ is the set of points $|\\mathcal{X}|$ endowed with the topology constructed in Lemma \\ref{lemma-topology-points}. ",
        "label": "definition-topological-space",
        "tag": "04Y8",
        "url": "https://stacks.math.columbia.edu/tag/04Y8",
        "source_filename": "stacks-properties.tex"
    },
    {
        "theorem": "Lemma 100.4.9.",
        "body": "  Let $\\mathcal{X}$ be an algebraic stack. Every point of $|\\mathcal{X}|$ has a fundamental system of quasi-compact open neighbourhoods. In particular $|\\mathcal{X}|$ is locally quasi-compact in the sense of Topology, Definition \\ref{topology-definition-locally-quasi-compact}. ",
        "label": "lemma-space-locally-quasi-compact",
        "tag": "04Y9",
        "url": "https://stacks.math.columbia.edu/tag/04Y9",
        "source_filename": "stacks-properties.tex"
    },
    {
        "theorem": "Definition 100.5.1.",
        "body": "  Let $f : \\mathcal{X} \\to \\mathcal{Y}$ be a morphism of algebraic stacks. We say $f$ is {\\it surjective} if the map $|f| : |\\mathcal{X}| \\to |\\mathcal{Y}|$ of associated topological spaces is surjective. ",
        "label": "definition-surjective",
        "tag": "04ZS",
        "url": "https://stacks.math.columbia.edu/tag/04ZS",
        "source_filename": "stacks-properties.tex"
    },
    {
        "theorem": "Lemma 100.5.2.",
        "body": "  The composition of surjective morphisms is surjective. ",
        "label": "lemma-composition-surjective",
        "tag": "04ZT",
        "url": "https://stacks.math.columbia.edu/tag/04ZT",
        "source_filename": "stacks-properties.tex"
    },
    {
        "theorem": "Lemma 100.5.3.",
        "body": "  The base change of a surjective morphism is surjective. ",
        "label": "lemma-base-change-surjective",
        "tag": "04ZU",
        "url": "https://stacks.math.columbia.edu/tag/04ZU",
        "source_filename": "stacks-properties.tex"
    },
    {
        "theorem": "Lemma 100.5.4.",
        "body": "  Let $f : \\mathcal{X} \\to \\mathcal{Y}$ be a morphism of algebraic stacks. Let $\\mathcal{Y}' \\to \\mathcal{Y}$ be a surjective morphism of algebraic stacks. If the base change $f' : \\mathcal{Y}' \\times_\\mathcal{Y} \\mathcal{X} \\to \\mathcal{Y}'$ of $f$ is surjective, then $f$ is surjective. ",
        "label": "lemma-descent-surjective",
        "tag": "06PM",
        "url": "https://stacks.math.columbia.edu/tag/06PM",
        "source_filename": "stacks-properties.tex"
    },
    {
        "theorem": "Lemma 100.5.5.",
        "body": "  Let $\\mathcal{X} \\to \\mathcal{Y} \\to \\mathcal{Z}$ be morphisms of algebraic stacks. If $\\mathcal{X} \\to \\mathcal{Z}$ is surjective so is $\\mathcal{Y} \\to \\mathcal{Z}$. ",
        "label": "lemma-surjective-permanence",
        "tag": "06PN",
        "url": "https://stacks.math.columbia.edu/tag/06PN",
        "source_filename": "stacks-properties.tex"
    },
    {
        "theorem": "Definition 100.6.1.",
        "body": "  Let $\\mathcal{X}$ be an algebraic stack. We say $\\mathcal{X}$ is {\\it quasi-compact} if and only if $|\\mathcal{X}|$ is quasi-compact. ",
        "label": "definition-quasi-compact",
        "tag": "04YB",
        "url": "https://stacks.math.columbia.edu/tag/04YB",
        "source_filename": "stacks-properties.tex"
    },
    {
        "theorem": "Lemma 100.6.2.",
        "body": "  Let $\\mathcal{X}$ be an algebraic stack. The following are equivalent: \\begin{enumerate} \\item $\\mathcal{X}$ is quasi-compact, \\item there exists a surjective smooth morphism $U \\to \\mathcal{X}$ with $U$ an affine scheme, \\item there exists a surjective smooth morphism $U \\to \\mathcal{X}$ with $U$ a quasi-compact scheme, \\item there exists a surjective smooth morphism $U \\to \\mathcal{X}$ with $U$ a quasi-compact algebraic space, and \\item there exists a surjective morphism $\\mathcal{U} \\to \\mathcal{X}$ of algebraic stacks such that $\\mathcal{U}$ is quasi-compact. \\end{enumerate} ",
        "label": "lemma-quasi-compact-stack",
        "tag": "04YC",
        "url": "https://stacks.math.columbia.edu/tag/04YC",
        "source_filename": "stacks-properties.tex"
    },
    {
        "theorem": "Lemma 100.6.3.",
        "body": "  A finite disjoint union of quasi-compact algebraic stacks is a quasi-compact algebraic stack. ",
        "label": "lemma-finite-disjoint-quasi-compact",
        "tag": "04YD",
        "url": "https://stacks.math.columbia.edu/tag/04YD",
        "source_filename": "stacks-properties.tex"
    },
    {
        "theorem": "Lemma 100.7.1.",
        "body": "  Let $\\mathcal{P}$ be a property of schemes which is local in the smooth topology, see Descent, Definition \\ref{descent-definition-property-local}. Let $\\mathcal{X}$ be an algebraic stack. The following are equivalent \\begin{enumerate} \\item for some scheme $U$ and some surjective smooth morphism $U \\to \\mathcal{X}$ the scheme $U$ has property $\\mathcal{P}$, \\item for every scheme $U$ and every smooth morphism $U \\to \\mathcal{X}$ the scheme $U$ has property $\\mathcal{P}$, \\item for some algebraic space $U$ and some surjective smooth morphism $U \\to \\mathcal{X}$ the algebraic space $U$ has property $\\mathcal{P}$, and \\item for every algebraic space $U$ and every smooth morphism $U \\to \\mathcal{X}$ the algebraic space $U$ has property $\\mathcal{P}$. \\end{enumerate} If $\\mathcal{X}$ is a scheme $U$ this is equivalent to $\\mathcal{P}(U)$. If $\\mathcal{X}$ is an algebraic space $X$ this is equivalent to $X$ having property $\\mathcal{P}$. ",
        "label": "lemma-type-property",
        "tag": "04YF",
        "url": "https://stacks.math.columbia.edu/tag/04YF",
        "source_filename": "stacks-properties.tex"
    },
    {
        "theorem": "Definition 100.7.2.",
        "body": "  Let $\\mathcal{X}$ be an algebraic stack. Let $\\mathcal{P}$ be a property of schemes which is local in the smooth topology. We say $\\mathcal{X}$ {\\it has property $\\mathcal{P}$} if any of the equivalent conditions of Lemma \\ref{lemma-type-property} hold. ",
        "label": "definition-type-property",
        "tag": "04YG",
        "url": "https://stacks.math.columbia.edu/tag/04YG",
        "source_filename": "stacks-properties.tex"
    },
    {
        "theorem": "Remark 100.7.3.",
        "body": "  Here is a list of properties which are local for the smooth topology (keep in mind that the fpqc, fppf, and syntomic topologies are stronger than the smooth topology): \\begin{enumerate} \\item locally Noetherian, see Descent, Lemma \\ref{descent-lemma-Noetherian-local-fppf}, \\item Jacobson, see Descent, Lemma \\ref{descent-lemma-Jacobson-local-fppf}, \\item locally Noetherian and $(S_k)$, see Descent, Lemma \\ref{descent-lemma-Sk-local-syntomic}, \\item Cohen-Macaulay, see Descent, Lemma \\ref{descent-lemma-CM-local-syntomic}, \\item reduced, see Descent, Lemma \\ref{descent-lemma-reduced-local-smooth}, \\item normal, see Descent, Lemma \\ref{descent-lemma-normal-local-smooth}, \\item locally Noetherian and $(R_k)$, see Descent, Lemma \\ref{descent-lemma-Rk-local-smooth}, \\item regular, see Descent, Lemma \\ref{descent-lemma-regular-local-smooth}, \\item Nagata, see Descent, Lemma \\ref{descent-lemma-Nagata-local-smooth}. \\end{enumerate} ",
        "label": "remark-list-properties-local-smooth-topology",
        "tag": "04YH",
        "url": "https://stacks.math.columbia.edu/tag/04YH",
        "source_filename": "stacks-properties.tex"
    },
    {
        "theorem": "Lemma 100.7.4.",
        "body": "  Let $\\mathcal{X}$ be an algebraic stack. Let $x \\in |\\mathcal{X}|$ be a point of $\\mathcal{X}$. Let $\\mathcal{P}$ be a property of germs of schemes which is smooth local, see Descent, Definition \\ref{descent-definition-local-at-point}. The following are equivalent \\begin{enumerate} \\item for any smooth morphism $U \\to \\mathcal{X}$ with $U$ a scheme and $u \\in U$ with $a(u) = x$ we have $\\mathcal{P}(U, u)$, \\item for some smooth morphism $U \\to \\mathcal{X}$ with $U$ a scheme and some $u \\in U$ with $a(u) = x$ we have $\\mathcal{P}(U, u)$, \\item for any smooth morphism $U \\to \\mathcal{X}$ with $U$ an algebraic space and $u \\in |U|$ with $a(u) = x$ the algebraic space $U$ has property $\\mathcal{P}$ at $u$, and \\item for some smooth morphism $U \\to \\mathcal{X}$ with $U$ an algebraic space and some $u \\in |U|$ with $a(u) = x$ the algebraic space $U$ has property $\\mathcal{P}$ at $u$. \\end{enumerate} If $\\mathcal{X}$ is representable, then this is equivalent to $\\mathcal{P}(\\mathcal{X}, x)$. If $\\mathcal{X}$ is an algebraic space then this is equivalent to $\\mathcal{X}$ having property $\\mathcal{P}$ at $x$. ",
        "label": "lemma-local-source-target-at-point",
        "tag": "04YI",
        "url": "https://stacks.math.columbia.edu/tag/04YI",
        "source_filename": "stacks-properties.tex"
    },
    {
        "theorem": "Definition 100.7.5.",
        "body": "  Let $\\mathcal{P}$ be a property of germs of schemes which is smooth local. Let $\\mathcal{X}$ be an algebraic stack. Let $x \\in |\\mathcal{X}|$. We say $\\mathcal{X}$ {\\it has property $\\mathcal{P}$ at $x$} if any of the equivalent conditions of Lemma \\ref{lemma-local-source-target-at-point} holds. ",
        "label": "definition-property-at-point",
        "tag": "04YJ",
        "url": "https://stacks.math.columbia.edu/tag/04YJ",
        "source_filename": "stacks-properties.tex"
    },
    {
        "theorem": "Definition 100.8.1.",
        "body": "  Let $f : \\mathcal{X} \\to \\mathcal{Y}$ be a morphism of algebraic stacks. We say $f$ is a {\\it monomorphism} if it is representable by algebraic spaces and a monomorphism in the sense of Section \\ref{section-properties-morphisms}. ",
        "label": "definition-monomorphism",
        "tag": "04ZW",
        "url": "https://stacks.math.columbia.edu/tag/04ZW",
        "source_filename": "stacks-properties.tex"
    },
    {
        "theorem": "Lemma 100.8.2.",
        "body": "  Let $\\mathcal{X} \\to \\mathcal{Y}$ be a morphism of algebraic stacks. Let $\\mathcal{Z} \\to \\mathcal{Y}$ be a monomorphism. Then $\\mathcal{Z} \\times_\\mathcal{Y} \\mathcal{X} \\to \\mathcal{X}$ is a monomorphism. ",
        "label": "lemma-base-change-monomorphism",
        "tag": "04ZX",
        "url": "https://stacks.math.columbia.edu/tag/04ZX",
        "source_filename": "stacks-properties.tex"
    },
    {
        "theorem": "Lemma 100.8.3.",
        "body": "  Compositions of monomorphisms of algebraic stacks are monomorphisms. ",
        "label": "lemma-composition-monomorphism",
        "tag": "04ZY",
        "url": "https://stacks.math.columbia.edu/tag/04ZY",
        "source_filename": "stacks-properties.tex"
    },
    {
        "theorem": "Lemma 100.8.4.",
        "body": "  Let $f : \\mathcal{X} \\to \\mathcal{Y}$ be a morphism of algebraic stacks. The following are equivalent: \\begin{enumerate} \\item $f$ is a monomorphism, \\item $f$ is fully faithful, \\item the diagonal $\\Delta_f : \\mathcal{X} \\to \\mathcal{X} \\times_\\mathcal{Y} \\mathcal{X}$ is an equivalence, and \\item there exists an algebraic space $W$ and a surjective, flat morphism $W \\to \\mathcal{Y}$ which is locally of finite presentation such that $V = \\mathcal{X} \\times_\\mathcal{Y} W$ is an algebraic space, and the morphism $V \\to W$ is a monomorphism of algebraic spaces. \\end{enumerate} ",
        "label": "lemma-monomorphism",
        "tag": "04ZZ",
        "url": "https://stacks.math.columbia.edu/tag/04ZZ",
        "source_filename": "stacks-properties.tex"
    },
    {
        "theorem": "Lemma 100.8.5.",
        "body": "  \\begin{slogan} Monomorphisms of stacks are injective on points. \\end{slogan} A monomorphism of algebraic stacks induces an injective map of sets of points. ",
        "label": "lemma-monomorphism-injective-points",
        "tag": "0500",
        "url": "https://stacks.math.columbia.edu/tag/0500",
        "source_filename": "stacks-properties.tex"
    },
    {
        "theorem": "Lemma 100.8.6.",
        "body": "  Let $\\mathcal{X} \\to \\mathcal{X}' \\to \\mathcal{Y}$ be morphisms of algebraic stacks. If $\\mathcal{X} \\to \\mathcal{X}'$ is a monomorphism then the canonical diagram $$ \\xymatrix{ \\mathcal{X} \\ar[r] \\ar[d] & \\mathcal{X} \\times_\\mathcal{Y} \\mathcal{X} \\ar[d] \\\\ \\mathcal{X}' \\ar[r] & \\mathcal{X}' \\times_\\mathcal{Y} \\mathcal{X}' } $$ is a fibre product square. ",
        "label": "lemma-monomorphism-diagonal",
        "tag": "0CBB",
        "url": "https://stacks.math.columbia.edu/tag/0CBB",
        "source_filename": "stacks-properties.tex"
    },
    {
        "theorem": "Definition 100.9.1.",
        "body": "  Immersions. \\begin{enumerate} \\item A morphism of algebraic stacks is called an {\\it open immersion} if it is representable, and an open immersion in the sense of Section \\ref{section-properties-morphisms}. \\item A morphism of algebraic stacks is called a {\\it closed immersion} if it is representable, and a closed immersion in the sense of Section \\ref{section-properties-morphisms}. \\item A morphism of algebraic stacks is called an {\\it immersion} if it is representable, and an immersion in the sense of Section \\ref{section-properties-morphisms}. \\end{enumerate} ",
        "label": "definition-immersion",
        "tag": "04YL",
        "url": "https://stacks.math.columbia.edu/tag/04YL",
        "source_filename": "stacks-properties.tex"
    },
    {
        "theorem": "Lemma 100.9.2.",
        "body": "  Let $\\mathcal{X} \\to \\mathcal{Y}$ be a morphism of algebraic stacks. Let $\\mathcal{Z} \\to \\mathcal{Y}$ be a (closed, resp.\\ open) immersion. Then $\\mathcal{Z} \\times_\\mathcal{Y} \\mathcal{X} \\to \\mathcal{X}$ is a (closed, resp.\\ open) immersion. ",
        "label": "lemma-base-change-immersion",
        "tag": "0501",
        "url": "https://stacks.math.columbia.edu/tag/0501",
        "source_filename": "stacks-properties.tex"
    },
    {
        "theorem": "Lemma 100.9.3.",
        "body": "  Compositions of immersions of algebraic stacks are immersions. Similarly for closed immersions and open immersions. ",
        "label": "lemma-composition-immersion",
        "tag": "0502",
        "url": "https://stacks.math.columbia.edu/tag/0502",
        "source_filename": "stacks-properties.tex"
    },
    {
        "theorem": "Lemma 100.9.4.",
        "body": "  Let $f : \\mathcal{X} \\to \\mathcal{Y}$ be a morphism of algebraic stacks. Let $W$ be an algebraic space and let $W \\to \\mathcal{Y}$ be a surjective, flat morphism which is locally of finite presentation. The following are equivalent: \\begin{enumerate} \\item $f$ is an (open, resp.\\ closed) immersion, and \\item $V = W \\times_\\mathcal{Y} \\mathcal{X}$ is an algebraic space, and $V \\to W$ is an (open, resp.\\ closed) immersion. \\end{enumerate} ",
        "label": "lemma-check-immersion-covering",
        "tag": "0503",
        "url": "https://stacks.math.columbia.edu/tag/0503",
        "source_filename": "stacks-properties.tex"
    },
    {
        "theorem": "Lemma 100.9.5.",
        "body": "  An immersion is a monomorphism. ",
        "label": "lemma-immersion-monomorphism",
        "tag": "0504",
        "url": "https://stacks.math.columbia.edu/tag/0504",
        "source_filename": "stacks-properties.tex"
    },
    {
        "theorem": "Lemma 100.9.6.",
        "body": "  If $f : \\mathcal{X} \\to \\mathcal{Y}$ is an immersion, then $|f| : |\\mathcal{X}| \\to |\\mathcal{Y}|$ is a homeomorphism onto a locally closed subset. If $f$ is a closed, resp.\\ open immersion, then $|f|$ is closed, resp.\\ open. ",
        "label": "lemma-subspace-induced-topology",
        "tag": "0H20",
        "url": "https://stacks.math.columbia.edu/tag/0H20",
        "source_filename": "stacks-properties.tex"
    },
    {
        "theorem": "Lemma 100.9.7.",
        "body": "  Let $(U, R, s, t, c)$ be a smooth groupoid in algebraic spaces. Let $i : \\mathcal{Z} \\to [U/R]$ be an immersion. Then there exists an $R$-invariant locally closed subspace $Z \\subset U$ and a presentation $[Z/R_Z] \\to \\mathcal{Z}$ where $R_Z$ is the restriction of $R$ to $Z$ such that $$ \\xymatrix{ [Z/R_Z] \\ar[dr] \\ar[rr] & & \\mathcal{Z} \\ar[ld]^i \\\\ & [U/R] } $$ is $2$-commutative. If $i$ is a closed (resp.\\ open) immersion then $Z$ is a closed (resp.\\ open) subspace of $U$. ",
        "label": "lemma-immersion-into-presentation",
        "tag": "0505",
        "url": "https://stacks.math.columbia.edu/tag/0505",
        "source_filename": "stacks-properties.tex"
    },
    {
        "theorem": "Lemma 100.9.8.",
        "body": "  Let $(U, R, s, t, c)$ be a smooth groupoid in algebraic spaces. Let $\\mathcal{X} = [U/R]$ be the associated algebraic stack, see Algebraic Stacks, Theorem \\ref{algebraic-theorem-smooth-groupoid-gives-algebraic-stack}. Let $Z \\subset U$ be an $R$-invariant locally closed subspace. Then $$ [Z/R_Z] \\longrightarrow [U/R] $$ is an immersion of algebraic stacks, where $R_Z$ is the restriction of $R$ to $Z$. If $Z \\subset U$ is open (resp.\\ closed) then the morphism is an open (resp.\\ closed) immersion of algebraic stacks. ",
        "label": "lemma-immersion-presentation",
        "tag": "04YN",
        "url": "https://stacks.math.columbia.edu/tag/04YN",
        "source_filename": "stacks-properties.tex"
    },
    {
        "theorem": "Definition 100.9.9.",
        "body": "  Let $\\mathcal{X}$ be an algebraic stack. \\begin{enumerate} \\item An {\\it open substack} of $\\mathcal{X}$ is a strictly full subcategory $\\mathcal{X}' \\subset \\mathcal{X}$ such that $\\mathcal{X}'$ is an algebraic stack and $\\mathcal{X}' \\to \\mathcal{X}$ is an open immersion. \\item A {\\it closed substack} of $\\mathcal{X}$ is a strictly full subcategory $\\mathcal{X}' \\subset \\mathcal{X}$ such that $\\mathcal{X}'$ is an algebraic stack and $\\mathcal{X}' \\to \\mathcal{X}$ is a closed immersion. \\item A {\\it locally closed substack} of $\\mathcal{X}$ is a strictly full subcategory $\\mathcal{X}' \\subset \\mathcal{X}$ such that $\\mathcal{X}'$ is an algebraic stack and $\\mathcal{X}' \\to \\mathcal{X}$ is an immersion. \\end{enumerate} ",
        "label": "definition-substacks",
        "tag": "04YM",
        "url": "https://stacks.math.columbia.edu/tag/04YM",
        "source_filename": "stacks-properties.tex"
    },
    {
        "theorem": "Lemma 100.9.10.",
        "body": "  For any immersion $i : \\mathcal{Z} \\to \\mathcal{X}$ there exists a unique locally closed substack $\\mathcal{X}' \\subset \\mathcal{X}$ such that $i$ factors as the composition of an equivalence $i' : \\mathcal{Z} \\to \\mathcal{X}'$ followed by the inclusion morphism $\\mathcal{X}' \\to \\mathcal{X}$. If $i$ is a closed (resp.\\ open) immersion, then $\\mathcal{X}'$ is a closed (resp.\\ open) substack of $\\mathcal{X}$. ",
        "label": "lemma-substack-image",
        "tag": "0506",
        "url": "https://stacks.math.columbia.edu/tag/0506",
        "source_filename": "stacks-properties.tex"
    },
    {
        "theorem": "Lemma 100.9.11.",
        "body": "  Let $[U/R] \\to \\mathcal{X}$ be a presentation of an algebraic stack. There is a canonical bijection $$ \\text{locally closed substacks }\\mathcal{Z}\\text{ of }\\mathcal{X} \\longrightarrow R\\text{-invariant locally closed subspaces }Z\\text{ of }U $$ which sends $\\mathcal{Z}$ to $U \\times_\\mathcal{X} \\mathcal{Z}$. Moreover, a morphism of algebraic stacks $f : \\mathcal{Y} \\to \\mathcal{X}$ factors through $\\mathcal{Z}$ if and only if $\\mathcal{Y} \\times_\\mathcal{X} U \\to U$ factors through $Z$. Similarly for closed substacks and open substacks. ",
        "label": "lemma-substacks-presentation",
        "tag": "0507",
        "url": "https://stacks.math.columbia.edu/tag/0507",
        "source_filename": "stacks-properties.tex"
    },
    {
        "theorem": "Lemma 100.9.12.",
        "body": "  Let $\\mathcal{X}$ be an algebraic stack. The rule $\\mathcal{U} \\mapsto |\\mathcal{U}|$ defines an inclusion preserving bijection between open substacks of $\\mathcal{X}$ and open subsets of $|\\mathcal{X}|$. ",
        "label": "lemma-open-substacks",
        "tag": "06FJ",
        "url": "https://stacks.math.columbia.edu/tag/06FJ",
        "source_filename": "stacks-properties.tex"
    },
    {
        "theorem": "Lemma 100.9.13.",
        "body": "  Let $\\mathcal X$ be an algebraic stack. Let $U$ be an algebraic space and $U \\to \\mathcal X$ a surjective smooth morphism. For an open immersion $V \\hookrightarrow U$, there exists an algebraic stack $\\mathcal Y$, an open immersion $\\mathcal Y \\to \\mathcal X$, and a surjective smooth morphism $V \\to \\mathcal Y$. ",
        "label": "lemma-open-image-substack",
        "tag": "05UP",
        "url": "https://stacks.math.columbia.edu/tag/05UP",
        "source_filename": "stacks-properties.tex"
    },
    {
        "theorem": "Lemma 100.9.14.",
        "body": "  Let $\\mathcal X$ be an algebraic stack and $\\mathcal{X}_i \\subset \\mathcal X$ a collection of open substacks indexed by $i \\in I$. Then there exists an open substack, which we denote $\\bigcup_{i\\in I} \\mathcal{X}_i \\subset \\mathcal X$, such that the $\\mathcal{X}_i$ are open substacks covering it. ",
        "label": "lemma-union-open-substacks",
        "tag": "05UQ",
        "url": "https://stacks.math.columbia.edu/tag/05UQ",
        "source_filename": "stacks-properties.tex"
    },
    {
        "theorem": "Lemma 100.9.15.",
        "body": "  Let $\\mathcal X$ be an algebraic stack and $\\mathcal X' \\subset \\mathcal X$ a quasi-compact open substack. Suppose that we have a collection of open substacks $\\mathcal{X}_i \\subset \\mathcal X$  indexed by $i \\in I$ such that $\\mathcal{X}' \\subset \\bigcup_{i \\in I} \\mathcal{X}_i$, where we define the union as in Lemma \\ref{lemma-union-open-substacks}. Then there exists a finite subset $I' \\subset I$ such that $\\mathcal{X}' \\subset \\bigcup_{i \\in I'} \\mathcal{X}_i$. ",
        "label": "lemma-quasi-compact-finite-subcover",
        "tag": "05UR",
        "url": "https://stacks.math.columbia.edu/tag/05UR",
        "source_filename": "stacks-properties.tex"
    },
    {
        "theorem": "Lemma 100.9.16.",
        "body": "  Let $\\mathcal X$ be an algebraic stack. Let $\\mathcal{X}_i$, $i \\in I$ be a set of open substacks of $\\mathcal{X}$. Assume \\begin{enumerate} \\item $\\mathcal{X} = \\bigcup_{i \\in I} \\mathcal{X}_i$, and \\item each $\\mathcal{X}_i$ is an algebraic space. \\end{enumerate} Then $\\mathcal{X}$ is an algebraic space. ",
        "label": "lemma-zariski-open-cover-stack-is-space",
        "tag": "05WE",
        "url": "https://stacks.math.columbia.edu/tag/05WE",
        "source_filename": "stacks-properties.tex"
    },
    {
        "theorem": "Lemma 100.9.17.",
        "body": "  Let $\\mathcal X$ be an algebraic stack. Let $\\mathcal{X}_i$, $i \\in I$ be a set of open substacks of $\\mathcal{X}$. Assume \\begin{enumerate} \\item $\\mathcal{X} = \\bigcup_{i \\in I} \\mathcal{X}_i$, and \\item each $\\mathcal{X}_i$ is a scheme \\end{enumerate} Then $\\mathcal{X}$ is a scheme. ",
        "label": "lemma-zariski-open-cover-stack-is-scheme",
        "tag": "05WF",
        "url": "https://stacks.math.columbia.edu/tag/05WF",
        "source_filename": "stacks-properties.tex"
    },
    {
        "theorem": "Lemma 100.9.18.",
        "body": "  Let $\\mathcal{P}, \\mathcal{Q}, \\mathcal{R}$ be properties of morphisms of algebraic spaces. Assume \\begin{enumerate} \\item $\\mathcal{P}, \\mathcal{Q}, \\mathcal{R}$ are fppf local on the target and stable under arbitrary base change, \\item $\\text{smooth} \\Rightarrow \\mathcal{R}$, \\item for any morphism $f : X \\to Y$ which has $\\mathcal{Q}$ there exists a largest open subspace $W(\\mathcal{P}, f) \\subset X$ such that $f|_{W(\\mathcal{P}, f)}$ has $\\mathcal{P}$, and \\item for any morphism $f : X \\to Y$ which has $\\mathcal{Q}$, and any morphism $Y' \\to Y$ which has $\\mathcal{R}$ we have $Y' \\times_Y W(\\mathcal{P}, f) = W(\\mathcal{P}, f')$, where $f' : X_{Y'} \\to Y'$ is the base change of $f$. \\end{enumerate} Let $f : \\mathcal{X} \\to \\mathcal{Y}$ be a morphism of algebraic stacks representable by algebraic spaces. Assume $f$ has $\\mathcal{Q}$. Then \\begin{enumerate} \\item[(A)] there exists a largest open substack $\\mathcal{X}' \\subset \\mathcal{X}$ such that $f|_{\\mathcal{X}'}$ has $\\mathcal{P}$, and \\item[(B)] if $\\mathcal{Z} \\to \\mathcal{Y}$ is a morphism of algebraic stacks representable by algebraic spaces which has $\\mathcal{R}$ then $\\mathcal{Z} \\times_\\mathcal{Y} \\mathcal{X}'$ is the largest open substack of $\\mathcal{Z} \\times_\\mathcal{Y} \\mathcal{X}$ over which the base change $\\text{id}_\\mathcal{Z} \\times f$ has property $\\mathcal{P}$. \\end{enumerate} ",
        "label": "lemma-local-source",
        "tag": "06M3",
        "url": "https://stacks.math.columbia.edu/tag/06M3",
        "source_filename": "stacks-properties.tex"
    },
    {
        "theorem": "Remark 100.9.19.",
        "body": "  Warning: Lemma \\ref{lemma-local-source} should be used with care. For example, it applies to $\\mathcal{P}=$``flat'', $\\mathcal{Q}=$``empty'', and $\\mathcal{R}=$``flat and locally of finite presentation''. But given a morphism of algebraic spaces $f : X \\to Y$ the largest open subspace $W \\subset X$ such that $f|_W$ is flat is {\\it not} the set of points where $f$ is flat! ",
        "label": "remark-local-source-warning",
        "tag": "06M4",
        "url": "https://stacks.math.columbia.edu/tag/06M4",
        "source_filename": "stacks-properties.tex"
    },
    {
        "theorem": "Remark 100.9.20.",
        "body": "  Notwithstanding the warning in Remark \\ref{remark-local-source-warning} there are some cases where Lemma \\ref{lemma-local-source} can be used without causing ambiguity. We give a list. In each case we omit the verification of assumptions (1) and (2) and we give references which imply (3) and (4). Here is the list: \\begin{enumerate} \\item \\label{item-rel-dim-leq-d} $\\mathcal{Q} = $``locally of finite type'', $\\mathcal{R} = \\emptyset$, and $\\mathcal{P} =$``relative dimension $\\leq d$''. See Morphisms of Spaces, Definition \\ref{spaces-morphisms-definition-relative-dimension} and Morphisms of Spaces, Lemmas \\ref{spaces-morphisms-lemma-openness-bounded-dimension-fibres} and \\ref{spaces-morphisms-lemma-dimension-fibre-after-base-change}. \\item \\label{item-loc-quasi-finite} $\\mathcal{Q} =$``locally of finite type'', $\\mathcal{R} = \\emptyset$, and $\\mathcal{P} =$``locally quasi-finite''. This is the case $d = 0$ of the previous item, see Morphisms of Spaces, Lemma \\ref{spaces-morphisms-lemma-locally-quasi-finite-rel-dimension-0}. On the other hand, properties (3) and (4) are spelled out in Morphisms of Spaces, Lemma \\ref{spaces-morphisms-lemma-locally-finite-type-quasi-finite-part}. \\item \\label{item-unramified} $\\mathcal{Q} = $``locally of finite type'', $\\mathcal{R} = \\emptyset$, and $\\mathcal{P} =$``unramified''. This is Morphisms of Spaces, Lemma \\ref{spaces-morphisms-lemma-where-unramified}. \\item \\label{item-flat} $\\mathcal{Q} =$``locally of finite presentation'', $\\mathcal{R} =$``flat and locally of finite presentation'', and $\\mathcal{P} =$``flat''. See More on Morphisms of Spaces, Theorem \\ref{spaces-more-morphisms-theorem-openness-flatness} and Lemma \\ref{spaces-more-morphisms-lemma-flat-locus-base-change}. Note that here $W(\\mathcal{P}, f)$ is always exactly the set of points where the morphism $f$ is flat because we only consider this open when $f$ has $\\mathcal{Q}$ (see loc.cit.). \\item \\label{item-etale} $\\mathcal{Q} =$``locally of finite presentation'', $\\mathcal{R} =$``flat and locally of finite presentation'', and $\\mathcal{P}=$``\\'etale''. This follows on combining (\\ref{item-unramified}) and (\\ref{item-flat}) because an unramified morphism which is flat and locally of finite presentation is \\'etale, see Morphisms of Spaces, Lemma \\ref{spaces-morphisms-lemma-unramified-flat-lfp-etale}. \\item Add more here as needed (compare with the longer list at More on Groupoids, Remark \\ref{more-groupoids-remark-local-source-apply}). \\end{enumerate} ",
        "label": "remark-local-source-apply",
        "tag": "06M5",
        "url": "https://stacks.math.columbia.edu/tag/06M5",
        "source_filename": "stacks-properties.tex"
    },
    {
        "theorem": "Lemma 100.10.1.",
        "body": "  Let $\\mathcal{X}$ be an algebraic stack. Let $T \\subset |\\mathcal{X}|$ be a closed subset. There exists a unique closed substack $\\mathcal{Z} \\subset \\mathcal{X}$ with the following properties: (a) we have $|\\mathcal{Z}| = T$, and (b) $\\mathcal{Z}$ is reduced. ",
        "label": "lemma-reduced-closed-substack",
        "tag": "0509",
        "url": "https://stacks.math.columbia.edu/tag/0509",
        "source_filename": "stacks-properties.tex"
    },
    {
        "theorem": "Lemma 100.10.2.",
        "body": "  Let $\\mathcal{X}$ be an algebraic stack. If $\\mathcal{X}' \\subset \\mathcal{X}$ is a closed substack, $\\mathcal{X}$ is reduced and $|\\mathcal{X}'| = |\\mathcal{X}|$, then $\\mathcal{X}' = \\mathcal{X}$. ",
        "label": "lemma-reduced-stack-determined-by-points",
        "tag": "050A",
        "url": "https://stacks.math.columbia.edu/tag/050A",
        "source_filename": "stacks-properties.tex"
    },
    {
        "theorem": "Lemma 100.10.3.",
        "body": "  Let $\\mathcal{X}$, $\\mathcal{Y}$ be algebraic stacks. Let $\\mathcal{Z} \\subset \\mathcal{X}$ be a closed substack Assume $\\mathcal{Y}$ is reduced. A morphism $f : \\mathcal{Y} \\to \\mathcal{X}$ factors through $\\mathcal{Z}$ if and only if $f(|\\mathcal{Y}|) \\subset |\\mathcal{Z}|$. ",
        "label": "lemma-map-into-reduction",
        "tag": "050B",
        "url": "https://stacks.math.columbia.edu/tag/050B",
        "source_filename": "stacks-properties.tex"
    },
    {
        "theorem": "Definition 100.10.4.",
        "body": "  Let $\\mathcal{X}$ be an algebraic stack. Let $Z \\subset |\\mathcal{X}|$ be a closed subset. An {\\it algebraic stack structure on $Z$} is given by a closed substack $\\mathcal{Z}$ of $\\mathcal{X}$ with $|\\mathcal{Z}|$ equal to $Z$. The {\\it reduced induced algebraic stack structure} on $Z$ is the one constructed in Lemma \\ref{lemma-reduced-closed-substack}. The {\\it reduction $\\mathcal{X}_{red}$ of $\\mathcal{X}$} is the reduced induced algebraic stack structure on $|\\mathcal{X}|$. ",
        "label": "definition-reduced-induced-stack",
        "tag": "050C",
        "url": "https://stacks.math.columbia.edu/tag/050C",
        "source_filename": "stacks-properties.tex"
    },
    {
        "theorem": "Remark 100.10.5.",
        "body": "  Let $X$ be an algebraic stack. Let $T \\subset |\\mathcal{X}|$ be a locally closed subset. Let $\\partial T$ be the boundary of $T$ in the topological space $|\\mathcal{X}|$. In a formula $$ \\partial T = \\overline{T} \\setminus T. $$ Let $\\mathcal{U} \\subset \\mathcal{X}$ be the open substack of $X$ with $|\\mathcal{U}| = |\\mathcal{X}| \\setminus \\partial T$, see Lemma \\ref{lemma-open-substacks}. Let $\\mathcal{Z}$ be the reduced closed substack of $\\mathcal{U}$ with $|\\mathcal{Z}| = T$ obtained by taking the reduced induced closed subspace structure, see Definition \\ref{definition-reduced-induced-stack}. By construction $\\mathcal{Z} \\to \\mathcal{U}$ is a closed immersion of algebraic stacks and $\\mathcal{U} \\to \\mathcal{X}$ is an open immersion, hence $\\mathcal{Z} \\to \\mathcal{X}$ is an immersion of algebraic stacks by Lemma \\ref{lemma-composition-immersion}. Note that $\\mathcal{Z}$ is a reduced algebraic stack and that $|\\mathcal{Z}| = T$ as subsets of $|X|$. We sometimes say $\\mathcal{Z}$ is the {\\it reduced induced substack structure} on $T$. ",
        "label": "remark-stack-structure-locally-closed-subset",
        "tag": "06FK",
        "url": "https://stacks.math.columbia.edu/tag/06FK",
        "source_filename": "stacks-properties.tex"
    },
    {
        "theorem": "Lemma 100.11.1.",
        "body": "  Let $\\mathcal{Z}$ be an algebraic stack. Let $k$ be a field and let $\\mathop{\\mathrm{Spec}}(k) \\to \\mathcal{Z}$ be surjective and flat. Then any morphism $\\mathop{\\mathrm{Spec}}(k') \\to \\mathcal{Z}$ where $k'$ is a field is surjective and flat. ",
        "label": "lemma-flat-cover-by-field",
        "tag": "06MM",
        "url": "https://stacks.math.columbia.edu/tag/06MM",
        "source_filename": "stacks-properties.tex"
    },
    {
        "theorem": "Lemma 100.11.2.",
        "body": "  Let $\\mathcal{Z}$ be an algebraic stack. The following are equivalent \\begin{enumerate} \\item $\\mathcal{Z}$ is reduced and $|\\mathcal{Z}|$ is a singleton, \\item there exists a surjective flat morphism $\\mathop{\\mathrm{Spec}}(k) \\to \\mathcal{Z}$ where $k$ is a field, and \\item there exists a locally of finite type, surjective, flat morphism $\\mathop{\\mathrm{Spec}}(k) \\to \\mathcal{Z}$ where $k$ is a field. \\end{enumerate} ",
        "label": "lemma-unique-point",
        "tag": "06MN",
        "url": "https://stacks.math.columbia.edu/tag/06MN",
        "source_filename": "stacks-properties.tex"
    },
    {
        "theorem": "Lemma 100.11.3.",
        "body": "  Let $\\mathcal{Z}$ be an algebraic stack. The following are equivalent \\begin{enumerate} \\item $\\mathcal{Z}$ is reduced, locally Noetherian, and $|\\mathcal{Z}|$ is a singleton, and \\item there exists a locally finitely presented, surjective, flat morphism $\\mathop{\\mathrm{Spec}}(k) \\to \\mathcal{Z}$ where $k$ is a field. \\end{enumerate} ",
        "label": "lemma-unique-point-better",
        "tag": "06MP",
        "url": "https://stacks.math.columbia.edu/tag/06MP",
        "source_filename": "stacks-properties.tex"
    },
    {
        "theorem": "Lemma 100.11.4.",
        "body": "  Let $\\mathcal{Z}' \\to \\mathcal{Z}$ be a monomorphism of algebraic stacks. Assume there exists a field $k$ and a locally finitely presented, surjective, flat morphism $\\mathop{\\mathrm{Spec}}(k) \\to \\mathcal{Z}$. Then either $\\mathcal{Z}'$ is empty or $\\mathcal{Z}' \\to \\mathcal{Z}$ is an equivalence. ",
        "label": "lemma-monomorphism-into-point",
        "tag": "06MQ",
        "url": "https://stacks.math.columbia.edu/tag/06MQ",
        "source_filename": "stacks-properties.tex"
    },
    {
        "theorem": "Lemma 100.11.5.",
        "body": "  Let $\\mathcal{Z}$ be an algebraic stack. Assume $\\mathcal{Z}$ satisfies the equivalent conditions of Lemma \\ref{lemma-unique-point}. Then there exists a unique strictly full subcategory $\\mathcal{Z}' \\subset \\mathcal{Z}$ such that $\\mathcal{Z}'$ is an algebraic stack which satisfies the equivalent conditions of Lemma \\ref{lemma-unique-point-better}. The inclusion morphism $\\mathcal{Z}' \\to \\mathcal{Z}$ is a monomorphism of algebraic stacks. ",
        "label": "lemma-improve-unique-point",
        "tag": "06MR",
        "url": "https://stacks.math.columbia.edu/tag/06MR",
        "source_filename": "stacks-properties.tex"
    },
    {
        "theorem": "Example 100.11.6.",
        "body": "  Here is an example where the morphism constructed in Lemma \\ref{lemma-improve-unique-point} isn't an isomorphism. This example shows that imposing that residual gerbes are locally Noetherian is necessary in Definition \\ref{definition-residual-gerbe}. In fact, the example is even an algebraic space! Let $\\text{Gal}(\\overline{\\mathbf{Q}}/\\mathbf{Q})$ be the absolute Galois group of $\\mathbf{Q}$ with the pro-finite topology. Let $$ U = \\mathop{\\mathrm{Spec}}(\\overline{\\mathbf{Q}}) \\times_{\\mathop{\\mathrm{Spec}}(\\mathbf{Q})} \\mathop{\\mathrm{Spec}}(\\overline{\\mathbf{Q}}) = \\text{Gal}(\\overline{\\mathbf{Q}}/\\mathbf{Q}) \\times \\mathop{\\mathrm{Spec}}(\\overline{\\mathbf{Q}}) $$ (we omit a precise explanation of the meaning of the last equal sign). Let $G$ denote the absolute Galois group $\\text{Gal}(\\overline{\\mathbf{Q}}/\\mathbf{Q})$ with the discrete topology viewed as a constant group scheme over $\\mathop{\\mathrm{Spec}}(\\overline{\\mathbf{Q}})$, see Groupoids, Example \\ref{groupoids-example-constant-group}. Then $G$ acts freely and transitively on $U$. Let $X = U/G$, see Spaces, Definition \\ref{spaces-definition-quotient}. Then $X$ is a non-noetherian reduced algebraic space with exactly one point. Furthermore, $X$ has a (locally) finite type point: $$ x : \\mathop{\\mathrm{Spec}}(\\overline{\\mathbf{Q}}) \\longrightarrow U \\longrightarrow X $$ Indeed, every point of $U$ is actually closed! As $X$ is an algebraic space over $\\overline{\\mathbf{Q}}$ it follows that $x$ is a monomorphism. So $x$ is the morphism constructed in Lemma \\ref{lemma-improve-unique-point} but $x$ is not an isomorphism. In fact $\\mathop{\\mathrm{Spec}}(\\overline{\\mathbf{Q}}) \\to X$ is the residual gerbe of $X$ at $x$. ",
        "label": "example-distinct",
        "tag": "06MS",
        "url": "https://stacks.math.columbia.edu/tag/06MS",
        "source_filename": "stacks-properties.tex"
    },
    {
        "theorem": "Lemma 100.11.7.",
        "body": "  Let $\\mathcal{X}$ be an algebraic stack. Let $x \\in |\\mathcal{X}|$ be a point. The following are equivalent \\begin{enumerate} \\item there exists an algebraic stack $\\mathcal{Z}$ and a monomorphism $\\mathcal{Z} \\to \\mathcal{X}$ such that $|\\mathcal{Z}|$ is a singleton and such that the image of $|\\mathcal{Z}|$ in $|\\mathcal{X}|$ is $x$, \\item there exists a reduced algebraic stack $\\mathcal{Z}$ and a monomorphism $\\mathcal{Z} \\to \\mathcal{X}$ such that $|\\mathcal{Z}|$ is a singleton and such that the image of $|\\mathcal{Z}|$ in $|\\mathcal{X}|$ is $x$, \\item there exists an algebraic stack $\\mathcal{Z}$, a monomorphism $f : \\mathcal{Z} \\to \\mathcal{X}$, and a surjective flat morphism $z : \\mathop{\\mathrm{Spec}}(k) \\to \\mathcal{Z}$ where $k$ is a field such that $x = f(z)$. \\end{enumerate} Moreover, if these conditions hold, then there exists a unique strictly full subcategory $\\mathcal{Z}_x \\subset \\mathcal{X}$ such that $\\mathcal{Z}_x$ is a reduced, locally Noetherian algebraic stack and $|\\mathcal{Z}_x|$ is a singleton which maps to $x$ via the map $|\\mathcal{Z}_x| \\to |\\mathcal{X}|$. ",
        "label": "lemma-residual-gerbe",
        "tag": "06MT",
        "url": "https://stacks.math.columbia.edu/tag/06MT",
        "source_filename": "stacks-properties.tex"
    },
    {
        "theorem": "Definition 100.11.8.",
        "body": "  Let $\\mathcal{X}$ be an algebraic stack. Let $x \\in |\\mathcal{X}|$. \\begin{enumerate} \\item We say the {\\it residual gerbe of $\\mathcal{X}$ at $x$ exists} if the equivalent conditions (1), (2), and (3) of Lemma \\ref{lemma-residual-gerbe} hold. \\item If the residual gerbe of $\\mathcal{X}$ at $x$ exists, then the {\\it residual gerbe of $\\mathcal{X}$ at $x$}\\footnote{This clashes with \\cite{LM-B} in spirit, but not in fact. Namely, in Chapter 11 they associate to any point on any quasi-separated algebraic stack a gerbe (not necessarily algebraic) which they call the residual gerbe. We will see in Morphisms of Stacks, Lemma \\ref{stacks-morphisms-lemma-every-point-residual-gerbe} that on a quasi-separated algebraic stack every point has a residual gerbe in our sense which is then equivalent to theirs. For more information on this topic see \\cite[Appendix B]{rydh_etale_devissage}.} is the strictly full subcategory $\\mathcal{Z}_x \\subset \\mathcal{X}$ constructed in Lemma \\ref{lemma-residual-gerbe}. \\end{enumerate} ",
        "label": "definition-residual-gerbe",
        "tag": "06MU",
        "url": "https://stacks.math.columbia.edu/tag/06MU",
        "source_filename": "stacks-properties.tex"
    },
    {
        "theorem": "Example 100.11.9.",
        "body": "  Let $X$ be a scheme and let $x \\in X$ be a point. Then the monomorphism $x \\to X$ is the residual gerbe of $X$ at $x$ where we, as usual, identify $x$ with the scheme $x = \\mathop{\\mathrm{Spec}}(\\kappa(x))$. If $X$ is an algebraic space and $x \\in |X|$, then the residual gerbe at $x$ (which is called the residual space) always exists, see Decent Spaces, Section \\ref{decent-spaces-section-singleton}. ",
        "label": "example-residual-gerbe",
        "tag": "0H21",
        "url": "https://stacks.math.columbia.edu/tag/0H21",
        "source_filename": "stacks-properties.tex"
    },
    {
        "theorem": "Lemma 100.11.10.",
        "body": "  A reduced, locally Noetherian algebraic stack $\\mathcal{Z}$ such that $|\\mathcal{Z}|$ is a singleton is regular. ",
        "label": "lemma-residual-gerbe-regular",
        "tag": "06MV",
        "url": "https://stacks.math.columbia.edu/tag/06MV",
        "source_filename": "stacks-properties.tex"
    },
    {
        "theorem": "Lemma 100.11.11.",
        "body": "  Let $\\mathcal{X}$ be an algebraic stack. Let $x \\in |\\mathcal{X}|$. Assume that the residual gerbe $\\mathcal{Z}_x$ of $\\mathcal{X}$ exists. Let $f : \\mathop{\\mathrm{Spec}}(K) \\to \\mathcal{X}$ be a morphism where $K$ is a field in the equivalence class of $x$. Then $f$ factors through the inclusion morphism $\\mathcal{Z}_x \\to \\mathcal{X}$. ",
        "label": "lemma-residual-gerbe-points",
        "tag": "06MW",
        "url": "https://stacks.math.columbia.edu/tag/06MW",
        "source_filename": "stacks-properties.tex"
    },
    {
        "theorem": "Lemma 100.11.12.",
        "body": "  Let $\\mathcal{X}$ be an algebraic stack. Let $x \\in |\\mathcal{X}|$. Let $\\mathcal{Z}$ be an algebraic stack satisfying the equivalent conditions of Lemma \\ref{lemma-unique-point-better} and let $\\mathcal{Z} \\to \\mathcal{X}$ be a monomorphism such that the image of $|\\mathcal{Z}| \\to |\\mathcal{X}|$ is $x$. Then the residual gerbe $\\mathcal{Z}_x$ of $\\mathcal{X}$ at $x$ exists and $\\mathcal{Z} \\to \\mathcal{X}$ factors as $\\mathcal{Z} \\to \\mathcal{Z}_x \\to \\mathcal{X}$ where the first arrow is an equivalence. ",
        "label": "lemma-residual-gerbe-unique",
        "tag": "06MX",
        "url": "https://stacks.math.columbia.edu/tag/06MX",
        "source_filename": "stacks-properties.tex"
    },
    {
        "theorem": "Lemma 100.11.13.",
        "body": "  Let $f : \\mathcal{X} \\to \\mathcal{Y}$ be a morphism of algebraic stacks. Let $x \\in |\\mathcal{X}|$ with image $y \\in |\\mathcal{Y}|$. If the residual gerbes $\\mathcal{Z}_x \\subset \\mathcal{X}$ and $\\mathcal{Z}_y \\subset \\mathcal{Y}$ of $x$ and $y$ exist, then $f$ induces a commutative diagram $$ \\xymatrix{ \\mathcal{X} \\ar[d]_f & \\mathcal{Z}_x \\ar[l] \\ar[d] \\\\ \\mathcal{Y} & \\mathcal{Z}_y \\ar[l] } $$ ",
        "label": "lemma-residual-gerbe-functorial",
        "tag": "0DTH",
        "url": "https://stacks.math.columbia.edu/tag/0DTH",
        "source_filename": "stacks-properties.tex"
    },
    {
        "theorem": "Lemma 100.11.14.",
        "body": "  Let $f : \\mathcal{X} \\to \\mathcal{Y}$ be a morphism of algebraic stacks. Let $x \\in |\\mathcal{X}|$ with image $y \\in |\\mathcal{Y}|$. Assume the residual gerbes $\\mathcal{Z}_x \\subset \\mathcal{X}$ and $\\mathcal{Z}_y \\subset \\mathcal{Y}$ of $x$ and $y$ exist and that there exists a morphism $\\mathop{\\mathrm{Spec}}(k) \\to \\mathcal{X}$ in the equivalence class of $x$ such that $$ \\mathop{\\mathrm{Spec}}(k) \\times_\\mathcal{X} \\mathop{\\mathrm{Spec}}(k) \\longrightarrow \\mathop{\\mathrm{Spec}}(k) \\times_\\mathcal{Y} \\mathop{\\mathrm{Spec}}(k) $$ is an isomorphism. Then $\\mathcal{Z}_x \\to \\mathcal{Z}_y$ is an isomorphism. ",
        "label": "lemma-residual-gerbe-isomorphic",
        "tag": "0DTI",
        "url": "https://stacks.math.columbia.edu/tag/0DTI",
        "source_filename": "stacks-properties.tex"
    },
    {
        "theorem": "Lemma 100.12.1.",
        "body": "  Let $\\mathcal{X}$ be a locally Noetherian algebraic stack over a scheme $S$. Let $x \\in |\\mathcal{X}|$ be a point of $\\mathcal{X}$. Let $[U/R] \\to \\mathcal{X}$ be a presentation (Algebraic Stacks, Definition \\ref{algebraic-definition-presentation}) where $U$ is a scheme. Let $u \\in U$ be a point that maps to $x$. Let $e : U \\to R$ be the ``identity'' map and let $s : R \\to U$ be the ``source'' map, which is a smooth morphism of algebraic spaces. Let $R_u$ be the fiber of $s : R \\to U$ over $u$. The element $$ \\dim_x(\\mathcal{X}) = \\dim_u(U) - \\dim_{e(u)}(R_u) \\in \\mathbf{Z} \\cup \\infty $$ is independent of the choice of presentation and the point $u$ over $x$. ",
        "label": "lemma-dimension-at-point-well-defined",
        "tag": "0AFM",
        "url": "https://stacks.math.columbia.edu/tag/0AFM",
        "source_filename": "stacks-properties.tex"
    },
    {
        "theorem": "Definition 100.12.2.",
        "body": "  Let $\\mathcal{X}$ be a locally Noetherian algebraic stack over a scheme $S$. Let $x \\in |\\mathcal{X}|$ be a point of $\\mathcal{X}$. Let $[U/R] \\to \\mathcal{X}$ be a presentation (Algebraic Stacks, Definition \\ref{algebraic-definition-presentation}) where $U$ is a scheme and let $u \\in U$ be a point that maps to $x$. We define the {\\it dimension of $\\mathcal{X}$ at $x$} to be the element $\\dim_x(\\mathcal{X}) \\in \\mathbf{Z} \\cup \\infty$ such that $$ \\dim_x(\\mathcal{X}) = \\dim_u(U)-\\dim_{e(u)}(R_u). $$ with notation as in Lemma \\ref{lemma-dimension-at-point-well-defined}. ",
        "label": "definition-dimension-at-point",
        "tag": "0AFN",
        "url": "https://stacks.math.columbia.edu/tag/0AFN",
        "source_filename": "stacks-properties.tex"
    },
    {
        "theorem": "Definition 100.12.3.",
        "body": "  Let $S$ be a scheme. Let $\\mathcal{X}$ be a locally Noetherian algebraic stack over $S$. The {\\it dimension} $\\dim(\\mathcal{X})$ of $\\mathcal{X}$ is defined to be $$ \\dim(\\mathcal{X}) = \\sup\\nolimits_{x \\in |\\mathcal{X}|} \\dim_x(\\mathcal{X}) $$ ",
        "label": "definition-dimension",
        "tag": "0AFP",
        "url": "https://stacks.math.columbia.edu/tag/0AFP",
        "source_filename": "stacks-properties.tex"
    },
    {
        "theorem": "Remark 100.12.4.",
        "body": "  If $\\mathcal{X}$ is a nonempty stack of finite type over a field, then $\\dim(\\mathcal{X})$ is an integer. For an arbitrary locally Noetherian algebraic stack $\\mathcal{X}$, $\\dim(\\mathcal{X})$ is in $Z\\cup \\{\\pm \\infty\\}$, and $\\dim(\\mathcal{X}) = -\\infty$ if and only if $\\mathcal{X}$ is empty. ",
        "label": "remark-dimension-empty-stack",
        "tag": "0AFQ",
        "url": "https://stacks.math.columbia.edu/tag/0AFQ",
        "source_filename": "stacks-properties.tex"
    },
    {
        "theorem": "Example 100.12.5.",
        "body": "  Let $X$ be a scheme of finite type over a field $k$, and let $G$ be a group scheme of finite type over $k$ which acts on $X$. Then the dimension of the quotient stack $[X/G]$ is equal to $\\dim(X)-\\dim(G)$. In particular, the dimension of the classifying stack $BG=[\\mathop{\\mathrm{Spec}}(k)/G]$ is $-\\dim(G)$. Thus the dimension of an algebraic stack can be a negative integer, in contrast to what happens for schemes or algebraic spaces. ",
        "label": "example-dimension-quotient-stack",
        "tag": "0AFR",
        "url": "https://stacks.math.columbia.edu/tag/0AFR",
        "source_filename": "stacks-properties.tex"
    },
    {
        "theorem": "Definition 100.13.1.",
        "body": "  Let $\\mathcal{X}$ be an algebraic stack. Let $x \\in |\\mathcal{X}|$. \\begin{enumerate} \\item The {\\it number of geometric branches of $\\mathcal{X}$ at $x$} is either $n \\in \\mathbf{N}$ if the equivalent conditions of Lemma \\ref{lemma-local-source-target-at-point} hold for $\\mathcal{P}_n$ defined above, or else $\\infty$. \\item We say $\\mathcal{X}$ is {\\it geometrically unibranch at $x$} if the number of geometric branches of $\\mathcal{X}$ at $x$ is $1$. \\end{enumerate} ",
        "label": "definition-number-of-geometric-branches",
        "tag": "0DQH",
        "url": "https://stacks.math.columbia.edu/tag/0DQH",
        "source_filename": "stacks-properties.tex"
    },
    {
        "theorem": "Lemma 100.14.1.",
        "body": "  Let $\\mathcal{X}$ be an algebraic stack. Let $x \\in |\\mathcal{X}|$ be a point. The following are equivalent \\begin{enumerate} \\item some morphism $\\mathop{\\mathrm{Spec}}(k) \\to \\mathcal{X}$ in the equivalence class of $x$ is quasi-compact, and \\item any morphism $\\mathop{\\mathrm{Spec}}(k) \\to \\mathcal{X}$ in the equivalence class of $x$ is quasi-compact. \\end{enumerate} ",
        "label": "lemma-UR-quasi-compact-above-x",
        "tag": "0DTK",
        "url": "https://stacks.math.columbia.edu/tag/0DTK",
        "source_filename": "stacks-properties.tex"
    }
]