[
    {
        "theorem": "Definition 34.3.1.",
        "body": "  Let $T$ be a scheme. A {\\it Zariski covering of $T$} is a family of morphisms $\\{f_i : T_i \\to T\\}_{i \\in I}$ of schemes such that each $f_i$ is an open immersion and such that $T = \\bigcup f_i(T_i)$. ",
        "label": "definition-zariski-covering",
        "tag": "020O",
        "url": "https://stacks.math.columbia.edu/tag/020O",
        "source_filename": "topologies.tex"
    },
    {
        "theorem": "Lemma 34.3.2.",
        "body": "  Let $T$ be a scheme. \\begin{enumerate} \\item If $T' \\to T$ is an isomorphism then $\\{T' \\to T\\}$ is a Zariski covering of $T$. \\item If $\\{T_i \\to T\\}_{i\\in I}$ is a Zariski covering and for each $i$ we have a Zariski covering $\\{T_{ij} \\to T_i\\}_{j\\in J_i}$, then $\\{T_{ij} \\to T\\}_{i \\in I, j\\in J_i}$ is a Zariski covering. \\item If $\\{T_i \\to T\\}_{i\\in I}$ is a Zariski covering and $T' \\to T$ is a morphism of schemes then $\\{T' \\times_T T_i \\to T'\\}_{i\\in I}$ is a Zariski covering. \\end{enumerate} ",
        "label": "lemma-zariski",
        "tag": "020P",
        "url": "https://stacks.math.columbia.edu/tag/020P",
        "source_filename": "topologies.tex"
    },
    {
        "theorem": "Lemma 34.3.3.",
        "body": "  Let $T$ be an affine scheme. Let $\\{T_i \\to T\\}_{i \\in I}$ be a Zariski covering of $T$. Then there exists a Zariski covering $\\{U_j \\to T\\}_{j = 1, \\ldots, m}$ which is a refinement of $\\{T_i \\to T\\}_{i \\in I}$ such that each $U_j$ is a standard open of $T$, see Schemes, Definition \\ref{schemes-definition-standard-covering}. Moreover, we may choose each $U_j$ to be an open of one of the $T_i$. ",
        "label": "lemma-zariski-affine",
        "tag": "020Q",
        "url": "https://stacks.math.columbia.edu/tag/020Q",
        "source_filename": "topologies.tex"
    },
    {
        "theorem": "Definition 34.3.4.",
        "body": "  Compare Schemes, Definition \\ref{schemes-definition-standard-covering}. Let $T$ be an affine scheme. A {\\it standard Zariski covering} of $T$ is a Zariski covering $\\{U_j \\to T\\}_{j = 1, \\ldots, m}$ with each $U_j \\to T$ inducing an isomorphism with a standard affine open of $T$. ",
        "label": "definition-standard-Zariski",
        "tag": "020R",
        "url": "https://stacks.math.columbia.edu/tag/020R",
        "source_filename": "topologies.tex"
    },
    {
        "theorem": "Definition 34.3.5.",
        "body": "  A {\\it big Zariski site} is any site $\\mathit{Sch}_{Zar}$ as in Sites, Definition \\ref{sites-definition-site} constructed as follows: \\begin{enumerate} \\item Choose any set of schemes $S_0$, and any set of Zariski coverings $\\text{Cov}_0$ among these schemes. \\item As underlying category of $\\mathit{Sch}_{Zar}$ take any category $\\mathit{Sch}_\\alpha$ constructed as in Sets, Lemma \\ref{sets-lemma-construct-category} starting with the set $S_0$. \\item As coverings of $\\mathit{Sch}_{Zar}$ choose any set of coverings as in Sets, Lemma \\ref{sets-lemma-coverings-site} starting with the category $\\mathit{Sch}_\\alpha$ and the class of Zariski coverings, and the set $\\text{Cov}_0$ chosen above. \\end{enumerate} ",
        "label": "definition-big-zariski-site",
        "tag": "020S",
        "url": "https://stacks.math.columbia.edu/tag/020S",
        "source_filename": "topologies.tex"
    },
    {
        "theorem": "Lemma 34.3.6.",
        "body": "  Let $\\mathit{Sch}_{Zar}$ be a big Zariski site as in Definition \\ref{definition-big-zariski-site}. Let $T \\in \\mathop{\\mathrm{Ob}}\\nolimits(\\mathit{Sch}_{Zar})$. Let $\\{T_i \\to T\\}_{i \\in I}$ be an arbitrary Zariski covering of $T$. There exists a covering $\\{U_j \\to T\\}_{j \\in J}$ of $T$ in the site $\\mathit{Sch}_{Zar}$ which is tautologically equivalent (see Sites, Definition \\ref{sites-definition-combinatorial-tautological}) to $\\{T_i \\to T\\}_{i \\in I}$. ",
        "label": "lemma-zariski-induced",
        "tag": "03WV",
        "url": "https://stacks.math.columbia.edu/tag/03WV",
        "source_filename": "topologies.tex"
    },
    {
        "theorem": "Definition 34.3.7.",
        "body": "  Let $S$ be a scheme. Let $\\mathit{Sch}_{Zar}$ be a big Zariski site containing $S$. \\begin{enumerate} \\item The {\\it big Zariski site of $S$}, denoted $(\\mathit{Sch}/S)_{Zar}$, is the site $\\mathit{Sch}_{Zar}/S$ introduced in Sites, Section \\ref{sites-section-localize}. \\item The {\\it small Zariski site of $S$}, which we denote $S_{Zar}$, is the full subcategory of $(\\mathit{Sch}/S)_{Zar}$ whose objects are those $U/S$ such that $U \\to S$ is an open immersion. A covering of $S_{Zar}$ is any covering $\\{U_i \\to U\\}$ of $(\\mathit{Sch}/S)_{Zar}$ with $U \\in \\mathop{\\mathrm{Ob}}\\nolimits(S_{Zar})$. \\item The {\\it big affine Zariski site of $S$}, denoted $(\\textit{Aff}/S)_{Zar}$, is the full subcategory of $(\\mathit{Sch}/S)_{Zar}$ consisting of objects $U/S$ such that $U$ is an affine scheme. A covering of $(\\textit{Aff}/S)_{Zar}$ is any covering $\\{U_i \\to U\\}$ of $(\\mathit{Sch}/S)_{Zar}$ with $U \\in \\mathop{\\mathrm{Ob}}\\nolimits((\\textit{Aff}/S)_{Zar})$ which is a standard Zariski covering. \\item The {\\it small affine Zariski site of $S$}, denoted $S_{affine, Zar}$, is the full subcategory of $S_{Zar}$ whose objects are those $U/S$ such that $U$ is an affine scheme. A covering of $S_{affine, Zar}$ is any covering $\\{U_i \\to U\\}$ of $S_{Zar}$ with $U \\in \\mathop{\\mathrm{Ob}}\\nolimits(S_{affine, Zar})$ which is a standard Zariski covering. \\end{enumerate} ",
        "label": "definition-big-small-Zariski",
        "tag": "020T",
        "url": "https://stacks.math.columbia.edu/tag/020T",
        "source_filename": "topologies.tex"
    },
    {
        "theorem": "Lemma 34.3.8.",
        "body": "  Let $S$ be a scheme. Let $\\mathit{Sch}_{Zar}$ be a big Zariski site containing $S$. The structures $S_{Zar}$, $(\\textit{Aff}/S)_{Zar}$, and $S_{affine, Zar}$ defined above are sites. ",
        "label": "lemma-verify-site-Zariski",
        "tag": "020U",
        "url": "https://stacks.math.columbia.edu/tag/020U",
        "source_filename": "topologies.tex"
    },
    {
        "theorem": "Lemma 34.3.9.",
        "body": "  Let $S$ be a scheme. Let $\\mathit{Sch}_{Zar}$ be a big Zariski site containing $S$. The underlying categories of the sites $\\mathit{Sch}_{Zar}$, $(\\mathit{Sch}/S)_{Zar}$, $S_{Zar}$, $(\\textit{Aff}/S)_{Zar}$, and $S_{affine, Zar}$ have fibre products. In each case the obvious functor into the category $\\mathit{Sch}$ of all schemes commutes with taking fibre products. The categories $(\\mathit{Sch}/S)_{Zar}$, and $S_{Zar}$ both have a final object, namely $S/S$. ",
        "label": "lemma-fibre-products-Zariski",
        "tag": "020V",
        "url": "https://stacks.math.columbia.edu/tag/020V",
        "source_filename": "topologies.tex"
    },
    {
        "theorem": "Lemma 34.3.10.",
        "body": "  Let $S$ be a scheme. Let $\\mathit{Sch}_{Zar}$ be a big Zariski site containing $S$. The functor $(\\textit{Aff}/S)_{Zar} \\to (\\mathit{Sch}/S)_{Zar}$ is a special cocontinuous functor. Hence it induces an equivalence of topoi from $\\mathop{\\mathit{Sh}}\\nolimits((\\textit{Aff}/S)_{Zar})$ to $\\mathop{\\mathit{Sh}}\\nolimits((\\mathit{Sch}/S)_{Zar})$. ",
        "label": "lemma-affine-big-site-Zariski",
        "tag": "020W",
        "url": "https://stacks.math.columbia.edu/tag/020W",
        "source_filename": "topologies.tex"
    },
    {
        "theorem": "Lemma 34.3.11.",
        "body": "  Let $S$ be a scheme.  Let $\\mathit{Sch}_{Zar}$ be a big Zariski site containing $S$. The functor $S_{affine, Zar} \\to S_{Zar}$ is a special cocontinuous functor. Hence it induces an equivalence of topoi from $\\mathop{\\mathit{Sh}}\\nolimits(S_{affine, Zar})$ to $\\mathop{\\mathit{Sh}}\\nolimits(S_{Zar})$. ",
        "label": "lemma-alternative-zariski",
        "tag": "0F1B",
        "url": "https://stacks.math.columbia.edu/tag/0F1B",
        "source_filename": "topologies.tex"
    },
    {
        "theorem": "Lemma 34.3.12.",
        "body": "  The category of sheaves on $S_{Zar}$ is equivalent to the category of sheaves on the underlying topological space of $S$. ",
        "label": "lemma-Zariski-usual",
        "tag": "020X",
        "url": "https://stacks.math.columbia.edu/tag/020X",
        "source_filename": "topologies.tex"
    },
    {
        "theorem": "Lemma 34.3.13.",
        "body": "  Let $\\mathit{Sch}_{Zar}$ be a big Zariski site. Let $f : T \\to S$ be a morphism in $\\mathit{Sch}_{Zar}$. The functor $T_{Zar} \\to (\\mathit{Sch}/S)_{Zar}$ is cocontinuous and induces a morphism of topoi $$ i_f : \\mathop{\\mathit{Sh}}\\nolimits(T_{Zar}) \\longrightarrow \\mathop{\\mathit{Sh}}\\nolimits((\\mathit{Sch}/S)_{Zar}) $$ For a sheaf $\\mathcal{G}$ on $(\\mathit{Sch}/S)_{Zar}$ we have the formula $(i_f^{-1}\\mathcal{G})(U/T) = \\mathcal{G}(U/S)$. The functor $i_f^{-1}$ also has a left adjoint $i_{f, !}$ which commutes with fibre products and equalizers. ",
        "label": "lemma-put-in-T",
        "tag": "020Y",
        "url": "https://stacks.math.columbia.edu/tag/020Y",
        "source_filename": "topologies.tex"
    },
    {
        "theorem": "Lemma 34.3.14.",
        "body": "  Let $S$ be a scheme. Let $\\mathit{Sch}_{Zar}$ be a big Zariski site containing $S$. The inclusion functor $S_{Zar} \\to (\\mathit{Sch}/S)_{Zar}$ satisfies the hypotheses of Sites, Lemma \\ref{sites-lemma-bigger-site} and hence induces a morphism of sites $$ \\pi_S : (\\mathit{Sch}/S)_{Zar} \\longrightarrow S_{Zar} $$ and a morphism of topoi $$ i_S : \\mathop{\\mathit{Sh}}\\nolimits(S_{Zar}) \\longrightarrow \\mathop{\\mathit{Sh}}\\nolimits((\\mathit{Sch}/S)_{Zar}) $$ such that $\\pi_S \\circ i_S = \\text{id}$. Moreover, $i_S = i_{\\text{id}_S}$ with $i_{\\text{id}_S}$ as in Lemma \\ref{lemma-put-in-T}. In particular the functor $i_S^{-1} = \\pi_{S, *}$ is described by the rule $i_S^{-1}(\\mathcal{G})(U/S) = \\mathcal{G}(U/S)$. ",
        "label": "lemma-at-the-bottom",
        "tag": "020Z",
        "url": "https://stacks.math.columbia.edu/tag/020Z",
        "source_filename": "topologies.tex"
    },
    {
        "theorem": "Definition 34.3.15.",
        "body": "  In the situation of Lemma \\ref{lemma-at-the-bottom} the functor $i_S^{-1} = \\pi_{S, *}$ is often called the {\\it restriction to the small Zariski site}, and for a sheaf $\\mathcal{F}$ on the big Zariski site we denote $\\mathcal{F}|_{S_{Zar}}$ this restriction. ",
        "label": "definition-restriction-small-zariski",
        "tag": "04BS",
        "url": "https://stacks.math.columbia.edu/tag/04BS",
        "source_filename": "topologies.tex"
    },
    {
        "theorem": "Lemma 34.3.16.",
        "body": "  Let $\\mathit{Sch}_{Zar}$ be a big Zariski site. Let $f : T \\to S$ be a morphism in $\\mathit{Sch}_{Zar}$. The functor $$ u : (\\mathit{Sch}/T)_{Zar} \\longrightarrow (\\mathit{Sch}/S)_{Zar}, \\quad V/T \\longmapsto V/S $$ is cocontinuous, and has a continuous right adjoint $$ v : (\\mathit{Sch}/S)_{Zar} \\longrightarrow (\\mathit{Sch}/T)_{Zar}, \\quad (U \\to S) \\longmapsto (U \\times_S T \\to T). $$ They induce the same morphism of topoi $$ f_{big} : \\mathop{\\mathit{Sh}}\\nolimits((\\mathit{Sch}/T)_{Zar}) \\longrightarrow \\mathop{\\mathit{Sh}}\\nolimits((\\mathit{Sch}/S)_{Zar}) $$ We have $f_{big}^{-1}(\\mathcal{G})(U/T) = \\mathcal{G}(U/S)$. We have $f_{big, *}(\\mathcal{F})(U/S) = \\mathcal{F}(U \\times_S T/T)$. Also, $f_{big}^{-1}$ has a left adjoint $f_{big!}$ which commutes with fibre products and equalizers. ",
        "label": "lemma-morphism-big",
        "tag": "0210",
        "url": "https://stacks.math.columbia.edu/tag/0210",
        "source_filename": "topologies.tex"
    },
    {
        "theorem": "Lemma 34.3.17.",
        "body": "  Let $\\mathit{Sch}_{Zar}$ be a big Zariski site. Let $f : T \\to S$ be a morphism in $\\mathit{Sch}_{Zar}$. \\begin{enumerate} \\item We have $i_f = f_{big} \\circ i_T$ with $i_f$ as in Lemma \\ref{lemma-put-in-T} and $i_T$ as in Lemma \\ref{lemma-at-the-bottom}. \\item The functor $S_{Zar} \\to T_{Zar}$, $(U \\to S) \\mapsto (U \\times_S T \\to T)$ is continuous and induces a morphism of sites $$ f_{small} : T_{Zar} \\longrightarrow S_{Zar} $$ The functors $f_{small}^{-1}$ and $f_{small, *}$ agree with the usual notions $f^{-1}$ and $f_*$ if we identify sheaves on $T_{Zar}$, resp.\\ $S_{Zar}$ with sheaves on $T$, resp.\\ $S$ via Lemma \\ref{lemma-Zariski-usual}. \\item We have a commutative diagram of morphisms of sites $$ \\xymatrix{ T_{Zar} \\ar[d]_{f_{small}} & (\\mathit{Sch}/T)_{Zar} \\ar[d]^{f_{big}} \\ar[l]^{\\pi_T} \\\\ S_{Zar} & (\\mathit{Sch}/S)_{Zar} \\ar[l]_{\\pi_S} } $$ so that $f_{small} \\circ \\pi_T = \\pi_S \\circ f_{big}$ as morphisms of topoi. \\item We have $f_{small} = \\pi_S \\circ f_{big} \\circ i_T = \\pi_S \\circ i_f$. \\end{enumerate} ",
        "label": "lemma-morphism-big-small",
        "tag": "0211",
        "url": "https://stacks.math.columbia.edu/tag/0211",
        "source_filename": "topologies.tex"
    },
    {
        "theorem": "Lemma 34.3.18.",
        "body": "  Given schemes $X$, $Y$, $Z$ in $(\\mathit{Sch}/S)_{Zar}$ and morphisms $f : X \\to Y$, $g : Y \\to Z$ we have $g_{big} \\circ f_{big} = (g \\circ f)_{big}$ and $g_{small} \\circ f_{small} = (g \\circ f)_{small}$. ",
        "label": "lemma-composition",
        "tag": "0212",
        "url": "https://stacks.math.columbia.edu/tag/0212",
        "source_filename": "topologies.tex"
    },
    {
        "theorem": "Lemma 34.3.19.",
        "body": "  Let $\\mathit{Sch}_{Zar}$ be a big Zariski site. Consider a cartesian diagram $$ \\xymatrix{ T' \\ar[r]_{g'} \\ar[d]_{f'} & T \\ar[d]^f \\\\ S' \\ar[r]^g & S } $$ in $\\mathit{Sch}_{Zar}$. Then $i_g^{-1} \\circ f_{big, *} = f'_{small, *} \\circ (i_{g'})^{-1}$ and $g_{big}^{-1} \\circ f_{big, *} = f'_{big, *} \\circ (g'_{big})^{-1}$. ",
        "label": "lemma-morphism-big-small-cartesian-diagram",
        "tag": "0DD9",
        "url": "https://stacks.math.columbia.edu/tag/0DD9",
        "source_filename": "topologies.tex"
    },
    {
        "theorem": "Lemma 34.3.20.",
        "body": "  Let $S$ be a scheme contained in a big Zariski site $\\mathit{Sch}_{Zar}$. A sheaf $\\mathcal{F}$ on the big Zariski site $(\\mathit{Sch}/S)_{Zar}$ is given by the following data: \\begin{enumerate} \\item for every $T/S \\in \\mathop{\\mathrm{Ob}}\\nolimits((\\mathit{Sch}/S)_{Zar})$ a sheaf $\\mathcal{F}_T$ on $T$, \\item for every $f : T' \\to T$ in $(\\mathit{Sch}/S)_{Zar}$ a map $c_f : f^{-1}\\mathcal{F}_T \\to \\mathcal{F}_{T'}$. \\end{enumerate} These data are subject to the following conditions: \\begin{enumerate} \\item[(a)] given any $f : T' \\to T$ and $g : T'' \\to T'$ in $(\\mathit{Sch}/S)_{Zar}$ the composition $c_g \\circ g^{-1}c_f$ is equal to $c_{f \\circ g}$, and \\item[(b)] if $f : T' \\to T$ in $(\\mathit{Sch}/S)_{Zar}$ is an open immersion then $c_f$ is an isomorphism. \\end{enumerate} ",
        "label": "lemma-characterize-sheaf-big",
        "tag": "0213",
        "url": "https://stacks.math.columbia.edu/tag/0213",
        "source_filename": "topologies.tex"
    },
    {
        "theorem": "Definition 34.4.1.",
        "body": "  Let $T$ be a scheme. An {\\it \\'etale covering of $T$} is a family of morphisms $\\{f_i : T_i \\to T\\}_{i \\in I}$ of schemes such that each $f_i$ is \\'etale and such that $T = \\bigcup f_i(T_i)$. ",
        "label": "definition-etale-covering",
        "tag": "0215",
        "url": "https://stacks.math.columbia.edu/tag/0215",
        "source_filename": "topologies.tex"
    },
    {
        "theorem": "Lemma 34.4.2.",
        "body": "  Any Zariski covering is an \\'etale covering. ",
        "label": "lemma-zariski-etale",
        "tag": "0216",
        "url": "https://stacks.math.columbia.edu/tag/0216",
        "source_filename": "topologies.tex"
    },
    {
        "theorem": "Lemma 34.4.3.",
        "body": "  Let $T$ be a scheme. \\begin{enumerate} \\item If $T' \\to T$ is an isomorphism then $\\{T' \\to T\\}$ is an \\'etale covering of $T$. \\item If $\\{T_i \\to T\\}_{i\\in I}$ is an \\'etale covering and for each $i$ we have an \\'etale covering $\\{T_{ij} \\to T_i\\}_{j\\in J_i}$, then $\\{T_{ij} \\to T\\}_{i \\in I, j\\in J_i}$ is an \\'etale covering. \\item If $\\{T_i \\to T\\}_{i\\in I}$ is an \\'etale covering and $T' \\to T$ is a morphism of schemes then $\\{T' \\times_T T_i \\to T'\\}_{i\\in I}$ is an \\'etale covering. \\end{enumerate} ",
        "label": "lemma-etale",
        "tag": "0217",
        "url": "https://stacks.math.columbia.edu/tag/0217",
        "source_filename": "topologies.tex"
    },
    {
        "theorem": "Lemma 34.4.4.",
        "body": "  Let $T$ be an affine scheme. Let $\\{T_i \\to T\\}_{i \\in I}$ be an \\'etale covering of $T$. Then there exists an \\'etale covering $\\{U_j \\to T\\}_{j = 1, \\ldots, m}$ which is a refinement of $\\{T_i \\to T\\}_{i \\in I}$ such that each $U_j$ is an affine scheme. Moreover, we may choose each $U_j$ to be open affine in one of the $T_i$. ",
        "label": "lemma-etale-affine",
        "tag": "0218",
        "url": "https://stacks.math.columbia.edu/tag/0218",
        "source_filename": "topologies.tex"
    },
    {
        "theorem": "Definition 34.4.5.",
        "body": "  Let $T$ be an affine scheme. A {\\it standard \\'etale covering} of $T$ is a family $\\{f_j : U_j \\to T\\}_{j = 1, \\ldots, m}$ with each $U_j$ is affine and \\'etale over $T$ and $T = \\bigcup f_j(U_j)$. ",
        "label": "definition-standard-etale",
        "tag": "0219",
        "url": "https://stacks.math.columbia.edu/tag/0219",
        "source_filename": "topologies.tex"
    },
    {
        "theorem": "Definition 34.4.6.",
        "body": "  A {\\it big \\'etale site} is any site $\\mathit{Sch}_{\\acute{e}tale}$ as in Sites, Definition \\ref{sites-definition-site} constructed as follows: \\begin{enumerate} \\item Choose any set of schemes $S_0$, and any set of \\'etale coverings $\\text{Cov}_0$ among these schemes. \\item As underlying category take any category $\\mathit{Sch}_\\alpha$ constructed as in Sets, Lemma \\ref{sets-lemma-construct-category} starting with the set $S_0$. \\item Choose any set of coverings as in Sets, Lemma \\ref{sets-lemma-coverings-site} starting with the category $\\mathit{Sch}_\\alpha$ and the class of \\'etale coverings, and the set $\\text{Cov}_0$ chosen above. \\end{enumerate} ",
        "label": "definition-big-etale-site",
        "tag": "021A",
        "url": "https://stacks.math.columbia.edu/tag/021A",
        "source_filename": "topologies.tex"
    },
    {
        "theorem": "Lemma 34.4.7.",
        "body": "  Let $\\mathit{Sch}_{\\acute{e}tale}$ be a big \\'etale site as in Definition \\ref{definition-big-etale-site}. Let $T \\in \\mathop{\\mathrm{Ob}}\\nolimits(\\mathit{Sch}_{\\acute{e}tale})$. Let $\\{T_i \\to T\\}_{i \\in I}$ be an arbitrary \\'etale covering of $T$. \\begin{enumerate} \\item There exists a covering $\\{U_j \\to T\\}_{j \\in J}$ of $T$ in the site $\\mathit{Sch}_{\\acute{e}tale}$ which refines $\\{T_i \\to T\\}_{i \\in I}$. \\item If $\\{T_i \\to T\\}_{i \\in I}$ is a standard \\'etale covering, then it is tautologically equivalent to a covering in $\\mathit{Sch}_{\\acute{e}tale}$. \\item If $\\{T_i \\to T\\}_{i \\in I}$ is a Zariski covering, then it is tautologically equivalent to a covering in $\\mathit{Sch}_{\\acute{e}tale}$. \\end{enumerate} ",
        "label": "lemma-etale-induced",
        "tag": "03WW",
        "url": "https://stacks.math.columbia.edu/tag/03WW",
        "source_filename": "topologies.tex"
    },
    {
        "theorem": "Definition 34.4.8.",
        "body": "  Let $S$ be a scheme. Let $\\mathit{Sch}_{\\acute{e}tale}$ be a big \\'etale site containing $S$. \\begin{enumerate} \\item The {\\it big \\'etale site of $S$}, denoted $(\\mathit{Sch}/S)_{\\acute{e}tale}$, is the site $\\mathit{Sch}_{\\acute{e}tale}/S$ introduced in Sites, Section \\ref{sites-section-localize}. \\item The {\\it small \\'etale site of $S$}, which we denote $S_{\\acute{e}tale}$, is the full subcategory of $(\\mathit{Sch}/S)_{\\acute{e}tale}$ whose objects are those $U/S$ such that $U \\to S$ is \\'etale. A covering of $S_{\\acute{e}tale}$ is any covering $\\{U_i \\to U\\}$ of $(\\mathit{Sch}/S)_{\\acute{e}tale}$ with $U \\in \\mathop{\\mathrm{Ob}}\\nolimits(S_{\\acute{e}tale})$. \\item The {\\it big affine \\'etale site of $S$}, denoted $(\\textit{Aff}/S)_{\\acute{e}tale}$, is the full subcategory of $(\\mathit{Sch}/S)_{\\acute{e}tale}$ whose objects are those $U/S$ such that $U$ is an affine scheme. A covering of $(\\textit{Aff}/S)_{\\acute{e}tale}$ is any covering $\\{U_i \\to U\\}$ of $(\\mathit{Sch}/S)_{\\acute{e}tale}$ with $U \\in \\mathop{\\mathrm{Ob}}\\nolimits((\\textit{Aff}/S)_{\\acute{e}tale})$ which is a standard \\'etale covering. \\item The {\\it small affine \\'etale site of $S$}, denoted $S_{affine, {\\acute{e}tale}}$, is the full subcategory of $S_{\\acute{e}tale}$ whose objects are those $U/S$ such that $U$ is an affine scheme. A covering of $S_{affine, {\\acute{e}tale}}$ is any covering $\\{U_i \\to U\\}$ of $S_{\\acute{e}tale}$ with $U \\in \\mathop{\\mathrm{Ob}}\\nolimits(S_{affine, {\\acute{e}tale}})$ which is a standard \\'etale covering. \\end{enumerate} ",
        "label": "definition-big-small-etale",
        "tag": "021B",
        "url": "https://stacks.math.columbia.edu/tag/021B",
        "source_filename": "topologies.tex"
    },
    {
        "theorem": "Lemma 34.4.9.",
        "body": "  Let $S$ be a scheme. Let $\\mathit{Sch}_{\\acute{e}tale}$ be a big \\'etale site containing $S$. The structures $S_{\\acute{e}tale}$, $(\\textit{Aff}/S)_{\\acute{e}tale}$, and $S_{affine, {\\acute{e}tale}}$ are sites. ",
        "label": "lemma-verify-site-etale",
        "tag": "021C",
        "url": "https://stacks.math.columbia.edu/tag/021C",
        "source_filename": "topologies.tex"
    },
    {
        "theorem": "Lemma 34.4.10.",
        "body": "  Let $S$ be a scheme. Let $\\mathit{Sch}_{\\acute{e}tale}$ be a big \\'etale site containing $S$. The underlying categories of the sites $\\mathit{Sch}_{\\acute{e}tale}$, $(\\mathit{Sch}/S)_{\\acute{e}tale}$, $S_{\\acute{e}tale}$, $(\\textit{Aff}/S)_{\\acute{e}tale}$, and $S_{affine, {\\acute{e}tale}}$ have fibre products. In each case the obvious functor into the category $\\mathit{Sch}$ of all schemes commutes with taking fibre products. The categories $(\\mathit{Sch}/S)_{\\acute{e}tale}$, and $S_{\\acute{e}tale}$ both have a final object, namely $S/S$. ",
        "label": "lemma-fibre-products-etale",
        "tag": "021D",
        "url": "https://stacks.math.columbia.edu/tag/021D",
        "source_filename": "topologies.tex"
    },
    {
        "theorem": "Lemma 34.4.11.",
        "body": "  Let $S$ be a scheme. Let $\\mathit{Sch}_{\\acute{e}tale}$ be a big \\'etale site containing $S$. The functor $(\\textit{Aff}/S)_{\\acute{e}tale} \\to (\\mathit{Sch}/S)_{\\acute{e}tale}$ is special cocontinuous and induces an equivalence of topoi from $\\mathop{\\mathit{Sh}}\\nolimits((\\textit{Aff}/S)_{\\acute{e}tale})$ to $\\mathop{\\mathit{Sh}}\\nolimits((\\mathit{Sch}/S)_{\\acute{e}tale})$. ",
        "label": "lemma-affine-big-site-etale",
        "tag": "021E",
        "url": "https://stacks.math.columbia.edu/tag/021E",
        "source_filename": "topologies.tex"
    },
    {
        "theorem": "Lemma 34.4.12.",
        "body": "  Let $S$ be a scheme. Let $\\mathit{Sch}_{\\acute{e}tale}$ be a big \\'etale site containing $S$. The functor $S_{affine, {\\acute{e}tale}} \\to S_{\\acute{e}tale}$ is special cocontinuous and induces an equivalence of topoi from $\\mathop{\\mathit{Sh}}\\nolimits(S_{affine, {\\acute{e}tale}})$ to $\\mathop{\\mathit{Sh}}\\nolimits(S_{\\acute{e}tale})$. ",
        "label": "lemma-alternative",
        "tag": "04HR",
        "url": "https://stacks.math.columbia.edu/tag/04HR",
        "source_filename": "topologies.tex"
    },
    {
        "theorem": "Lemma 34.4.13.",
        "body": "  Let $\\mathit{Sch}_{\\acute{e}tale}$ be a big \\'etale site. Let $f : T \\to S$ be a morphism in $\\mathit{Sch}_{\\acute{e}tale}$. The functor $T_{\\acute{e}tale} \\to (\\mathit{Sch}/S)_{\\acute{e}tale}$ is cocontinuous and induces a morphism of topoi $$ i_f : \\mathop{\\mathit{Sh}}\\nolimits(T_{\\acute{e}tale}) \\longrightarrow \\mathop{\\mathit{Sh}}\\nolimits((\\mathit{Sch}/S)_{\\acute{e}tale}) $$ For a sheaf $\\mathcal{G}$ on $(\\mathit{Sch}/S)_{\\acute{e}tale}$ we have the formula $(i_f^{-1}\\mathcal{G})(U/T) = \\mathcal{G}(U/S)$. The functor $i_f^{-1}$ also has a left adjoint $i_{f, !}$ which commutes with fibre products and equalizers. ",
        "label": "lemma-put-in-T-etale",
        "tag": "021F",
        "url": "https://stacks.math.columbia.edu/tag/021F",
        "source_filename": "topologies.tex"
    },
    {
        "theorem": "Lemma 34.4.14.",
        "body": "  Let $S$ be a scheme. Let $\\mathit{Sch}_{\\acute{e}tale}$ be a big \\'etale site containing $S$. The inclusion functor $S_{\\acute{e}tale} \\to (\\mathit{Sch}/S)_{\\acute{e}tale}$ satisfies the hypotheses of Sites, Lemma \\ref{sites-lemma-bigger-site} and hence induces a morphism of sites $$ \\pi_S : (\\mathit{Sch}/S)_{\\acute{e}tale} \\longrightarrow S_{\\acute{e}tale} $$ and a morphism of topoi $$ i_S : \\mathop{\\mathit{Sh}}\\nolimits(S_{\\acute{e}tale}) \\longrightarrow \\mathop{\\mathit{Sh}}\\nolimits((\\mathit{Sch}/S)_{\\acute{e}tale}) $$ such that $\\pi_S \\circ i_S = \\text{id}$. Moreover, $i_S = i_{\\text{id}_S}$ with $i_{\\text{id}_S}$ as in Lemma \\ref{lemma-put-in-T-etale}. In particular the functor $i_S^{-1} = \\pi_{S, *}$ is described by the rule $i_S^{-1}(\\mathcal{G})(U/S) = \\mathcal{G}(U/S)$. ",
        "label": "lemma-at-the-bottom-etale",
        "tag": "021G",
        "url": "https://stacks.math.columbia.edu/tag/021G",
        "source_filename": "topologies.tex"
    },
    {
        "theorem": "Definition 34.4.15.",
        "body": "  In the situation of Lemma \\ref{lemma-at-the-bottom-etale} the functor $i_S^{-1} = \\pi_{S, *}$ is often called the {\\it restriction to the small \\'etale site}, and for a sheaf $\\mathcal{F}$ on the big \\'etale site we denote $\\mathcal{F}|_{S_{\\acute{e}tale}}$ this restriction. ",
        "label": "definition-restriction-small-etale",
        "tag": "04BT",
        "url": "https://stacks.math.columbia.edu/tag/04BT",
        "source_filename": "topologies.tex"
    },
    {
        "theorem": "Lemma 34.4.16.",
        "body": "  Let $\\mathit{Sch}_{\\acute{e}tale}$ be a big \\'etale site. Let $f : T \\to S$ be a morphism in $\\mathit{Sch}_{\\acute{e}tale}$. The functor $$ u : (\\mathit{Sch}/T)_{\\acute{e}tale} \\longrightarrow (\\mathit{Sch}/S)_{\\acute{e}tale}, \\quad V/T \\longmapsto V/S $$ is cocontinuous, and has a continuous right adjoint $$ v : (\\mathit{Sch}/S)_{\\acute{e}tale} \\longrightarrow (\\mathit{Sch}/T)_{\\acute{e}tale}, \\quad (U \\to S) \\longmapsto (U \\times_S T \\to T). $$ They induce the same morphism of topoi $$ f_{big} : \\mathop{\\mathit{Sh}}\\nolimits((\\mathit{Sch}/T)_{\\acute{e}tale}) \\longrightarrow \\mathop{\\mathit{Sh}}\\nolimits((\\mathit{Sch}/S)_{\\acute{e}tale}) $$ We have $f_{big}^{-1}(\\mathcal{G})(U/T) = \\mathcal{G}(U/S)$. We have $f_{big, *}(\\mathcal{F})(U/S) = \\mathcal{F}(U \\times_S T/T)$. Also, $f_{big}^{-1}$ has a left adjoint $f_{big!}$ which commutes with fibre products and equalizers. ",
        "label": "lemma-morphism-big-etale",
        "tag": "021H",
        "url": "https://stacks.math.columbia.edu/tag/021H",
        "source_filename": "topologies.tex"
    },
    {
        "theorem": "Lemma 34.4.17.",
        "body": "  Let $\\mathit{Sch}_{\\acute{e}tale}$ be a big \\'etale site. Let $f : T \\to S$ be a morphism in $\\mathit{Sch}_{\\acute{e}tale}$. \\begin{enumerate} \\item We have $i_f = f_{big} \\circ i_T$ with $i_f$ as in Lemma \\ref{lemma-put-in-T-etale} and $i_T$ as in Lemma \\ref{lemma-at-the-bottom-etale}. \\item The functor $S_{\\acute{e}tale} \\to T_{\\acute{e}tale}$, $(U \\to S) \\mapsto (U \\times_S T \\to T)$ is continuous and induces a morphism of sites $$ f_{small} : T_{\\acute{e}tale} \\longrightarrow S_{\\acute{e}tale} $$ We have $f_{small, *}(\\mathcal{F})(U/S) = \\mathcal{F}(U \\times_S T/T)$. \\item We have a commutative diagram of morphisms of sites $$ \\xymatrix{ T_{\\acute{e}tale} \\ar[d]_{f_{small}} & (\\mathit{Sch}/T)_{\\acute{e}tale} \\ar[d]^{f_{big}} \\ar[l]^{\\pi_T}\\\\ S_{\\acute{e}tale} & (\\mathit{Sch}/S)_{\\acute{e}tale} \\ar[l]_{\\pi_S} } $$ so that $f_{small} \\circ \\pi_T = \\pi_S \\circ f_{big}$ as morphisms of topoi. \\item We have $f_{small} = \\pi_S \\circ f_{big} \\circ i_T = \\pi_S \\circ i_f$. \\end{enumerate} ",
        "label": "lemma-morphism-big-small-etale",
        "tag": "021I",
        "url": "https://stacks.math.columbia.edu/tag/021I",
        "source_filename": "topologies.tex"
    },
    {
        "theorem": "Lemma 34.4.18.",
        "body": "  Given schemes $X$, $Y$, $Y$ in $\\mathit{Sch}_{\\acute{e}tale}$ and morphisms $f : X \\to Y$, $g : Y \\to Z$ we have $g_{big} \\circ f_{big} = (g \\circ f)_{big}$ and $g_{small} \\circ f_{small} = (g \\circ f)_{small}$. ",
        "label": "lemma-composition-etale",
        "tag": "021J",
        "url": "https://stacks.math.columbia.edu/tag/021J",
        "source_filename": "topologies.tex"
    },
    {
        "theorem": "Lemma 34.4.19.",
        "body": "  Let $\\mathit{Sch}_{\\acute{e}tale}$ be a big \\'etale site. Consider a cartesian diagram $$ \\xymatrix{ T' \\ar[r]_{g'} \\ar[d]_{f'} & T \\ar[d]^f \\\\ S' \\ar[r]^g & S } $$ in $\\mathit{Sch}_{\\acute{e}tale}$. Then $i_g^{-1} \\circ f_{big, *} = f'_{small, *} \\circ (i_{g'})^{-1}$ and $g_{big}^{-1} \\circ f_{big, *} = f'_{big, *} \\circ (g'_{big})^{-1}$. ",
        "label": "lemma-morphism-big-small-cartesian-diagram-etale",
        "tag": "0DDA",
        "url": "https://stacks.math.columbia.edu/tag/0DDA",
        "source_filename": "topologies.tex"
    },
    {
        "theorem": "Lemma 34.4.20.",
        "body": "  Let $S$ be a scheme contained in a big \\'etale site $\\mathit{Sch}_{\\acute{e}tale}$. A sheaf $\\mathcal{F}$ on the big \\'etale site $(\\mathit{Sch}/S)_{\\acute{e}tale}$ is given by the following data: \\begin{enumerate} \\item for every $T/S \\in \\mathop{\\mathrm{Ob}}\\nolimits((\\mathit{Sch}/S)_{\\acute{e}tale})$ a sheaf $\\mathcal{F}_T$ on $T_{\\acute{e}tale}$, \\item for every $f : T' \\to T$ in $(\\mathit{Sch}/S)_{\\acute{e}tale}$ a map $c_f : f_{small}^{-1}\\mathcal{F}_T \\to \\mathcal{F}_{T'}$. \\end{enumerate} These data are subject to the following conditions: \\begin{enumerate} \\item[(a)] given any $f : T' \\to T$ and $g : T'' \\to T'$ in $(\\mathit{Sch}/S)_{\\acute{e}tale}$ the composition $c_g \\circ g_{small}^{-1}c_f$ is equal to $c_{f \\circ g}$, and \\item[(b)] if $f : T' \\to T$ in $(\\mathit{Sch}/S)_{\\acute{e}tale}$ is \\'etale then $c_f$ is an isomorphism. \\end{enumerate} ",
        "label": "lemma-characterize-sheaf-big-etale",
        "tag": "021K",
        "url": "https://stacks.math.columbia.edu/tag/021K",
        "source_filename": "topologies.tex"
    },
    {
        "theorem": "Definition 34.5.1.",
        "body": "  Let $T$ be a scheme. A {\\it smooth covering of $T$} is a family of morphisms $\\{f_i : T_i \\to T\\}_{i \\in I}$ of schemes such that each $f_i$ is smooth and such that $T = \\bigcup f_i(T_i)$. ",
        "label": "definition-smooth-covering",
        "tag": "021Z",
        "url": "https://stacks.math.columbia.edu/tag/021Z",
        "source_filename": "topologies.tex"
    },
    {
        "theorem": "Lemma 34.5.2.",
        "body": "  Any \\'etale covering is a smooth covering, and a fortiori, any Zariski covering is a smooth covering. ",
        "label": "lemma-zariski-etale-smooth",
        "tag": "0220",
        "url": "https://stacks.math.columbia.edu/tag/0220",
        "source_filename": "topologies.tex"
    },
    {
        "theorem": "Lemma 34.5.3.",
        "body": "  Let $T$ be a scheme. \\begin{enumerate} \\item If $T' \\to T$ is an isomorphism then $\\{T' \\to T\\}$ is a smooth covering of $T$. \\item If $\\{T_i \\to T\\}_{i\\in I}$ is a smooth covering and for each $i$ we have a smooth covering $\\{T_{ij} \\to T_i\\}_{j\\in J_i}$, then $\\{T_{ij} \\to T\\}_{i \\in I, j\\in J_i}$ is a smooth covering. \\item If $\\{T_i \\to T\\}_{i\\in I}$ is a smooth covering and $T' \\to T$ is a morphism of schemes then $\\{T' \\times_T T_i \\to T'\\}_{i\\in I}$ is a smooth covering. \\end{enumerate} ",
        "label": "lemma-smooth",
        "tag": "0221",
        "url": "https://stacks.math.columbia.edu/tag/0221",
        "source_filename": "topologies.tex"
    },
    {
        "theorem": "Lemma 34.5.4.",
        "body": "  Let $T$ be an affine scheme. Let $\\{T_i \\to T\\}_{i \\in I}$ be a smooth covering of $T$. Then there exists a smooth covering $\\{U_j \\to T\\}_{j = 1, \\ldots, m}$ which is a refinement of $\\{T_i \\to T\\}_{i \\in I}$ such that each $U_j$ is an affine scheme, and such that each morphism $U_j \\to T$ is standard smooth, see Morphisms, Definition \\ref{morphisms-definition-smooth}. Moreover, we may choose each $U_j$ to be open affine in one of the $T_i$. ",
        "label": "lemma-smooth-affine",
        "tag": "0222",
        "url": "https://stacks.math.columbia.edu/tag/0222",
        "source_filename": "topologies.tex"
    },
    {
        "theorem": "Definition 34.5.5.",
        "body": "  Let $T$ be an affine scheme. A {\\it standard smooth covering} of $T$ is a family $\\{f_j : U_j \\to T\\}_{j = 1, \\ldots, m}$ with each $U_j$ is affine, $U_j \\to T$ standard smooth and $T = \\bigcup f_j(U_j)$. ",
        "label": "definition-standard-smooth",
        "tag": "0223",
        "url": "https://stacks.math.columbia.edu/tag/0223",
        "source_filename": "topologies.tex"
    },
    {
        "theorem": "Definition 34.5.6.",
        "body": "  A {\\it big smooth site} is any site $\\mathit{Sch}_{smooth}$ as in Sites, Definition \\ref{sites-definition-site} constructed as follows: \\begin{enumerate} \\item Choose any set of schemes $S_0$, and any set of smooth coverings $\\text{Cov}_0$ among these schemes. \\item As underlying category take any category $\\mathit{Sch}_\\alpha$ constructed as in Sets, Lemma \\ref{sets-lemma-construct-category} starting with the set $S_0$. \\item Choose any set of coverings as in Sets, Lemma \\ref{sets-lemma-coverings-site} starting with the category $\\mathit{Sch}_\\alpha$ and the class of smooth coverings, and the set $\\text{Cov}_0$ chosen above. \\end{enumerate} ",
        "label": "definition-big-smooth-site",
        "tag": "03WY",
        "url": "https://stacks.math.columbia.edu/tag/03WY",
        "source_filename": "topologies.tex"
    },
    {
        "theorem": "Lemma 34.5.7.",
        "body": "  Let $\\mathit{Sch}_{smooth}$ be a big smooth site as in Definition \\ref{definition-big-smooth-site}. Let $T \\in \\mathop{\\mathrm{Ob}}\\nolimits(\\mathit{Sch}_{smooth})$. Let $\\{T_i \\to T\\}_{i \\in I}$ be an arbitrary smooth covering of $T$. \\begin{enumerate} \\item There exists a covering $\\{U_j \\to T\\}_{j \\in J}$ of $T$ in the site $\\mathit{Sch}_{smooth}$ which refines $\\{T_i \\to T\\}_{i \\in I}$. \\item If $\\{T_i \\to T\\}_{i \\in I}$ is a standard smooth covering, then it is tautologically equivalent to a covering of $\\mathit{Sch}_{smooth}$. \\item If $\\{T_i \\to T\\}_{i \\in I}$ is a Zariski covering, then it is tautologically equivalent to a covering of $\\mathit{Sch}_{smooth}$. \\end{enumerate} ",
        "label": "lemma-smooth-induced",
        "tag": "03WZ",
        "url": "https://stacks.math.columbia.edu/tag/03WZ",
        "source_filename": "topologies.tex"
    },
    {
        "theorem": "Definition 34.5.8.",
        "body": "  Let $S$ be a scheme. Let $\\mathit{Sch}_{smooth}$ be a big smooth site containing $S$. \\begin{enumerate} \\item The {\\it big smooth site of $S$}, denoted $(\\mathit{Sch}/S)_{smooth}$, is the site $\\mathit{Sch}_{smooth}/S$ introduced in Sites, Section \\ref{sites-section-localize}. \\item The {\\it big affine smooth site of $S$}, denoted $(\\textit{Aff}/S)_{smooth}$, is the full subcategory of $(\\mathit{Sch}/S)_{smooth}$ whose objects are affine $U/S$. A covering of $(\\textit{Aff}/S)_{smooth}$ is any covering $\\{U_i \\to U\\}$ of $(\\mathit{Sch}/S)_{smooth}$ which is a standard smooth covering. \\end{enumerate} ",
        "label": "definition-big-small-smooth",
        "tag": "03X0",
        "url": "https://stacks.math.columbia.edu/tag/03X0",
        "source_filename": "topologies.tex"
    },
    {
        "theorem": "Lemma 34.5.9.",
        "body": "  Let $S$ be a scheme. Let $\\mathit{Sch}_{smooth}$ be a big smooth site containing $S$. The functor $(\\textit{Aff}/S)_{smooth} \\to (\\mathit{Sch}/S)_{smooth}$ is special cocontinuous and induces an equivalence of topoi from $\\mathop{\\mathit{Sh}}\\nolimits((\\textit{Aff}/S)_{smooth})$ to $\\mathop{\\mathit{Sh}}\\nolimits((\\mathit{Sch}/S)_{smooth})$. ",
        "label": "lemma-affine-big-site-smooth",
        "tag": "06VC",
        "url": "https://stacks.math.columbia.edu/tag/06VC",
        "source_filename": "topologies.tex"
    },
    {
        "theorem": "Lemma 34.5.10.",
        "body": "  Let $\\mathit{Sch}_{smooth}$ be a big smooth site. Let $f : T \\to S$ be a morphism in $\\mathit{Sch}_{smooth}$. The functor $$ u : (\\mathit{Sch}/T)_{smooth} \\longrightarrow (\\mathit{Sch}/S)_{smooth}, \\quad V/T \\longmapsto V/S $$ is cocontinuous, and has a continuous right adjoint $$ v : (\\mathit{Sch}/S)_{smooth} \\longrightarrow (\\mathit{Sch}/T)_{smooth}, \\quad (U \\to S) \\longmapsto (U \\times_S T \\to T). $$ They induce the same morphism of topoi $$ f_{big} : \\mathop{\\mathit{Sh}}\\nolimits((\\mathit{Sch}/T)_{smooth}) \\longrightarrow \\mathop{\\mathit{Sh}}\\nolimits((\\mathit{Sch}/S)_{smooth}) $$ We have $f_{big}^{-1}(\\mathcal{G})(U/T) = \\mathcal{G}(U/S)$. We have $f_{big, *}(\\mathcal{F})(U/S) = \\mathcal{F}(U \\times_S T/T)$. Also, $f_{big}^{-1}$ has a left adjoint $f_{big!}$ which commutes with fibre products and equalizers. ",
        "label": "lemma-morphism-big-smooth",
        "tag": "04HC",
        "url": "https://stacks.math.columbia.edu/tag/04HC",
        "source_filename": "topologies.tex"
    },
    {
        "theorem": "Definition 34.6.1.",
        "body": "  Let $T$ be a scheme. An {\\it syntomic covering of $T$} is a family of morphisms $\\{f_i : T_i \\to T\\}_{i \\in I}$ of schemes such that each $f_i$ is syntomic and such that $T = \\bigcup f_i(T_i)$. ",
        "label": "definition-syntomic-covering",
        "tag": "0225",
        "url": "https://stacks.math.columbia.edu/tag/0225",
        "source_filename": "topologies.tex"
    },
    {
        "theorem": "Lemma 34.6.2.",
        "body": "  Any smooth covering is a syntomic covering, and a fortiori, any \\'etale or Zariski covering is a syntomic covering. ",
        "label": "lemma-zariski-etale-smooth-syntomic",
        "tag": "0226",
        "url": "https://stacks.math.columbia.edu/tag/0226",
        "source_filename": "topologies.tex"
    },
    {
        "theorem": "Lemma 34.6.3.",
        "body": "  Let $T$ be a scheme. \\begin{enumerate} \\item If $T' \\to T$ is an isomorphism then $\\{T' \\to T\\}$ is a syntomic covering of $T$. \\item If $\\{T_i \\to T\\}_{i\\in I}$ is a syntomic covering and for each $i$ we have a syntomic covering $\\{T_{ij} \\to T_i\\}_{j\\in J_i}$, then $\\{T_{ij} \\to T\\}_{i \\in I, j\\in J_i}$ is a syntomic covering. \\item If $\\{T_i \\to T\\}_{i\\in I}$ is a syntomic covering and $T' \\to T$ is a morphism of schemes then $\\{T' \\times_T T_i \\to T'\\}_{i\\in I}$ is a syntomic covering. \\end{enumerate} ",
        "label": "lemma-syntomic",
        "tag": "0227",
        "url": "https://stacks.math.columbia.edu/tag/0227",
        "source_filename": "topologies.tex"
    },
    {
        "theorem": "Lemma 34.6.4.",
        "body": "  Let $T$ be an affine scheme. Let $\\{T_i \\to T\\}_{i \\in I}$ be a syntomic covering of $T$. Then there exists a syntomic covering $\\{U_j \\to T\\}_{j = 1, \\ldots, m}$ which is a refinement of $\\{T_i \\to T\\}_{i \\in I}$ such that each $U_j$ is an affine scheme, and such that each morphism $U_j \\to T$ is standard syntomic, see Morphisms, Definition \\ref{morphisms-definition-syntomic}. Moreover, we may choose each $U_j$ to be open affine in one of the $T_i$. ",
        "label": "lemma-syntomic-affine",
        "tag": "0228",
        "url": "https://stacks.math.columbia.edu/tag/0228",
        "source_filename": "topologies.tex"
    },
    {
        "theorem": "Definition 34.6.5.",
        "body": "  Let $T$ be an affine scheme. A {\\it standard syntomic covering} of $T$ is a family $\\{f_j : U_j \\to T\\}_{j = 1, \\ldots, m}$ with each $U_j$ is affine, $U_j \\to T$ standard syntomic and $T = \\bigcup f_j(U_j)$. ",
        "label": "definition-standard-syntomic",
        "tag": "0229",
        "url": "https://stacks.math.columbia.edu/tag/0229",
        "source_filename": "topologies.tex"
    },
    {
        "theorem": "Definition 34.6.6.",
        "body": "  A {\\it big syntomic site} is any site $\\mathit{Sch}_{syntomic}$ as in Sites, Definition \\ref{sites-definition-site} constructed as follows: \\begin{enumerate} \\item Choose any set of schemes $S_0$, and any set of syntomic coverings $\\text{Cov}_0$ among these schemes. \\item As underlying category take any category $\\mathit{Sch}_\\alpha$ constructed as in Sets, Lemma \\ref{sets-lemma-construct-category} starting with the set $S_0$. \\item Choose any set of coverings as in Sets, Lemma \\ref{sets-lemma-coverings-site} starting with the category $\\mathit{Sch}_\\alpha$ and the class of syntomic coverings, and the set $\\text{Cov}_0$ chosen above. \\end{enumerate} ",
        "label": "definition-big-syntomic-site",
        "tag": "03X1",
        "url": "https://stacks.math.columbia.edu/tag/03X1",
        "source_filename": "topologies.tex"
    },
    {
        "theorem": "Lemma 34.6.7.",
        "body": "  Let $\\mathit{Sch}_{syntomic}$ be a big syntomic site as in Definition \\ref{definition-big-syntomic-site}. Let $T \\in \\mathop{\\mathrm{Ob}}\\nolimits(\\mathit{Sch}_{syntomic})$. Let $\\{T_i \\to T\\}_{i \\in I}$ be an arbitrary syntomic covering of $T$. \\begin{enumerate} \\item There exists a covering $\\{U_j \\to T\\}_{j \\in J}$ of $T$ in the site $\\mathit{Sch}_{syntomic}$ which refines $\\{T_i \\to T\\}_{i \\in I}$. \\item If $\\{T_i \\to T\\}_{i \\in I}$ is a standard syntomic covering, then it is tautologically equivalent to a covering in $\\mathit{Sch}_{syntomic}$. \\item If $\\{T_i \\to T\\}_{i \\in I}$ is a Zariski covering, then it is tautologically equivalent to a covering in $\\mathit{Sch}_{syntomic}$. \\end{enumerate} ",
        "label": "lemma-syntomic-induced",
        "tag": "03X2",
        "url": "https://stacks.math.columbia.edu/tag/03X2",
        "source_filename": "topologies.tex"
    },
    {
        "theorem": "Definition 34.6.8.",
        "body": "  Let $S$ be a scheme. Let $\\mathit{Sch}_{syntomic}$ be a big syntomic site containing $S$. \\begin{enumerate} \\item The {\\it big syntomic site of $S$}, denoted $(\\mathit{Sch}/S)_{syntomic}$, is the site $\\mathit{Sch}_{syntomic}/S$ introduced in Sites, Section \\ref{sites-section-localize}. \\item The {\\it big affine syntomic site of $S$}, denoted $(\\textit{Aff}/S)_{syntomic}$, is the full subcategory of $(\\mathit{Sch}/S)_{syntomic}$ whose objects are affine $U/S$. A covering of $(\\textit{Aff}/S)_{syntomic}$ is any covering $\\{U_i \\to U\\}$ of $(\\mathit{Sch}/S)_{syntomic}$ which is a standard syntomic covering. \\end{enumerate} ",
        "label": "definition-big-small-syntomic",
        "tag": "03X3",
        "url": "https://stacks.math.columbia.edu/tag/03X3",
        "source_filename": "topologies.tex"
    },
    {
        "theorem": "Lemma 34.6.9.",
        "body": "  Let $S$ be a scheme. Let $\\mathit{Sch}_{syntomic}$ be a big syntomic site containing $S$. The functor $(\\textit{Aff}/S)_{syntomic} \\to (\\mathit{Sch}/S)_{syntomic}$ is special cocontinuous and induces an equivalence of topoi from $\\mathop{\\mathit{Sh}}\\nolimits((\\textit{Aff}/S)_{syntomic})$ to $\\mathop{\\mathit{Sh}}\\nolimits((\\mathit{Sch}/S)_{syntomic})$. ",
        "label": "lemma-affine-big-site-syntomic",
        "tag": "06VD",
        "url": "https://stacks.math.columbia.edu/tag/06VD",
        "source_filename": "topologies.tex"
    },
    {
        "theorem": "Lemma 34.6.10.",
        "body": "  Let $\\mathit{Sch}_{syntomic}$ be a big syntomic site. Let $f : T \\to S$ be a morphism in $\\mathit{Sch}_{syntomic}$. The functor $$ u : (\\mathit{Sch}/T)_{syntomic} \\longrightarrow (\\mathit{Sch}/S)_{syntomic}, \\quad V/T \\longmapsto V/S $$ is cocontinuous, and has a continuous right adjoint $$ v : (\\mathit{Sch}/S)_{syntomic} \\longrightarrow (\\mathit{Sch}/T)_{syntomic}, \\quad (U \\to S) \\longmapsto (U \\times_S T \\to T). $$ They induce the same morphism of topoi $$ f_{big} : \\mathop{\\mathit{Sh}}\\nolimits((\\mathit{Sch}/T)_{syntomic}) \\longrightarrow \\mathop{\\mathit{Sh}}\\nolimits((\\mathit{Sch}/S)_{syntomic}) $$ We have $f_{big}^{-1}(\\mathcal{G})(U/T) = \\mathcal{G}(U/S)$. We have $f_{big, *}(\\mathcal{F})(U/S) = \\mathcal{F}(U \\times_S T/T)$. Also, $f_{big}^{-1}$ has a left adjoint $f_{big!}$ which commutes with fibre products and equalizers. ",
        "label": "lemma-morphism-big-syntomic",
        "tag": "04HD",
        "url": "https://stacks.math.columbia.edu/tag/04HD",
        "source_filename": "topologies.tex"
    },
    {
        "theorem": "Definition 34.7.1.",
        "body": "  Let $T$ be a scheme. An {\\it fppf covering of $T$} is a family of morphisms $\\{f_i : T_i \\to T\\}_{i \\in I}$ of schemes such that each $f_i$ is flat, locally of finite presentation and such that $T = \\bigcup f_i(T_i)$. ",
        "label": "definition-fppf-covering",
        "tag": "021M",
        "url": "https://stacks.math.columbia.edu/tag/021M",
        "source_filename": "topologies.tex"
    },
    {
        "theorem": "Lemma 34.7.2.",
        "body": "  Any syntomic covering is an fppf covering, and a fortiori, any smooth, \\'etale, or Zariski covering is an fppf covering. ",
        "label": "lemma-zariski-etale-smooth-syntomic-fppf",
        "tag": "021N",
        "url": "https://stacks.math.columbia.edu/tag/021N",
        "source_filename": "topologies.tex"
    },
    {
        "theorem": "Lemma 34.7.3.",
        "body": "  Let $T$ be a scheme. \\begin{enumerate} \\item If $T' \\to T$ is an isomorphism then $\\{T' \\to T\\}$ is an fppf covering of $T$. \\item If $\\{T_i \\to T\\}_{i\\in I}$ is an fppf covering and for each $i$ we have an fppf covering $\\{T_{ij} \\to T_i\\}_{j\\in J_i}$, then $\\{T_{ij} \\to T\\}_{i \\in I, j\\in J_i}$ is an fppf covering. \\item If $\\{T_i \\to T\\}_{i\\in I}$ is an fppf covering and $T' \\to T$ is a morphism of schemes then $\\{T' \\times_T T_i \\to T'\\}_{i\\in I}$ is an fppf covering. \\end{enumerate} ",
        "label": "lemma-fppf",
        "tag": "021O",
        "url": "https://stacks.math.columbia.edu/tag/021O",
        "source_filename": "topologies.tex"
    },
    {
        "theorem": "Lemma 34.7.4.",
        "body": "  Let $T$ be an affine scheme. Let $\\{T_i \\to T\\}_{i \\in I}$ be an fppf covering of $T$. Then there exists an fppf covering $\\{U_j \\to T\\}_{j = 1, \\ldots, m}$ which is a refinement of $\\{T_i \\to T\\}_{i \\in I}$ such that each $U_j$ is an affine scheme. Moreover, we may choose each $U_j$ to be open affine in one of the $T_i$. ",
        "label": "lemma-fppf-affine",
        "tag": "021P",
        "url": "https://stacks.math.columbia.edu/tag/021P",
        "source_filename": "topologies.tex"
    },
    {
        "theorem": "Definition 34.7.5.",
        "body": "  Let $T$ be an affine scheme. A {\\it standard fppf covering} of $T$ is a family $\\{f_j : U_j \\to T\\}_{j = 1, \\ldots, m}$ with each $U_j$ is affine, flat and of finite presentation over $T$ and $T = \\bigcup f_j(U_j)$. ",
        "label": "definition-standard-fppf",
        "tag": "021Q",
        "url": "https://stacks.math.columbia.edu/tag/021Q",
        "source_filename": "topologies.tex"
    },
    {
        "theorem": "Definition 34.7.6.",
        "body": "  A {\\it big fppf site} is any site $\\mathit{Sch}_{fppf}$ as in Sites, Definition \\ref{sites-definition-site} constructed as follows: \\begin{enumerate} \\item Choose any set of schemes $S_0$, and any set of fppf coverings $\\text{Cov}_0$ among these schemes. \\item As underlying category take any category $\\mathit{Sch}_\\alpha$ constructed as in Sets, Lemma \\ref{sets-lemma-construct-category} starting with the set $S_0$. \\item Choose any set of coverings as in Sets, Lemma \\ref{sets-lemma-coverings-site} starting with the category $\\mathit{Sch}_\\alpha$ and the class of fppf coverings, and the set $\\text{Cov}_0$ chosen above. \\end{enumerate} ",
        "label": "definition-big-fppf-site",
        "tag": "021R",
        "url": "https://stacks.math.columbia.edu/tag/021R",
        "source_filename": "topologies.tex"
    },
    {
        "theorem": "Lemma 34.7.7.",
        "body": "  Let $\\mathit{Sch}_{fppf}$ be a big fppf site as in Definition \\ref{definition-big-fppf-site}. Let $T \\in \\mathop{\\mathrm{Ob}}\\nolimits(\\mathit{Sch}_{fppf})$. Let $\\{T_i \\to T\\}_{i \\in I}$ be an arbitrary fppf covering of $T$. \\begin{enumerate} \\item There exists a covering $\\{U_j \\to T\\}_{j \\in J}$ of $T$ in the site $\\mathit{Sch}_{fppf}$ which refines $\\{T_i \\to T\\}_{i \\in I}$. \\item If $\\{T_i \\to T\\}_{i \\in I}$ is a standard fppf covering, then it is tautologically equivalent to a covering of $\\mathit{Sch}_{fppf}$. \\item If $\\{T_i \\to T\\}_{i \\in I}$ is a Zariski covering, then it is tautologically equivalent to a covering of $\\mathit{Sch}_{fppf}$. \\end{enumerate} ",
        "label": "lemma-fppf-induced",
        "tag": "03WX",
        "url": "https://stacks.math.columbia.edu/tag/03WX",
        "source_filename": "topologies.tex"
    },
    {
        "theorem": "Definition 34.7.8.",
        "body": "  Let $S$ be a scheme. Let $\\mathit{Sch}_{fppf}$ be a big fppf site containing $S$. \\begin{enumerate} \\item The {\\it big fppf site of $S$}, denoted $(\\mathit{Sch}/S)_{fppf}$, is the site $\\mathit{Sch}_{fppf}/S$ introduced in Sites, Section \\ref{sites-section-localize}. \\item The {\\it big affine fppf site of $S$}, denoted $(\\textit{Aff}/S)_{fppf}$, is the full subcategory of $(\\mathit{Sch}/S)_{fppf}$ whose objects are affine $U/S$. A covering of $(\\textit{Aff}/S)_{fppf}$ is any covering $\\{U_i \\to U\\}$ of $(\\mathit{Sch}/S)_{fppf}$ which is a standard fppf covering. \\end{enumerate} ",
        "label": "definition-big-small-fppf",
        "tag": "021S",
        "url": "https://stacks.math.columbia.edu/tag/021S",
        "source_filename": "topologies.tex"
    },
    {
        "theorem": "Lemma 34.7.9.",
        "body": "  Let $S$ be a scheme. Let $\\mathit{Sch}_{fppf}$ be a big fppf site containing $S$. Then $(\\textit{Aff}/S)_{fppf}$ is a site. ",
        "label": "lemma-verify-site-fppf",
        "tag": "021T",
        "url": "https://stacks.math.columbia.edu/tag/021T",
        "source_filename": "topologies.tex"
    },
    {
        "theorem": "Lemma 34.7.10.",
        "body": "  Let $S$ be a scheme. Let $\\mathit{Sch}_{fppf}$ be a big fppf site containing $S$. The underlying categories of the sites $\\mathit{Sch}_{fppf}$, $(\\mathit{Sch}/S)_{fppf}$, and $(\\textit{Aff}/S)_{fppf}$ have fibre products. In each case the obvious functor into the category $\\mathit{Sch}$ of all schemes commutes with taking fibre products. The category $(\\mathit{Sch}/S)_{fppf}$ has a final object, namely $S/S$. ",
        "label": "lemma-fibre-products-fppf",
        "tag": "021U",
        "url": "https://stacks.math.columbia.edu/tag/021U",
        "source_filename": "topologies.tex"
    },
    {
        "theorem": "Lemma 34.7.11.",
        "body": "  Let $S$ be a scheme. Let $\\mathit{Sch}_{fppf}$ be a big fppf site containing $S$. The functor $(\\textit{Aff}/S)_{fppf} \\to (\\mathit{Sch}/S)_{fppf}$ is cocontinuous and induces an equivalence of topoi from $\\mathop{\\mathit{Sh}}\\nolimits((\\textit{Aff}/S)_{fppf})$ to $\\mathop{\\mathit{Sh}}\\nolimits((\\mathit{Sch}/S)_{fppf})$. ",
        "label": "lemma-affine-big-site-fppf",
        "tag": "021V",
        "url": "https://stacks.math.columbia.edu/tag/021V",
        "source_filename": "topologies.tex"
    },
    {
        "theorem": "Lemma 34.7.12.",
        "body": "  Let $\\mathit{Sch}_{fppf}$ be a big fppf site. Let $f : T \\to S$ be a morphism in $\\mathit{Sch}_{fppf}$. The functor $$ u : (\\mathit{Sch}/T)_{fppf} \\longrightarrow (\\mathit{Sch}/S)_{fppf}, \\quad V/T \\longmapsto V/S $$ is cocontinuous, and has a continuous right adjoint $$ v : (\\mathit{Sch}/S)_{fppf} \\longrightarrow (\\mathit{Sch}/T)_{fppf}, \\quad (U \\to S) \\longmapsto (U \\times_S T \\to T). $$ They induce the same morphism of topoi $$ f_{big} : \\mathop{\\mathit{Sh}}\\nolimits((\\mathit{Sch}/T)_{fppf}) \\longrightarrow \\mathop{\\mathit{Sh}}\\nolimits((\\mathit{Sch}/S)_{fppf}) $$ We have $f_{big}^{-1}(\\mathcal{G})(U/T) = \\mathcal{G}(U/S)$. We have $f_{big, *}(\\mathcal{F})(U/S) = \\mathcal{F}(U \\times_S T/T)$. Also, $f_{big}^{-1}$ has a left adjoint $f_{big!}$ which commutes with fibre products and equalizers. ",
        "label": "lemma-morphism-big-fppf",
        "tag": "021W",
        "url": "https://stacks.math.columbia.edu/tag/021W",
        "source_filename": "topologies.tex"
    },
    {
        "theorem": "Lemma 34.7.13.",
        "body": "  Given schemes $X$, $Y$, $Z$ in $(\\mathit{Sch}/S)_{fppf}$ and morphisms $f : X \\to Y$, $g : Y \\to Z$ we have $g_{big} \\circ f_{big} = (g \\circ f)_{big}$. ",
        "label": "lemma-composition-fppf",
        "tag": "021X",
        "url": "https://stacks.math.columbia.edu/tag/021X",
        "source_filename": "topologies.tex"
    },
    {
        "theorem": "Definition 34.8.1.",
        "body": "  Let $T$ be an affine scheme. A {\\it standard ph covering} is a family $\\{f_j : U_j \\to T\\}_{j = 1, \\ldots, m}$ constructed from a proper surjective morphism $f : U \\to T$ and an affine open covering $U = \\bigcup_{j = 1, \\ldots, m} U_j$ by setting $f_j = f|_{U_j}$. ",
        "label": "definition-standard-ph-covering",
        "tag": "0DBD",
        "url": "https://stacks.math.columbia.edu/tag/0DBD",
        "source_filename": "topologies.tex"
    },
    {
        "theorem": "Lemma 34.8.2.",
        "body": "  Let $\\{f_j : U_j \\to T\\}_{j = 1, \\ldots, m}$ be a standard ph covering. Let $T' \\to T$ be a morphism of affine schemes. Then $\\{U_j \\times_T T' \\to T'\\}_{j = 1, \\ldots, m}$ is a standard ph covering. ",
        "label": "lemma-base-change-standard-ph",
        "tag": "0DBE",
        "url": "https://stacks.math.columbia.edu/tag/0DBE",
        "source_filename": "topologies.tex"
    },
    {
        "theorem": "Lemma 34.8.3.",
        "body": "  Let $T$ be an affine scheme. Each of the following types of families of maps with target $T$ has a refinement by a standard ph covering: \\begin{enumerate} \\item any Zariski open covering of $T$, \\item $\\{W_{ji} \\to T\\}_{j = 1, \\ldots, m, i = 1, \\ldots n_j}$ where $\\{W_{ji} \\to U_j\\}_{i = 1, \\ldots, n_j}$ and $\\{U_j \\to T\\}_{j = 1, \\ldots, m}$ are standard ph coverings. \\end{enumerate} ",
        "label": "lemma-refine-by-standard-ph",
        "tag": "0DBF",
        "url": "https://stacks.math.columbia.edu/tag/0DBF",
        "source_filename": "topologies.tex"
    },
    {
        "theorem": "Definition 34.8.4.",
        "body": "  Let $T$ be a scheme. A {\\it ph covering of $T$} is a family of morphisms $\\{f_i : T_i \\to T\\}_{i \\in I}$ of schemes such that $f_i$ is locally of finite type and such that for every affine open $U \\subset T$ there exists a standard ph covering $\\{U_j \\to U\\}_{j = 1, \\ldots, m}$ refining the family $\\{T_i \\times_T U \\to U\\}_{i \\in I}$. ",
        "label": "definition-ph-covering",
        "tag": "0DBG",
        "url": "https://stacks.math.columbia.edu/tag/0DBG",
        "source_filename": "topologies.tex"
    },
    {
        "theorem": "Lemma 34.8.5.",
        "body": "  A Zariski covering is a ph covering\\footnote{We will see in More on Morphisms, Lemma \\ref{more-morphisms-lemma-fppf-ph} that fppf coverings (and hence syntomic, smooth, or \\'etale coverings) are ph coverings as well.}. ",
        "label": "lemma-zariski-ph",
        "tag": "0DBH",
        "url": "https://stacks.math.columbia.edu/tag/0DBH",
        "source_filename": "topologies.tex"
    },
    {
        "theorem": "Lemma 34.8.6.",
        "body": "  Let $f : Y \\to X$ be a surjective proper morphism of schemes. Then $\\{Y \\to X\\}$ is a ph covering. ",
        "label": "lemma-surjective-proper-ph",
        "tag": "0DES",
        "url": "https://stacks.math.columbia.edu/tag/0DES",
        "source_filename": "topologies.tex"
    },
    {
        "theorem": "Lemma 34.8.7.",
        "body": "  Let $T$ be a scheme. Let $\\{f_i : T_i \\to T\\}_{i \\in I}$ be a family of morphisms such that $f_i$ is locally of finite type for all $i$. The following are equivalent \\begin{enumerate} \\item $\\{T_i \\to T\\}_{i \\in I}$ is a ph covering, \\item there is a ph covering which refines $\\{T_i \\to T\\}_{i \\in I}$, and \\item $\\{\\coprod_{i \\in I} T_i \\to T\\}$ is a ph covering. \\end{enumerate} ",
        "label": "lemma-refine-by-ph",
        "tag": "0ET9",
        "url": "https://stacks.math.columbia.edu/tag/0ET9",
        "source_filename": "topologies.tex"
    },
    {
        "theorem": "Lemma 34.8.8.",
        "body": "  Let $T$ be a scheme. \\begin{enumerate} \\item If $T' \\to T$ is an isomorphism then $\\{T' \\to T\\}$ is a ph covering of $T$. \\item If $\\{T_i \\to T\\}_{i\\in I}$ is a ph covering and for each $i$ we have a ph covering $\\{T_{ij} \\to T_i\\}_{j\\in J_i}$, then $\\{T_{ij} \\to T\\}_{i \\in I, j\\in J_i}$ is a ph covering. \\item If $\\{T_i \\to T\\}_{i\\in I}$ is a ph covering and $T' \\to T$ is a morphism of schemes then $\\{T' \\times_T T_i \\to T'\\}_{i\\in I}$ is a ph covering. \\end{enumerate} ",
        "label": "lemma-ph",
        "tag": "0DBI",
        "url": "https://stacks.math.columbia.edu/tag/0DBI",
        "source_filename": "topologies.tex"
    },
    {
        "theorem": "Definition 34.8.9.",
        "body": "  A {\\it big ph site} is any site $\\mathit{Sch}_{ph}$ as in Sites, Definition \\ref{sites-definition-site} constructed as follows: \\begin{enumerate} \\item Choose any set of schemes $S_0$, and any set of ph coverings $\\text{Cov}_0$ among these schemes. \\item As underlying category take any category $\\mathit{Sch}_\\alpha$ constructed as in Sets, Lemma \\ref{sets-lemma-construct-category} starting with the set $S_0$. \\item Choose any set of coverings as in Sets, Lemma \\ref{sets-lemma-coverings-site} starting with the category $\\mathit{Sch}_\\alpha$ and the class of ph coverings, and the set $\\text{Cov}_0$ chosen above. \\end{enumerate} ",
        "label": "definition-big-ph-site",
        "tag": "0DBJ",
        "url": "https://stacks.math.columbia.edu/tag/0DBJ",
        "source_filename": "topologies.tex"
    },
    {
        "theorem": "Lemma 34.8.10.",
        "body": "  Let $\\mathit{Sch}_{ph}$ be a big ph site as in Definition \\ref{definition-big-ph-site}. Let $T \\in \\mathop{\\mathrm{Ob}}\\nolimits(\\mathit{Sch}_{ph})$. Let $\\{T_i \\to T\\}_{i \\in I}$ be an arbitrary ph covering of $T$. \\begin{enumerate} \\item There exists a covering $\\{U_j \\to T\\}_{j \\in J}$ of $T$ in the site $\\mathit{Sch}_{ph}$ which refines $\\{T_i \\to T\\}_{i \\in I}$. \\item If $\\{T_i \\to T\\}_{i \\in I}$ is a standard ph covering, then it is tautologically equivalent to a covering of $\\mathit{Sch}_{ph}$. \\item If $\\{T_i \\to T\\}_{i \\in I}$ is a Zariski covering, then it is tautologically equivalent to a covering of $\\mathit{Sch}_{ph}$. \\end{enumerate} ",
        "label": "lemma-ph-induced",
        "tag": "0DBK",
        "url": "https://stacks.math.columbia.edu/tag/0DBK",
        "source_filename": "topologies.tex"
    },
    {
        "theorem": "Definition 34.8.11.",
        "body": "  Let $S$ be a scheme. Let $\\mathit{Sch}_{ph}$ be a big ph site containing $S$. \\begin{enumerate} \\item The {\\it big ph site of $S$}, denoted $(\\mathit{Sch}/S)_{ph}$, is the site $\\mathit{Sch}_{ph}/S$ introduced in Sites, Section \\ref{sites-section-localize}. \\item The {\\it big affine ph site of $S$}, denoted $(\\textit{Aff}/S)_{ph}$, is the full subcategory of $(\\mathit{Sch}/S)_{ph}$ whose objects are affine $U/S$. A covering of $(\\textit{Aff}/S)_{ph}$ is any finite covering $\\{U_i \\to U\\}$ of $(\\mathit{Sch}/S)_{ph}$ with $U_i$ and $U$ affine. \\end{enumerate} ",
        "label": "definition-big-small-ph",
        "tag": "0DBL",
        "url": "https://stacks.math.columbia.edu/tag/0DBL",
        "source_filename": "topologies.tex"
    },
    {
        "theorem": "Lemma 34.8.12.",
        "body": "  Let $S$ be a scheme. Let $\\mathit{Sch}_{ph}$ be a big ph site containing $S$. Then $(\\textit{Aff}/S)_{ph}$ is a site. ",
        "label": "lemma-verify-site-ph",
        "tag": "0DBM",
        "url": "https://stacks.math.columbia.edu/tag/0DBM",
        "source_filename": "topologies.tex"
    },
    {
        "theorem": "Lemma 34.8.13.",
        "body": "  Let $S$ be a scheme. Let $\\mathit{Sch}_{ph}$ be a big ph site containing $S$. The underlying categories of the sites $\\mathit{Sch}_{ph}$, $(\\mathit{Sch}/S)_{ph}$, and $(\\textit{Aff}/S)_{ph}$ have fibre products. In each case the obvious functor into the category $\\mathit{Sch}$ of all schemes commutes with taking fibre products. The category $(\\mathit{Sch}/S)_{ph}$ has a final object, namely $S/S$. ",
        "label": "lemma-fibre-products-ph",
        "tag": "0DBN",
        "url": "https://stacks.math.columbia.edu/tag/0DBN",
        "source_filename": "topologies.tex"
    },
    {
        "theorem": "Lemma 34.8.14.",
        "body": "  Let $S$ be a scheme. Let $\\mathit{Sch}_{ph}$ be a big ph site containing $S$. The functor $(\\textit{Aff}/S)_{ph} \\to (\\mathit{Sch}/S)_{ph}$ is cocontinuous and induces an equivalence of topoi from $\\mathop{\\mathit{Sh}}\\nolimits((\\textit{Aff}/S)_{ph})$ to $\\mathop{\\mathit{Sh}}\\nolimits((\\mathit{Sch}/S)_{ph})$. ",
        "label": "lemma-affine-big-site-ph",
        "tag": "0DBP",
        "url": "https://stacks.math.columbia.edu/tag/0DBP",
        "source_filename": "topologies.tex"
    },
    {
        "theorem": "Lemma 34.8.15.",
        "body": "  Let $\\mathcal{F}$ be a presheaf on $(\\mathit{Sch}/S)_{ph}$. Then $\\mathcal{F}$ is a sheaf if and only if \\begin{enumerate} \\item $\\mathcal{F}$ satisfies the sheaf condition for Zariski coverings, and \\item if $f : V \\to U$ is proper surjective, then $\\mathcal{F}(U)$ maps bijectively to the equalizer of the two maps $\\mathcal{F}(V) \\to \\mathcal{F}(V \\times_U V)$. \\end{enumerate} Moreover, in the presence of (1) property (2) is equivalent to property \\begin{enumerate} \\item[(2')] the sheaf property for $\\{V \\to U\\}$ as in (2) with $U$ affine. \\end{enumerate} ",
        "label": "lemma-characterize-sheaf",
        "tag": "0DBQ",
        "url": "https://stacks.math.columbia.edu/tag/0DBQ",
        "source_filename": "topologies.tex"
    },
    {
        "theorem": "Lemma 34.8.16.",
        "body": "  Let $\\mathit{Sch}_{ph}$ be a big ph site. Let $f : T \\to S$ be a morphism in $\\mathit{Sch}_{ph}$. The functor $$ u : (\\mathit{Sch}/T)_{ph} \\longrightarrow (\\mathit{Sch}/S)_{ph}, \\quad V/T \\longmapsto V/S $$ is cocontinuous, and has a continuous right adjoint $$ v : (\\mathit{Sch}/S)_{ph} \\longrightarrow (\\mathit{Sch}/T)_{ph}, \\quad (U \\to S) \\longmapsto (U \\times_S T \\to T). $$ They induce the same morphism of topoi $$ f_{big} : \\mathop{\\mathit{Sh}}\\nolimits((\\mathit{Sch}/T)_{ph}) \\longrightarrow \\mathop{\\mathit{Sh}}\\nolimits((\\mathit{Sch}/S)_{ph}) $$ We have $f_{big}^{-1}(\\mathcal{G})(U/T) = \\mathcal{G}(U/S)$. We have $f_{big, *}(\\mathcal{F})(U/S) = \\mathcal{F}(U \\times_S T/T)$. Also, $f_{big}^{-1}$ has a left adjoint $f_{big!}$ which commutes with fibre products and equalizers. ",
        "label": "lemma-morphism-big-ph",
        "tag": "0DBR",
        "url": "https://stacks.math.columbia.edu/tag/0DBR",
        "source_filename": "topologies.tex"
    },
    {
        "theorem": "Lemma 34.8.17.",
        "body": "  Given schemes $X$, $Y$, $Y$ in $(\\mathit{Sch}/S)_{ph}$ and morphisms $f : X \\to Y$, $g : Y \\to Z$ we have $g_{big} \\circ f_{big} = (g \\circ f)_{big}$. ",
        "label": "lemma-composition-ph",
        "tag": "0DBS",
        "url": "https://stacks.math.columbia.edu/tag/0DBS",
        "source_filename": "topologies.tex"
    },
    {
        "theorem": "Definition 34.9.1.",
        "body": "  Let $T$ be a scheme. An {\\it fpqc covering of $T$} is a family of morphisms $\\{f_i : T_i \\to T\\}_{i \\in I}$ of schemes such that each $f_i$ is flat and such that for every affine open $U \\subset T$ there exists $n \\geq 0$, a map $a : \\{1, \\ldots, n\\} \\to I$ and affine opens $V_j \\subset T_{a(j)}$, $j = 1, \\ldots, n$ with $\\bigcup_{j = 1}^n f_{a(j)}(V_j) = U$. ",
        "label": "definition-fpqc-covering",
        "tag": "022B",
        "url": "https://stacks.math.columbia.edu/tag/022B",
        "source_filename": "topologies.tex"
    },
    {
        "theorem": "Lemma 34.9.2.",
        "body": "  Let $T$ be a scheme. Let $\\{f_i : T_i \\to T\\}_{i \\in I}$ be a family of morphisms of schemes with target $T$. The following are equivalent \\begin{enumerate} \\item $\\{f_i : T_i \\to T\\}_{i \\in I}$ is an fpqc covering, \\item each $f_i$ is flat and for every affine open $U \\subset T$ there exist quasi-compact opens $U_i \\subset T_i$ which are almost all empty, such that $U = \\bigcup f_i(U_i)$, \\item each $f_i$ is flat and there exists an affine open covering $T = \\bigcup_{\\alpha \\in A} U_\\alpha$ and for each $\\alpha \\in A$ there exist $i_{\\alpha, 1}, \\ldots, i_{\\alpha, n(\\alpha)} \\in I$ and quasi-compact opens $U_{\\alpha, j} \\subset T_{i_{\\alpha, j}}$ such that $U_\\alpha = \\bigcup_{j = 1, \\ldots, n(\\alpha)} f_{i_{\\alpha, j}}(U_{\\alpha, j})$. \\end{enumerate} If $T$ is quasi-separated, these are also equivalent to \\begin{enumerate} \\item[(4)] each $f_i$ is flat, and for every $t \\in T$ there exist $i_1, \\ldots, i_n \\in I$ and quasi-compact opens $U_j \\subset T_{i_j}$ such that $\\bigcup_{j = 1, \\ldots, n} f_{i_j}(U_j)$ is a (not necessarily open) neighbourhood of $t$ in $T$. \\end{enumerate} ",
        "label": "lemma-recognize-fpqc-covering",
        "tag": "03L7",
        "url": "https://stacks.math.columbia.edu/tag/03L7",
        "source_filename": "topologies.tex"
    },
    {
        "theorem": "Example 34.9.3.",
        "body": "  Let $X = X_1 \\cup X_2$ where $X_1 = X_2 = \\mathop{\\mathrm{Spec}}(k[t_1,t_2,\\dots])$ be the non-quasi-separated scheme from Schemes, Example \\ref{schemes-example-not-quasi-separated}, and $Y = X_1 \\amalg \\mathop{\\mathrm{Spec}}(\\mathcal{O}_{X_2, 0})$. Then the obvious morphism $f : Y \\to X$ is flat and surjective, and (since $Y$ is quasi-compact) trivially satisfies (4) of Lemma \\ref{lemma-recognize-fpqc-covering}. But $\\{f : Y \\to X\\}$ isn't an fpqc covering. Namely, we claim there is no quasi-compact open $W$ of $Y$ whose image by $f$ is $X_2$. Namely, $f^{-1}(X_2) = X_1 \\setminus \\{0\\} \\amalg \\mathop{\\mathrm{Spec}}(\\mathcal{O}_{X_2, 0})$. Hence if $W$ exists, then $W = U \\amalg \\mathop{\\mathrm{Spec}}(\\mathcal{O}_{X_2, 0})$ for some quasi-compact open $U$ of $X_1 \\setminus \\{0\\} = X_2 \\setminus \\{0\\}$. But then we may write $U = D(f_1) \\cup \\ldots \\cup D(f_n)$ for some $f_i \\in k[t_1, t_2, \\ldots]$ vanishing at $0$. Suppose that $f_1, \\ldots, f_n$ use only the variables $x_1, \\ldots, x_m$. Then $p = (0, \\ldots, 0, 1, 0, \\ldots)$ with $1$ in the $(m + 1)$st spot is a closed point of $X_2$ not in the image of $W$. ",
        "label": "example-not-fpqc",
        "tag": "0H7E",
        "url": "https://stacks.math.columbia.edu/tag/0H7E",
        "source_filename": "topologies.tex"
    },
    {
        "theorem": "Lemma 34.9.4.",
        "body": "  Let $T$ be a scheme. Let $\\{f_i : T_i \\to T\\}_{i \\in I}$ be a family of morphisms of schemes with target $T$. The following are equivalent \\begin{enumerate} \\item $\\{f_i : T_i \\to T\\}_{i \\in I}$ is an fpqc covering, and \\item setting $T' = \\coprod_{i \\in I} T_i$, and $f = \\coprod_{i \\in I} f_i$ the family $\\{f : T' \\to T\\}$ is an fpqc covering. \\end{enumerate} ",
        "label": "lemma-disjoint-union-is-fpqc-covering",
        "tag": "040I",
        "url": "https://stacks.math.columbia.edu/tag/040I",
        "source_filename": "topologies.tex"
    },
    {
        "theorem": "Lemma 34.9.5.",
        "body": "  Let $T$ be a scheme. Let $\\{f_i : T_i \\to T\\}_{i \\in I}$ be a family of morphisms of schemes with target $T$. Assume that \\begin{enumerate} \\item each $f_i$ is flat, and \\item the family $\\{f_i : T_i \\to T\\}_{i \\in I}$ can be refined by an fpqc covering of $T$. \\end{enumerate} Then $\\{f_i : T_i \\to T\\}_{i \\in I}$ is an fpqc covering of $T$. ",
        "label": "lemma-family-flat-dominated-covering",
        "tag": "03L8",
        "url": "https://stacks.math.columbia.edu/tag/03L8",
        "source_filename": "topologies.tex"
    },
    {
        "theorem": "Lemma 34.9.6.",
        "body": "  Let $T$ be a scheme. Let $\\{f_i : T_i \\to T\\}_{i \\in I}$ be a family of morphisms of schemes with target $T$. Assume that \\begin{enumerate} \\item each $f_i$ is flat, and \\item there exists an fpqc covering $\\{g_j : S_j \\to T\\}_{j \\in J}$ such that each $\\{S_j \\times_T T_i \\to S_j\\}_{i \\in I}$ is an fpqc covering. \\end{enumerate} Then $\\{f_i : T_i \\to T\\}_{i \\in I}$ is an fpqc covering of $T$. ",
        "label": "lemma-family-flat-fpqc-local-covering",
        "tag": "03L9",
        "url": "https://stacks.math.columbia.edu/tag/03L9",
        "source_filename": "topologies.tex"
    },
    {
        "theorem": "Lemma 34.9.7.",
        "body": "  Any fppf covering is an fpqc covering, and a fortiori, any syntomic, smooth, \\'etale or Zariski covering is an fpqc covering. ",
        "label": "lemma-zariski-etale-smooth-syntomic-fppf-fpqc",
        "tag": "022C",
        "url": "https://stacks.math.columbia.edu/tag/022C",
        "source_filename": "topologies.tex"
    },
    {
        "theorem": "Lemma 34.9.8.",
        "body": "  Let $T$ be a scheme. \\begin{enumerate} \\item If $T' \\to T$ is an isomorphism then $\\{T' \\to T\\}$ is an fpqc covering of $T$. \\item If $\\{T_i \\to T\\}_{i\\in I}$ is an fpqc covering and for each $i$ we have an fpqc covering $\\{T_{ij} \\to T_i\\}_{j\\in J_i}$, then $\\{T_{ij} \\to T\\}_{i \\in I, j\\in J_i}$ is an fpqc covering. \\item If $\\{T_i \\to T\\}_{i\\in I}$ is an fpqc covering and $T' \\to T$ is a morphism of schemes then $\\{T' \\times_T T_i \\to T'\\}_{i\\in I}$ is an fpqc covering. \\end{enumerate} ",
        "label": "lemma-fpqc",
        "tag": "022D",
        "url": "https://stacks.math.columbia.edu/tag/022D",
        "source_filename": "topologies.tex"
    },
    {
        "theorem": "Lemma 34.9.9.",
        "body": "  Let $T$ be an affine scheme. Let $\\{T_i \\to T\\}_{i \\in I}$ be an fpqc covering of $T$. Then there exists an fpqc covering $\\{U_j \\to T\\}_{j = 1, \\ldots, n}$ which is a refinement of $\\{T_i \\to T\\}_{i \\in I}$ such that each $U_j$ is an affine scheme. Moreover, we may choose each $U_j$ to be open affine in one of the $T_i$. ",
        "label": "lemma-fpqc-affine",
        "tag": "022E",
        "url": "https://stacks.math.columbia.edu/tag/022E",
        "source_filename": "topologies.tex"
    },
    {
        "theorem": "Definition 34.9.10.",
        "body": "  Let $T$ be an affine scheme. A {\\it standard fpqc covering} of $T$ is a family $\\{f_j : U_j \\to T\\}_{j = 1, \\ldots, n}$ with each $U_j$ is affine, flat over $T$ and $T = \\bigcup f_j(U_j)$. ",
        "label": "definition-standard-fpqc",
        "tag": "022F",
        "url": "https://stacks.math.columbia.edu/tag/022F",
        "source_filename": "topologies.tex"
    },
    {
        "theorem": "Lemma 34.9.11.",
        "body": "  Let $T$ be an affine scheme. \\begin{enumerate} \\item If $T' \\to T$ is an isomorphism then $\\{T' \\to T\\}$ is a standard fpqc covering of $T$. \\item If $\\{T_i \\to T\\}_{i\\in I}$ is a standard fpqc covering and for each $i$ we have a standard fpqc covering $\\{T_{ij} \\to T_i\\}_{j\\in J_i}$, then $\\{T_{ij} \\to T\\}_{i \\in I, j\\in J_i}$ is a standard fpqc covering. \\item If $\\{T_i \\to T\\}_{i\\in I}$ is a standard fpqc covering and $T' \\to T$ is a morphism of affine schemes then $\\{T' \\times_T T_i \\to T'\\}_{i\\in I}$ is a standard fpqc covering. \\end{enumerate} ",
        "label": "lemma-fpqc-affine-axioms",
        "tag": "03LA",
        "url": "https://stacks.math.columbia.edu/tag/03LA",
        "source_filename": "topologies.tex"
    },
    {
        "theorem": "Lemma 34.9.12.",
        "body": "  Let $T$ be a scheme. Let $\\{f_i : T_i \\to T\\}_{i \\in I}$ be a family of morphisms of schemes with target $T$. Assume that \\begin{enumerate} \\item each $f_i$ is flat, and \\item every affine scheme $Z$ and morphism $h : Z \\to T$ there exists a standard fpqc covering $\\{Z_j \\to Z\\}_{j = 1, \\ldots, n}$ which refines the family $\\{T_i \\times_T Z \\to Z\\}_{i \\in I}$. \\end{enumerate} Then $\\{f_i : T_i \\to T\\}_{i \\in I}$ is an fpqc covering of $T$. ",
        "label": "lemma-fpqc-covering-affines-mapping-in",
        "tag": "03LB",
        "url": "https://stacks.math.columbia.edu/tag/03LB",
        "source_filename": "topologies.tex"
    },
    {
        "theorem": "Definition 34.9.13.",
        "body": "  Let $F$ be a contravariant functor on the category of schemes with values in sets. \\begin{enumerate} \\item Let $\\{U_i \\to T\\}_{i \\in I}$ be a family of morphisms of schemes with fixed target. We say that $F$ {\\it satisfies the sheaf property for the given family} if for any collection of elements $\\xi_i \\in F(U_i)$ such that $\\xi_i|_{U_i \\times_T U_j} = \\xi_j|_{U_i \\times_T U_j}$ there exists a unique element $\\xi \\in F(T)$ such that $\\xi_i = \\xi|_{U_i}$ in $F(U_i)$. \\item We say that $F$ {\\it satisfies the sheaf property for the fpqc topology} if it satisfies the sheaf property for any fpqc covering. \\end{enumerate} ",
        "label": "definition-sheaf-property-fpqc",
        "tag": "022G",
        "url": "https://stacks.math.columbia.edu/tag/022G",
        "source_filename": "topologies.tex"
    },
    {
        "theorem": "Lemma 34.9.14.",
        "body": "  Let $F$ be a contravariant functor on the category of schemes with values in sets. Then $F$ satisfies the sheaf property for the fpqc topology if and only if it satisfies \\begin{enumerate} \\item the sheaf property for every Zariski covering, and \\item the sheaf property for any standard fpqc covering. \\end{enumerate} Moreover, in the presence of (1) property (2) is equivalent to property \\begin{enumerate} \\item[(2')] the sheaf property for $\\{V \\to U\\}$ with $V$, $U$ affine and $V \\to U$ faithfully flat. \\end{enumerate} ",
        "label": "lemma-sheaf-property-fpqc",
        "tag": "022H",
        "url": "https://stacks.math.columbia.edu/tag/022H",
        "source_filename": "topologies.tex"
    },
    {
        "theorem": "Lemma 34.9.15.",
        "body": "  Let $R$ be a nonzero ring. There does not exist a set $A$ of fpqc-coverings of $\\mathop{\\mathrm{Spec}}(R)$ such that every fpqc-covering can be refined by an element of $A$. ",
        "label": "lemma-no-set-of-fpqc-covers-is-initial",
        "tag": "0BBK",
        "url": "https://stacks.math.columbia.edu/tag/0BBK",
        "source_filename": "topologies.tex"
    },
    {
        "theorem": "Definition 34.10.1.",
        "body": "  Let $T$ be an affine scheme. A {\\it standard V covering} is a finite family $\\{T_j \\to T\\}_{j = 1, \\ldots, m}$ with $T_j$ affine such that for every morphism $g : \\mathop{\\mathrm{Spec}}(V) \\to T$ where $V$ is a valuation ring, there is an extension $V \\subset W$ of valuation rings (More on Algebra, Definition \\ref{more-algebra-definition-extension-valuation-rings}), an index $1 \\leq j \\leq m$, and a commutative diagram $$ \\xymatrix{ \\mathop{\\mathrm{Spec}}(W) \\ar[r] \\ar[d] & T_j \\ar[d] \\\\ \\mathop{\\mathrm{Spec}}(V) \\ar[r]^g & T } $$ ",
        "label": "definition-standard-V-covering",
        "tag": "0ETB",
        "url": "https://stacks.math.columbia.edu/tag/0ETB",
        "source_filename": "topologies.tex"
    },
    {
        "theorem": "Lemma 34.10.2.",
        "body": "  A standard fpqc covering is a standard V covering. ",
        "label": "lemma-standard-fpqc-standard-V",
        "tag": "0ETC",
        "url": "https://stacks.math.columbia.edu/tag/0ETC",
        "source_filename": "topologies.tex"
    },
    {
        "theorem": "Lemma 34.10.3.",
        "body": "  A standard ph covering is a standard V covering. ",
        "label": "lemma-standard-ph-standard-V",
        "tag": "0ETD",
        "url": "https://stacks.math.columbia.edu/tag/0ETD",
        "source_filename": "topologies.tex"
    },
    {
        "theorem": "Lemma 34.10.4.",
        "body": "  Let $\\{T_j \\to T\\}_{j = 1, \\ldots, m}$ be a standard V covering. Let $T' \\to T$ be a morphism of affine schemes. Then $\\{T_j \\times_T T' \\to T'\\}_{j = 1, \\ldots, m}$ is a standard V covering. ",
        "label": "lemma-base-change-standard-V",
        "tag": "0ETE",
        "url": "https://stacks.math.columbia.edu/tag/0ETE",
        "source_filename": "topologies.tex"
    },
    {
        "theorem": "Lemma 34.10.5.",
        "body": "  Let $T$ be an affine scheme. Let $\\{T_j \\to T\\}_{j = 1, \\ldots, m}$ be a standard V covering. Let $\\{T_{ji} \\to T_j\\}_{i = 1, \\ldots n_j}$ be a standard V covering. Then $\\{T_{ji} \\to T\\}_{i, j}$ is a standard V covering. ",
        "label": "lemma-composition-standard-V",
        "tag": "0ETF",
        "url": "https://stacks.math.columbia.edu/tag/0ETF",
        "source_filename": "topologies.tex"
    },
    {
        "theorem": "Lemma 34.10.6.",
        "body": "  Let $T$ be an affine scheme. Let $\\{T_j \\to T\\}_{j = 1, \\ldots, m}$ be a family of morphisms with $T_j$ affine for all $j$. The following are equivalent \\begin{enumerate} \\item $\\{T_j \\to T\\}_{j = 1, \\ldots, m}$ is a standard V covering, \\item there is a standard V covering which refines $\\{T_j \\to T\\}_{j = 1, \\ldots, m}$, and \\item $\\{\\coprod_{j = 1, \\ldots, m} T_j \\to T\\}$ is a standard V covering. \\end{enumerate} ",
        "label": "lemma-refine-standard-V",
        "tag": "0ETG",
        "url": "https://stacks.math.columbia.edu/tag/0ETG",
        "source_filename": "topologies.tex"
    },
    {
        "theorem": "Definition 34.10.7.",
        "body": "  Let $T$ be a scheme. A {\\it V covering of $T$} is a family of morphisms $\\{T_i \\to T\\}_{i \\in I}$ of schemes such that for every affine open $U \\subset T$ there exists a standard V covering $\\{U_j \\to U\\}_{j = 1, \\ldots, m}$ refining the family $\\{T_i \\times_T U \\to U\\}_{i \\in I}$. ",
        "label": "definition-V-covering",
        "tag": "0ETH",
        "url": "https://stacks.math.columbia.edu/tag/0ETH",
        "source_filename": "topologies.tex"
    },
    {
        "theorem": "Lemma 34.10.8.",
        "body": "  Let $T$ be a scheme. Let $\\{f_i : T_i \\to T\\}_{i \\in I}$ be a family of morphisms. The following are equivalent \\begin{enumerate} \\item $\\{T_i \\to T\\}_{i \\in I}$ is a V covering, \\item there is a V covering which refines $\\{T_i \\to T\\}_{i \\in I}$, and \\item $\\{\\coprod_{i \\in I} T_i \\to T\\}$ is a V covering. \\end{enumerate} ",
        "label": "lemma-refine-by-V",
        "tag": "0ETI",
        "url": "https://stacks.math.columbia.edu/tag/0ETI",
        "source_filename": "topologies.tex"
    },
    {
        "theorem": "Lemma 34.10.9.",
        "body": "  Let $T$ be a scheme. \\begin{enumerate} \\item If $T' \\to T$ is an isomorphism then $\\{T' \\to T\\}$ is a V covering of $T$. \\item If $\\{T_i \\to T\\}_{i\\in I}$ is a V covering and for each $i$ we have a V covering $\\{T_{ij} \\to T_i\\}_{j\\in J_i}$, then $\\{T_{ij} \\to T\\}_{i \\in I, j\\in J_i}$ is a V covering. \\item If $\\{T_i \\to T\\}_{i\\in I}$ is a V covering and $T' \\to T$ is a morphism of schemes then $\\{T' \\times_T T_i \\to T'\\}_{i\\in I}$ is a V covering. \\end{enumerate} ",
        "label": "lemma-V",
        "tag": "0ETJ",
        "url": "https://stacks.math.columbia.edu/tag/0ETJ",
        "source_filename": "topologies.tex"
    },
    {
        "theorem": "Lemma 34.10.10.",
        "body": "  Any fpqc covering is a V covering. A fortiori, any fppf, syntomic, smooth, \\'etale or Zariski covering is a V covering. Also, a ph covering is a V covering. ",
        "label": "lemma-zariski-etale-smooth-syntomic-fppf-fpqc-ph-V",
        "tag": "0ETK",
        "url": "https://stacks.math.columbia.edu/tag/0ETK",
        "source_filename": "topologies.tex"
    },
    {
        "theorem": "Definition 34.10.11.",
        "body": "  Let $F$ be a contravariant functor on the category of schemes with values in sets. We say that $F$ {\\it satisfies the sheaf property for the V topology} if it satisfies the sheaf property for any V covering (see Definition \\ref{definition-sheaf-property-fpqc}). ",
        "label": "definition-sheaf-property-V",
        "tag": "0ETL",
        "url": "https://stacks.math.columbia.edu/tag/0ETL",
        "source_filename": "topologies.tex"
    },
    {
        "theorem": "Lemma 34.10.12.",
        "body": "  Let $F$ be a contravariant functor on the category of schemes with values in sets. Then $F$ satisfies the sheaf property for the V topology if and only if it satisfies \\begin{enumerate} \\item the sheaf property for every Zariski covering, and \\item the sheaf property for any standard V covering. \\end{enumerate} Moreover, in the presence of (1) property (2) is equivalent to property \\begin{enumerate} \\item[(2')] the sheaf property for a standard V covering of the form $\\{V \\to U\\}$, i.e., consisting of a single arrow. \\end{enumerate} ",
        "label": "lemma-sheaf-property-V",
        "tag": "0ETM",
        "url": "https://stacks.math.columbia.edu/tag/0ETM",
        "source_filename": "topologies.tex"
    },
    {
        "theorem": "Lemma 34.10.13.",
        "body": "  Let $X \\to Y$ be a quasi-compact morphism of schemes. The following are equivalent \\begin{enumerate} \\item $\\{X \\to Y\\}$ is a V covering, \\item for any valuation ring $V$ and morphism $g : \\mathop{\\mathrm{Spec}}(V) \\to Y$ there exists an extension of valuation rings $V \\subset W$ and a commutative diagram $$ \\xymatrix{ \\mathop{\\mathrm{Spec}}(W) \\ar[r] \\ar[d] & X \\ar[d] \\\\ \\mathop{\\mathrm{Spec}}(V) \\ar[r] & Y } $$ \\item for any morphism $Z \\to Y$ and specialization $z' \\leadsto z$ of points in $Z$, there is a specialization $w' \\leadsto w$ of points in $Z \\times_Y X$ mapping to $z' \\leadsto z$. \\end{enumerate} ",
        "label": "lemma-refine-qcqs-V",
        "tag": "0ETN",
        "url": "https://stacks.math.columbia.edu/tag/0ETN",
        "source_filename": "topologies.tex"
    },
    {
        "theorem": "Lemma 34.10.14.",
        "body": "  Let $\\{f_i : X_i \\to X\\}_{i \\in I}$ be a V covering. Then $$ \\coprod\\nolimits_{i \\in I} f_i : \\coprod\\nolimits_{i \\in I} X_i \\longrightarrow X $$ is a universally submersive morphism of schemes (Morphisms, Definition \\ref{morphisms-definition-submersive}). ",
        "label": "lemma-V-covering-universally-submersive",
        "tag": "0ETP",
        "url": "https://stacks.math.columbia.edu/tag/0ETP",
        "source_filename": "topologies.tex"
    },
    {
        "theorem": "Remark 34.11.1.",
        "body": "  Take any category $\\mathit{Sch}_\\alpha$ constructed as in Sets, Lemma \\ref{sets-lemma-construct-category} starting with the set of schemes $\\{X, Y, S\\}$. Choose any set of coverings $\\text{Cov}_{fppf}$ on $\\mathit{Sch}_\\alpha$ as in Sets, Lemma \\ref{sets-lemma-coverings-site} starting with the category $\\mathit{Sch}_\\alpha$ and the class of fppf coverings. Let $\\mathit{Sch}_{fppf}$ denote the big fppf site so obtained. Next, for $\\tau \\in \\{Zariski, {\\acute{e}tale}, smooth, syntomic\\}$ let $\\mathit{Sch}_\\tau$ have the same underlying category as $\\mathit{Sch}_{fppf}$ with coverings $\\text{Cov}_\\tau \\subset \\text{Cov}_{fppf}$ simply the subset of $\\tau$-coverings. It is straightforward to check that this gives rise to a big site $\\mathit{Sch}_\\tau$. ",
        "label": "remark-choice-sites",
        "tag": "03FF",
        "url": "https://stacks.math.columbia.edu/tag/03FF",
        "source_filename": "topologies.tex"
    },
    {
        "theorem": "Lemma 34.12.1.",
        "body": "  Any set of big Zariski sites is contained in a common big Zariski site. The same is true, mutatis mutandis, for big fppf and big \\'etale sites. ",
        "label": "lemma-contained-in",
        "tag": "022J",
        "url": "https://stacks.math.columbia.edu/tag/022J",
        "source_filename": "topologies.tex"
    },
    {
        "theorem": "Lemma 34.12.2.",
        "body": "  Let $\\tau \\in \\{Zariski, {\\acute{e}tale}, smooth, syntomic, fppf\\}$. Suppose given big sites $\\mathit{Sch}_\\tau$ and $\\mathit{Sch}'_\\tau$. Assume that $\\mathit{Sch}_\\tau$ is contained in $\\mathit{Sch}'_\\tau$. The inclusion functor $\\mathit{Sch}_\\tau \\to \\mathit{Sch}'_\\tau$ satisfies the assumptions of Sites, Lemma \\ref{sites-lemma-bigger-site}. There are morphisms of topoi \\begin{eqnarray*} g : \\mathop{\\mathit{Sh}}\\nolimits(\\mathit{Sch}_\\tau) & \\longrightarrow & \\mathop{\\mathit{Sh}}\\nolimits(\\mathit{Sch}'_\\tau) \\\\ f : \\mathop{\\mathit{Sh}}\\nolimits(\\mathit{Sch}'_\\tau) & \\longrightarrow & \\mathop{\\mathit{Sh}}\\nolimits(\\mathit{Sch}_\\tau) \\end{eqnarray*} such that $f \\circ g \\cong \\text{id}$. For any object $S$ of $\\mathit{Sch}_\\tau$ the inclusion functor $(\\mathit{Sch}/S)_\\tau \\to (\\mathit{Sch}'/S)_\\tau$ satisfies the assumptions of Sites, Lemma \\ref{sites-lemma-bigger-site} also. Hence similarly we obtain morphisms \\begin{eqnarray*} g : \\mathop{\\mathit{Sh}}\\nolimits((\\mathit{Sch}/S)_\\tau) & \\longrightarrow & \\mathop{\\mathit{Sh}}\\nolimits((\\mathit{Sch}'/S)_\\tau) \\\\ f : \\mathop{\\mathit{Sh}}\\nolimits((\\mathit{Sch}'/S)_\\tau) & \\longrightarrow & \\mathop{\\mathit{Sh}}\\nolimits((\\mathit{Sch}/S)_\\tau) \\end{eqnarray*} with $f \\circ g \\cong \\text{id}$. ",
        "label": "lemma-change-alpha",
        "tag": "022K",
        "url": "https://stacks.math.columbia.edu/tag/022K",
        "source_filename": "topologies.tex"
    },
    {
        "theorem": "Lemma 34.13.1.",
        "body": "  Let $S$ be a scheme. Let $\\mathcal{C}$ be a full subcategory of the category $\\mathit{Sch}/S$ of all schemes over $S$. Assume \\begin{enumerate} \\item if $X \\to S$ is an object of $\\mathcal{C}$ and $U \\subset X$ is an affine open, then $U \\to S$ is isomorphic to an object of $\\mathcal{C}$, \\item if $V$ is an affine scheme lying over an affine open $U \\subset S$ such that $V \\to U$ is of finite presentation, then $V \\to S$ is isomorphic to an object of $\\mathcal{C}$. \\end{enumerate} Let $F : \\mathcal{C}^{opp} \\to \\textit{Sets}$ be a functor. Assume \\begin{enumerate} \\item[(a)] for any Zariski covering $\\{f_i : X_i \\to X\\}_{i \\in I}$ with $X, X_i$ objects of $\\mathcal{C}$ we have the sheaf condition for $F$ and this family\\footnote{As we do not know that $X_i \\times_X X_j$ is in $\\mathcal{C}$ this has to be interpreted as follows: by property (1) there exist Zariski coverings $\\{U_{ijk} \\to X_i \\times_X X_j\\}_{k \\in K_{ij}}$ with $U_{ijk}$ an object of $\\mathcal{C}$. Then the sheaf condition says that $F(X)$ is the equalizer of the two maps from $\\prod F(X_i)$ to $\\prod F(U_{ijk})$.}, \\item[(b)] if $X = \\mathop{\\mathrm{lim}}\\nolimits X_i$ is a directed limit of affine schemes over $S$ with $X, X_i$ objects of $\\mathcal{C}$, then $F(X) = \\mathop{\\mathrm{colim}}\\nolimits F(X_i)$. \\end{enumerate} Then there is a unique way to extend $F$ to a functor $F' : (\\mathit{Sch}/S)^{opp} \\to \\textit{Sets}$ satisfying the analogues of (a) and (b), i.e., $F'$ satisfies the sheaf condition for any Zariski covering and $F'(X) = \\mathop{\\mathrm{colim}}\\nolimits F'(X_i)$ whenever $X = \\mathop{\\mathrm{lim}}\\nolimits X_i$ is a directed limit of affine schemes over $S$. ",
        "label": "lemma-extend",
        "tag": "0EUW",
        "url": "https://stacks.math.columbia.edu/tag/0EUW",
        "source_filename": "topologies.tex"
    },
    {
        "theorem": "Lemma 34.13.2.",
        "body": "  Let $\\tau \\in \\{Zariski, {\\acute{e}tale}, smooth, syntomic, fppf\\}$. Let $T$ be an affine scheme which is written as a limit $T = \\mathop{\\mathrm{lim}}\\nolimits_{i \\in I} T_i$ of a directed inverse system of affine schemes. \\begin{enumerate} \\item Let $\\mathcal{V} = \\{V_j \\to T\\}_{j = 1, \\ldots, m}$ be a standard $\\tau$-covering of $T$, see Definitions \\ref{definition-standard-Zariski}, \\ref{definition-standard-etale}, \\ref{definition-standard-smooth}, \\ref{definition-standard-syntomic}, and \\ref{definition-standard-fppf}. Then there exists an index $i$ and a standard $\\tau$-covering $\\mathcal{V}_i = \\{V_{i, j} \\to T_i\\}_{j = 1, \\ldots, m}$ whose base change $T \\times_{T_i} \\mathcal{V}_i$ to $T$ is isomorphic to $\\mathcal{V}$. \\item Let $\\mathcal{V}_i$, $\\mathcal{V}'_i$ be a pair of standard $\\tau$-coverings of $T_i$. If $f : T \\times_{T_i} \\mathcal{V}_i \\to T \\times_{T_i} \\mathcal{V}'_i$ is a morphism of coverings of $T$, then there exists an index $i' \\geq i$ and a morphism $f_{i'} : T_{i'} \\times_{T_i} \\mathcal{V} \\to T_{i'} \\times_{T_i} \\mathcal{V}'_i$ whose base change to $T$ is $f$. \\item If $f, g : \\mathcal{V} \\to \\mathcal{V}'_i$ are morphisms of standard $\\tau$-coverings of $T_i$ whose base changes $f_T, g_T$ to $T$ are equal then there exists an index $i' \\geq i$ such that $f_{T_{i'}} = g_{T_{i'}}$. \\end{enumerate} In other words, the category of standard $\\tau$-coverings of $T$ is the colimit over $I$ of the categories of standard $\\tau$-coverings of $T_i$. ",
        "label": "lemma-limit-fppf-topology",
        "tag": "049N",
        "url": "https://stacks.math.columbia.edu/tag/049N",
        "source_filename": "topologies.tex"
    },
    {
        "theorem": "Lemma 34.13.3.",
        "body": "  Let $S$, $\\mathcal{C}$, $F$ satisfy conditions (1), (2), (a), and (b) of Lemma \\ref{lemma-extend} and denote $F' : (\\mathit{Sch}/S)^{opp} \\to \\textit{Sets}$ the unique extension constructed in the lemma. Let $\\tau \\in \\{Zariski, {\\acute{e}tale}, smooth, syntomic, fppf\\}$. Assume \\begin{enumerate} \\item[(c)] for any standard $\\tau$-covering $\\{V_i \\to V\\}_{i = 1, \\ldots, n}$ of affines in $\\mathit{Sch}/S$ such that $V \\to S$ factors through an affine open $U \\subset S$ and $V \\to U$ is of finite presentation, the sheaf condition hold for $F$ and $\\{V_i \\to V\\}_{i = 1, \\ldots, n}$\\footnote{This makes sense as $V$, $V_i$, and $V_i \\times_V V_j$ are isomorphic to objects of $\\mathcal{C}$ by (2).}. \\end{enumerate} Then $F'$ satisfies the sheaf condition for all $\\tau$-coverings. ",
        "label": "lemma-extend-sheaf-general",
        "tag": "0GDW",
        "url": "https://stacks.math.columbia.edu/tag/0GDW",
        "source_filename": "topologies.tex"
    },
    {
        "theorem": "Lemma 34.13.4.",
        "body": "  Let $\\tau \\in \\{Zariski, {\\acute{e}tale}, smooth, syntomic, fppf\\}$. Let $S$ be a scheme contained in a big site $\\mathit{Sch}_\\tau$. Let $F : (\\mathit{Sch}/S)_\\tau^{opp} \\to \\textit{Sets}$ be a $\\tau$-sheaf satisfying property (b) of Lemma \\ref{lemma-extend} with $\\mathcal{C} = (\\mathit{Sch}/S)_\\tau$. Then the extension $F'$ of $F$ to the category of all schemes over $S$ satisfies the sheaf condition for all $\\tau$-coverings. ",
        "label": "lemma-extend-sheaf",
        "tag": "0EUX",
        "url": "https://stacks.math.columbia.edu/tag/0EUX",
        "source_filename": "topologies.tex"
    }
]