[
    {
        "theorem": "Lemma 45.3.1.",
        "body": "  We have the following for correspondences: \\begin{enumerate} \\item composition of correspondences is $\\mathbf{Q}$-bilinear and associative, \\item there is a canonical isomorphism $$ \\mathop{\\mathrm{CH}}\\nolimits_{-r}(X) \\otimes \\mathbf{Q} = \\text{Corr}^r(X, \\mathop{\\mathrm{Spec}}(k)) $$ such that pullback by correspondences corresponds to composition, \\item there is a canonical isomorphism $$ \\mathop{\\mathrm{CH}}\\nolimits^r(X) \\otimes \\mathbf{Q} = \\text{Corr}^r(\\mathop{\\mathrm{Spec}}(k), X) $$ such that pushforward by correspondences corresponds to composition, \\item composition of correspondences is compatible with pushforward and pullback of cycles. \\end{enumerate} ",
        "label": "lemma-composition-correspondences",
        "tag": "0FG0",
        "url": "https://stacks.math.columbia.edu/tag/0FG0",
        "source_filename": "weil.tex"
    },
    {
        "theorem": "Example 45.3.2.",
        "body": "  Let $f : Y \\to X$ be a morphism of smooth projective schemes over $k$. Denote $\\Gamma_f \\subset X \\times Y$ the graph of $f$. More precisely, $\\Gamma_f$ is the image of the closed immersion $$ (f, \\text{id}_Y) : Y \\longrightarrow X \\times Y $$ Let $X = \\coprod X_d$ be the decomposition of $X$ into its open and closed parts $X_d$ which are equidimensional of dimension $d$. Then $\\Gamma_f \\cap (X_d \\times Y)$ has pure codimension $d$. Hence $[\\Gamma_f] \\in \\mathop{\\mathrm{CH}}\\nolimits^*(X \\times Y) \\otimes \\mathbf{Q}$ is contained in $\\text{Corr}^0(X \\times Y)$, i.e., $[\\Gamma_f]$ is a correspondence of degree $0$ from $X$ to $Y$. ",
        "label": "example-graph-correspondence",
        "tag": "0FG1",
        "url": "https://stacks.math.columbia.edu/tag/0FG1",
        "source_filename": "weil.tex"
    },
    {
        "theorem": "Lemma 45.3.3.",
        "body": "  Smooth projective schemes over $k$ with correspondences and composition of correspondences as defined above form a graded category over $\\mathbf{Q}$ (Differential Graded Algebra, Definition \\ref{dga-definition-graded-category}). ",
        "label": "lemma-category-correspondences",
        "tag": "0FG2",
        "url": "https://stacks.math.columbia.edu/tag/0FG2",
        "source_filename": "weil.tex"
    },
    {
        "theorem": "Lemma 45.3.4.",
        "body": "  There is a contravariant functor from the category of smooth projective schemes over $k$ to the category of correspondences which is the identity on objects and sends $f : Y \\to X$ to the element $[\\Gamma_f] \\in \\text{Corr}^0(X, Y)$. ",
        "label": "lemma-contravariant-functor",
        "tag": "0FG3",
        "url": "https://stacks.math.columbia.edu/tag/0FG3",
        "source_filename": "weil.tex"
    },
    {
        "theorem": "Remark 45.3.5.",
        "body": "  Let $X$ and $Y$ be smooth projective schemes over $k$. Assume $X$ is equidimensional of dimension $d$ and $Y$ is equidimensional of dimension $e$. Then the isomorphism $X \\times Y \\to Y \\times X$ switching the factors determines an isomorphism $$ \\text{Corr}^r(X, Y) \\longrightarrow \\text{Corr}^{d - e + r}(Y, X),\\quad c \\longmapsto c^t $$ called the {\\it transpose}. It acts on cycles as well as cycle classes. An example which is sometimes useful, is the transpose $[\\Gamma_f]^t = [\\Gamma_f^t]$ of the graph of a morphism $f : Y \\to X$. ",
        "label": "remark-transpose",
        "tag": "0FG4",
        "url": "https://stacks.math.columbia.edu/tag/0FG4",
        "source_filename": "weil.tex"
    },
    {
        "theorem": "Lemma 45.3.6.",
        "body": "  Let $f : Y \\to X$ be a morphism of smooth projective schemes over $k$. Let $[\\Gamma_f] \\in \\text{Corr}^0(X, Y)$ be as in Example \\ref{example-graph-correspondence}. Then \\begin{enumerate} \\item pushforward of cycles by the correspondence $[\\Gamma_f]$ agrees with the Gysin map $f^! : \\mathop{\\mathrm{CH}}\\nolimits^*(X) \\to \\mathop{\\mathrm{CH}}\\nolimits^*(Y)$, \\item pullback of cycles by the correspondence $[\\Gamma_f]$ agrees with the pushforward map $f_* : \\mathop{\\mathrm{CH}}\\nolimits_*(Y) \\to \\mathop{\\mathrm{CH}}\\nolimits_*(X)$, \\item if $X$ and $Y$ are equidimensional of dimensions $d$ and $e$, then \\begin{enumerate} \\item pushforward of cycles by the correspondence $[\\Gamma_f^t]$ of Remark \\ref{remark-transpose} corresponds to pushforward of cycles by $f$, and \\item pullback of cycles by the correspondence $[\\Gamma_f^t]$ of Remark \\ref{remark-transpose} corresponds to the Gysin map $f^!$. \\end{enumerate} \\end{enumerate} ",
        "label": "lemma-functor-and-cycles",
        "tag": "0FG5",
        "url": "https://stacks.math.columbia.edu/tag/0FG5",
        "source_filename": "weil.tex"
    },
    {
        "theorem": "Example 45.3.7.",
        "body": "  Let $X = \\mathbf{P}^1_k$. Then we have $$ \\text{Corr}^0(X, X) = \\mathop{\\mathrm{CH}}\\nolimits^1(X \\times X) \\otimes \\mathbf{Q} = \\mathop{\\mathrm{CH}}\\nolimits_1(X \\times X) \\otimes \\mathbf{Q} $$ Choose a $k$-rational point $x \\in X$ and consider the cycles $c_0 = [x \\times X]$ and $c_2 = [X \\times x]$. A computation shows that $1 = [\\Delta] = c_0 + c_2$ in $\\text{Corr}^0(X, X)$ and that we have the following rules for composition $c_0 \\circ c_0 = c_0$, $c_0 \\circ c_2 = 0$, $c_2 \\circ c_0 = 0$, and $c_2 \\circ c_2 = c_2$. In other words, $c_0$ and $c_2$ are orthogonal idempotents in the algebra $\\text{Corr}^0(X, X)$ and in fact we get $$ \\text{Corr}^0(X, X) = \\mathbf{Q} \\times \\mathbf{Q} $$ as a $\\mathbf{Q}$-algebra. ",
        "label": "example-decompose-P1",
        "tag": "0FG6",
        "url": "https://stacks.math.columbia.edu/tag/0FG6",
        "source_filename": "weil.tex"
    },
    {
        "theorem": "Lemma 45.3.8.",
        "body": "  The tensor product of correspondences defined above turns the category of correspondences into a symmetric monoidal category with unit $\\mathop{\\mathrm{Spec}}(k)$. ",
        "label": "lemma-tensor-product",
        "tag": "0FG7",
        "url": "https://stacks.math.columbia.edu/tag/0FG7",
        "source_filename": "weil.tex"
    },
    {
        "theorem": "Lemma 45.3.9.",
        "body": "  Let $f : Y \\to X$ be a morphism of smooth projective schemes over $k$. Assume $X$ and $Y$ equidimensional of dimensions $d$ and $e$. Denote $a = [\\Gamma_f] \\in \\text{Corr}^0(X, Y)$ and $a^t = [\\Gamma_f^t] \\in \\text{Corr}^{d - e}(Y, X)$. Set $\\eta_X = [\\Gamma_{X \\to X \\times X}] \\in \\text{Corr}^0(X \\times X, X)$, $\\eta_Y = [\\Gamma_{Y \\to Y \\times Y}] \\in \\text{Corr}^0(Y \\times Y, Y)$, $[X] \\in \\text{Corr}^{-d}(X, \\mathop{\\mathrm{Spec}}(k))$, and $[Y] \\in \\text{Corr}^{-e}(Y, \\mathop{\\mathrm{Spec}}(k))$. The diagram $$ \\xymatrix{ X \\otimes Y \\ar[r]_{a \\otimes \\text{id}} \\ar[d]_{\\text{id} \\otimes a^t} & Y \\otimes Y \\ar[r]_{\\eta_Y} & Y \\ar[d]^{[Y]} \\\\ X \\otimes X \\ar[r]^{\\eta_X} & X \\ar[r]^{[X]} & \\mathop{\\mathrm{Spec}}(k) } $$ is commutative in the category of correspondences. ",
        "label": "lemma-prep-dual",
        "tag": "0FG8",
        "url": "https://stacks.math.columbia.edu/tag/0FG8",
        "source_filename": "weil.tex"
    },
    {
        "theorem": "Lemma 45.4.1.",
        "body": "  The category $M_k$ whose objects are motives over $k$ and morphisms are morphisms of motives over $k$ is a $\\mathbf{Q}$-linear category. There is a contravariant functor $$ h : \\{\\text{smooth projective schemes over }k\\} \\longrightarrow M_k $$ defined by $h(X) = (X, 1, 0)$ and $h(f) = [\\Gamma_f]$. ",
        "label": "lemma-motives",
        "tag": "0FGA",
        "url": "https://stacks.math.columbia.edu/tag/0FGA",
        "source_filename": "weil.tex"
    },
    {
        "theorem": "Lemma 45.4.2.",
        "body": "  The category $M_k$ is Karoubian. ",
        "label": "lemma-Karoubian",
        "tag": "0FGB",
        "url": "https://stacks.math.columbia.edu/tag/0FGB",
        "source_filename": "weil.tex"
    },
    {
        "theorem": "Lemma 45.4.3.",
        "body": "  The category $M_k$ with tensor product defined as above is symmetric monoidal with the obvious associativity and commutativity constraints and with unit $\\mathbf{1} = (\\mathop{\\mathrm{Spec}}(k), 1, 0)$. ",
        "label": "lemma-motives-monoidal",
        "tag": "0FGC",
        "url": "https://stacks.math.columbia.edu/tag/0FGC",
        "source_filename": "weil.tex"
    },
    {
        "theorem": "Lemma 45.4.4.",
        "body": "  With notation as in Example \\ref{example-decompose-P1} \\begin{enumerate} \\item the motive $(X, c_0, 0)$ is isomorphic to the motive $\\mathbf{1} = (\\mathop{\\mathrm{Spec}}(k), 1, 0)$. \\item the motive $(X, c_2, 0)$ is isomorphic to the motive $\\mathbf{1}(-1) = (\\mathop{\\mathrm{Spec}}(k), 1, -1)$. \\end{enumerate} ",
        "label": "lemma-inverse-h2",
        "tag": "0FGD",
        "url": "https://stacks.math.columbia.edu/tag/0FGD",
        "source_filename": "weil.tex"
    },
    {
        "theorem": "Remark 45.4.5.",
        "body": "[Lefschetz and Tate motive]  Let $X = \\mathbf{P}^1_k$ and $c_2$ be as in Example \\ref{example-decompose-P1}. In the literature the motive $(X, c_2, 0)$ is sometimes called the {\\it Lefschetz motive} and depending on the reference the notation $L$, $\\mathbf{L}$, $\\mathbf{Q}(-1)$, or $h^2(\\mathbf{P}^1_k)$ may be used to denote it. By Lemma \\ref{lemma-inverse-h2} the Lefschetz motive is isomorphic to $\\mathbf{1}(-1)$. Hence the Lefschetz motive is invertible (Categories, Definition \\ref{categories-definition-invertible}) with inverse $\\mathbf{1}(1)$. The motive $\\mathbf{1}(1)$ is sometimes called the {\\it Tate motive} and depending on the reference the notation $L^{-1}$, $\\mathbf{L}^{-1}$, $\\mathbf{T}$, or $\\mathbf{Q}(1)$ may be used to denote it. ",
        "label": "remark-lefschetz-tate",
        "tag": "0FGE",
        "url": "https://stacks.math.columbia.edu/tag/0FGE",
        "source_filename": "weil.tex"
    },
    {
        "theorem": "Lemma 45.4.6.",
        "body": "  The category $M_k$ is additive. ",
        "label": "lemma-additive",
        "tag": "0FGF",
        "url": "https://stacks.math.columbia.edu/tag/0FGF",
        "source_filename": "weil.tex"
    },
    {
        "theorem": "Lemma 45.4.7.",
        "body": "  In $M_k$ we have $h(\\mathbf{P}^1_k) \\cong \\mathbf{1} \\oplus \\mathbf{1}(-1)$. ",
        "label": "lemma-decompose-P1",
        "tag": "0FGG",
        "url": "https://stacks.math.columbia.edu/tag/0FGG",
        "source_filename": "weil.tex"
    },
    {
        "theorem": "Lemma 45.4.8.",
        "body": "  Let $X$, $c_2$ be as in Example \\ref{example-decompose-P1}. Let $\\mathcal{C}$ be a $\\mathbf{Q}$-linear Karoubian symmetric monoidal category. Any $\\mathbf{Q}$-linear functor $$ F : \\left\\{ \\begin{matrix} \\text{smooth projective schemes over }k\\\\ \\text{morphisms are correspondences of degree }0 \\end{matrix} \\right\\} \\longrightarrow \\mathcal{C} $$ of symmetric monoidal categories such that the image of $F(c_2)$ on $F(X)$ is an invertible object, factors uniquely through a functor $F : M_k \\to \\mathcal{C}$ of symmetric monoidal categories. ",
        "label": "lemma-characterize-motives",
        "tag": "0FGH",
        "url": "https://stacks.math.columbia.edu/tag/0FGH",
        "source_filename": "weil.tex"
    },
    {
        "theorem": "Lemma 45.4.9.",
        "body": "  Let $X$ be a smooth projective scheme over $k$ which is equidimensional of dimension $d$. Then $h(X)(d)$ is a left dual to $h(X)$ in $M_k$. ",
        "label": "lemma-dual",
        "tag": "0FGI",
        "url": "https://stacks.math.columbia.edu/tag/0FGI",
        "source_filename": "weil.tex"
    },
    {
        "theorem": "Lemma 45.4.10.",
        "body": "  Every object of $M_k$ has a left dual. ",
        "label": "lemma-dual-general",
        "tag": "0FGJ",
        "url": "https://stacks.math.columbia.edu/tag/0FGJ",
        "source_filename": "weil.tex"
    },
    {
        "theorem": "Definition 45.5.1.",
        "body": "  Let $k$ be a base field. Let $M = (X, p, m)$ be a Chow motive over $k$. For $i \\in \\mathbf{Z}$ we define the {\\it $i$th Chow group of $M$} by the formula $$ \\mathop{\\mathrm{CH}}\\nolimits^i(M) = p\\left(\\mathop{\\mathrm{CH}}\\nolimits^{i + m}(X) \\otimes \\mathbf{Q}\\right) $$ ",
        "label": "definition-chow-group-motives",
        "tag": "0FGL",
        "url": "https://stacks.math.columbia.edu/tag/0FGL",
        "source_filename": "weil.tex"
    },
    {
        "theorem": "Lemma 45.5.2.",
        "body": "  Let $k$ be a base field. The functor $\\mathop{\\mathrm{CH}}\\nolimits^i(-)$ on the category of motives $M_k$ is representable by $\\mathbf{1}(-i)$, i.e., we have $$ \\mathop{\\mathrm{CH}}\\nolimits^i(M) = \\mathop{\\mathrm{Hom}}\\nolimits_{M_k}(\\mathbf{1}(-i), M) $$ functorially in $M$ in $M_k$. ",
        "label": "lemma-chow-groups-representable",
        "tag": "0FGM",
        "url": "https://stacks.math.columbia.edu/tag/0FGM",
        "source_filename": "weil.tex"
    },
    {
        "theorem": "Lemma 45.5.3.",
        "body": "[Manin]  Let $k$ be a base field. Let $c : M \\to N$ be a morphism of motives. If for every smooth projective scheme $X$ over $k$ the map $c \\otimes 1 : M \\otimes h(X) \\to N \\otimes h(X)$ induces an isomorphism on Chow groups, then $c$ is an isomorphism. ",
        "label": "lemma-manin",
        "tag": "0FGN",
        "url": "https://stacks.math.columbia.edu/tag/0FGN",
        "source_filename": "weil.tex"
    },
    {
        "theorem": "Lemma 45.6.1.",
        "body": "[Projective space bundle formula]  In the situation above, the map $$ \\sum\\nolimits_{i = 0, \\ldots, r - 1} c_i : \\bigoplus\\nolimits_{i = 0, \\ldots, r - 1} h(X)(-i) \\longrightarrow h(P) $$ is an isomorphism in the category of motives. ",
        "label": "lemma-projective-space-bundle-formula",
        "tag": "0FGQ",
        "url": "https://stacks.math.columbia.edu/tag/0FGQ",
        "source_filename": "weil.tex"
    },
    {
        "theorem": "Lemma 45.6.2.",
        "body": "  Let $p : P \\to X$ be as in Lemma \\ref{lemma-projective-space-bundle-formula}. The class $[\\Delta_P]$ of the diagonal of $P$ in $\\mathop{\\mathrm{CH}}\\nolimits^*(P \\times P)$ can be written as $$ [\\Delta_P] = \\left(\\sum\\nolimits_{i = 0, \\ldots, r - 1} {r - 1 \\choose i} c_{r - 1 - i}(\\text{pr}_1^*\\mathcal{S}^\\vee) \\cap c_1(\\text{pr}_2^*\\mathcal{O}_P(1))^i\\right) \\cap (p \\times p)^*[\\Delta_X] $$ where $\\mathcal{S}$ is the kernel of the canonical surjection $p^*\\mathcal{E} \\to \\mathcal{O}_P(1)$. ",
        "label": "lemma-diagonal-projective-bundle",
        "tag": "0FGR",
        "url": "https://stacks.math.columbia.edu/tag/0FGR",
        "source_filename": "weil.tex"
    },
    {
        "theorem": "Lemma 45.7.1.",
        "body": "  Assume given (D1) and (D3) satisfying (A). For $f : X \\to Y$ a morphism of smooth projective varieties we have $f_*(f^*b \\cup a) = b \\cup f_*a$. If $g : Y \\to Z$ is a second morphism of smooth projective varieties, then $g_* \\circ f_* = (g \\circ f)_*$. ",
        "label": "lemma-pushforward-classical",
        "tag": "0FGT",
        "url": "https://stacks.math.columbia.edu/tag/0FGT",
        "source_filename": "weil.tex"
    },
    {
        "theorem": "Remark 45.7.2.",
        "body": "  Let $X$ be a smooth projective variety. We obtain maps $$ H^*(X) \\otimes_F H^*(X) \\longrightarrow H^*(X \\times X) \\xrightarrow{\\Delta^*} H^*(X) $$ where the first arrow is as in axiom (B) and $\\Delta^*$ is pullback along the diagonal morphism $\\Delta : X \\to X \\times X$. The composition is the cup product as pullback is an algebra homomorphism and $\\text{pr}_i \\circ \\Delta = \\text{id}$. On the other hand, given cycles $\\alpha, \\beta$ on $X$ the intersection product is defined by the formula $$ \\alpha \\cdot \\beta = \\Delta^!(\\alpha \\times \\beta) $$ In other words, $\\alpha \\cdot \\beta$ is the pullback of the exterior product $\\alpha \\times \\beta$ on $X \\times X$ by the diagonal. Note also that $\\alpha \\times \\beta = \\text{pr}_1^*\\alpha \\cdot \\text{pr}_2^*\\beta$ in $\\mathop{\\mathrm{CH}}\\nolimits^*(X \\times X)$ (we omit the proof). Hence, given axiom (C)(a), axiom (C)(c) is equivalent to the statement that $\\gamma$ is compatible with exterior product in the sense that $\\gamma(\\alpha \\times \\beta)$ is equal to $\\text{pr}_1^*\\gamma(\\alpha) \\cup \\text{pr}_2^*\\gamma(\\beta)$. This is how axiom (C)(c) is formulated in \\cite{Kleiman-cycles}. ",
        "label": "remark-replace-cup-product-classical",
        "tag": "0FGU",
        "url": "https://stacks.math.columbia.edu/tag/0FGU",
        "source_filename": "weil.tex"
    },
    {
        "theorem": "Definition 45.7.3.",
        "body": "  Let $k$ be an algebraically closed field. Let $F$ be a field of characteristic $0$. A {\\it classical Weil cohomology theory} over $k$ with coefficients in $F$ is given by data (D1), (D2), and (D3) satisfying Poincar\\'e duality, the K\\\"unneth formula, and compatibility with cycle classes, more precisely, satisfying (A), (B), and (C). ",
        "label": "definition-weil-cohomology-theory-classical",
        "tag": "0FGV",
        "url": "https://stacks.math.columbia.edu/tag/0FGV",
        "source_filename": "weil.tex"
    },
    {
        "theorem": "Lemma 45.7.4.",
        "body": "  Let $H^*$ be a classical Weil cohomology theory (Definition \\ref{definition-weil-cohomology-theory-classical}). Let $X$ be a smooth projective variety of dimension $d$. The diagram $$ \\xymatrix{ \\mathop{\\mathrm{CH}}\\nolimits^d(X) \\ar[r]_-\\gamma \\ar@{=}[d] & H^{2d}(X) \\ar[d]^{\\int_X} \\\\ \\mathop{\\mathrm{CH}}\\nolimits_0(X) \\ar[r]^\\deg & F } $$ commutes where $\\deg : \\mathop{\\mathrm{CH}}\\nolimits_0(X) \\to \\mathbf{Z}$ is the degree of zero cycles discussed in Chow Homology, Section \\ref{chow-section-degree-zero-cycles}. ",
        "label": "lemma-degrees-cycles-classical",
        "tag": "0FGW",
        "url": "https://stacks.math.columbia.edu/tag/0FGW",
        "source_filename": "weil.tex"
    },
    {
        "theorem": "Lemma 45.7.5.",
        "body": "  Let $H^*$ be a classical Weil cohomology theory (Definition \\ref{definition-weil-cohomology-theory-classical}). Let $X$ and $Y$ be smooth projective varieties. Then $\\int_{X \\times Y} = \\int_X \\otimes \\int_Y$. ",
        "label": "lemma-trace-product-classical",
        "tag": "0FGX",
        "url": "https://stacks.math.columbia.edu/tag/0FGX",
        "source_filename": "weil.tex"
    },
    {
        "theorem": "Lemma 45.7.6.",
        "body": "  Let $H^*$ be a classical Weil cohomology theory (Definition \\ref{definition-weil-cohomology-theory-classical}). Let $X$ and $Y$ be smooth projective varieties. Then $\\text{pr}_{2, *} : H^*(X \\times Y) \\to H^*(Y)$ sends $a \\otimes b$ to $(\\int_X a) b$. ",
        "label": "lemma-pr2star-classical",
        "tag": "0FGY",
        "url": "https://stacks.math.columbia.edu/tag/0FGY",
        "source_filename": "weil.tex"
    },
    {
        "theorem": "Lemma 45.7.7.",
        "body": "  Let $H^*$ be a classical Weil cohomology theory (Definition \\ref{definition-weil-cohomology-theory-classical}). Let $X$ be a smooth projective variety of dimension $d$. Choose a basis $e_{i, j}, j = 1, \\ldots, \\beta_i$ of $H^i(X)$ over $F$. Using K\\\"unneth write $$ \\gamma([\\Delta]) = \\sum\\nolimits_{i = 0, \\ldots, 2d} \\sum\\nolimits_j e_{i, j} \\otimes e'_{2d - i , j} \\quad\\text{in}\\quad \\bigoplus\\nolimits_i H^i(X) \\otimes_F H^{2d - i}(X) $$ with $e'_{2d - i, j} \\in H^{2d - i}(X)$. Then $\\int_X e_{i, j} \\cup e'_{2d - i, j'} = (-1)^i\\delta_{jj'}$. ",
        "label": "lemma-class-diagonal-classical",
        "tag": "0FGZ",
        "url": "https://stacks.math.columbia.edu/tag/0FGZ",
        "source_filename": "weil.tex"
    },
    {
        "theorem": "Lemma 45.7.8.",
        "body": "  Let $H^*$ be a classical Weil cohomology theory (Definition \\ref{definition-weil-cohomology-theory-classical}). Let $X$ be a smooth projective variety. We have $$ \\sum\\nolimits_{i = 0, \\ldots, 2\\dim(X)} (-1)^i\\dim_F H^i(X) = \\deg([\\Delta] \\cdot [\\Delta]) = \\deg(c_d(\\mathcal{T}_X) \\cap [X]) $$ ",
        "label": "lemma-square-diagonal-classical",
        "tag": "0FH0",
        "url": "https://stacks.math.columbia.edu/tag/0FH0",
        "source_filename": "weil.tex"
    },
    {
        "theorem": "Lemma 45.7.9.",
        "body": "  Let $k$ be an algebraically closed field. Let $F$ be a field of characteristic $0$. Consider a $\\mathbf{Q}$-linear functor $$ G : M_k \\longrightarrow \\text{graded }F\\text{-vector spaces} $$ of symmetric monoidal categories such that $G(\\mathbf{1}(1))$ is nonzero only in degree $-2$. Then we obtain data (D1), (D2), (D3) satisfying all of (A), (B), (C) except for possibly (A)(c) and (A)(d). ",
        "label": "lemma-from-functor-to-weil-classical",
        "tag": "0FH1",
        "url": "https://stacks.math.columbia.edu/tag/0FH1",
        "source_filename": "weil.tex"
    },
    {
        "theorem": "Lemma 45.7.10.",
        "body": "  Let $k$ be an algebraically closed field. Let $F$ be a field of characteristic $0$. Let $H^*$ be a classical Weil cohomology theory. Then we can construct a $\\mathbf{Q}$-linear functor $$ G : M_k \\longrightarrow \\text{graded }F\\text{-vector spaces} $$ of symmetric monoidal categories such that $H^*(X) = G(h(X))$. ",
        "label": "lemma-from-weil-to-functor-classical",
        "tag": "0FH2",
        "url": "https://stacks.math.columbia.edu/tag/0FH2",
        "source_filename": "weil.tex"
    },
    {
        "theorem": "Proposition 45.7.11.",
        "body": "  Let $k$ be an algebraically closed field. Let $F$ be a field of characteristic $0$. A classical Weil cohomology theory is the same thing as a $\\mathbf{Q}$-linear functor $$ G : M_k \\longrightarrow \\text{graded }F\\text{-vector spaces} $$ of symmetric monoidal categories together with an isomorphism $F[2] \\to G(\\mathbf{1}(1))$ of graded $F$-vector spaces such that in addition \\begin{enumerate} \\item $G(h(X))$ lives in nonnegative degrees, and \\item $\\dim_F G^0(h(X)) = 1$ \\end{enumerate} for any smooth projective variety $X$. ",
        "label": "proposition-weil-cohomology-theory-classical",
        "tag": "0FH3",
        "url": "https://stacks.math.columbia.edu/tag/0FH3",
        "source_filename": "weil.tex"
    },
    {
        "theorem": "Lemma 45.8.1.",
        "body": "  Let $k$ be a field. Let $X$ be a smooth projective scheme over $k$. Then $\\mathop{\\mathrm{CH}}\\nolimits_0(X)$ is generated by classes of closed points whose residue fields are separable over $k$. ",
        "label": "lemma-generated-by-separable",
        "tag": "0FH5",
        "url": "https://stacks.math.columbia.edu/tag/0FH5",
        "source_filename": "weil.tex"
    },
    {
        "theorem": "Lemma 45.8.2.",
        "body": "  Let $K/k$ be an algebraic field extension. Let $X$ be a finite type scheme over $k$. Then $\\mathop{\\mathrm{CH}}\\nolimits_i(X_K) = \\mathop{\\mathrm{colim}}\\nolimits \\mathop{\\mathrm{CH}}\\nolimits_i(X_{k'})$ where the colimit is over the subextensions $K/k'/k$ with $k'/k$ finite. ",
        "label": "lemma-chow-limit",
        "tag": "0FH6",
        "url": "https://stacks.math.columbia.edu/tag/0FH6",
        "source_filename": "weil.tex"
    },
    {
        "theorem": "Lemma 45.8.3.",
        "body": "  Let $k$ be a field. Let $X$ be a geometrically irreducible smooth projective scheme over $k$. Let $x, x' \\in X$ be $k$-rational points. Let $n$ be an integer invertible in $k$. Then there exists a finite separable extension $k'/k$ such that the pullback of $[x] - [x']$ to $X_{k'}$ is divisible by $n$ in $\\mathop{\\mathrm{CH}}\\nolimits_0(X_{k'})$. ",
        "label": "lemma-divide-difference-points",
        "tag": "0FH7",
        "url": "https://stacks.math.columbia.edu/tag/0FH7",
        "source_filename": "weil.tex"
    },
    {
        "theorem": "Lemma 45.8.4.",
        "body": "  Let $K/k$ be an algebraic extension of fields. Let $X$ be a finite type scheme over $k$. The kernel of the map $\\mathop{\\mathrm{CH}}\\nolimits_i(X) \\to \\mathop{\\mathrm{CH}}\\nolimits_i(X_K)$ constructed in Lemma \\ref{lemma-chow-limit} is torsion. ",
        "label": "lemma-kernel-to-closure",
        "tag": "0FH8",
        "url": "https://stacks.math.columbia.edu/tag/0FH8",
        "source_filename": "weil.tex"
    },
    {
        "theorem": "Lemma 45.8.5.",
        "body": "[Voevodsky]  \\begin{reference} \\cite{nilpotence} \\end{reference} Let $k$ be a field. Let $X$ be a geometrically irreducible smooth projective scheme over $k$. Let $x, x' \\in X$ be $k$-rational points. For $n$ large enough the class of the zero cycle $$ ([x] - [x']) \\times \\ldots \\times ([x] - [x']) \\in \\mathop{\\mathrm{CH}}\\nolimits_0(X^n) $$ is torsion. ",
        "label": "lemma-smash-nilpotence",
        "tag": "0FH9",
        "url": "https://stacks.math.columbia.edu/tag/0FH9",
        "source_filename": "weil.tex"
    },
    {
        "theorem": "Lemma 45.9.1.",
        "body": "  Assume given (D0), (D1), and (D3) satisfying (A). For $f : X \\to Y$ a morphism of nonempty equidimensional smooth projective schemes over $k$ we have $f_*(f^*b \\cup a) = b \\cup f_*a$. If $g : Y \\to Z$ is a second morphism with $Z$ nonempty smooth projective and equidimensional, then $g_* \\circ f_* = (g \\circ f)_*$. ",
        "label": "lemma-pushforward",
        "tag": "0FHB",
        "url": "https://stacks.math.columbia.edu/tag/0FHB",
        "source_filename": "weil.tex"
    },
    {
        "theorem": "Lemma 45.9.2.",
        "body": "  Assume given (D0), (D1), and (D3) satisfying (A) and (B). Let $X$ and $Y$ be nonempty smooth projective schemes over $k$ equidimensional of dimensions $d$ and $e$. Then $\\text{pr}_{2, *} : H^*(X \\times Y)(d + e) \\to H^*(Y)(e)$ sends $a \\otimes b$ to $(\\int_X a) b$. ",
        "label": "lemma-pr2star",
        "tag": "0FHC",
        "url": "https://stacks.math.columbia.edu/tag/0FHC",
        "source_filename": "weil.tex"
    },
    {
        "theorem": "Remark 45.9.3.",
        "body": "  Assume given (D0), (D1), (D2), and (D3) satisfying (A), (B), and (C)(a). Let $X$ be a smooth projective scheme over $k$. We obtain maps $$ H^*(X) \\otimes_F H^*(X) \\longrightarrow H^*(X \\times X) \\xrightarrow{\\Delta^*} H^*(X) $$ where the first arrow is as in axiom (B) and $\\Delta^*$ is pullback along the diagonal morphism $\\Delta : X \\to X \\times X$. The composition is the cup product as pullback is an algebra homomorphism and $\\text{pr}_i \\circ \\Delta = \\text{id}$. On the other hand, given cycles $\\alpha, \\beta$ on $X$ the intersection product is defined by the formula $$ \\alpha \\cdot \\beta = \\Delta^!(\\alpha \\times \\beta) $$ In other words, $\\alpha \\cdot \\beta$ is the pullback of the exterior product $\\alpha \\times \\beta$ on $X \\times X$ by the diagonal. Note also that $\\alpha \\times \\beta = \\text{pr}_1^*\\alpha \\cdot \\text{pr}_2^*\\beta$ in $\\mathop{\\mathrm{CH}}\\nolimits^*(X \\times X)$ (we omit the proof). Hence, given axiom (C)(a), axiom (C)(c) is equivalent to the statement that $\\gamma$ is compatible with exterior product in the sense that $\\gamma(\\alpha \\times \\beta)$ is equal to $\\text{pr}_1^*\\gamma(\\alpha) \\cup \\text{pr}_2^*\\gamma(\\beta)$. ",
        "label": "remark-replace-cup-product",
        "tag": "0FHD",
        "url": "https://stacks.math.columbia.edu/tag/0FHD",
        "source_filename": "weil.tex"
    },
    {
        "theorem": "Lemma 45.9.4.",
        "body": "  Assume given (D0), (D1), (D2), and (D3) satisfying (A), (B), and (C). Then $H^i(\\mathop{\\mathrm{Spec}}(k)) = 0$ for $i \\not = 0$ and there is a unique $F$-algebra isomorphism $F = H^0(\\mathop{\\mathrm{Spec}}(k))$. We have $\\gamma([\\mathop{\\mathrm{Spec}}(k)]) = 1$ and $\\int_{\\mathop{\\mathrm{Spec}}(k)} 1 = 1$. ",
        "label": "lemma-base",
        "tag": "0FHE",
        "url": "https://stacks.math.columbia.edu/tag/0FHE",
        "source_filename": "weil.tex"
    },
    {
        "theorem": "Lemma 45.9.5.",
        "body": "  Assume given (D0), (D1), (D2), and (D3) satisfying (A), (B), and (C). Let $X$ be a smooth projective scheme over $k$. If $X = \\emptyset$, then $H^*(X) = 0$. If $X$ is nonempty, then $\\gamma([X]) = 1$ and $1 \\not = 0$ in $H^0(X)$. ",
        "label": "lemma-unit",
        "tag": "0FHF",
        "url": "https://stacks.math.columbia.edu/tag/0FHF",
        "source_filename": "weil.tex"
    },
    {
        "theorem": "Lemma 45.9.6.",
        "body": "  Assume given (D0), (D1), (D2), and (D3) satisfying (A), (B), and (C). Let $i : X \\to Y$ be a closed immersion of nonempty smooth projective equidimensional schemes over $k$. Then $\\gamma([X]) = i_*1$ in $H^{2c}(Y)(c)$ where $c = \\dim(Y) - \\dim(X)$. ",
        "label": "lemma-push-unit",
        "tag": "0FHG",
        "url": "https://stacks.math.columbia.edu/tag/0FHG",
        "source_filename": "weil.tex"
    },
    {
        "theorem": "Lemma 45.9.7.",
        "body": "  Assume given (D0), (D1), (D2), and (D3) satisfying (A), (B), and (C). Let $X$ be a nonempty smooth projective scheme over $k$ equidimensional of dimension $d$. Choose a basis $e_{i, j}, j = 1, \\ldots, \\beta_i$ of $H^i(X)$ over $F$. Using K\\\"unneth write $$ \\gamma([\\Delta]) = \\sum\\nolimits_i \\sum\\nolimits_j e_{i, j} \\otimes e'_{2d - i , j} \\quad\\text{in}\\quad \\bigoplus\\nolimits_i H^i(X) \\otimes_F H^{2d - i}(X)(d) $$ with $e'_{2d - i, j} \\in H^{2d - i}(X)(d)$. Then $\\int_X e_{i, j} \\cup e'_{2d - i, j'} = (-1)^i\\delta_{jj'}$. ",
        "label": "lemma-class-diagonal",
        "tag": "0FHH",
        "url": "https://stacks.math.columbia.edu/tag/0FHH",
        "source_filename": "weil.tex"
    },
    {
        "theorem": "Lemma 45.9.8.",
        "body": "  Assume given (D0), (D1), (D2), and (D3) satisfying (A), (B), and (C). Then $H^*(\\mathbf{P}^1_k)$ is $1$-dimensional in dimensions $0$ and $2$ and zero in other degrees. ",
        "label": "lemma-cohomology-P1",
        "tag": "0FHI",
        "url": "https://stacks.math.columbia.edu/tag/0FHI",
        "source_filename": "weil.tex"
    },
    {
        "theorem": "Lemma 45.9.9.",
        "body": "  Assume given (D0), (D1), (D2), and (D3) satisfying (A), (B), and (C). If $X$ and $Y$ are smooth projective schemes over $k$, then $H^*(X \\amalg Y) \\to H^*(X) \\times H^*(Y)$, $a \\mapsto (i^*a, j^*a)$ is an isomorphism where $i$, $j$ are the coprojections. ",
        "label": "lemma-weil-additive",
        "tag": "0FHJ",
        "url": "https://stacks.math.columbia.edu/tag/0FHJ",
        "source_filename": "weil.tex"
    },
    {
        "theorem": "Lemma 45.9.10.",
        "body": "  Let $k$ be a field. Let $F$ be a field of characteristic $0$. Assume given a $\\mathbf{Q}$-linear functor $$ G : M_k \\longrightarrow \\text{graded }F\\text{-vector spaces} $$ of symmetric monoidal categories such that $G(\\mathbf{1}(1))$ is nonzero only in degree $-2$. Then we obtain data (D0), (D1), (D2), and (D3) satisfying all of (A), (B), and (C) above. ",
        "label": "lemma-from-functor-to-weil",
        "tag": "0FHK",
        "url": "https://stacks.math.columbia.edu/tag/0FHK",
        "source_filename": "weil.tex"
    },
    {
        "theorem": "Lemma 45.9.11.",
        "body": "  Let $k$ be a field. Let $F$ be a field of characteristic $0$. Given (D0), (D1), (D2), and (D3) satisfying (A), (B), and (C) we can construct a $\\mathbf{Q}$-linear functor $$ G : M_k \\longrightarrow \\text{graded }F\\text{-vector spaces} $$ of symmetric monoidal categories such that $H^*(X) = G(h(X))$. ",
        "label": "lemma-from-weil-to-functor",
        "tag": "0FHL",
        "url": "https://stacks.math.columbia.edu/tag/0FHL",
        "source_filename": "weil.tex"
    },
    {
        "theorem": "Proposition 45.9.12.",
        "body": "  Let $k$ be a field. Let $F$ be a field of characteristic $0$. There is a $1$-to-$1$ correspondence between the following \\begin{enumerate} \\item data (D0), (D1), (D2), and (D3) satisfying (A), (B), and(C), and \\item $\\mathbf{Q}$-linear symmetric monoidal functors $$ G : M_k \\longrightarrow \\text{graded }F\\text{-vector spaces} $$ such that $G(\\mathbf{1}(1))$ is nonzero only in degree $-2$. \\end{enumerate} ",
        "label": "proposition-weil-cohomology-theory",
        "tag": "0FHM",
        "url": "https://stacks.math.columbia.edu/tag/0FHM",
        "source_filename": "weil.tex"
    },
    {
        "theorem": "Lemma 45.10.1.",
        "body": "  Assume given (D0), (D1), (D2), and (D3) satisfying (A), (B), and (C). Let $X, Y$ be nonempty smooth projective schemes both equidimensional of dimension $d$ over $k$. Then $\\int_{X \\amalg Y} = \\int_X + \\int_Y$. ",
        "label": "lemma-trace-disjoint-union",
        "tag": "0FHP",
        "url": "https://stacks.math.columbia.edu/tag/0FHP",
        "source_filename": "weil.tex"
    },
    {
        "theorem": "Lemma 45.10.2.",
        "body": "  Assume given (D0), (D1), (D2), and (D3) satisfying (A), (B), and (C). Let $X$ be a smooth projective scheme of dimension zero over $k$. Then \\begin{enumerate} \\item $H^i(X) = 0$ for $i \\not = 0$, \\item $H^0(X)$ is a finite separable algebra over $F$, \\item $\\dim_F H^0(X) = \\deg(X \\to \\mathop{\\mathrm{Spec}}(F))$, \\item $\\int_X : H^0(X) \\to F$ is the trace map, \\item $\\gamma([X]) = 1$, and \\item $\\int_X \\gamma([X]) = \\deg(X \\to \\mathop{\\mathrm{Spec}}(k))$. \\end{enumerate} ",
        "label": "lemma-dim-0",
        "tag": "0FHQ",
        "url": "https://stacks.math.columbia.edu/tag/0FHQ",
        "source_filename": "weil.tex"
    },
    {
        "theorem": "Lemma 45.10.3.",
        "body": "  Assume given (D0), (D1), (D2), and (D3) satisfying (A), (B), and (C). Let $X$ be a nonempty smooth projective scheme equidimensional of dimension $d$ over $k$. The diagram $$ \\xymatrix{ \\mathop{\\mathrm{CH}}\\nolimits^d(X) \\ar[r]_-\\gamma \\ar@{=}[d] & H^{2d}(X)(d) \\ar[d]^{\\int_X} \\\\ \\mathop{\\mathrm{CH}}\\nolimits_0(X) \\ar[r]^\\deg & F } $$ commutes where $\\deg : \\mathop{\\mathrm{CH}}\\nolimits_0(X) \\to \\mathbf{Z}$ is the degree of zero cycles discussed in Chow Homology, Section \\ref{chow-section-degree-zero-cycles}. ",
        "label": "lemma-degrees-cycles",
        "tag": "0FHR",
        "url": "https://stacks.math.columbia.edu/tag/0FHR",
        "source_filename": "weil.tex"
    },
    {
        "theorem": "Lemma 45.10.4.",
        "body": "  Assume given (D0), (D1), (D2), and (D3) satisfying (A), (B), and (C). Let $X$ be a nonempty smooth projective scheme over $k$ which is equidimensional of dimension $d$. We have $$ \\sum\\nolimits_i (-1)^i\\dim_F H^i(X) = \\deg(\\Delta \\cdot \\Delta) = \\deg(c_d(\\mathcal{T}_{X/k})) $$ ",
        "label": "lemma-square-diagonal",
        "tag": "0FHS",
        "url": "https://stacks.math.columbia.edu/tag/0FHS",
        "source_filename": "weil.tex"
    },
    {
        "theorem": "Lemma 45.10.5.",
        "body": "  Let $F$ be a field of characteristic $0$. Let $F'$ and $F_i$, $i = 1, \\ldots, r$ be finite separable $F$-algebras. Let $A$ be a finite $F$-algebra. Let $\\sigma, \\sigma' : A \\to F'$ and $\\sigma_i : A \\to F_i$ be $F$-algebra maps. Assume $\\sigma$ and $\\sigma'$ surjective. If there is a relation $$ \\text{Tr}_{F'/F} \\circ \\sigma - \\text{Tr}_{F'/F} \\circ \\sigma' = n(\\sum m_i \\text{Tr}_{F_i/F} \\circ \\sigma_i) $$ where $n > 1$ and $m_i$ are integers, then $\\sigma = \\sigma'$. ",
        "label": "lemma-algebra-relations",
        "tag": "0FHT",
        "url": "https://stacks.math.columbia.edu/tag/0FHT",
        "source_filename": "weil.tex"
    },
    {
        "theorem": "Lemma 45.10.6.",
        "body": "  Assume given (D0), (D1), (D2), and (D3) satisfying (A), (B), and (C). Let $k'/k$ be a finite separable extension. Let $X$ be a smooth projective scheme over $k'$. Let $x, x' \\in X$ be $k'$-rational points. If $\\gamma(x) \\not = \\gamma(x')$, then $[x] - [x']$ is not divisible by any integer $n > 1$ in $\\mathop{\\mathrm{CH}}\\nolimits_0(X)$. ",
        "label": "lemma-relations-classes-points",
        "tag": "0FHU",
        "url": "https://stacks.math.columbia.edu/tag/0FHU",
        "source_filename": "weil.tex"
    },
    {
        "theorem": "Lemma 45.10.7.",
        "body": "  Assume given (D0), (D1), (D2), and (D3) satisfying (A), (B), and (C). Let $k'/k$ be a finite separable extension. Let $X$ be a geometrically irreducible smooth projective scheme over $k'$ of dimension $d$. Then $\\gamma : \\mathop{\\mathrm{CH}}\\nolimits_0(X) \\to H^{2d}(X)(d)$ factors through $\\deg : \\mathop{\\mathrm{CH}}\\nolimits_0(X) \\to \\mathbf{Z}$. ",
        "label": "lemma-classes-points",
        "tag": "0FHV",
        "url": "https://stacks.math.columbia.edu/tag/0FHV",
        "source_filename": "weil.tex"
    },
    {
        "theorem": "Lemma 45.10.8.",
        "body": "  Assume given (D0), (D1), (D2), and (D3) satisfying (A), (B), and (C). Let $f : X \\to Y$ be a dominant morphism of irreducible smooth projective schemes over $k$. Then $H^*(Y) \\to H^*(X)$ is injective. ",
        "label": "lemma-injective",
        "tag": "0FHW",
        "url": "https://stacks.math.columbia.edu/tag/0FHW",
        "source_filename": "weil.tex"
    },
    {
        "theorem": "Lemma 45.10.9.",
        "body": "  Assume given (D0), (D1), (D2), and (D3) satisfying (A), (B), and (C). Let $k''/k'/k$ be finite separable algebras and let $X$ be a smooth projective scheme over $k'$. Then $$ H^*(X) \\otimes_{H^0(\\mathop{\\mathrm{Spec}}(k'))} H^0(\\mathop{\\mathrm{Spec}}(k'')) = H^*(X \\times_{\\mathop{\\mathrm{Spec}}(k')} \\mathop{\\mathrm{Spec}}(k'')) $$ ",
        "label": "lemma-otimes",
        "tag": "0FHX",
        "url": "https://stacks.math.columbia.edu/tag/0FHX",
        "source_filename": "weil.tex"
    },
    {
        "theorem": "Example 45.11.1.",
        "body": "  Let $k = \\mathbf{C}$ and $F = \\mathbf{C}$ both be equal to the field of complex numbers. For $X$ smooth projective over $k$ denote $H^{p, q}(X) = H^q(X, \\Omega^p_{X/k})$. Let $(H')^*$ be the functor which sends $X$ to $(H')^*(X) = \\bigoplus H^{p, q}(X)$ with the usual cup product. This is a classical Weil cohomology theory (insert future reference here). By Proposition \\ref{proposition-weil-cohomology-theory-classical} we obtain a $\\mathbf{Q}$-linear symmetric monoidal functor $G'$ from $M_k$ to the category of graded $F$-vector spaces. Of course, in this case for every $M$ in $M_k$ the value $G'(M)$ is naturally bigraded, i.e., we have $$ (G')(M) = \\bigoplus (G')^{p, q}(M),\\quad (G')^n = \\bigoplus\\nolimits_{n = p + q} (G')^{p, q}(M) $$ with $(G')^{p, q}$ sitting in total degree $p + q$ as indicated. Now we are going to construct a $\\mathbf{Q}$-linear symmetric monoidal functor $G$ to the category of graded $F$-vector spaces by setting $$ G^n(M) = \\bigoplus\\nolimits_{n = 3p - q} (G')^{p, q}(M) $$ We omit the verification that this defines a symmetric monoidal functor (a technical point is that because we chose odd numbers $3$ and $-1$ above the functor $G$ is compatible with the commutativity constraints). Observe that $G(\\mathbf{1}(1))$ is still sitting in degree $-2$! Hence by Lemma \\ref{lemma-from-functor-to-weil-classical} we obtain a functor $H^*$, cycle classes $\\gamma$, and trace maps satisfying all classical axioms (A), (B), (C), except for possibly the classical axioms (A)(a) and (A)(d). However, if $E$ is an elliptic curve over $k$, then we find $\\dim H^{-1}(E) = 1$, i.e., axiom (A)(a) is indeed violated. ",
        "label": "example-weird-weil",
        "tag": "0FHZ",
        "url": "https://stacks.math.columbia.edu/tag/0FHZ",
        "source_filename": "weil.tex"
    },
    {
        "theorem": "Lemma 45.11.2.",
        "body": "  Assume given (D0), (D1), (D2), and (D3) satisfying (A), (B), and (C). Let $X$ be a smooth projective scheme over $k$. Set $k' = \\Gamma(X, \\mathcal{O}_X)$. The following are equivalent \\begin{enumerate} \\item there exist finitely many closed points $x_1, \\ldots, x_r \\in X$ whose residue fields are separable over $k$ such that $H^0(X) \\to H^0(x_1) \\oplus \\ldots \\oplus H^0(x_r)$ is injective, \\item the map $H^0(\\mathop{\\mathrm{Spec}}(k')) \\to H^0(X)$ is an isomorphism. \\end{enumerate} If this is true, then $H^0(X)$ is a finite separable algebra over $F$. If $X$ is equidimensional of dimension $d$, then (1) and (2) are also equivalent to \\begin{enumerate} \\item[(3)] the classes of closed points generate $H^{2d}(X)(d)$ as a module over $H^0(X)$. \\end{enumerate} ",
        "label": "lemma-H-0-separable",
        "tag": "0FI0",
        "url": "https://stacks.math.columbia.edu/tag/0FI0",
        "source_filename": "weil.tex"
    },
    {
        "theorem": "Lemma 45.11.3.",
        "body": "  Assume given (D0), (D1), (D2), and (D3) satisfying (A), (B), and (C). If there exists a smooth projective scheme $Y$ over $k$ such that $H^i(Y)$ is nonzero for some $i < 0$, then there exists an equidimensional smooth projective scheme $X$ over $k$ such that the equivalent conditions of Lemma \\ref{lemma-H-0-separable} fail for $X$. ",
        "label": "lemma-negative-cohomology",
        "tag": "0FI1",
        "url": "https://stacks.math.columbia.edu/tag/0FI1",
        "source_filename": "weil.tex"
    },
    {
        "theorem": "Definition 45.11.4.",
        "body": "  Let $k$ be a field. Let $F$ be a field of characteristic $0$. A {\\it Weil cohomology theory} over $k$ with coefficients in $F$ is given by data (D0), (D1), (D2), and (D3) satisfying Poincar\\'e duality, the K\\\"unneth formula, and compatibility with cycle classes, more precisely, satisfying axioms (A), (B), and (C) of Section \\ref{section-axioms} and in addition such that the equivalent conditions (1) and (2) of Lemma \\ref{lemma-H-0-separable} hold for every smooth projective $X$ over $k$. ",
        "label": "definition-weil-cohomology-theory",
        "tag": "0FI2",
        "url": "https://stacks.math.columbia.edu/tag/0FI2",
        "source_filename": "weil.tex"
    },
    {
        "theorem": "Remark 45.11.5.",
        "body": "  Let $H^*$ be a Weil cohomology theory (Definition \\ref{definition-weil-cohomology-theory}). Let $X$ be a geometrically irreducible smooth projective scheme of dimension $d$ over $k'$ with $k'/k$ a finite separable extension of fields. Suppose that $$ H^0(\\mathop{\\mathrm{Spec}}(k')) = F_1 \\times \\ldots \\times F_r $$ for some fields $F_i$. Then we accordingly can write $$ H^*(X) = \\prod\\nolimits_{i = 1, \\ldots, r} H^*(X) \\otimes_{H^0(\\mathop{\\mathrm{Spec}}(k'))} F_i $$ Now, our final assumption in Definition \\ref{definition-weil-cohomology-theory} tells us that $H^0(X)$ is free of rank $1$ over $\\prod F_i$. In other words, each of the factors $H^0(X) \\otimes_{H^0(\\mathop{\\mathrm{Spec}}(k'))} F_i$ has dimension $1$ over $F_i$. Poincar\\'e duality then tells us that the same is true for cohomology in degree $2d$. What isn't clear however is that the same holds in other degrees. Namely, we don't know that given $0 < n < \\dim(X)$ the integers $$ \\dim_{F_i} H^n(X) \\otimes_{H^0(\\mathop{\\mathrm{Spec}}(k'))} F_i $$ are independent of $i$! This question is closely related to the following open question: given an algebraically closed base field $\\overline{k}$, a field of characteristic zero $F$, a classical Weil cohomology theory $H^*$ over $\\overline{k}$ with coefficient field $F$, and a smooth projective variety $X$ over $\\overline{k}$ is it true that the betti numbers of $X$ $$ \\beta_i = \\dim_F H^i(X) $$ are independent of $F$ and the Weil cohomology theory $H^*$? ",
        "label": "remark-betti-numbers-in-some-sense",
        "tag": "0FI3",
        "url": "https://stacks.math.columbia.edu/tag/0FI3",
        "source_filename": "weil.tex"
    },
    {
        "theorem": "Proposition 45.11.6.",
        "body": "  Let $k$ be a field. Let $F$ be a field of characteristic $0$. A Weil cohomology theory is the same thing as a $\\mathbf{Q}$-linear symmetric monoidal functor $$ G : M_k \\longrightarrow \\text{graded }F\\text{-vector spaces} $$ such that \\begin{enumerate} \\item $G(\\mathbf{1}(1))$ is nonzero only in degree $-2$, and \\item for every smooth projective scheme $X$ over $k$ with $k' = \\Gamma(X, \\mathcal{O}_X)$ the homomorphism $G(h(\\mathop{\\mathrm{Spec}}(k'))) \\to G(h(X))$ of graded $F$-vector spaces is an isomorphism in degree $0$. \\end{enumerate} ",
        "label": "proposition-weil-cohomology-theory-again",
        "tag": "0GIJ",
        "url": "https://stacks.math.columbia.edu/tag/0GIJ",
        "source_filename": "weil.tex"
    },
    {
        "theorem": "Proposition 45.12.1.",
        "body": "  In the situation above there is a unique rule which assigns to every $X \\in \\mathop{\\mathrm{Ob}}\\nolimits(\\mathcal{C})$ a ``total Chern class'' $$ c^A : K_0(\\textit{Vect}(X)) \\longrightarrow  \\prod\\nolimits_{i \\geq 0} A^i(X) $$ with the following properties \\begin{enumerate} \\item For $X \\in \\mathop{\\mathrm{Ob}}\\nolimits(\\mathcal{C})$ we have $c^A(\\alpha + \\beta) = c^A(\\alpha) c^A(\\beta)$ and $c^A(0) = 1$. \\item If $f : X' \\to X$ is a morphism of $\\mathcal{C}$, then $f^* \\circ c^A =  c^A \\circ f^*$. \\item Given $X \\in \\mathop{\\mathrm{Ob}}\\nolimits(\\mathcal{C})$ and $\\mathcal{L} \\in \\mathop{\\mathrm{Pic}}\\nolimits(X)$ we have $c^A([\\mathcal{L}]) = 1 + c_1^A(\\mathcal{L})$. \\end{enumerate} ",
        "label": "proposition-chern-class",
        "tag": "0FI5",
        "url": "https://stacks.math.columbia.edu/tag/0FI5",
        "source_filename": "weil.tex"
    },
    {
        "theorem": "Lemma 45.12.2.",
        "body": "  In the situation above. Let $X \\in \\mathop{\\mathrm{Ob}}\\nolimits(\\mathcal{C})$. Let $\\mathcal{E}_i$ be a finite collection of locally free $\\mathcal{O}_X$-modules of rank $r_i$. There exists a morphism $p : P \\to X$ in $\\mathcal{C}$ such that \\begin{enumerate} \\item $p^* : A(X) \\to A(P)$ is injective, \\item each $p^*\\mathcal{E}_i$ has a filtration whose successive quotients $\\mathcal{L}_{i, 1}, \\ldots, \\mathcal{L}_{i, r_i}$ are invertible $\\mathcal{O}_P$-modules. \\end{enumerate} ",
        "label": "lemma-splitting-principle",
        "tag": "0FI7",
        "url": "https://stacks.math.columbia.edu/tag/0FI7",
        "source_filename": "weil.tex"
    },
    {
        "theorem": "Lemma 45.12.3.",
        "body": "  Let $X \\in \\mathop{\\mathrm{Ob}}\\nolimits(\\mathcal{C})$. Let $\\mathcal{E}$ be a finite locally free $\\mathcal{O}_X$-module. Let $\\mathcal{L}$ be an invertible $\\mathcal{O}_X$-module. Then $$ c^A_i({\\mathcal E} \\otimes {\\mathcal L}) = \\sum\\nolimits_{j = 0}^i \\binom{r - i + j}{j} c^A_{i - j}({\\mathcal E}) \\cup c^A_1({\\mathcal L})^j $$ ",
        "label": "lemma-chern-classes-E-tensor-L",
        "tag": "0FI8",
        "url": "https://stacks.math.columbia.edu/tag/0FI8",
        "source_filename": "weil.tex"
    },
    {
        "theorem": "Proposition 45.12.4.",
        "body": "  In the situation above assume $A(X)$ is a $\\mathbf{Q}$-algebra for all $X \\in \\mathop{\\mathrm{Ob}}\\nolimits(\\mathcal{C})$. Then there is a unique rule which assigns to every $X \\in \\mathop{\\mathrm{Ob}}\\nolimits(\\mathcal{C})$ a ``chern character'' $$ ch^A : K_0(\\textit{Vect}(X)) \\longrightarrow \\prod\\nolimits_{i \\geq 0} A^i(X) $$ with the following properties \\begin{enumerate} \\item $ch^A$ is a ring map for all $X \\in \\mathop{\\mathrm{Ob}}\\nolimits(\\mathcal{C})$. \\item If $f : X' \\to X$ is a morphism of $\\mathcal{C}$, then $f^* \\circ ch^A =  ch^A \\circ f^*$. \\item Given $X \\in \\mathop{\\mathrm{Ob}}\\nolimits(\\mathcal{C})$ and $\\mathcal{L} \\in \\mathop{\\mathrm{Pic}}\\nolimits(X)$ we have $ch^A([\\mathcal{L}]) = \\exp(c_1^A(\\mathcal{L}))$. \\end{enumerate} ",
        "label": "proposition-chern-character",
        "tag": "0FI9",
        "url": "https://stacks.math.columbia.edu/tag/0FI9",
        "source_filename": "weil.tex"
    },
    {
        "theorem": "Lemma 45.12.5.",
        "body": "  In the situation above let $X \\in \\mathop{\\mathrm{Ob}}\\nolimits(\\mathcal{C})$. If $\\psi^2$ is as in Chow Homology, Lemma \\ref{chow-lemma-second-adams-operator} and $c^A$ and $ch^A$ are as in Propositions \\ref{proposition-chern-class} and \\ref{proposition-chern-character} then we have $c^A_i(\\psi^2(\\alpha)) = 2^i c^A_i(\\alpha)$ and $ch^A_i(\\psi^2(\\alpha)) = 2^i ch^A_i(\\alpha)$ for all $\\alpha \\in K_0(\\textit{Vect}(X))$. ",
        "label": "lemma-adams-and-chern",
        "tag": "0FIA",
        "url": "https://stacks.math.columbia.edu/tag/0FIA",
        "source_filename": "weil.tex"
    },
    {
        "theorem": "Lemma 45.13.1.",
        "body": "  Let $X$ be a scheme. There are maps $$ \\lambda^r : K_0(\\textit{Vect}(X)) \\longrightarrow K_0(\\textit{Vect}(X)) $$ which sends $[\\mathcal{E}]$ to $[\\wedge^r(\\mathcal{E})]$ when $\\mathcal{E}$ is a finite locally free $\\mathcal{O}_X$-module and which are compatible with pullbacks. ",
        "label": "lemma-lambda-operations",
        "tag": "0FIC",
        "url": "https://stacks.math.columbia.edu/tag/0FIC",
        "source_filename": "weil.tex"
    },
    {
        "theorem": "Lemma 45.14.1.",
        "body": "  Assume given (D0), (D1), and (D2') satisfying axioms (A1), (A2), (A3), and (A4). There is a unique rule which assigns to every smooth projective $X$ over $k$ a ring homomorphism $$ ch^H : K_0(\\textit{Vect}(X)) \\longrightarrow \\prod\\nolimits_{i \\geq 0} H^{2i}(X)(i) $$ compatible with pullbacks such that $ch^H(\\mathcal{L}) = \\exp(c_1^H(\\mathcal{L}))$ for any invertible $\\mathcal{O}_X$-module $\\mathcal{L}$. ",
        "label": "lemma-chern-classes",
        "tag": "0FIE",
        "url": "https://stacks.math.columbia.edu/tag/0FIE",
        "source_filename": "weil.tex"
    },
    {
        "theorem": "Lemma 45.14.2.",
        "body": "  Assume given (D0), (D1), and (D2') satisfying axioms (A1), (A2), (A3), and (A4). There is a unique rule which assigns to every smooth projective $X$ over $k$ a graded ring homomorphism $$ \\gamma : \\mathop{\\mathrm{CH}}\\nolimits^*(X) \\longrightarrow \\bigoplus\\nolimits_{i \\geq 0} H^{2i}(X)(i) $$ compatible with pullbacks such that $ch^H(\\alpha) = \\gamma(ch(\\alpha))$ for $\\alpha$ in $K_0(\\textit{Vect}(X))$. ",
        "label": "lemma-cycle-classes",
        "tag": "0FIF",
        "url": "https://stacks.math.columbia.edu/tag/0FIF",
        "source_filename": "weil.tex"
    },
    {
        "theorem": "Lemma 45.14.3.",
        "body": "  Let $b : X' \\to X$ be the blowing up of a smooth projective scheme over $k$ in a smooth closed subscheme $Z \\subset X$. Picture $$ \\xymatrix{ E \\ar[r]_j \\ar[d]_\\pi & X' \\ar[d]^b \\\\ Z \\ar[r]^i & X } $$ Assume there exists an element of $K_0(X)$ whose restriction to $Z$ is equal to the class of $\\mathcal{C}_{Z/X}$ in $K_0(Z)$. Assume every irreducible component of $Z$ has codimension $r$ in $X$. Then there exists a cycle $\\theta \\in \\mathop{\\mathrm{CH}}\\nolimits^{r - 1}(X')$ such that $b^![Z] = [E] \\cdot \\theta$ in $\\mathop{\\mathrm{CH}}\\nolimits^r(X')$ and $\\pi_*j^!(\\theta) = [Z]$ in $\\mathop{\\mathrm{CH}}\\nolimits^r(Z)$. ",
        "label": "lemma-divide-pullback-good-blowing-up",
        "tag": "0FIH",
        "url": "https://stacks.math.columbia.edu/tag/0FIH",
        "source_filename": "weil.tex"
    },
    {
        "theorem": "Lemma 45.14.4.",
        "body": "  Assume given data (D0), (D1), and (D2') satisfying axioms (A1) -- (A4) and (A7). Let $X$ be a smooth projective scheme over $k$. Let $Z \\subset X$ be a smooth closed subscheme such that every irreducible component of $Z$ has codimension $r$ in $X$. Assume the class of $\\mathcal{C}_{Z/X}$ in $K_0(Z)$ is the restriction of an element of $K_0(X)$. If $a \\in H^*(X)$ and $a|_Z = 0$ in $H^*(Z)$, then $\\gamma([Z]) \\cup a = 0$. ",
        "label": "lemma-A5-A6-imply",
        "tag": "0FII",
        "url": "https://stacks.math.columbia.edu/tag/0FII",
        "source_filename": "weil.tex"
    },
    {
        "theorem": "Lemma 45.14.5.",
        "body": "  Assume given data (D0), (D1), and (D2') satisfying axioms (A1) -- (A7). Then axiom (A) of Section \\ref{section-axioms} holds with $\\int_X = \\lambda$ as in axiom (A6). ",
        "label": "lemma-poincare-duality",
        "tag": "0FIJ",
        "url": "https://stacks.math.columbia.edu/tag/0FIJ",
        "source_filename": "weil.tex"
    },
    {
        "theorem": "Remark 45.14.6.",
        "body": "[Uniqueness of trace maps]  Assume given data (D0), (D1), and (D2') satisfying axioms (A1) -- (A7). Let $X$ be a smooth projective scheme over $k$ which is nonempty and equidimensional of dimension $d$. Combining what was said in the proofs of Lemma \\ref{lemma-poincare-duality} and Homology, Lemma \\ref{homology-lemma-left-dual-graded-vector-spaces} we see that $$ \\gamma([\\Delta]) \\in \\bigoplus\\nolimits_i H^i(X) \\otimes H^{2d - i}(X)(d) $$ defines a perfect duality between $H^i(X)$ and $H^{2d - i}(X)(d)$ for all $i$. In particular, the linear map $\\int_X = \\lambda : H^{2d}(X)(d) \\to F$ of axiom (A6) is unique! We will call the linear map $\\int_X$ the trace map of $X$ from now on. ",
        "label": "remark-trace",
        "tag": "0FIK",
        "url": "https://stacks.math.columbia.edu/tag/0FIK",
        "source_filename": "weil.tex"
    },
    {
        "theorem": "Lemma 45.14.7.",
        "body": "  Assume given data (D0), (D1), and (D2') satisfying axioms (A1) -- (A7). Then axiom (B) of Section \\ref{section-axioms} holds. ",
        "label": "lemma-trace-product",
        "tag": "0FIL",
        "url": "https://stacks.math.columbia.edu/tag/0FIL",
        "source_filename": "weil.tex"
    },
    {
        "theorem": "Lemma 45.14.8.",
        "body": "  Assume given data (D0), (D1), and (D2') satisfying axioms (A1) -- (A7). Then axiom (C)(d) of Section \\ref{section-axioms} holds. ",
        "label": "lemma-trace-base",
        "tag": "0FIM",
        "url": "https://stacks.math.columbia.edu/tag/0FIM",
        "source_filename": "weil.tex"
    },
    {
        "theorem": "Lemma 45.14.9.",
        "body": "  Assume given data (D0), (D1), and (D2') satisfying axioms (A1) -- (A7). Let $p : P \\to X$ be as in axiom (A3) with $X$ nonempty equidimensional. Then $\\gamma$ commutes with pushforward along $p$. ",
        "label": "lemma-ok-for-projective-bundle",
        "tag": "0FIN",
        "url": "https://stacks.math.columbia.edu/tag/0FIN",
        "source_filename": "weil.tex"
    },
    {
        "theorem": "Lemma 45.14.10.",
        "body": "  Assume given data (D0), (D1), and (D2') satisfying axioms (A1) -- (A7). If $k'/k$ is a Galois extension, then we have $\\int_{\\mathop{\\mathrm{Spec}}(k')} 1 = [k' : k]$. ",
        "label": "lemma-integrate-1",
        "tag": "0FVR",
        "url": "https://stacks.math.columbia.edu/tag/0FVR",
        "source_filename": "weil.tex"
    },
    {
        "theorem": "Lemma 45.14.11.",
        "body": "  Assume given data (D0), (D1), and (D2') satisfying axioms (A1) -- (A7). In order to show that $\\gamma$ commutes with pushforward it suffices to show that $i_*(1) = \\gamma([Z])$ if $i : Z \\to X$ is a closed immersion of nonempty smooth projective equidimensional schemes over $k$. ",
        "label": "lemma-enough",
        "tag": "0FIP",
        "url": "https://stacks.math.columbia.edu/tag/0FIP",
        "source_filename": "weil.tex"
    },
    {
        "theorem": "Lemma 45.14.12.",
        "body": "  Assume given data (D0), (D1), and (D2') satisfying axioms (A1) -- (A7). Given integers $0 < l < n$ and a nonempty equidimensional smooth projective scheme $X$ over $k$ consider the projection morphism $p : X \\times \\mathbf{G}(l, n) \\to X$. Then $\\gamma$ commutes with pushforward along $p$. ",
        "label": "lemma-grassmanian",
        "tag": "0FIQ",
        "url": "https://stacks.math.columbia.edu/tag/0FIQ",
        "source_filename": "weil.tex"
    },
    {
        "theorem": "Lemma 45.14.13.",
        "body": "  Assume given data (D0), (D1), and (D2') satisfying axioms (A1) -- (A7). In order to show that $\\gamma$ commutes with pushforward it suffices to show that $i_*(1) = \\gamma([Z])$ if $i : Z \\to X$ is a closed immersion of nonempty smooth projective equidimensional schemes over $k$ such that the class of $\\mathcal{C}_{Z/X}$ in $K_0(Z)$ is the pullback of a class in $K_0(X)$. ",
        "label": "lemma-enough-better",
        "tag": "0FIR",
        "url": "https://stacks.math.columbia.edu/tag/0FIR",
        "source_filename": "weil.tex"
    },
    {
        "theorem": "Lemma 45.14.14.",
        "body": "  Assume given data (D0), (D1), and (D2') satisfying axioms (A1) -- (A7). If $k''/k'/k$ are finite separable field extensions, then $H^0(\\mathop{\\mathrm{Spec}}(k')) \\to H^0(\\mathop{\\mathrm{Spec}}(k''))$ is injective. ",
        "label": "lemma-injective-H0",
        "tag": "0FVS",
        "url": "https://stacks.math.columbia.edu/tag/0FVS",
        "source_filename": "weil.tex"
    },
    {
        "theorem": "Lemma 45.14.15.",
        "body": "  Assume given data (D0), (D1), and (D2') satisfying axioms (A1) -- (A8). Let $b : X' \\to X$ be a blowing up of a smooth projective scheme $X$ over $k$ which is nonempty equidimensional of dimension $d$ in a nonwhere dense smooth center $Z$. Then $b_*(1) = 1$. ",
        "label": "lemma-pushforward-blowup",
        "tag": "0FIS",
        "url": "https://stacks.math.columbia.edu/tag/0FIS",
        "source_filename": "weil.tex"
    },
    {
        "theorem": "Lemma 45.14.16.",
        "body": "  Assume given data (D0), (D1), and (D2') satisfying axioms (A1) -- (A8). Then the cycle class map $\\gamma$ commutes with pushforward. ",
        "label": "lemma-done",
        "tag": "0FIT",
        "url": "https://stacks.math.columbia.edu/tag/0FIT",
        "source_filename": "weil.tex"
    },
    {
        "theorem": "Proposition 45.14.17.",
        "body": "  Assume given data (D0), (D1), and (D2') satisfying axioms (A1) -- (A8). Then we have a Weil cohomology theory. ",
        "label": "proposition-get-weil",
        "tag": "0FIU",
        "url": "https://stacks.math.columbia.edu/tag/0FIU",
        "source_filename": "weil.tex"
    },
    {
        "theorem": "Lemma 45.14.18.",
        "body": "  Let $k'/k$ be an extension of fields. Let $F'/F$ be an extension of fields of characteristic $0$. Assume given \\begin{enumerate} \\item data (D0), (D1), (D2') for $k$ and $F$ denoted $F(1), H^*, c_1^H$, \\item data (D0), (D1), (D2') for $k'$ and $F'$ denoted $F'(1), (H')^*, c_1^{H'}$, and \\item an isomorphism $F(1) \\otimes_F F' \\to F'(1)$, functorial isomorphisms $H^*(X) \\otimes_F F' \\to (H')^*(X_{k'})$ on the category of smooth projective schemes $X$ over $k$ such that the diagrams $$ \\xymatrix{ \\mathop{\\mathrm{Pic}}\\nolimits(X) \\ar[r]_{c_1^H} \\ar[d] & H^2(X)(1) \\ar[d] \\\\ \\mathop{\\mathrm{Pic}}\\nolimits(X_{k'}) \\ar[r]^{c_1^{H'}} & (H')^2(X_{k'})(1) } $$ commute. \\end{enumerate} In this case, if $F'(1), (H')^*, c_1^{H'}$ satisfy axioms (A1) -- (A9), then the same is true for $F(1), H^*, c_1^H$. ",
        "label": "lemma-check-over-extension",
        "tag": "0FVT",
        "url": "https://stacks.math.columbia.edu/tag/0FVT",
        "source_filename": "weil.tex"
    }
]